major_category	major_preprocessed	major_original	R1	R2	R3	R4	R5	R6	R7	R8	I1	I2	I3	I4	I5	I6	I7	I8	A1	A2	A3	A4	A5	A6	A7	A8	S1	S2	S3	S4	S5	S6	S7	S8	E1	E2	E3	E4	E5	E6	E7	E8	C1	C2	C3	C4	C5	C6	C7	C8
	aattend	not aattended	1	0	0	0	0	0	0	0	0	2	1	0	1	0	0	0	0	1	2	2	3	0	1	1	2	3	2	2	3	0	0	2	1	1	0	2	0	3	2	0	0	0	0	0	0	0	0	0
	ab	abs	1	3	4	4	4	2	4	4	3	1	2	0	1	2	3	2	1	3	1	0	0	2	4	1	0	3	0	0	0	3	2	2	2	4	2	2	2	4	1	3	3	3	3	2	4	4	3	4
	aba therpi	ABA Therpy	0	0	1	0	0	0	0	0	3	2	2	4	3	2	2	2	0	2	2	0	0	0	0	0	3	4	4	1	4	4	4	4	0	2	0	0	3	0	0	0	2	3	2	3	3	4	0	2
	abm	ABM	1	2	1	0	3	2	2	1	2	3	2	1	2	3	1	2	3	3	3	3	2	4	2	3	3	4	4	4	4	4	4	4	4	3	3	2	2	3	2	3	2	2	2	2	1	3	1	1
	abm	ABM	3	0	0	0	1	0	4	0	3	2	3	3	3	3	4	2	2	3	1	2	3	0	0	2	2	3	0	0	1	1	2	2	4	3	3	0	3	4	2	3	1	1	1	2	3	4	2	4
	abm	ABM	2	1	2	0	0	0	0	0	4	4	3	4	1	2	1	1	2	2	2	2	2	4	4	3	2	2	4	1	4	4	4	4	1	1	1	0	2	2	1	2	1	2	0	0	2	1	0	1
	abm	ABM	4	2	1	2	1	1	2	1	2	3	4	3	2	1	1	1	2	3	3	1	2	1	2	2	4	4	4	4	4	3	2	4	2	3	3	4	2	4	2	2	4	3	4	3	1	2	2	3
	abm	ABM	2	0	1	1	0	0	1	0	0	0	0	0	0	1	1	4	2	3	2	3	2	4	2	3	1	3	2	3	3	4	4	4	2	3	2	3	3	4	3	3	2	3	2	3	3	2	3	3
	abm	ABM	3	2	2	1	2	0	2	1	2	4	1	2	2	1	2	1	4	2	3	2	0	3	3	2	4	4	4	3	4	3	3	4	4	3	3	3	2	4	4	4	4	4	2	3	0	2	4	4
	acc	acc	4	3	3	4	4	3	4	2	0	0	0	4	2	0	2	0	0	4	2	0	4	0	3	4	2	0	0	1	0	1	0	0	2	0	3	0	4	3	4	0	3	2	3	0	4	3	3	4
	acci	accy	1	1	2	2	2	3	2	2	2	2	3	3	2	3	3	2	2	2	3	2	3	2	4	3	3	3	3	2	3	3	2	3	3	1	2	2	1	2	2	1	3	2	3	3	3	4	3	3
	accoumtimg	accoumtimg	2	3	0	1	0	2	2	3	4	2	3	4	3	0	3	0	2	0	3	2	3	3	1	2	0	4	3	3	3	4	4	2	1	2	0	1	1	2	1	2	0	0	0	0	3	2	0	0
	accout procur	accouting and procurement	3	3	3	3	4	2	4	4	3	3	2	2	3	2	3	2	3	4	3	2	3	3	3	2	4	4	3	3	4	4	3	3	0	3	4	4	3	4	4	4	4	4	4	0	4	4	4	4
	accoutyningh	accoutyningh	3	0	0	2	0	2	1	0	0	0	0	0	0	0	0	3	0	2	0	4	2	0	2	1	2	0	2	0	0	0	0	0	3	2	1	0	4	1	2	0	4	3	4	4	4	3	3	0
	acct	acct	4	3	3	3	3	3	3	3	3	3	3	3	3	2	3	3	3	0	0	4	1	4	3	1	1	2	1	2	1	1	2	0	2	1	1	1	2	2	2	2	3	3	3	3	3	2	3	3
	acistio huna universidad	no e acistio a huna universidad	4	4	3	3	3	1	3	4	2	1	1	2	1	0	0	0	4	0	0	4	0	4	0	0	1	0	0	0	1	0	0	0	1	1	0	0	4	3	3	0	3	3	3	0	0	0	3	1
	acoust	Acoustics	3	3	3	3	3	1	2	2	4	3	3	3	3	3	3	3	3	2	3	3	3	4	3	3	2	2	3	3	2	3	3	2	0	0	1	1	1	1	1	2	1	3	1	1	4	3	2	1
	acoust engin	acoustic engineering	3	2	2	3	2	2	2	2	3	3	3	2	3	2	3	2	0	3	3	1	3	1	0	3	1	0	0	2	0	2	1	0	0	3	2	1	3	3	2	2	0	1	1	0	2	2	2	1
	acoust engin	Acoustic Engineering	1	1	2	3	2	2	2	1	0	2	1	0	0	2	1	0	2	3	2	1	3	4	0	4	4	4	3	2	3	4	1	3	0	3	3	1	1	3	2	4	0	2	3	1	1	3	1	1
	acoust engin	Acoustic engineering	3	2	1	3	1	3	3	2	2	2	2	2	1	2	2	2	1	2	1	2	2	2	2	2	3	2	2	0	2	2	2	2	2	2	3	0	4	2	3	2	2	2	3	1	3	3	2	2
	acout	acouting	2	2	2	2	4	1	3	2	2	2	2	2	3	2	2	1	4	3	3	2	2	3	2	2	3	2	2	1	2	2	2	2	1	3	2	3	1	3	2	2	2	2	1	3	2	3	2	2
	act	acting	0	0	0	0	0	0	0	0	0	3	3	0	1	0	0	1	3	0	2	2	4	0	3	0	1	0	0	3	0	2	0	2	0	0	2	0	0	0	0	0	0	0	0	0	0	0	0	0
	act	Acting 	0	0	0	0	0	0	0	0	2	2	0	3	0	0	0	2	4	4	4	4	4	4	4	3	2	3	3	2	4	4	3	1	0	2	0	3	0	0	0	0	0	0	0	0	0	0	0	0
	act	acting	0	0	0	0	0	0	0	0	2	3	2	1	0	1	1	2	2	4	4	4	4	4	3	4	3	3	3	2	3	3	3	2	0	1	0	1	0	1	1	2	0	0	0	0	0	0	0	0
	act	acting	4	0	0	0	0	0	0	0	4	4	4	4	4	4	4	2	3	4	2	4	4	4	4	3	3	4	3	2	2	4	4	1	0	2	3	1	2	2	0	2	0	0	1	0	0	0	0	0
	act	ACTING	0	2	0	0	0	0	0	0	0	2	1	0	0	0	0	0	2	3	1	4	3	3	2	3	0	3	2	0	2	0	1	4	0	1	2	0	1	0	0	1	0	0	1	1	1	0	0	1
	act	acting	0	0	0	0	0	0	0	0	0	0	0	0	0	0	0	0	0	0	0	0	0	0	0	0	0	0	0	0	0	0	0	0	0	0	0	0	0	0	0	0	0	0	0	0	0	0	0	0
	act	Acting	1	0	0	2	0	2	0	0	3	4	3	2	3	3	3	1	3	4	0	3	4	3	3	3	1	1	0	1	1	1	2	1	1	1	0	0	0	0	1	2	0	1	0	0	2	0	0	0
	act	acting	3	0	0	3	1	1	1	0	0	2	2	0	1	2	0	2	3	3	4	4	2	4	3	4	1	4	4	2	3	3	3	3	1	1	4	1	3	2	1	3	1	3	2	2	2	2	2	1
	act	Acting 	0	0	1	1	0	1	0	0	1	3	1	0	0	1	2	0	0	1	2	4	1	3	4	3	2	3	3	3	4	4	4	4	0	1	0	4	0	2	3	4	2	0	0	1	0	0	2	2
	act	Acting	0	0	0	0	0	0	0	0	2	0	0	0	0	0	0	0	1	3	0	3	3	2	4	3	2	3	0	2	2	0	1	1	1	0	0	0	0	0	1	0	1	0	0	0	0	0	2	0
	act	Acting	0	0	0	0	0	0	0	0	3	4	3	0	0	1	0	2	1	4	0	3	4	2	2	1	4	3	4	4	4	2	2	2	0	0	0	1	1	0	1	1	0	0	0	0	0	1	0	1
	act	Acting	0	0	0	0	0	0	0	3	0	2	2	2	0	0	0	0	0	4	4	2	4	2	4	4	2	0	1	0	2	0	2	2	0	0	0	2	0	2	0	0	0	0	0	0	0	0	0	0
	act	Acting	1	1	0	1	0	1	0	0	3	4	2	3	1	3	1	2	3	4	3	4	4	3	3	3	3	4	4	3	4	3	3	3	0	0	1	2	3	0	0	3	0	0	0	0	1	0	0	0
	act	acting	1	0	0	0	0	0	0	0	0	1	1	0	0	0	0	0	0	3	3	2	3	0	1	3	0	1	0	2	3	4	3	0	0	0	0	0	0	0	3	4	0	3	3	0	0	0	0	0
	act	Acting	0	0	0	0	0	0	0	0	1	2	1	0	1	1	1	3	4	4	4	4	4	3	1	3	2	1	1	1	0	0	1	1	2	2	3	1	3	3	3	3	1	0	1	0	1	2	0	1
	act	Acting	0	0	1	0	0	0	0	0	4	4	4	4	4	4	4	0	0	2	0	1	4	3	0	4	1	3	4	1	4	0	0	3	0	0	1	0	4	0	0	1	0	0	0	4	0	0	0	0
	act	Acting	0	0	0	2	0	0	0	0	0	2	0	0	0	0	0	0	4	4	4	4	4	4	4	4	4	4	4	2	4	0	0	0	2	0	0	0	4	0	2	0	0	0	0	0	0	0	0	0
	act	Acting	0	3	0	3	2	3	0	3	3	3	3	1	3	3	3	3	2	4	2	3	3	4	4	4	3	3	3	4	3	3	4	1	0	0	0	1	0	0	0	0	0	0	0	0	0	2	0	0
	act	Acting	0	0	0	0	0	0	0	0	3	4	4	0	3	4	3	3	3	4	3	4	4	4	2	3	1	4	4	2	4	4	4	3	0	0	0	0	2	0	0	0	0	0	0	0	0	0	0	0
	act	Acting	1	3	1	3	0	2	2	0	3	3	3	3	3	3	2	3	4	4	4	4	4	4	4	4	2	3	3	3	3	2	4	2	1	1	2	2	1	1	2	1	0	0	1	0	0	1	0	0
	act	Acting	1	0	0	0	0	0	0	0	2	2	2	0	0	1	0	0	1	3	1	1	4	1	4	2	1	0	0	1	2	0	0	0	0	0	0	1	0	0	2	0	0	0	0	0	0	0	0	0
	act	Acting	0	0	0	0	0	0	0	0	0	0	0	0	0	0	0	0	3	4	0	4	4	4	4	4	0	0	0	1	0	0	0	0	0	0	0	0	2	0	0	0	0	0	0	0	0	0	0	4
	act	Acting	0	0	0	1	0	0	0	0	3	2	1	0	0	2	3	1	3	4	4	3	2	4	2	3	0	3	2	3	1	4	3	0	0	1	0	3	0	1	0	1	0	0	0	0	0	0	0	0
	act	Acting	4	4	0	2	3	0	3	2	4	4	4	2	3	4	3	4	0	2	4	1	2	2	4	3	4	4	2	2	4	4	4	4	0	4	0	0	0	2	4	4	0	3	2	3	4	2	0	4
	act	Acting	1	1	1	0	0	3	0	0	4	3	2	0	3	3	1	1	4	4	2	4	4	4	4	1	1	0	0	0	0	0	1	0	0	0	0	0	1	0	0	2	0	0	0	0	0	0	0	0
	act	acting	3	1	0	1	2	1	2	2	2	2	2	2	1	2	2	1	3	2	2	3	2	3	4	3	2	4	3	2	4	2	4	2	2	3	2	3	2	2	2	2	2	3	2	2	2	3	2	2
	act	acting	0	1	0	0	0	0	1	2	0	0	0	0	0	0	0	0	1	2	1	3	3	3	2	2	1	0	2	1	3	0	0	0	0	0	2	3	1	2	1	0	0	0	0	0	0	0	0	0
	act	Acting	0	0	0	1	0	0	0	0	1	3	1	0	1	2	1	3	1	3	3	4	4	3	4	3	2	3	3	3	3	3	4	1	1	2	2	3	0	0	2	3	1	2	2	1	2	1	1	2
	act	acting	1	0	0	2	1	0	1	0	0	0	0	1	0	0	2	0	2	4	4	3	4	2	4	4	4	3	4	1	4	4	2	2	0	2	3	4	4	4	1	1	1	1	2	2	2	2	0	0
	act	Acting	2	3	0	2	1	3	1	3	3	3	2	2	1	3	1	2	4	4	4	4	4	4	4	4	2	2	2	4	3	2	2	2	2	3	2	2	2	3	4	3	1	1	1	1	0	0	0	1
	act	Acting	0	2	0	0	0	0	0	0	2	3	2	3	2	3	2	2	2	4	3	4	4	4	3	3	1	3	4	2	4	4	4	2	1	1	2	2	1	2	3	2	0	0	0	1	1	0	0	0
	act art	Acting / Arts 	1	1	1	1	0	1	0	1	2	1	2	2	1	1	1	0	3	4	1	3	4	3	3	3	1	3	2	3	3	1	1	1	1	2	1	1	2	1	1	1	1	1	2	1	1	1	1	0
	act creativ write	Acting, Creative Writing	1	3	2	2	2	3	1	2	2	3	2	1	2	2	2	3	3	4	4	4	4	4	4	4	4	2	3	3	3	3	3	2	1	1	3	3	1	2	1	2	0	2	1	1	3	2	1	1
	act entertain	Acting and Entertainment	2	1	2	1	1	2	1	1	1	3	2	1	2	3	2	1	3	3	3	3	3	3	3	3	3	2	2	3	1	2	2	2	3	1	3	2	3	3	3	3	2	1	1	1	1	1	1	2
	actor	actor	4	4	4	4	4	3	4	4	3	3	3	4	1	2	1	4	4	4	4	4	1	4	4	4	4	3	4	3	4	4	4	4	3	4	3	1	4	4	4	4	4	4	3	3	3	2	4	4
	actor	actor	2	1	1	3	1	1	0	1	3	3	3	3	3	3	3	3	3	4	1	3	2	3	4	3	1	1	0	3	1	1	0	0	2	2	3	3	2	3	3	3	2	1	2	2	1	1	1	1
	actor archetict	actor,archetict	0	0	0	0	0	0	0	0	0	0	0	0	0	0	0	0	0	4	0	4	4	4	4	4	0	0	0	0	0	0	0	4	0	0	0	0	0	0	0	0	0	4	4	0	0	0	0	0
	actor train	Actor Training	0	3	0	1	2	3	1	3	3	3	2	1	2	3	1	1	3	4	3	4	4	2	4	4	2	3	4	3	4	3	3	3	0	0	1	2	1	0	0	0	1	0	0	1	0	0	0	0
	actor train	Actor Training	2	3	0	1	2	3	2	3	3	4	3	3	1	3	2	2	4	4	4	4	4	4	4	4	4	3	4	2	4	3	3	3	0	0	2	2	2	0	1	1	1	1	0	1	0	1	0	1
	actori	Actory	1	0	1	3	1	1	1	0	1	2	2	2	1	1	1	0	2	3	3	3	3	3	3	3	2	2	3	3	3	3	1	2	1	2	3	3	3	3	2	2	1	1	2	2	1	3	1	1
	addict	Addiction Studies	0	0	0	0	0	0	0	0	2	2	0	2	2	0	2	0	0	0	0	2	2	0	0	0	2	3	4	0	4	0	0	3	0	0	0	0	0	0	0	0	0	0	0	0	0	0	0	0
	addict	Addiction Studies	3	3	1	1	1	2	1	2	3	3	3	4	3	2	1	1	1	2	3	3	4	3	3	1	4	3	4	4	4	3	3	1	1	1	1	1	1	1	2	1	2	1	1	1	1	2	1	1
	addict	Addiction Studies	0	0	0	0	0	0	0	0	2	3	3	2	3	3	2	0	2	3	0	3	3	3	3	1	3	3	4	2	4	4	4	1	0	1	0	2	0	1	2	1	0	1	0	2	0	0	0	0
	addict	Addictions 	0	1	3	3	2	3	2	1	3	3	3	3	2	3	2	3	1	1	3	3	2	4	1	3	3	4	4	2	4	0	4	4	3	1	3	3	3	3	1	3	1	2	3	2	3	0	1	0
	addict mental health	Addiction and Mental Health	2	2	1	2	2	1	2	0	2	3	2	1	1	2	2	2	1	0	0	0	0	4	0	0	3	3	4	3	4	2	1	2	0	0	0	0	3	0	0	0	3	2	3	3	0	1	0	2
	adiministração de empresa	Adiministração de empresas	0	0	0	0	0	0	0	0	4	0	2	2	0	0	0	0	4	4	4	4	4	4	0	0	4	4	2	2	2	2	4	0	0	2	4	4	4	0	0	0	2	0	2	4	2	2	2	2
	admini	adminis	4	0	2	1	0	0	1	0	0	0	0	1	0	0	0	0	2	1	2	1	1	3	0	1	4	3	3	3	2	2	1	3	0	0	3	2	4	1	1	1	3	1	3	3	2	2	4	3
	adminst justic	adminstation of justice	2	1	1	1	1	1	1	1	2	1	1	1	3	1	1	1	4	1	1	2	1	1	1	1	2	2	4	1	4	3	3	3	1	0	4	1	4	4	1	3	2	2	2	3	1	1	1	3
	adminstr secretari	Adminstrative Secretarial	1	2	0	4	0	0	3	0	3	3	3	0	0	3	0	0	0	0	4	3	4	0	0	4	3	3	3	2	4	4	3	4	2	4	4	0	4	4	4	4	1	1	2	4	1	4	0	3
	adminstracao	adminstracao	4	2	3	3	2	2	2	1	0	2	2	2	3	2	2	1	0	1	0	2	0	2	2	1	4	2	2	4	2	4	3	4	2	3	4	2	4	4	3	3	2	3	4	4	2	2	4	4
	admintaion justic	Admintaion of justice	2	2	2	2	2	2	3	1	4	4	4	4	2	4	4	3	2	4	4	4	2	3	4	4	3	3	4	4	3	3	4	3	2	0	3	3	2	4	4	3	2	3	2	2	1	2	3	2
	admistraçao	admistraçao	2	2	0	2	0	1	0	0	4	2	3	0	0	3	1	0	2	1	4	2	4	4	3	0	0	3	0	1	2	1	0	0	0	0	0	4	0	0	2	0	0	2	0	2	0	2	0	1
	admistração	admistração	4	1	0	0	0	2	1	2	3	3	3	2	2	2	2	0	2	2	3	1	3	3	3	3	4	2	1	3	4	2	3	1	1	1	1	2	3	3	2	2	0	0	0	0	1	3	1	1
	admnistração	Admnistração	4	0	1	4	2	1	1	0	2	1	1	4	3	1	1	0	0	4	3	2	4	2	1	2	4	4	3	4	4	4	4	2	2	4	4	2	4	4	2	1	2	2	4	2	2	2	4	1
	adpr	ADPR	2	0	0	1	0	0	0	0	2	2	1	2	1	2	1	0	3	4	2	2	4	1	1	4	3	3	1	1	2	1	2	2	0	1	2	3	3	2	0	2	0	2	1	2	0	0	1	0
	adsfdsa	adsfdsa	0	2	1	2	2	2	3	3	0	2	3	3	3	1	2	4	1	2	3	3	2	2	1	3	2	1	3	2	2	3	0	2	1	2	2	2	2	4	1	1	1	2	2	1	2	4	2	1
	adult develop	Adult development	1	0	0	0	0	0	0	0	1	1	0	2	0	0	0	0	1	2	3	4	4	4	0	3	4	2	1	3	3	3	4	3	0	0	0	0	0	0	0	0	0	0	0	0	0	0	0	0
	aerodynam	Aerodynamics	2	2	4	4	0	4	0	4	4	4	4	4	4	4	4	4	0	4	4	4	4	4	4	4	2	4	0	2	0	2	2	2	0	4	0	0	2	0	4	2	0	4	0	0	0	0	0	0
	aerodynam	Aerodynamics	4	2	0	3	1	1	2	1	0	1	0	1	1	0	0	1	0	1	0	2	2	1	1	1	1	4	1	1	2	1	2	2	1	2	1	0	1	1	0	1	1	2	2	1	1	2	1	1
	aeronaut	Aeronautical	4	0	0	1	0	0	0	0	1	1	0	0	0	0	0	0	1	1	0	0	0	0	0	0	2	2	0	0	0	0	0	0	1	0	0	0	2	0	0	0	2	0	0	0	0	0	0	0
	aeronaut	aeronautics	4	2	2	4	2	3	4	1	3	2	2	0	1	2	1	2	0	0	1	1	0	0	2	0	2	2	2	3	2	2	2	2	1	1	1	1	4	1	3	1	1	2	2	3	3	3	3	3
	aeronaut	aeronautics	4	4	0	2	1	4	3	3	1	0	1	0	0	0	0	0	0	0	1	3	0	4	0	0	3	0	3	4	4	0	0	3	1	0	0	2	1	0	3	0	2	2	2	2	2	3	1	2
	aeronaut	Aeronautics	2	2	3	1	0	1	0	0	4	3	4	4	4	3	4	4	4	4	3	4	4	4	2	1	4	3	3	2	3	1	2	1	2	1	2	2	2	1	0	1	0	0	2	0	2	2	0	0
	aeronaut	aeronautics	0	3	3	4	2	3	3	2	2	1	0	2	1	0	1	3	2	3	2	3	1	4	0	0	3	0	0	0	0	0	1	0	0	1	3	0	4	0	3	0	0	2	4	3	3	3	2	3
	aeronaut	Aeronautics	0	0	1	2	0	2	1	0	2	3	2	0	2	2	2	3	2	1	2	2	2	3	2	3	1	0	0	1	0	0	0	0	0	0	1	2	2	0	0	4	0	0	0	0	0	2	0	2
	aeronaut	AERONAUTICS	2	3	3	4	3	3	3	3	3	2	3	2	3	3	2	2	1	0	1	1	1	2	4	1	3	3	3	3	0	2	2	2	3	0	3	0	3	0	3	1	1	0	1	3	2	2	3	1
	aeronaut	Aeronautics 	3	2	3	3	2	1	1	0	3	2	1	3	3	1	2	3	2	3	2	2	4	3	3	2	2	4	3	4	4	1	2	2	2	1	1	0	3	3	1	3	2	2	2	3	2	4	1	4
	aeronaut	aeronautics	4	4	4	4	4	4	4	4	4	4	4	3	4	4	4	3	2	2	2	2	2	3	4	4	2	2	1	4	2	3	3	3	0	2	3	2	3	2	4	4	2	3	2	1	1	2	1	3
	aeronaut	Aeronautics 	1	0	0	0	0	0	0	0	2	0	0	0	0	0	0	0	0	0	0	0	0	0	1	0	0	0	0	0	0	0	0	0	2	0	0	0	2	0	0	0	2	0	0	0	0	0	0	0
	aeronaut	aeronautics	3	1	1	2	2	3	2	3	1	1	0	2	2	2	2	2	0	0	0	1	1	1	3	0	2	1	1	3	2	1	2	1	0	0	1	0	2	0	2	2	0	1	0	2	1	2	1	1
	aeronaut astronaut	aeronautics and astronautics	1	3	3	4	1	3	2	2	1	3	3	3	3	4	3	4	3	2	1	4	3	4	1	1	3	2	2	2	1	1	3	2	0	0	1	1	1	1	0	3	2	2	2	2	4	3	1	2
	aerospac	Aerospace 	4	0	0	0	0	0	3	0	0	0	0	0	0	0	0	0	0	0	0	0	0	0	0	0	2	0	0	0	0	0	0	0	0	0	0	0	0	0	0	0	0	0	0	3	0	0	0	0
	aerospac	AEROSPACE	1	0	0	1	0	0	1	0	0	0	0	0	0	0	0	0	0	0	0	0	0	3	0	0	2	0	0	0	0	1	1	1	3	0	3	4	4	4	3	3	2	2	3	3	4	2	3	4
	aerospac	Aerospace	2	2	2	4	2	2	4	0	4	4	2	4	2	4	4	4	0	0	0	0	0	2	2	0	4	2	0	0	2	0	0	4	2	2	0	0	2	0	2	4	4	4	4	2	2	4	0	4
	aerospac	Aerospace	4	1	4	4	3	3	4	2	4	1	4	4	4	3	4	3	2	2	3	4	2	2	2	2	3	2	1	3	2	2	3	3	2	2	2	1	4	2	0	2	2	3	3	3	4	3	1	4
	aerospac	Aerospace	2	2	2	4	2	3	2	1	2	2	2	4	2	2	2	1	2	2	2	3	3	2	2	2	3	3	3	2	3	3	4	2	4	4	3	2	3	4	3	3	3	3	2	2	3	3	2	2
	aerospac	Aerospace	1	1	1	2	1	1	1	1	3	4	3	3	2	4	2	2	2	2	2	1	2	2	2	2	1	4	3	2	2	2	2	2	1	3	2	2	0	3	0	3	0	1	2	1	0	1	0	1
	aerospac	aerospace 	2	1	3	1	2	0	1	1	2	2	2	1	2	3	1	1	1	3	3	1	3	1	3	2	3	2	2	3	3	4	3	1	2	2	3	2	2	3	2	3	2	2	2	3	2	1	1	1
	aerospac	Aerospace	2	0	0	3	0	0	0	0	0	3	3	0	3	4	0	0	0	0	0	0	0	0	3	0	0	0	0	0	0	0	0	0	0	0	0	0	3	0	0	3	2	0	0	3	0	0	0	0
	aerospac	Aerospace 	2	3	3	3	2	3	3	3	2	3	3	3	3	3	3	1	1	2	2	2	1	2	3	2	0	1	0	2	0	0	0	1	2	2	2	1	2	2	2	2	2	2	2	1	2	3	2	2
	aerospac	aerospace	4	0	4	4	3	3	3	2	4	4	4	4	3	4	3	4	2	3	3	3	4	3	3	2	0	3	0	1	0	0	1	0	0	1	0	0	3	0	0	1	0	4	2	0	4	4	0	1
	aerospac avinoci	Aerospace Avinocis	3	3	3	3	3	3	3	3	3	3	3	3	3	3	3	3	3	3	3	3	3	3	3	3	3	3	3	3	3	3	3	3	3	3	3	3	3	3	3	3	3	3	3	3	3	3	3	3
	aerospac electron	Aerospace Electronics	3	1	0	3	1	1	2	0	4	2	2	3	2	3	2	2	2	2	4	2	3	2	3	1	4	2	2	4	3	2	4	1	3	2	3	1	3	3	4	4	1	2	2	2	2	3	2	2
	aerospac electron	aerospace electronics	0	0	0	3	0	2	4	0	3	0	0	3	3	0	3	4	0	0	0	0	0	3	1	0	4	3	2	3	2	0	1	0	4	1	2	0	3	2	2	0	4	2	3	3	4	3	2	4
	aerospac electron	Aerospace Electronics	3	3	3	4	4	3	4	3	2	3	3	3	3	3	3	3	1	3	1	3	0	4	4	4	2	2	1	4	3	3	3	3	3	1	3	1	4	1	1	4	3	3	3	3	4	4	2	3
	aerospac electron	aerospace electronic	2	2	2	3	2	0	4	1	2	3	3	1	1	2	2	3	1	1	0	0	1	1	0	1	1	3	2	2	2	1	2	4	2	1	2	1	3	1	1	1	2	3	3	1	3	4	4	4
	aerospac engeer	Aerospace Engeering	2	0	0	0	1	2	0	0	2	2	3	3	3	3	3	4	3	3	4	3	2	3	0	3	2	3	2	2	2	2	1	1	0	1	1	1	3	2	0	2	1	2	2	1	3	2	3	1
	aerospac mechatron engin programm	aerospace mechatronics engineering programme	3	2	1	2	2	3	2	2	1	2	1	2	2	2	1	4	2	3	3	2	2	4	1	4	4	3	2	4	2	4	3	3	4	2	3	3	4	4	3	4	3	3	2	3	4	3	3	3
	aerospac technolog	Aerospace Technology	2	2	2	4	1	2	4	2	3	3	2	3	4	3	3	2	0	2	1	2	1	1	4	2	1	1	3	2	3	4	2	2	2	2	2	2	3	3	2	3	2	2	2	2	2	2	2	2
	aerot scientist	aerotic scientist	2	0	0	2	1	1	1	0	4	4	4	4	4	4	4	1	3	3	2	4	1	4	3	1	4	4	4	3	3	2	1	2	2	1	3	3	1	1	0	0	1	3	3	0	0	2	0	1
	aesthet cosmet	aesthetics and cosmetics	3	0	0	2	0	3	1	0	3	2	3	2	3	3	3	1	2	3	3	2	3	4	2	2	2	1	1	3	4	2	3	1	0	0	2	3	3	1	0	2	1	3	2	3	2	2	0	0
	affair	Foreign Affairs 	2	1	0	0	0	0	0	0	0	0	2	2	0	2	0	1	1	0	1	2	4	3	1	1	4	4	2	2	3	3	3	2	3	0	0	0	1	2	0	2	0	0	0	0	0	0	0	1
	affair	Foreign Affairs	2	4	3	2	4	2	4	2	3	4	4	1	4	4	4	4	2	1	2	4	2	3	0	2	3	4	2	0	1	2	1	3	1	2	3	0	3	1	3	3	3	4	4	4	0	4	4	3
	african	African Studies	2	0	0	0	0	0	0	0	4	4	4	3	4	0	0	0	0	4	0	4	4	4	0	0	4	3	4	0	4	4	3	3	4	0	4	3	4	4	0	4	0	0	0	0	4	0	0	0
	african	African studies	1	0	0	0	0	0	0	0	2	0	0	0	0	0	0	3	1	1	3	0	2	0	0	0	3	4	3	2	3	3	3	2	0	1	2	0	2	1	0	0	1	1	1	1	0	0	0	2
	african	African Studies	3	4	3	4	3	3	3	3	2	2	3	3	3	3	3	3	2	3	2	2	3	2	0	3	1	3	3	2	2	0	2	4	0	0	0	0	0	0	0	0	4	4	4	4	4	4	4	4
	african	African studies	0	3	0	0	0	0	0	0	1	0	2	0	0	4	0	0	1	4	4	4	4	4	0	4	4	4	4	2	4	1	3	1	2	2	4	3	2	4	2	3	0	0	0	0	0	0	0	0
	african american	African American Studies	0	0	0	0	0	1	0	1	0	1	0	1	1	0	1	0	3	2	2	3	3	3	0	1	4	3	1	2	2	0	1	1	0	0	0	2	0	0	1	0	0	0	0	0	0	1	0	1
	africana	Africana Studies	1	2	3	3	3	3	1	3	3	2	2	2	2	2	2	1	2	3	4	4	3	3	4	2	4	3	4	3	4	3	3	2	2	1	2	3	2	2	3	2	1	3	2	1	1	2	1	1
	age	Aging	2	1	0	0	0	2	3	1	3	3	3	2	3	2	3	2	0	0	0	0	0	1	0	1	1	1	0	0	0	1	1	1	0	0	0	0	2	0	0	0	0	2	1	1	4	2	1	1
	age care	Aged care	0	0	0	0	0	0	2	0	4	2	0	0	0	0	0	0	0	0	2	2	0	4	0	0	0	2	0	0	0	2	2	2	0	2	0	0	0	0	0	0	0	2	0	0	0	0	0	0
	ageo	Ageo science 	1	2	0	3	1	2	1	2	0	1	2	3	1	0	1	2	0	0	2	0	2	2	1	2	4	4	3	3	4	2	2	4	0	1	2	0	4	1	2	1	2	2	3	4	3	2	3	3
	aggress medit class	aggression meditation class	2	4	4	4	4	4	4	4	4	2	2	2	2	1	2	2	2	1	1	3	2	3	3	1	3	4	4	4	4	4	4	4	2	3	4	4	3	4	4	3	3	3	3	4	3	3	2	4
	agribusi	Agribusiness 	0	0	0	0	0	0	0	0	0	0	0	0	0	0	0	0	0	0	3	2	2	0	0	0	2	0	0	0	2	4	3	0	0	0	0	0	0	2	0	3	2	0	0	2	0	0	4	0
	agribusi	Agribusiness	0	2	0	3	0	3	2	3	4	0	0	1	0	0	0	1	4	4	4	4	4	4	0	4	3	3	3	4	3	3	3	3	0	2	3	3	1	3	0	3	0	1	2	1	2	3	0	3
	agribusi	Agribusiness	1	2	0	2	1	3	1	2	1	3	3	1	2	1	1	1	4	4	2	3	3	4	3	3	4	4	3	3	3	3	3	3	1	0	3	2	1	1	3	3	0	0	0	1	1	1	1	1
	agribussi	Agribussiness	3	2	0	2	3	1	3	2	3	4	4	4	2	1	3	1	1	4	4	2	1	1	0	2	4	4	4	4	4	4	4	4	4	4	4	4	4	4	2	4	3	4	3	4	4	0	2	3
	agrisci	Agrisci 	0	0	0	0	0	0	0	0	2	4	0	2	0	2	0	0	0	2	4	2	2	0	4	2	4	0	0	1	0	0	0	0	0	2	2	2	2	0	2	0	0	0	2	0	0	0	0	0
	agro technolog	agro technology	4	2	2	4	4	2	2	2	3	2	3	4	3	4	3	2	1	4	1	1	4	1	3	2	2	2	4	1	4	4	2	4	2	4	0	2	2	2	0	0	4	4	3	1	2	4	1	2
	agronom engin	Agronomic Engineering	2	2	1	3	0	2	1	0	3	4	4	3	4	4	3	2	4	4	1	4	3	4	3	3	2	3	2	1	3	1	1	1	1	1	1	1	2	1	3	2	2	0	2	1	1	2	2	2
	agronom engin	Agronomic Engineering	3	2	1	1	1	1	1	1	2	3	3	1	3	2	2	1	2	3	3	1	1	1	3	1	3	0	1	1	2	1	0	1	3	2	3	3	2	3	3	3	2	1	2	1	1	1	3	1
	agronom engin	agronomic engineering	2	0	0	0	0	1	0	0	4	3	4	3	4	4	4	1	3	3	1	2	3	4	0	2	2	2	1	0	3	2	2	2	0	1	2	0	3	3	0	1	0	0	1	0	3	2	0	0
	agrotechnolog	Agrotechnology	2	2	0	0	0	1	1	2	3	3	4	2	3	3	2	1	0	2	2	2	1	2	0	2	2	2	2	3	2	1	1	2	2	2	2	1	2	2	2	2	2	2	1	2	1	1	1	2
	agrotechnolog	agrotechnology	2	2	1	2	1	2	2	2	4	3	4	3	3	2	3	1	4	4	2	2	3	2	2	3	4	3	2	2	3	3	4	3	3	4	4	2	3	3	2	2	4	3	3	2	2	3	2	1
	agrotecnolog	agrotecnology	3	1	2	3	2	2	2	2	4	4	4	4	4	4	4	2	3	2	1	2	2	3	2	1	2	2	3	2	4	2	1	1	4	2	2	3	4	1	2	1	3	4	4	4	4	1	2	2
	ai	AI	2	2	0	0	0	0	0	0	4	1	0	4	3	0	0	0	2	2	0	3	1	2	0	0	2	0	0	3	0	0	0	0	0	0	0	0	0	0	0	0	0	0	0	1	4	0	0	0
	ai engin	AI engineering	1	0	1	1	1	1	1	2	1	0	1	1	1	0	0	1	1	1	1	1	2	2	1	1	3	3	1	0	2	1	1	2	0	4	0	0	4	1	1	1	0	0	0	1	2	2	2	1
	aid babi	aids babies	2	1	2	1	2	1	4	2	2	3	0	2	1	0	0	1	2	0	3	0	3	0	1	4	2	4	1	1	0	3	0	0	2	3	2	3	4	2	3	3	2	1	4	4	0	0	2	2
	air forc	Air force	0	0	0	0	0	0	0	0	0	0	0	0	0	0	0	2	0	0	0	0	0	0	2	0	0	0	0	2	0	4	0	0	0	0	0	0	0	2	0	0	0	0	0	0	0	0	0	0
	air forc	Air force studies	2	1	4	1	2	1	1	1	3	2	3	2	2	3	4	4	0	1	2	3	4	4	3	3	2	2	3	3	4	2	1	2	4	1	3	1	4	1	4	1	1	2	4	4	3	3	3	2
	air travel	Air Travel	4	0	0	0	0	0	2	0	2	0	0	2	0	0	0	0	1	4	4	4	4	4	4	4	2	4	2	3	2	2	4	4	0	2	3	4	4	4	2	4	4	2	4	4	4	2	4	4
	aircraft	aircraft	2	0	3	3	2	2	1	1	3	1	2	1	1	2	1	2	3	3	4	3	3	4	2	2	4	3	1	2	3	3	1	2	2	2	2	1	2	1	0	2	2	3	1	3	2	2	1	3
	aircraft engin	AIRCRAFT ENGINEERING	2	1	1	4	2	1	1	1	2	1	1	2	2	1	1	1	1	2	3	1	1	2	2	1	3	1	2	3	2	1	1	2	2	1	3	2	3	2	1	2	3	1	2	3	2	2	1	1
	aircraft engin	Aircraft Engineering	3	1	1	1	1	2	1	1	3	1	1	3	1	1	1	1	1	2	1	1	1	3	1	1	1	2	3	1	3	1	2	0	1	1	1	1	1	1	1	1	1	1	1	0	1	2	1	1
	aircraft engin	aircraft engineering	1	3	3	0	2	1	0	0	2	3	2	3	2	4	1	3	0	1	1	0	0	0	2	1	1	2	1	2	1	2	1	1	2	1	1	1	1	1	1	1	1	1	0	2	0	1	0	2
	aircraft engin	aircraft engineering	3	0	0	4	3	0	2	0	2	0	0	0	0	0	0	0	0	0	0	0	0	4	0	0	2	0	1	2	0	0	2	1	0	2	2	0	2	0	1	1	0	1	1	0	3	4	1	0
	aircraft engin	Aircraft Engineering 	0	0	2	0	1	0	1	0	4	3	0	3	1	2	1	2	1	3	0	3	3	4	1	3	4	3	3	3	4	4	2	0	1	2	3	3	4	0	1	1	3	2	3	3	1	3	1	0
	aircraft engin	aircraft engineering 	4	2	0	4	1	2	2	1	4	3	2	3	2	2	2	2	4	4	2	4	2	4	1	1	4	3	4	3	4	3	3	3	2	1	2	1	4	2	2	4	2	4	4	1	4	4	3	4
	aircraft engin	Aircraft Engineering	3	1	1	2	1	1	1	0	3	1	1	3	1	0	1	0	1	2	1	1	2	0	1	0	2	2	2	2	2	1	2	1	1	1	1	1	1	1	1	0	1	1	2	1	1	1	0	0
	aircraft engin	aircraft engineering	4	2	4	4	4	4	3	4	3	1	1	2	1	1	1	2	0	1	1	0	0	0	4	0	0	3	0	4	2	0	0	0	0	4	4	3	3	1	0	2	1	4	4	3	4	3	3	4
	aircraft engin	Aircraft engineering	4	0	4	4	0	4	0	0	0	2	0	0	0	4	0	0	0	2	2	0	0	0	0	0	2	0	0	0	2	2	2	2	0	0	0	2	0	2	0	0	0	0	0	0	2	0	0	4
	aircraft engin	aircraft engineering	2	2	2	2	4	0	2	0	4	2	2	0	0	2	0	0	2	4	2	4	2	4	2	0	0	2	2	0	0	0	0	2	0	0	4	0	0	0	0	2	2	2	4	0	2	2	0	2
	aircraft engin	Aircraft Engineer	4	2	2	3	4	2	2	2	3	3	3	3	4	4	2	3	1	1	0	0	0	1	4	0	3	1	2	2	2	1	2	2	1	0	1	1	3	0	1	2	2	3	1	3	3	3	1	1
	aircraft engin	aircraft engineering	2	0	0	2	3	2	2	0	1	1	0	1	1	1	1	1	2	2	3	1	2	3	2	2	1	4	2	2	2	2	3	3	1	1	1	1	3	1	1	2	0	1	2	2	3	4	1	2
	aircraft maintain	aircraft maintainance	4	4	3	3	3	3	3	3	0	1	1	2	0	1	0	0	1	0	3	1	0	2	0	3	1	4	0	0	0	2	1	3	2	2	2	0	1	1	0	4	0	3	1	2	0	3	0	2
	aircraft maintain engin	Aircraft Maintainence Engineering	4	0	1	3	3	2	1	0	0	0	1	1	0	1	0	1	2	1	0	1	0	0	0	0	3	1	1	2	3	1	2	0	1	0	2	0	1	0	1	0	1	2	2	1	1	1	1	2
	aircraft maintain engin	Aircraft maintainance Engineering	3	1	1	2	1	1	1	0	2	1	2	3	2	0	1	0	2	2	1	1	2	4	0	0	2	3	3	1	3	3	2	2	1	1	1	2	1	1	0	0	1	1	1	2	0	2	0	0
	aircraft mainten	Aircraft Maintenance	2	0	1	2	1	1	1	0	1	1	1	1	0	1	0	0	1	0	0	0	0	2	0	0	1	2	2	1	2	1	2	1	1	1	1	0	2	0	0	0	2	1	0	2	1	2	2	0
	aircraft mainten engin	Aircraft maintenance engineering	2	2	1	3	2	3	2	0	3	3	3	2	2	3	3	3	2	2	3	2	3	3	4	3	1	2	0	2	1	1	2	1	0	0	0	2	2	1	0	4	0	2	2	1	3	2	0	0
	aircraft mainten engin	aircraft maintenance engineering	3	1	1	2	2	2	2	1	1	2	0	0	0	2	0	1	0	2	0	0	1	4	0	3	0	3	0	0	0	0	0	0	0	0	1	0	2	1	0	1	2	2	4	2	3	2	0	2
	aircraft mainten engin	Aircraft Maintenance Engineering	2	3	2	2	2	2	2	2	3	4	3	3	2	2	2	3	2	3	2	2	3	2	3	3	2	3	2	2	3	3	3	3	3	3	2	3	2	2	2	3	2	1	2	2	2	2	2	2
	aircraft mainten technolog	Aircraft Maintenance Technology	3	3	3	3	2	3	3	3	3	4	4	1	4	4	4	2	1	1	0	0	1	2	2	1	0	1	1	1	2	0	0	0	0	0	0	1	0	0	0	0	0	0	2	1	0	2	1	1
	aircraft mechan	aircraft mechanics	4	0	0	4	4	4	0	4	0	4	0	0	0	0	0	0	0	0	0	0	0	0	4	0	4	4	4	4	4	4	4	4	0	0	4	0	0	0	0	4	0	4	4	0	4	4	0	4
	aircraft mechan	Aircraft mechanic	0	0	0	4	0	3	0	2	3	2	0	4	0	0	0	2	0	3	4	4	0	0	0	3	4	4	4	4	0	0	4	3	0	0	1	0	3	0	2	4	0	0	1	0	0	0	2	0
	aircraft mechan	Aircraft Mechanics	3	0	1	3	2	3	2	1	1	2	1	1	0	2	0	0	2	1	1	2	1	1	2	1	1	1	2	2	2	1	3	2	3	1	2	1	3	2	2	3	0	2	1	1	3	4	2	2
	airport oper	airport operations	2	2	2	3	0	2	3	0	4	2	1	3	0	0	3	0	0	2	0	0	0	0	0	2	2	4	3	0	3	3	3	3	1	0	0	0	2	2	0	4	2	0	3	0	0	3	0	0
	akauntan	akauntan	4	0	0	0	0	0	0	0	1	1	1	3	1	1	1	1	0	0	2	0	1	0	3	1	3	3	3	4	3	4	4	3	3	3	4	3	4	4	4	1	4	4	4	4	4	4	4	4
	akuntansi	Akuntansi	4	0	1	1	1	2	1	0	4	2	1	1	1	1	1	0	4	2	1	1	1	3	1	1	4	2	2	2	1	2	4	4	4	3	3	2	2	3	3	2	4	4	3	2	3	3	2	3
	alcohol drug	Alcohol and Drug Studies	1	1	1	1	1	1	1	1	2	1	1	2	1	2	1	1	1	1	1	1	1	1	1	1	2	2	4	1	4	3	3	3	1	1	1	1	1	1	1	2	1	1	1	1	1	1	1	1
	algebra	Algebra	3	2	3	3	3	3	3	3	4	3	4	3	4	4	3	4	3	4	4	4	3	4	3	4	2	3	4	3	4	4	3	4	4	4	3	3	4	2	3	3	3	3	4	3	3	3	3	3
	algebra	Algebra	2	1	1	3	4	1	4	0	2	0	1	4	2	3	2	4	0	1	0	1	1	3	1	1	3	3	4	3	3	1	4	0	4	3	4	4	4	4	4	4	3	4	4	4	4	4	4	4
	alli health	Allied Health Sciences	3	1	0	1	0	1	1	1	4	3	3	2	3	4	3	4	1	4	4	3	4	3	3	3	2	3	3	2	3	3	4	3	1	2	3	1	2	2	1	2	3	3	3	3	3	2	2	2
	alli health	allied health	3	4	2	2	2	2	2	3	3	1	1	2	1	1	2	1	3	2	4	2	2	2	2	1	2	2	3	2	3	2	2	2	2	2	4	2	2	3	4	4	4	4	4	4	3	4	4	4
	alli health	allied health	1	3	0	0	0	1	0	2	4	4	4	2	4	3	1	2	0	1	3	2	1	3	1	2	3	3	2	3	2	4	3	4	0	0	1	3	4	3	2	2	1	2	0	1	3	3	3	0
	alli health	Allied Health	0	0	0	0	0	0	0	0	4	4	4	4	4	2	0	0	0	0	0	0	0	0	0	0	4	2	4	4	4	4	4	2	0	0	0	0	0	0	0	0	0	0	2	4	3	0	0	0
	alli health	Allied Health	3	0	0	2	0	0	2	0	2	3	3	2	3	3	3	3	1	1	2	2	3	2	1	2	1	2	3	2	3	3	3	1	0	0	1	2	2	0	0	3	1	0	0	2	1	2	0	0
	alli health	Allied Health	0	0	1	0	0	1	0	2	4	4	4	4	4	2	4	1	0	0	0	0	0	2	0	0	0	4	3	4	1	0	0	2	0	0	2	0	2	0	1	0	0	0	0	0	0	0	2	0
	alli health	Allied Health	0	0	0	0	0	0	0	0	4	2	2	4	3	3	3	3	3	2	1	2	0	4	3	1	1	2	3	0	3	4	2	3	1	0	1	0	0	0	0	0	2	2	2	1	0	2	0	1
	alli health	Allied Health	2	3	4	2	2	2	2	1	4	4	3	4	3	3	3	2	0	2	0	2	2	3	0	0	2	2	1	2	3	2	1	1	2	0	2	2	2	1	1	3	1	1	1	0	2	2	1	3
	alli health	Allied Health	2	2	1	1	0	1	1	2	4	4	4	3	4	4	3	3	1	1	3	2	2	3	2	2	4	4	4	4	4	3	3	3	1	0	1	2	2	1	0	1	2	1	1	2	2	2	2	1
	alli health	Allied Health	3	1	1	2	0	1	1	1	4	3	4	4	2	3	2	0	3	3	4	1	1	3	0	3	3	3	4	1	3	4	4	4	2	1	1	1	3	2	1	2	3	2	2	1	2	2	2	1
	alli health	Allied Health	2	2	0	0	0	0	3	0	4	2	3	3	2	3	2	3	3	1	3	4	2	4	0	3	3	4	0	4	3	3	3	3	2	3	0	3	0	1	0	0	0	2	0	2	1	2	0	0
	alli health	Allied Health	1	0	1	0	0	2	1	1	3	3	2	3	0	1	3	1	0	0	0	1	0	1	1	2	2	3	3	3	3	0	1	3	0	3	3	0	3	3	1	3	2	3	3	3	3	3	2	3
	alli health	allied health	3	1	1	2	0	2	2	1	4	2	2	3	2	2	2	2	2	1	2	2	1	2	3	2	2	3	3	3	3	3	4	4	0	3	1	4	2	3	1	3	1	3	1	1	2	3	1	1
	alli health	Allied Health Science	1	3	1	2	1	3	1	3	4	2	3	3	2	2	2	3	0	2	2	2	1	2	4	2	2	3	3	3	2	2	2	2	1	2	2	2	2	1	2	1	1	1	2	1	2	2	1	1
	alli heath	allied heath sciences	1	2	0	1	2	0	2	2	4	4	4	4	4	4	4	2	3	3	4	4	4	4	3	3	2	2	0	4	2	4	4	4	2	2	4	4	2	4	2	4	2	1	4	4	3	1	2	2
	alli heath	Allied Heath 	2	0	0	0	0	0	0	0	4	0	0	0	0	2	2	0	0	0	0	1	0	2	0	0	4	0	0	4	4	2	4	0	0	0	0	0	0	0	0	0	0	0	0	0	0	0	0	0
	alli heath	allied heath sciences	4	1	0	0	2	0	4	4	4	1	4	4	3	4	2	4	3	1	3	3	2	4	4	2	3	2	0	3	2	4	4	4	2	1	4	1	1	3	0	4	2	1	0	2	2	2	4	4
	althic	althices 	2	4	2	4	4	4	0	4	1	1	1	2	0	2	0	3	0	1	0	0	0	3	4	0	2	3	1	2	3	0	3	3	1	4	2	0	4	0	3	2	0	3	1	1	1	3	0	2
	ambientalist engin	Ambientalist engineering	0	4	0	4	4	2	4	2	4	4	3	4	2	4	2	0	4	4	4	4	2	4	4	0	4	4	4	4	0	0	0	0	4	0	4	4	4	4	2	4	4	2	2	4	4	4	4	4
	amciv	AmCiv	0	0	0	0	0	0	0	0	0	2	2	0	0	1	0	0	0	0	0	0	4	0	0	0	0	3	0	0	0	0	0	0	0	0	0	0	0	0	0	0	0	0	0	0	0	0	0	0
	american	American Studies	0	0	0	0	0	0	0	0	0	1	0	0	0	0	0	1	2	3	2	2	3	1	0	2	4	3	2	1	3	4	4	2	0	0	1	0	1	0	0	0	0	0	0	1	0	0	0	0
	american	American Studies	1	3	0	1	1	1	2	2	3	3	3	3	3	3	2	3	2	4	3	3	3	4	2	3	4	4	3	3	3	3	4	3	1	1	4	1	3	1	1	3	3	1	2	3	2	3	1	2
	american	American Studies	0	0	0	0	0	2	0	0	3	1	4	3	3	3	3	3	3	3	4	3	4	2	0	4	2	0	1	0	1	0	2	1	0	0	0	0	3	2	1	3	0	0	0	0	4	4	0	2
	american	American Studies	3	0	0	1	0	1	2	0	1	0	0	2	0	1	0	0	0	0	0	2	1	1	1	2	1	2	3	3	3	3	3	1	1	1	3	1	3	3	2	1	2	3	2	3	3	3	3	2
	american	American Studies	0	2	0	0	0	2	1	2	3	2	2	0	1	2	0	3	2	4	3	4	4	3	1	3	4	4	4	3	4	3	4	3	0	2	3	2	1	2	2	4	2	2	1	3	1	1	2	2
	american	American studies	0	0	0	0	0	0	0	0	2	2	2	0	0	0	0	0	0	2	4	0	4	0	0	0	4	2	2	4	2	2	4	2	2	2	0	2	0	2	2	2	0	0	0	0	0	0	0	0
	american	American Studies	1	0	0	0	0	0	0	0	0	1	0	1	0	0	0	0	0	0	0	0	0	1	1	0	1	4	3	0	3	1	3	2	0	0	2	0	0	0	0	0	0	2	1	1	1	1	1	1
	american	American Studies	0	0	0	0	0	0	0	0	3	3	3	0	1	3	3	0	0	1	1	4	4	3	0	0	4	4	2	2	3	2	3	3	0	2	1	1	3	1	2	2	1	0	1	1	0	0	1	0
	american	American Studies	1	4	4	2	0	3	3	3	4	4	4	4	4	4	4	4	4	4	4	4	4	4	4	4	4	4	4	4	2	3	4	4	3	3	4	2	4	3	4	4	0	2	0	1	4	3	1	1
	american	American studies 	1	0	2	1	1	2	0	0	3	3	1	3	3	2	2	1	2	4	1	3	3	3	0	0	4	3	3	2	4	3	3	2	1	2	2	1	3	1	1	1	0	0	1	1	1	2	1	0
	american	American Studies	0	0	0	1	0	1	1	1	3	4	3	1	1	2	1	2	2	2	3	2	4	3	1	3	2	3	1	1	1	1	3	0	1	2	2	1	4	3	1	3	2	3	2	2	4	3	2	2
	american	American Studies	0	0	0	1	0	0	0	0	0	1	1	2	1	0	0	0	2	3	2	2	3	3	3	3	4	4	2	2	2	3	4	1	4	2	4	2	4	2	3	3	2	1	2	2	3	2	2	1
	american	American Studies	0	3	0	2	0	2	0	4	4	3	0	0	0	0	0	0	2	3	4	2	4	2	4	4	4	4	2	4	2	4	4	0	3	4	4	4	4	4	4	4	3	4	4	4	4	4	2	4
	american	American Studies	2	2	0	3	0	3	3	2	1	3	3	1	2	3	2	3	4	3	3	4	3	4	0	3	4	4	3	2	2	0	1	0	1	1	1	2	3	1	1	2	0	0	0	1	1	2	0	0
	american	American Studies	0	0	0	0	0	1	0	0	4	2	0	0	2	2	1	2	2	1	2	3	3	3	0	3	2	2	0	2	3	1	3	1	0	0	2	0	0	1	0	2	0	0	0	0	0	2	0	0
	american	American studies	0	1	0	2	0	3	1	1	3	1	2	2	2	2	1	2	3	4	3	2	4	3	3	3	3	4	2	3	2	3	2	1	1	3	1	3	1	3	1	3	0	2	0	0	0	2	0	0
	american	American Studies	3	1	1	2	2	2	2	1	2	2	2	2	2	2	2	2	0	2	3	2	3	1	1	4	3	2	1	1	1	1	1	1	2	1	2	2	1	2	3	2	1	2	2	2	2	2	1	2
	american	American Studies	3	2	0	0	0	3	0	1	3	4	3	2	3	4	3	3	0	1	3	3	4	1	0	0	4	4	4	2	4	3	4	2	0	1	1	0	1	0	2	1	0	2	0	1	0	0	0	0
	american	american studies	0	3	2	0	0	1	0	1	4	4	4	4	3	4	2	4	4	4	4	4	4	3	4	4	3	4	4	4	4	3	4	1	2	0	3	0	1	0	3	1	0	0	0	0	0	1	2	0
	american	American Studies	2	1	0	1	2	1	0	0	2	2	1	1	1	2	3	2	3	3	3	4	4	4	4	3	3	2	3	2	3	2	2	2	0	0	1	0	2	0	2	0	0	2	0	0	1	0	0	0
	american	American Studies	0	0	0	0	0	0	0	0	2	3	2	3	3	2	3	4	0	1	0	0	4	0	0	0	4	3	4	4	4	2	4	2	0	2	2	0	4	1	2	2	0	0	0	2	4	3	0	1
	american	American Studies	0	2	0	1	0	1	0	0	4	3	4	4	4	3	4	3	1	2	1	0	1	2	0	0	4	2	1	1	1	1	2	0	0	1	1	0	3	0	2	0	1	2	2	3	3	2	1	2
	american	American Studies	1	0	0	2	1	1	0	1	3	3	3	2	3	3	2	3	2	3	3	3	4	3	3	3	0	3	4	4	4	3	3	1	0	1	1	1	1	1	1	2	1	1	1	1	1	2	1	1
	american	American Studies	1	1	1	1	1	1	1	1	2	2	1	1	1	1	1	1	2	2	1	2	3	2	1	2	3	3	2	2	2	2	1	1	1	0	2	2	2	1	1	2	2	1	1	2	2	2	2	2
	american	American Studies	0	0	0	0	0	0	0	0	2	3	1	2	0	0	0	0	3	4	0	3	3	4	0	2	4	4	2	3	3	4	4	0	3	3	4	0	4	2	4	4	1	0	0	3	1	2	2	0
	american	American studies	3	0	0	1	1	1	0	1	0	0	0	0	0	0	0	0	0	2	3	3	1	0	0	1	4	4	0	0	3	0	0	2	3	3	4	0	4	4	4	3	0	0	2	0	0	1	3	2
	american	American Studies	0	0	1	0	0	0	0	0	2	2	3	2	3	2	0	0	2	2	3	2	2	2	1	2	2	3	2	3	3	3	2	2	0	2	4	3	3	3	2	3	2	1	2	3	1	2	1	2
	american	American Studies	2	1	1	1	1	0	1	0	3	1	2	3	3	3	3	0	1	3	3	1	4	3	2	3	4	3	3	3	4	3	3	1	1	1	1	3	4	1	1	1	3	0	3	4	3	1	1	3
	american	American Studies	3	2	0	2	1	2	2	3	4	3	3	2	1	3	2	3	1	2	2	3	3	2	4	1	4	4	0	4	3	4	4	2	1	0	1	4	2	2	4	1	0	1	1	2	2	3	2	1
	american	Interdisciplinary American Studies	3	2	0	0	0	2	1	0	3	0	0	0	2	2	2	1	0	0	0	0	4	0	3	0	2	2	3	0	3	3	2	2	2	0	2	0	2	1	0	0	1	0	0	1	0	1	0	0
	american	American Studies	2	1	0	0	0	0	0	0	1	2	2	0	1	3	0	2	0	0	1	1	2	0	0	1	0	2	0	0	1	0	0	0	0	0	0	0	2	0	0	2	0	0	0	0	1	0	0	0
	american	American Studies	2	2	1	1	1	1	1	1	3	2	1	1	1	2	1	2	3	2	3	1	2	2	1	1	3	3	3	3	3	1	2	2	2	2	2	2	2	2	2	1	0	1	1	1	1	1	1	1
	american cultur	american culture studies	0	1	0	0	0	3	0	2	1	1	1	0	0	1	0	1	0	1	2	2	2	2	1	2	3	3	2	2	3	3	3	2	0	1	1	0	1	1	0	1	0	0	1	0	0	0	0	0
	american studiess	American Studiess	0	0	0	0	0	0	0	0	1	3	2	1	1	2	1	0	0	3	0	2	2	2	0	0	3	3	3	3	3	2	2	0	4	2	2	1	3	2	3	2	0	1	0	0	0	0	0	0
	anathomi	anathomy	0	0	0	0	0	0	0	0	4	4	4	4	4	3	4	3	2	1	4	3	2	2	0	3	2	4	3	2	2	1	0	0	1	0	1	0	0	0	0	0	0	0	0	0	0	0	0	0
	anatom	Anatomical Sciences	4	2	0	0	0	1	0	0	4	4	3	4	4	4	4	1	1	2	1	2	3	2	0	2	3	4	1	2	3	4	4	2	0	2	0	0	3	1	0	3	1	1	1	2	1	4	1	2
	anatomi	anatomy	2	0	0	1	0	0	0	0	4	0	0	0	2	0	0	0	0	0	0	0	0	0	4	0	4	4	4	4	4	4	4	4	0	2	2	2	0	1	3	1	3	2	2	2	2	0	0	2
	anatomi	the anatomy 	0	0	0	2	0	0	0	1	4	1	0	2	1	1	2	0	2	2	1	1	2	3	0	1	1	1	1	3	2	3	4	0	0	2	2	3	1	2	2	1	0	0	1	1	0	0	0	0
	anatomi	Anatomy	3	2	2	1	1	2	1	1	3	3	3	3	3	2	2	1	1	2	3	2	2	2	2	2	3	3	3	1	1	2	2	2	1	2	3	1	3	1	2	2	2	2	2	2	2	2	2	2
	anatomi	Anatomy	2	0	0	2	0	0	0	0	4	3	3	4	3	3	3	2	0	2	2	2	2	2	1	0	0	2	0	3	1	0	3	2	0	1	2	0	0	0	0	0	3	1	2	3	3	3	3	3
	anatomi	anatomy	2	0	0	2	0	0	0	0	4	4	4	4	4	4	4	3	1	2	2	2	1	3	3	1	2	3	2	2	1	2	1	1	2	2	2	2	1	1	0	0	0	1	1	0	1	0	0	0
	anatomi	anatomy 	0	2	0	3	0	2	4	3	4	0	0	4	0	2	1	2	0	3	2	2	0	1	4	2	0	3	4	4	4	4	4	3	4	4	0	4	0	4	4	4	1	0	0	1	0	0	4	0
	anatomi	Anatomy	0	1	3	3	0	0	1	0	4	4	4	4	4	4	4	4	3	3	0	0	0	3	0	4	2	4	1	1	1	4	4	3	0	0	3	0	3	0	0	2	3	0	3	3	2	4	1	3
	anatomi	anatomy	4	0	0	2	1	2	2	0	4	2	4	4	4	2	3	0	0	4	2	2	4	3	0	0	2	4	4	4	4	3	2	3	2	2	4	2	4	2	2	3	2	0	0	1	3	2	2	1
	anatomi	anatomy 	0	0	0	0	0	0	0	0	3	0	0	0	0	0	0	0	0	0	0	0	0	0	0	0	4	0	4	4	4	4	4	4	0	0	0	0	0	0	0	0	3	0	0	0	0	0	0	0
	anatomi	Anatomy	2	3	0	2	2	3	2	3	3	3	3	2	3	1	2	3	0	0	1	0	0	1	0	1	2	2	0	1	0	1	1	0	0	1	2	0	1	1	0	1	2	2	2	3	2	2	2	2
	anatomi	Anatomy	3	0	0	0	2	1	0	0	4	1	0	4	1	0	0	0	3	1	0	4	3	4	0	0	2	4	2	3	4	0	2	2	3	0	2	2	0	0	0	1	0	0	0	4	2	0	0	1
	anatomi	anatomy 	4	3	2	2	1	1	1	1	4	4	4	3	4	4	3	1	3	1	3	1	2	2	2	1	3	4	2	1	2	1	1	2	2	2	3	1	1	1	1	2	1	2	2	1	1	2	1	1
	anatomi patholog	Anatomy Pathology	0	0	0	0	0	1	3	0	4	0	2	1	2	1	3	0	2	1	0	1	2	3	2	0	4	1	0	1	1	1	1	0	0	2	3	0	2	2	0	2	0	3	2	0	2	3	0	1
	ancient near	Ancient Near East Studies	2	1	1	0	0	0	0	0	4	4	4	1	2	4	1	3	3	3	3	4	4	4	2	4	3	4	3	2	4	3	2	1	1	3	3	2	1	1	2	2	0	0	0	1	0	1	0	0
	anesthesiolog	Anesthesiology	2	2	2	2	0	3	0	1	4	4	4	4	3	4	4	1	0	2	3	0	0	3	0	3	2	4	4	1	4	3	3	4	1	1	4	2	2	4	0	4	4	3	3	4	2	4	3	2
	anesthesiolog	Anesthesiology 	4	4	4	4	4	3	3	4	4	4	4	4	4	4	4	4	1	1	2	2	0	2	3	2	3	2	3	3	3	2	2	3	2	1	1	1	3	1	2	2	2	3	2	2	2	3	2	1
	anesthesiolog	Anesthesiology	0	0	0	0	0	0	0	0	2	0	1	2	0	0	2	0	1	0	0	0	0	1	0	0	1	1	2	0	1	1	1	0	0	0	1	1	0	0	0	1	1	0	0	1	0	2	0	1
	anesthesiolog	Anesthesiology	0	1	1	1	0	0	1	0	4	4	4	4	3	4	3	0	2	0	2	0	1	0	1	1	2	3	4	1	4	3	3	4	0	0	3	2	1	0	2	2	3	3	3	3	3	2	2	2
	anthro	Anthro	3	0	2	3	1	1	1	0	3	1	3	4	4	2	4	4	2	2	0	2	1	3	2	1	4	4	4	2	4	0	0	1	0	1	4	2	4	1	0	0	1	3	3	3	3	1	1	2
	anthro polici comm	Anthro, Policy, Comm	2	1	0	1	1	3	0	0	3	3	3	4	3	3	2	3	1	1	3	1	4	1	3	3	4	3	0	3	2	3	3	0	2	0	1	1	3	0	4	0	0	0	0	1	1	3	0	0
	antropolog ancient indian cultur	Antropology and Ancient Indian Culture	3	0	0	1	3	1	0	0	4	2	3	0	3	4	2	3	0	0	0	0	1	3	0	3	2	3	0	1	0	0	3	0	0	0	0	1	0	0	0	0	0	0	0	0	0	0	0	0
	anyth	anything	4	3	2	3	2	2	3	2	4	3	2	3	3	2	2	1	2	3	2	3	3	2	2	1	3	2	3	2	3	2	1	2	2	3	2	1	2	1	1	2	2	2	3	3	3	2	3	3
	anális clínica	análises clínicas	4	0	0	0	1	0	1	0	4	3	3	4	4	3	4	2	2	2	0	3	4	4	0	1	3	3	0	1	2	4	3	2	1	1	0	1	1	1	0	3	1	2	0	2	1	1	0	3
	aoj	AOJ	1	2	0	3	0	0	0	0	3	3	0	1	0	0	0	0	0	0	2	0	0	0	0	0	3	3	3	4	3	0	0	0	1	1	0	0	0	0	0	0	1	1	0	0	4	0	3	0
	apk	apk	0	0	0	0	0	0	0	1	4	2	2	3	2	2	1	1	0	0	2	2	0	2	1	1	2	2	2	2	3	1	1	1	1	1	1	1	0	1	2	1	0	0	0	0	0	1	1	1
	apli	aplied science	3	4	1	4	3	4	3	3	1	3	1	0	1	1	1	1	1	1	0	1	1	3	4	3	3	4	4	3	4	4	3	1	1	1	3	2	1	2	2	4	1	2	1	1	1	1	1	1
	app develop	App developers 	2	1	3	2	2	3	2	2	1	2	4	1	3	2	1	1	2	2	3	3	3	2	3	3	3	3	3	3	3	3	3	3	3	3	3	3	3	4	4	4	3	3	3	3	4	3	2	3
	apparel	Apparel studies	4	3	1	3	2	3	3	3	3	3	1	3	0	2	1	1	3	3	4	0	0	4	4	4	4	4	3	4	1	4	4	1	2	2	2	4	4	2	3	1	3	1	2	2	1	1	2	1
	apparel	apparel	2	2	0	1	0	1	0	0	2	3	3	1	0	2	0	1	1	3	4	3	2	2	2	2	3	3	1	2	3	2	2	3	2	4	1	4	3	4	3	3	2	2	1	2	1	0	1	1
	apparel merchandis	Apparel Merchandising	0	1	0	1	0	0	0	3	0	1	0	0	2	1	0	0	0	1	3	0	3	0	0	0	3	2	0	3	2	3	0	0	2	0	0	0	3	0	3	0	2	0	1	0	0	0	2	0
	apparel merchandis	Apparel Merchandising 	0	0	0	0	0	0	0	0	0	0	0	0	0	0	0	0	0	1	0	0	0	0	0	2	3	4	0	4	2	3	2	1	0	4	0	3	1	3	0	0	0	0	0	0	0	0	0	0
	apparel textil	Apparel and Textiles	1	1	0	1	0	0	0	1	4	2	2	2	2	4	2	3	2	4	4	4	4	4	2	4	3	4	3	4	4	2	2	2	3	2	4	3	4	3	4	1	4	2	3	3	2	2	4	2
	applicapl	not applicaple	2	0	0	0	0	0	0	0	2	4	4	2	4	4	4	0	4	2	2	4	4	4	2	2	2	2	2	2	2	2	2	2	0	0	0	0	0	0	0	0	0	0	2	0	0	0	0	0
	aquacultur	Aquaculture	2	2	0	4	2	2	2	2	0	4	4	4	4	4	4	4	0	2	2	0	2	2	4	4	2	2	2	4	4	2	2	4	2	2	2	0	0	2	0	0	2	4	0	2	2	2	2	0
	arab	Arabic	2	0	0	0	0	4	0	0	4	4	0	2	4	4	0	0	2	2	4	0	2	4	0	0	4	2	2	0	4	2	2	4	4	2	4	2	4	2	4	4	4	2	4	2	4	0	4	4
	arab	arabic	4	2	3	4	0	1	2	0	2	3	2	0	0	0	0	0	2	2	0	0	0	4	0	0	1	2	0	0	0	0	0	0	2	1	3	0	4	0	3	4	0	3	3	0	1	1	0	4
	arab	Arabic Studies 	1	0	0	0	0	2	0	0	2	1	3	0	0	1	0	0	1	1	3	3	3	3	2	2	3	3	3	3	3	3	3	2	0	0	0	3	1	0	2	0	0	0	0	0	0	0	0	0
	arab	arabic	2	1	2	2	2	2	1	1	2	3	3	1	1	1	0	1	0	3	2	1	3	1	0	0	2	3	2	2	1	1	3	2	1	2	2	0	2	1	0	2	1	2	2	2	2	1	0	1
	arab	arabic	2	2	1	1	1	0	1	1	2	3	2	2	2	2	1	3	0	2	0	0	3	1	3	0	4	1	3	3	3	1	1	1	2	2	4	1	3	2	3	2	3	3	3	3	3	3	3	3
	arab	Arabic	1	1	0	0	0	0	0	3	2	0	3	2	1	2	0	4	3	3	3	3	3	3	3	3	4	4	4	4	4	3	4	3	2	0	3	1	3	0	0	3	0	0	0	0	1	0	0	1
	arab	arabic	2	0	0	0	0	0	4	0	0	2	2	0	0	0	0	0	2	4	0	2	4	4	2	4	4	4	4	4	4	4	4	4	0	0	4	0	0	4	2	4	0	2	4	2	4	0	0	4
	arab	Arabic	4	0	0	0	0	0	0	0	4	0	0	0	0	4	4	0	0	0	0	0	0	0	0	0	0	0	4	4	0	0	4	0	0	0	0	0	0	0	4	4	0	0	0	4	0	0	0	0
	arab	Arabic	4	4	3	4	0	3	2	2	4	0	0	3	2	0	2	3	0	0	2	0	2	0	0	3	4	4	4	0	0	0	3	2	0	0	2	0	3	0	0	3	0	0	0	0	3	0	0	0
	arab philolog	Arabic Philology	3	1	1	0	0	1	0	0	3	3	3	3	2	2	2	2	2	3	2	2	3	3	2	2	1	3	0	3	1	0	0	0	1	1	0	1	3	2	0	0	1	1	0	2	3	2	0	3
	archaeolog classic	Archaeology and classics	2	3	4	1	0	1	1	1	4	4	4	4	4	4	4	3	1	1	3	1	3	1	2	2	3	4	3	4	3	4	3	4	2	3	2	3	1	2	1	4	0	1	0	0	0	0	0	0
	archetect	archetect 	1	1	0	1	0	0	2	0	2	1	1	3	1	1	1	0	0	0	0	0	0	0	1	0	1	0	0	0	0	1	0	0	2	0	1	0	0	1	1	1	2	1	1	0	0	0	1	1
	archeticu	archeticual	2	2	2	3	0	3	2	1	3	2	1	3	1	2	2	3	1	0	3	1	2	3	3	3	3	3	3	3	2	0	3	3	0	1	2	0	1	0	3	1	1	2	1	0	1	3	2	1
	archetiur	archetiure	3	3	3	4	4	2	4	1	2	3	2	2	4	2	3	2	0	1	3	0	1	0	3	0	1	2	2	4	1	1	1	0	2	3	1	3	4	4	2	0	2	4	1	3	2	3	0	2
	architech	architech	2	0	3	4	2	4	4	2	4	3	4	4	4	4	4	4	2	2	4	3	3	4	2	4	0	2	4	0	3	2	2	3	0	2	2	1	3	1	1	2	2	4	4	2	4	4	0	1
	architetur technolog	architetural technology	3	2	2	2	1	2	2	1	2	2	1	1	1	1	2	1	0	2	2	0	1	0	0	2	4	2	1	3	2	0	0	2	2	1	0	0	2	0	0	1	4	3	4	3	3	0	3	3
	archmag	Archmage	1	2	3	1	1	0	1	1	3	1	2	1	1	1	1	1	1	3	3	1	3	1	1	1	1	1	0	1	1	1	1	1	1	1	3	1	3	1	1	4	1	1	1	1	0	1	1	1
	archtecht	archtecht	2	1	0	1	1	1	1	1	2	3	3	1	2	3	1	2	1	1	2	0	1	2	3	2	2	2	3	2	3	3	3	3	1	1	3	2	2	3	3	3	0	1	2	2	2	2	2	3
	arcitect	Arcitect 	0	2	0	2	0	0	0	1	1	1	1	2	0	0	0	1	0	0	0	0	0	0	0	0	0	0	0	3	0	1	0	2	0	2	0	0	2	2	3	0	2	2	2	1	2	0	2	1
	arcutictur	Arcuticture	3	0	0	2	0	0	2	0	0	1	0	0	3	2	0	2	0	0	3	4	2	4	4	3	4	4	0	0	0	3	0	1	2	4	4	0	4	3	2	0	3	3	0	4	2	2	0	1
	area	Area studies	1	2	0	1	2	2	0	2	3	4	3	3	3	3	2	4	3	3	4	4	4	3	3	4	3	3	2	3	3	2	3	3	0	2	0	3	3	1	1	2	0	1	1	2	2	2	1	0
	arizona state	Arizona State University	2	3	0	1	0	2	1	3	3	4	3	1	1	3	2	3	4	3	2	2	1	4	1	4	3	3	1	3	3	3	3	2	0	2	3	0	3	1	3	1	2	1	2	1	0	2	2	1
	armi	Army	3	4	1	4	2	3	1	0	2	3	1	0	0	2	1	1	4	4	0	0	2	4	4	2	4	0	3	4	4	3	4	4	0	0	1	1	2	2	1	3	0	0	1	0	0	2	0	2
	armi	ARMY	2	0	4	4	0	4	4	0	2	0	0	4	4	0	0	4	4	0	4	4	4	4	0	4	4	0	4	4	4	0	0	4	0	0	0	0	4	0	4	0	0	0	0	0	0	0	0	0
	arquitectur	Arquitecture	1	2	0	1	1	2	0	2	4	4	4	3	3	4	3	3	3	4	4	4	3	3	3	4	3	4	3	3	3	2	3	2	1	1	4	1	1	0	1	1	1	1	1	1	1	1	1	0
	arquitectura	Arquitectura	4	4	3	4	3	4	3	4	2	4	4	2	2	2	1	2	3	1	4	3	4	3	2	4	4	4	1	2	2	4	4	3	2	3	2	1	3	1	4	3	4	3	3	2	4	4	2	3
	arquitectura	Arquitectura	4	0	3	2	2	2	2	0	2	0	3	2	2	2	2	0	0	0	3	0	0	0	0	0	0	0	0	3	0	0	0	0	0	0	0	0	0	0	0	0	0	0	0	0	2	4	0	0
	arquiteto	arquiteto	1	1	1	4	3	2	2	4	4	3	4	3	0	2	2	3	4	4	0	2	3	3	1	2	2	4	1	3	1	3	4	0	4	4	0	2	4	2	3	3	0	2	4	4	3	3	3	4
	arquitetura	Arquitetura	3	3	2	3	4	1	4	1	4	1	4	3	0	4	1	1	1	3	4	4	4	4	1	4	3	4	3	4	2	4	4	4	0	0	0	3	3	3	1	4	3	3	1	1	4	4	4	4
	arquitetura psicologia	arquitetura e psicologia 	1	0	0	0	0	0	0	0	2	4	1	2	2	0	0	0	1	1	2	0	0	0	0	0	4	4	4	0	4	3	3	4	0	2	0	0	0	0	0	0	0	1	0	0	0	0	0	0
	arquitetura relaçõ publica	arquitetura, relações publicas	3	0	0	2	0	0	0	0	0	1	1	3	1	2	0	0	2	2	3	3	3	3	0	2	2	2	4	3	3	1	0	0	0	0	3	1	4	0	3	0	0	0	0	0	0	0	0	0
	art art communic	BA in Arts (Mass Communication)	4	0	0	3	0	1	1	0	4	3	3	4	4	4	3	4	4	3	2	3	2	4	3	2	4	0	0	1	1	1	1	0	1	0	3	0	4	1	0	0	0	0	3	0	2	1	0	0
	art asian	Art and asian studies	0	2	0	0	0	3	0	3	1	3	0	2	0	3	0	1	4	2	1	4	4	4	3	1	2	2	1	4	3	1	1	3	0	0	3	2	1	0	3	2	0	0	0	0	0	2	1	1
	art busi	Art and Business	2	2	3	3	1	3	2	3	3	4	4	3	3	4	3	4	1	3	4	4	3	3	3	3	3	4	3	4	3	4	3	4	1	3	1	3	2	2	0	4	1	3	3	2	3	2	1	2
	art busi	BA in bUSINESS	2	0	0	0	0	4	0	3	4	2	4	2	0	0	0	0	4	4	4	2	4	4	4	4	4	4	4	4	4	4	4	4	0	4	4	4	4	4	4	4	4	4	4	4	2	2	4	4
	art childhood	art and early childhood	0	2	0	0	0	2	0	2	4	4	4	0	3	2	3	2	0	0	4	2	4	0	0	2	4	3	2	0	3	2	4	2	0	0	0	0	0	0	0	0	0	0	0	0	0	2	0	0
	art class	art class	3	1	1	2	1	1	1	2	3	2	3	2	1	4	2	4	3	3	3	3	3	3	3	3	2	2	2	2	2	2	2	3	2	3	3	1	3	2	2	2	1	3	3	2	1	1	1	2
	art collag san fran	Art Collage in San Fran.	0	4	1	4	0	2	0	3	2	1	3	1	2	4	2	2	3	0	3	2	2	4	2	3	3	3	4	1	4	3	3	3	0	2	0	0	1	3	0	1	4	2	0	0	1	2	0	2
	art communic	art and communication	2	0	2	2	1	1	2	2	3	2	1	2	1	1	1	1	4	2	4	1	1	4	3	3	2	2	4	3	3	3	4	3	2	3	4	4	1	3	2	3	1	4	3	2	1	1	1	2
	art communic art	BA communication arts	4	0	2	4	0	2	0	1	4	4	4	4	4	4	4	4	2	4	3	2	2	4	2	4	4	2	4	0	4	4	4	3	1	4	2	2	4	2	4	4	0	0	3	4	0	4	4	4
	art conserv	art conservation	1	3	1	2	2	3	1	3	3	3	3	3	2	3	3	3	3	3	4	3	3	4	3	4	3	2	3	3	3	1	3	3	1	1	1	3	3	2	1	2	3	0	1	2	0	1	0	1
	art creativ event product mangement	BA Creative Events: Production and Mangement 	2	0	1	0	0	0	0	0	3	4	3	2	2	3	1	1	1	3	4	2	3	1	2	3	3	3	4	1	4	1	2	2	2	2	3	1	2	2	2	2	1	0	0	0	0	0	0	0
	art creativ write	Art/Creative Writing	0	3	2	2	1	1	0	1	4	4	3	1	1	4	1	3	3	4	4	4	4	4	2	3	3	2	0	3	3	2	3	3	0	0	1	1	1	0	0	2	0	1	0	0	0	1	0	0
	art cultur	arts& culture studies	3	0	0	0	2	1	0	2	2	3	1	0	0	3	0	1	4	3	2	3	3	3	1	3	3	4	1	4	3	1	3	4	4	1	2	2	1	2	1	2	0	0	1	2	1	0	1	1
	art cultur	Arts and culture	0	2	0	0	0	0	0	0	3	3	3	1	2	3	2	1	3	4	4	4	4	4	0	3	3	3	1	3	3	3	3	1	0	2	0	3	0	0	0	0	0	0	0	0	0	0	0	0
	art desaign	art and desaigner	1	2	0	0	1	2	1	3	2	2	2	2	2	3	1	1	3	0	3	4	4	4	2	2	1	0	2	2	2	2	2	2	1	1	3	4	1	3	1	2	1	0	2	1	1	2	2	1
	art desgin	art desgin	2	2	1	1	0	2	2	2	3	2	3	1	1	1	0	1	1	2	4	2	2	3	2	2	4	2	3	3	3	2	3	1	3	2	3	3	3	4	2	4	2	2	2	2	2	0	0	2
	art game	arts and gaming	2	2	0	4	0	0	0	0	2	1	4	0	1	0	0	1	0	2	2	3	2	0	4	1	1	0	4	4	2	0	0	2	1	3	0	0	1	4	1	0	0	1	4	0	0	4	0	0
	art illustr	Arts and illustration	0	3	0	0	0	0	1	1	4	4	4	3	3	4	3	4	2	3	3	1	3	4	2	3	1	4	2	2	2	4	4	3	0	2	0	1	0	1	0	4	0	0	0	0	0	0	0	0
	art leadership	Master of Art in Leadership	2	0	0	4	2	3	2	1	3	0	0	3	0	4	3	0	2	2	0	2	0	4	0	1	4	3	2	3	4	4	4	3	0	1	3	0	4	4	0	3	2	3	4	4	1	4	2	4
	art leadership	MA Leadership	1	3	0	0	0	1	1	0	2	3	2	2	3	2	1	3	3	4	3	4	4	3	4	3	3	3	3	4	3	3	3	1	3	3	3	3	3	2	2	1	1	0	0	0	0	1	0	0
	art letter	Arts & Letters	0	0	0	1	0	3	1	1	3	0	3	0	0	0	0	0	0	0	2	0	1	1	1	0	3	4	0	4	1	3	2	0	2	2	3	1	2	0	0	1	1	1	0	1	0	2	0	1
	art marathi	Bachelor of Arts Marathi	4	4	4	4	4	4	4	4	4	4	4	4	4	4	4	4	4	4	4	3	3	4	0	4	4	4	4	4	4	4	4	4	3	4	4	4	4	4	4	4	2	4	4	4	4	4	4	4
	art paint	BA. painting	4	1	0	3	0	2	3	0	3	1	2	2	0	0	0	0	4	4	4	4	4	4	4	4	4	2	2	4	3	1	2	2	0	0	4	3	4	3	1	4	0	4	4	0	0	0	0	1
	art painter	Art painter	0	3	0	0	0	0	0	0	2	0	0	0	0	1	0	0	0	0	4	0	0	0	1	0	1	1	0	3	0	0	0	0	4	0	0	0	1	0	0	0	0	0	0	0	0	0	0	0
	art psycolog	Arts/Psycology 	1	0	0	0	0	1	0	0	4	3	2	3	2	0	2	0	4	4	4	4	4	4	3	4	3	4	3	3	3	2	3	0	1	1	1	1	1	1	1	1	0	0	0	0	0	0	0	1
	art psycotherapi	Art psycotherapy	0	0	0	0	0	0	0	0	4	0	0	0	0	0	0	0	0	0	4	2	3	0	0	0	2	0	2	0	2	0	0	0	0	0	0	0	3	0	0	0	0	0	0	0	0	0	0	0
	art regist busi rea	Arts, but registered in business for some rea	3	3	2	4	4	4	4	2	4	4	3	3	4	4	4	3	4	4	3	3	4	4	4	4	2	4	3	3	3	4	4	4	2	3	2	1	2	3	2	2	1	3	2	3	1	4	1	2
	art restaur	art restauration	1	1	0	0	0	0	0	1	0	2	2	0	1	1	1	1	0	0	0	4	1	4	0	0	0	0	0	0	0	2	0	0	0	0	0	0	0	0	0	0	0	0	0	0	0	0	0	0
	art social	arts and social science	0	0	0	0	0	0	0	0	0	0	0	2	4	1	0	0	0	2	0	3	4	2	0	1	4	3	3	3	4	2	4	2	0	1	1	1	1	2	2	1	0	0	0	1	0	2	0	0
	art specif one	arts (not sure which specific one yet)	4	0	0	0	0	0	0	0	2	4	4	1	3	4	3	3	1	1	4	3	4	3	3	4	2	3	2	2	3	3	2	3	0	0	0	3	0	0	0	0	0	0	0	0	0	0	0	0
	art studio	Art Studio	0	0	0	0	0	0	0	0	2	2	3	2	3	4	4	3	4	3	3	2	2	3	0	4	3	1	0	2	4	0	2	0	1	0	0	0	3	1	0	1	0	0	0	1	0	1	0	0
	art studio	Art Studio	2	2	0	0	1	1	2	1	0	3	1	0	0	2	0	0	0	0	3	1	0	3	1	1	1	2	1	2	4	3	2	1	0	0	4	1	4	1	1	1	2	3	1	2	0	2	1	0
	art studio	Art (studio)	1	3	0	1	3	3	1	0	3	3	3	0	2	3	0	3	2	2	4	1	4	3	3	3	0	3	0	0	0	0	1	0	0	1	3	3	0	1	0	0	0	1	1	1	0	2	0	1
	art stuffz	art stuffz	0	2	4	2	0	2	4	2	1	1	3	3	1	1	3	3	2	0	2	4	2	0	2	4	3	1	1	3	3	1	1	3	4	2	0	2	4	2	0	2	3	3	1	1	3	3	1	1
	art technolog	Arts and technology	2	0	0	4	0	4	0	0	4	4	4	2	4	4	4	4	4	4	4	3	2	4	2	4	2	4	3	4	4	2	2	0	0	0	0	0	3	0	0	1	2	4	3	3	4	4	0	4
	art technolog	Art&Technology	1	2	0	2	0	0	0	0	3	3	3	0	2	3	1	3	3	4	4	4	4	3	1	4	1	0	2	3	3	1	0	0	2	0	2	1	2	2	0	0	0	0	1	1	1	1	0	0
	art tesol	Art/TESOL	0	0	0	0	0	0	0	0	4	3	0	0	0	3	0	0	2	3	3	4	4	4	0	4	1	2	1	3	1	2	3	1	0	2	0	0	0	0	0	3	0	0	0	0	0	0	0	0
	art theatr	BA Theatre	2	2	0	1	0	1	0	1	3	2	1	2	2	1	1	0	3	3	2	4	3	2	1	2	4	1	2	1	2	0	1	0	2	0	3	0	3	2	3	0	2	0	2	2	2	2	1	2
	art theatr	BA Theatre	2	1	0	1	0	1	0	1	3	2	2	2	2	1	1	0	3	3	3	3	3	2	3	3	3	1	2	1	2	0	2	0	2	1	3	1	3	1	3	0	2	0	2	2	2	1	2	1
	art theatr degre	Art & Theatre (2 degrees)	3	2	1	1	1	3	1	0	1	3	3	2	2	4	3	4	1	4	4	3	4	4	3	4	4	4	3	2	3	1	3	2	0	0	3	4	0	3	0	1	2	2	0	3	3	1	0	2
	art theori	Art theory	0	3	2	2	2	2	0	2	3	3	3	0	2	4	1	4	2	4	2	4	4	4	0	4	0	0	1	2	0	2	3	1	0	0	0	1	0	0	0	0	0	0	0	0	0	0	0	0
	art therapi	art therapy	2	2	0	0	0	0	0	0	2	2	3	0	0	2	0	0	4	4	4	4	4	4	4	4	3	0	0	2	4	2	3	1	0	0	0	2	0	3	0	0	0	0	0	0	0	0	0	0
	art therapi	art therapy	2	3	0	0	0	3	0	0	3	3	3	0	2	3	0	3	1	3	4	4	4	4	2	4	3	4	4	2	4	4	4	2	0	0	0	0	0	1	0	3	0	0	1	0	0	2	0	0
	art therapi	Art Therapy	2	0	0	0	0	0	0	0	2	2	2	0	2	2	0	0	0	0	3	0	2	0	0	2	0	4	4	4	4	1	4	4	0	0	0	0	0	0	0	0	0	0	0	0	0	0	0	0
	art therapi	Art Therapy	2	1	0	0	0	0	0	0	2	2	3	1	0	3	0	2	3	1	4	3	1	4	0	2	3	3	4	2	4	4	4	1	0	0	0	1	0	0	0	0	0	0	0	0	0	0	0	0
	art therapi	art therapy	2	2	2	2	0	3	0	0	4	3	4	2	3	2	3	4	4	4	4	4	4	4	4	4	4	4	0	2	4	1	2	0	0	0	3	2	3	3	4	4	0	0	0	4	0	2	0	0
	art therapi	Art therapy	2	0	0	1	0	1	0	1	2	3	3	1	2	3	2	2	4	2	4	2	1	3	2	2	3	2	2	2	3	3	1	2	0	2	1	2	2	4	0	3	1	1	2	1	3	2	1	2
	art therapi	Pre Art Therapy	3	3	0	4	2	3	1	2	0	4	3	1	0	1	0	4	2	4	4	4	3	4	0	4	0	1	4	3	4	0	1	1	0	0	1	3	0	0	0	3	0	0	0	0	1	0	0	0
	art therapi	Art Therapy	2	0	0	0	0	0	1	0	3	3	1	0	0	1	0	0	2	2	4	1	2	3	2	2	3	3	4	4	4	3	2	3	0	1	1	2	3	1	0	2	2	2	1	3	0	1	0	1
	art therapi	Art Therapy 	1	2	1	0	0	1	0	1	3	3	2	3	1	3	1	1	1	3	4	4	4	2	4	4	3	4	4	2	4	3	4	3	1	0	2	1	1	1	2	2	0	0	0	0	1	2	0	0
	art therapi	Art Therapy	0	0	0	0	0	0	0	2	1	1	1	0	0	2	1	0	1	2	3	1	1	3	3	3	1	2	2	2	3	2	2	3	0	2	2	2	2	2	2	3	0	1	0	0	0	0	0	0
	art therapi	art therapies	1	1	0	0	0	0	1	1	2	2	3	1	1	4	2	3	2	2	1	2	3	2	1	2	3	3	2	3	2	2	3	2	1	1	2	2	1	3	2	3	2	0	1	2	0	2	0	2
	art therapi	Art Therapy	1	1	0	1	0	1	0	0	2	3	2	3	1	2	2	0	2	4	2	4	4	4	3	3	3	3	4	4	4	4	3	2	1	2	1	4	2	1	1	4	0	1	1	2	0	0	0	1
	art therapi	Art Therapy	1	1	0	0	0	2	0	2	3	3	3	2	2	3	2	3	1	2	4	1	3	3	3	4	2	2	4	1	3	2	2	3	0	1	1	1	1	0	1	2	0	0	0	1	0	0	0	0
	art therapi	Art Therapy	1	3	0	1	0	3	1	1	4	4	4	3	4	3	3	2	3	3	3	1	3	3	2	3	4	4	4	4	4	4	4	4	0	1	0	1	0	1	0	2	1	0	0	1	3	2	0	1
	art therapi	art therapy	0	0	0	2	0	0	0	0	0	3	0	0	0	0	0	0	0	2	1	0	2	0	0	0	0	0	0	0	0	0	0	0	0	0	2	0	2	0	0	0	0	1	0	0	0	0	0	0
	art therapi	art therapy	0	0	0	0	0	0	0	0	3	3	2	3	0	2	1	3	0	3	4	2	4	2	0	3	2	4	4	2	4	4	4	4	0	1	3	4	0	0	2	0	0	0	0	1	0	0	0	0
	art therapi	Art Therapy	1	3	0	2	0	2	1	2	3	2	0	2	0	0	0	0	2	2	4	3	1	4	2	4	3	3	4	4	4	2	3	2	1	1	2	4	1	0	3	0	1	2	1	2	0	2	2	0
	art therapi	art therapy 	3	3	1	2	0	3	2	2	3	3	4	3	3	3	1	2	1	1	4	3	4	3	0	4	4	4	4	1	4	4	4	3	0	1	0	1	1	1	0	3	0	1	0	1	0	1	0	0
	art therapi	art therapy	1	1	0	1	0	1	0	0	2	2	1	1	0	1	0	1	3	3	4	4	4	4	3	3	3	4	3	4	4	4	4	4	3	2	1	3	0	3	2	3	0	1	1	0	0	3	0	1
	art therapi	Art Therapy	2	0	0	0	0	0	1	2	2	3	2	1	1	1	2	1	1	3	3	2	1	3	3	3	2	2	1	3	3	1	2	2	0	1	2	3	1	2	3	3	0	1	0	0	1	2	0	0
	art therapi	Art Therapy	1	2	0	1	2	1	0	2	2	3	3	1	2	3	2	1	1	0	4	1	3	2	1	3	3	2	4	3	4	2	3	2	0	1	2	0	3	2	0	1	2	1	1	1	1	3	1	1
	art therapist	Art Therapist 	0	0	0	0	0	0	0	0	0	3	2	0	0	0	0	0	0	1	3	0	1	0	3	4	3	4	1	2	4	4	4	4	2	4	3	3	4	4	1	4	2	0	0	3	0	4	1	2
	art visuai	artes visuais	0	0	0	0	0	0	0	0	0	2	2	0	0	3	0	0	4	4	4	4	4	4	3	0	0	4	2	0	0	0	0	3	0	0	2	0	0	4	0	0	0	0	0	0	0	0	0	0
	art visuai	Artes Visuais	4	0	0	1	0	0	0	0	4	3	4	4	4	3	0	3	2	2	3	1	0	4	0	2	3	4	1	3	1	0	0	0	0	0	0	0	1	0	0	0	0	1	0	0	0	0	0	0
	artifici intellig	Artificial Intelligence	0	0	0	0	0	1	0	0	2	3	2	2	1	2	0	0	0	1	3	1	4	2	3	2	4	3	0	1	3	0	1	1	0	0	0	0	2	1	0	0	0	0	0	1	2	0	0	0
	artifici intellig engin	Artificial intelligences engineering	3	2	0	3	2	2	0	0	0	3	0	0	0	0	0	0	1	3	0	0	4	0	2	0	2	0	0	0	0	0	0	0	0	3	3	0	4	3	3	3	0	2	4	2	4	3	0	3
	artist	Artist	3	2	2	3	4	0	0	0	2	3	0	4	0	2	0	2	2	3	4	4	3	4	0	3	3	0	2	2	2	0	0	0	4	1	0	0	4	4	0	0	2	3	4	2	0	1	0	0
	artist	artist	4	0	0	0	0	0	0	0	2	0	0	3	0	1	2	0	0	0	0	0	0	3	4	0	2	0	3	3	1	2	2	2	1	0	3	3	4	4	1	3	1	0	0	2	0	0	0	3
	artist	artistic	0	2	1	1	1	1	3	2	3	4	4	4	4	4	4	3	2	3	4	2	3	4	1	3	4	1	3	2	3	1	4	3	3	1	3	2	2	2	0	2	1	3	1	2	2	3	0	1
	artist	artistic	3	0	0	0	0	0	1	0	0	0	1	0	0	0	0	0	3	4	4	4	2	3	0	3	1	1	0	2	2	2	1	0	2	3	4	3	4	3	2	3	0	0	0	3	0	0	0	1
	artist	artistic	1	0	1	1	1	0	1	0	1	1	0	1	1	1	0	0	3	2	2	4	3	4	4	2	3	2	3	1	3	3	3	2	2	1	1	1	3	1	2	1	1	2	2	2	1	1	1	2
	artist write	Artistic Writing	2	0	0	4	0	4	2	0	4	4	4	4	3	4	3	0	2	0	4	4	4	4	0	2	4	4	4	0	2	1	1	3	0	2	2	1	2	1	1	4	2	0	4	2	3	0	0	4
	asdfgh	ASDFGH	0	0	0	0	0	0	0	0	0	0	0	0	0	0	0	0	0	0	0	0	0	0	0	0	0	0	0	0	0	0	0	0	0	0	0	0	0	0	0	0	0	0	0	0	0	0	0	0
	asian	East Asian Studies	4	0	0	0	0	0	0	0	0	0	0	0	0	0	0	0	0	0	0	0	0	0	0	0	4	0	0	0	0	0	4	0	2	4	3	0	2	2	0	0	0	0	0	0	0	2	0	0
	asian	South Asian Studies	1	0	0	1	0	0	0	0	3	3	3	3	3	3	3	3	3	4	3	4	3	4	3	2	3	2	4	0	3	1	2	1	1	0	1	0	1	1	1	2	1	1	1	2	1	1	1	1
	asian	Asian Studies	0	0	0	0	0	0	0	0	0	3	1	1	0	2	0	3	0	0	1	1	4	0	3	0	4	4	2	0	1	3	3	0	1	0	1	0	2	0	0	1	0	0	0	0	2	1	1	0
	asian	asian studies	3	3	1	3	2	3	2	2	2	3	4	0	1	2	1	4	1	4	4	3	4	3	3	4	2	3	0	1	1	1	0	1	0	0	3	1	2	1	0	2	3	3	1	3	2	2	2	2
	asian	Asian Studies	2	1	0	3	0	0	0	0	2	3	3	3	2	2	2	2	1	3	3	2	4	0	0	2	3	3	3	1	3	2	2	1	1	1	2	1	3	1	3	1	2	1	1	1	1	1	1	0
	asian	East Asian Studies	0	0	0	0	0	0	0	0	1	3	1	1	0	1	0	0	2	4	4	3	4	2	4	4	4	2	4	4	4	4	4	4	1	0	1	0	0	0	0	0	0	0	0	0	0	0	0	0
	asian	asian studies	0	0	0	0	0	0	0	0	0	3	3	2	0	3	0	0	0	1	0	0	0	1	0	0	3	3	4	1	4	3	3	0	0	1	0	0	0	0	0	0	0	0	0	1	0	0	0	0
	asian	Asian studies	4	2	4	1	1	3	2	1	2	1	2	4	2	3	2	4	4	4	3	4	4	1	4	4	4	4	4	4	4	4	4	4	3	3	3	3	4	3	3	4	3	4	2	2	4	4	3	3
	asian	asian studies	0	1	0	0	0	1	0	0	4	4	4	4	2	3	0	2	4	3	0	3	4	4	0	2	4	4	3	2	3	2	2	1	0	1	0	0	0	0	0	1	0	1	0	0	0	1	0	0
	asian	Asian Studies	0	0	0	0	0	0	0	0	3	3	3	3	2	0	3	0	1	1	3	2	3	3	2	3	4	4	4	2	2	1	4	2	0	1	0	0	2	0	0	0	1	0	0	0	0	0	0	0
	asian	asian studies	2	1	1	1	1	2	1	1	3	3	1	3	1	1	0	2	1	2	2	3	4	2	3	2	4	2	1	2	3	1	3	2	3	0	2	1	2	1	0	2	1	1	2	1	1	1	1	1
	asian	Asian Studies	0	0	0	4	0	0	0	0	4	3	3	4	4	3	3	0	2	1	2	0	0	3	1	3	0	3	4	4	4	0	3	1	0	0	1	0	0	0	0	2	0	0	3	0	0	0	1	0
	asian	Asian studies 	0	0	0	0	0	0	0	0	4	4	4	4	4	4	4	4	4	0	4	4	3	4	0	0	4	3	3	4	4	4	4	3	0	0	0	0	3	1	0	3	0	0	4	0	0	0	0	0
	asian	South Asian Studies	3	2	1	2	0	1	0	1	4	4	3	4	3	3	3	3	3	2	3	2	4	4	3	1	3	3	2	3	2	3	3	0	0	1	2	3	3	1	0	0	1	1	2	3	3	2	0	2
	asian	Asian Studies	3	0	0	0	0	0	0	0	4	4	4	1	3	4	3	3	2	1	2	1	1	1	0	0	2	3	4	2	4	0	4	4	0	0	3	0	2	0	0	2	2	1	2	3	3	4	3	2
	asian	Asian studies	3	2	1	1	1	1	2	1	2	2	3	2	1	2	2	1	4	3	4	3	3	4	3	3	4	3	3	4	3	4	4	3	3	2	4	3	3	3	3	2	3	2	2	3	1	2	2	2
	asian	Asian Studies	3	2	0	3	1	2	2	1	2	2	3	2	2	3	3	1	2	0	3	3	3	3	0	1	2	3	2	3	3	1	3	2	0	3	1	0	3	2	2	3	1	3	3	2	3	2	2	2
	asian stui	Asian Stuies	2	2	1	2	1	2	1	1	3	3	3	1	2	3	2	2	0	1	2	3	3	3	1	3	0	3	1	2	1	3	2	1	0	0	1	0	2	1	0	0	2	2	1	2	1	2	1	0
	asl	ASL	0	0	0	0	0	0	0	0	0	2	2	0	1	4	0	3	2	3	2	3	4	4	0	4	2	4	3	0	4	2	3	2	1	0	1	1	0	1	0	2	1	1	0	0	0	0	0	0
	asl	ASL	0	0	0	0	0	0	0	0	2	0	0	0	0	0	0	0	2	0	3	4	1	1	0	1	3	1	3	2	3	4	3	3	2	0	2	3	2	2	3	0	1	1	1	2	0	0	2	0
	asl interpret	ASL Interpreting	0	1	0	0	0	0	1	2	1	0	0	0	0	0	0	0	3	1	2	2	1	3	2	0	4	3	4	2	4	3	3	3	1	1	1	3	2	2	4	1	1	3	0	2	2	1	2	1
	asl interpret	ASL Interpreting	0	0	0	0	0	0	0	0	2	3	3	3	1	2	0	2	1	3	3	4	4	3	1	3	3	0	3	3	3	3	3	2	0	2	1	1	1	2	1	2	1	2	1	1	1	1	1	0
	asl interpret	ASL Interpreting	0	0	0	0	0	0	0	0	0	3	2	0	0	0	0	0	4	4	3	4	2	4	4	4	3	3	2	2	3	3	3	3	0	0	0	0	3	0	0	3	2	0	0	0	0	0	0	0
	asl interpret	ASL Interpreting	0	0	0	0	0	2	0	0	3	3	3	0	3	3	4	0	0	0	0	0	0	3	0	3	4	4	4	0	4	4	4	3	0	0	0	0	4	0	0	0	3	0	3	4	4	4	2	3
	asl interpret	ASL Interpreter	0	1	0	2	0	1	1	1	3	4	3	1	2	4	2	4	1	2	2	1	3	2	4	2	2	4	3	3	4	3	3	3	2	1	4	3	3	1	1	2	3	4	3	3	3	2	2	3
	asl interpret	ASL Interpreting 	1	1	0	1	0	2	0	0	1	3	4	0	2	3	0	1	2	3	4	4	4	3	0	4	2	4	3	3	3	4	4	2	0	4	2	1	1	2	3	4	3	1	2	2	1	0	2	0
	asl interpret	ASL Interpreting	0	3	0	0	0	2	0	0	3	4	3	2	3	4	3	0	2	0	0	2	0	3	0	2	4	4	3	2	4	4	4	3	0	2	2	1	4	0	0	0	3	2	4	4	3	3	3	0
	asn current	A.A.S/ A.S.N(Current)	3	0	0	3	0	2	1	0	4	3	3	4	3	3	3	2	1	1	1	0	1	0	0	1	3	3	4	2	4	2	2	2	1	2	1	1	3	1	1	1	2	2	3	2	3	3	2	2
	ass hvac	ASS. in HVAC	4	4	3	4	4	4	4	4	0	2	2	0	0	0	0	0	0	0	0	0	0	0	2	0	3	2	3	2	3	4	0	2	0	0	0	0	3	0	3	3	0	0	0	0	0	0	0	0
	assciat	Assciate Degree	2	0	0	0	0	0	0	0	4	3	0	4	1	0	2	0	0	0	0	0	0	0	0	0	4	2	1	2	2	1	0	2	0	0	0	0	3	0	0	0	1	2	1	2	2	2	0	2
	assisoc	Assisocate Degree	2	1	3	0	2	1	1	0	3	2	2	2	3	1	1	2	2	2	2	2	2	2	2	1	3	2	2	2	2	2	4	1	2	3	1	3	2	2	2	2	3	3	2	2	1	3	2	2
	assist surgeon	Assistant surgeon 	3	1	0	1	0	3	0	0	4	3	3	2	3	3	3	0	0	0	3	0	1	0	0	1	1	2	1	3	1	1	3	0	0	2	0	0	1	0	0	0	1	1	0	0	0	3	0	0
	assoc art	assoc. of arts	3	1	0	0	0	0	0	1	3	3	3	0	0	2	2	0	4	3	3	4	4	4	3	4	4	4	4	3	4	3	1	3	0	1	2	1	4	3	2	0	0	0	0	1	0	0	0	1
	assort	Assorted 	0	1	0	0	0	0	0	0	4	4	4	4	4	2	3	4	3	4	0	4	4	3	0	4	3	4	4	3	2	1	2	4	0	1	2	0	4	0	0	1	4	4	0	3	4	2	0	2
	asssosi	Asssosiate Degree	2	3	1	3	3	2	0	0	3	1	3	2	1	1	0	0	2	0	3	1	1	3	0	0	3	1	3	1	3	2	0	0	3	2	0	2	3	0	0	0	3	2	1	3	0	1	0	0
	assyriolog	assyriology	2	3	3	1	1	2	1	3	4	4	4	2	3	4	2	3	3	2	3	4	3	2	2	2	1	3	3	3	1	1	2	3	0	1	1	3	0	1	1	3	1	3	1	1	3	2	2	2
	astro psysic	Astro Psysics	3	0	0	4	0	0	0	0	3	0	4	4	4	2	4	4	4	4	4	4	4	4	4	4	0	1	2	0	3	0	0	0	1	0	0	0	3	4	3	0	0	0	0	2	4	4	3	0
	astrolog	Astrology	3	2	0	4	1	1	3	1	3	3	4	3	4	4	4	4	2	1	2	2	0	2	0	0	0	3	3	0	3	3	3	3	0	0	0	0	1	0	0	4	0	1	1	0	3	3	0	0
	astrologia	Astrologia 	3	0	4	4	2	3	1	3	3	1	2	2	0	0	0	0	0	0	0	4	3	4	3	4	3	2	0	4	4	3	0	3	0	1	0	0	3	4	2	4	0	2	0	0	0	0	3	0
	athlet	athletics	0	0	0	0	0	0	0	0	3	2	0	3	0	2	1	0	0	0	0	0	0	0	0	0	0	2	1	3	2	2	0	2	0	0	0	0	0	0	0	0	0	0	0	0	0	0	0	0
	athlet	athletics	2	2	2	2	3	2	2	3	0	2	2	2	3	2	2	2	1	2	1	2	1	2	4	1	2	2	2	3	1	2	2	1	2	2	2	2	3	2	3	1	2	2	2	3	2	2	2	2
	athlet	athletics 	2	0	0	4	0	0	3	0	0	4	4	4	0	4	4	0	0	0	0	0	0	0	4	0	2	0	0	4	4	2	4	0	4	2	4	4	0	3	3	4	0	4	4	0	0	2	0	0
	athlet therapi	Athletic Therapy 	2	2	1	1	1	0	0	2	4	4	4	4	4	3	4	2	2	2	2	2	2	2	3	2	2	3	2	4	1	3	1	2	1	0	1	1	1	1	1	1	1	1	0	0	2	2	1	0
	athlet train	Athletic Training	4	3	2	1	2	2	2	2	3	3	1	3	0	2	1	2	2	0	1	0	0	1	0	0	3	2	0	3	1	1	0	0	0	0	2	0	3	0	2	0	0	0	1	0	3	1	0	0
	athlet train	Athletic Training	0	0	0	0	0	0	0	0	4	0	0	4	0	0	0	0	0	0	0	0	0	0	0	0	1	2	3	4	3	0	0	0	0	0	0	2	0	0	0	0	0	0	0	3	0	0	0	0
	athlet train	Athletic Training	4	4	4	0	0	1	1	3	4	3	2	3	2	2	2	2	0	1	0	0	0	0	2	0	1	2	2	4	0	0	0	0	0	0	0	0	0	0	0	0	0	1	0	1	0	0	0	0
	athlet train	athletic training	2	3	4	0	4	2	2	4	4	0	0	2	1	0	0	1	0	0	0	0	0	0	4	0	1	0	3	4	4	0	2	2	1	0	3	3	4	0	3	0	1	0	0	3	0	3	2	4
	athlet train	athletic training	4	2	2	0	2	0	2	2	4	2	2	0	2	0	0	0	2	2	4	4	2	4	4	2	4	4	4	4	4	4	4	2	2	4	2	4	4	4	4	0	2	2	2	2	0	0	2	2
	athlet train	Athletic Training	2	2	0	3	1	3	2	1	2	3	1	3	3	2	2	2	1	2	3	1	1	1	4	3	3	3	3	3	2	3	3	2	3	3	2	2	3	3	2	3	1	3	3	2	1	3	2	1
	athlet train	athletic training	2	3	0	3	0	1	1	0	4	2	1	4	3	2	3	1	0	0	0	4	4	3	1	2	2	4	3	4	4	4	0	2	0	1	0	3	0	0	0	1	0	2	2	2	1	4	0	0
	athlet train	athletic training	1	0	0	1	1	0	1	1	4	3	2	3	3	2	2	1	4	4	2	3	3	4	2	2	3	4	3	3	4	3	4	4	2	2	2	4	2	3	2	2	1	1	1	3	0	2	1	2
	athlet train	Athletic training	4	2	0	2	0	2	0	0	4	4	4	4	3	3	3	0	0	0	0	2	0	4	1	3	3	4	4	4	3	4	3	3	0	0	0	0	0	0	0	0	0	0	0	1	0	0	0	0
	athlet train	Athletic Training	3	3	0	3	2	3	3	3	3	2	2	2	2	1	2	1	2	2	1	1	2	2	1	2	3	1	3	2	2	1	0	1	0	0	2	1	3	2	1	1	3	2	1	3	3	3	3	3
	athlet train	Athletic Training	3	1	0	0	0	1	1	0	4	4	2	4	2	2	1	0	0	0	2	0	2	1	0	0	3	3	3	4	4	3	3	3	1	2	0	1	1	0	0	3	1	3	2	2	0	2	0	0
	athlet train	Athletic Training	0	0	0	1	0	2	1	2	4	0	1	3	2	0	1	0	1	1	1	3	3	2	0	2	2	3	2	3	3	2	2	2	0	1	2	1	1	0	0	0	2	2	2	2	1	1	2	3
	athlet train	Athletic Training	1	1	1	1	1	1	1	1	4	3	3	3	3	3	3	1	1	0	1	3	1	3	3	1	3	3	3	4	3	4	3	3	0	1	1	1	1	1	1	1	0	1	1	3	1	1	1	1
	athlet train	Athletic Training 	2	3	1	2	1	3	3	3	4	0	0	3	2	0	3	0	0	0	0	0	0	1	3	0	0	4	0	4	0	4	0	3	0	1	1	4	2	2	0	2	1	3	2	1	1	2	0	1
	athlet train	athletic training	0	0	0	0	0	0	0	0	4	1	0	3	0	0	0	0	1	1	0	0	2	3	0	0	0	3	2	2	3	2	2	2	0	0	0	1	0	0	0	0	0	0	0	0	0	0	0	0
	athlet train	athletic training	0	0	0	0	0	0	0	0	4	2	0	3	0	0	1	0	0	0	0	0	0	0	0	0	1	1	2	4	1	0	0	0	0	0	0	2	0	0	0	0	0	0	0	0	0	0	0	0
	athlet train	Athletic training	0	1	0	0	0	1	0	2	4	1	2	3	3	2	3	1	2	1	3	0	3	2	2	2	3	3	2	4	2	1	1	2	0	1	1	1	1	1	2	1	0	1	1	1	1	2	0	1
	athlet train	Athletic Training	0	0	0	0	0	0	0	0	4	0	0	1	0	0	0	0	0	2	1	0	1	1	0	0	4	3	2	4	3	2	2	2	0	1	2	1	4	2	2	2	3	1	3	3	2	2	2	0
	athlet train	Athletic Training	0	0	0	0	0	0	0	0	4	3	3	0	0	3	0	1	0	0	3	3	1	3	0	3	3	4	3	3	4	4	4	3	0	0	1	1	1	1	0	1	0	0	0	0	0	0	0	0
	athlet train	athletic training 	3	0	2	0	1	0	0	0	4	0	0	3	4	0	0	0	0	0	0	4	0	0	4	0	3	2	2	4	1	0	0	3	0	1	1	2	3	2	1	0	1	0	0	3	1	0	1	0
	athlet train	Athletic Training	3	0	0	2	1	1	2	0	2	2	2	3	2	2	2	0	2	2	2	0	0	2	1	0	4	3	4	4	4	3	3	4	2	0	1	2	2	1	1	2	1	2	1	2	1	2	0	4
	athlet train	Athletic Training	2	1	0	1	0	2	1	0	4	4	2	4	2	2	1	0	0	0	3	0	0	1	1	2	4	3	2	4	4	3	3	2	0	1	0	0	2	1	0	3	1	2	0	2	2	1	0	0
	athlet train	athletic training	2	4	2	1	2	2	2	4	4	2	3	4	3	3	4	3	1	2	3	2	1	4	1	2	4	4	4	4	4	2	2	3	1	3	2	2	3	2	3	2	1	2	2	2	1	2	2	2
	athlet train	athletic training 	2	0	0	2	0	0	0	0	2	0	2	4	2	2	4	0	2	0	0	0	0	0	2	0	4	4	4	4	4	4	4	4	0	2	2	2	2	2	4	4	0	2	2	2	0	2	4	4
	athlet train	Athletic Training	0	0	0	0	0	0	0	0	4	3	1	4	2	2	3	0	3	0	1	2	0	2	0	0	3	3	3	4	3	3	3	3	0	2	0	2	1	2	0	2	2	2	1	1	0	2	1	1
	athlet train	Athletic Training	2	0	0	2	1	0	2	0	3	3	2	3	2	2	2	0	1	2	2	0	0	1	2	0	4	3	4	4	4	2	3	4	2	0	1	2	2	0	2	2	2	3	1	3	2	2	2	3
	athlet train	Athletic Training	1	1	0	1	1	1	1	2	3	3	3	2	2	2	2	3	1	2	3	2	2	2	1	3	3	3	2	2	1	2	2	2	0	1	1	1	3	2	2	3	2	1	2	2	2	3	1	1
	athlet train	Athletic Training 	4	1	0	4	1	2	1	3	4	4	4	4	4	4	4	4	3	4	3	2	3	4	1	2	2	4	4	3	4	2	4	3	0	0	3	1	4	1	3	1	1	0	2	1	4	4	3	2
	athlet train	Athletic Training	0	0	0	0	0	0	0	0	4	4	4	4	4	4	4	0	0	0	0	0	0	0	0	0	2	4	4	3	3	4	4	4	0	0	0	0	0	0	0	0	0	0	0	0	0	3	0	0
	athlet train	Athletic Training	0	0	0	1	0	0	0	0	4	4	2	4	3	4	3	3	0	0	1	0	1	3	3	1	0	3	0	4	0	3	2	1	1	2	0	2	3	2	1	4	1	0	2	1	1	1	1	1
	athlet train	Athletic Training	1	0	0	1	0	0	0	0	4	4	4	4	4	4	4	3	0	1	1	1	1	3	1	0	0	3	3	3	3	3	1	3	3	4	1	1	1	3	0	1	2	3	0	3	3	3	0	3
	athlet train	Athletic Training	0	0	0	0	0	0	0	0	1	3	2	0	0	2	0	1	2	4	2	3	4	2	0	4	3	3	2	2	3	4	4	1	0	2	0	2	0	0	0	3	0	0	0	0	0	0	0	0
	athlet train	athletic training	0	0	0	0	0	0	0	0	2	2	1	0	0	0	2	0	0	0	0	2	0	0	0	0	2	0	2	4	2	0	0	0	0	0	0	0	0	2	3	0	0	0	0	0	0	0	0	0
	athlet train	Athletic Training	2	1	0	1	0	0	0	0	4	4	4	4	3	3	3	1	0	1	3	0	1	1	2	1	1	4	3	3	2	3	1	2	0	3	1	2	1	3	0	1	2	3	2	1	1	3	0	0
	athlet train	Athletic Training	2	4	2	0	4	2	0	0	2	4	2	2	4	2	0	4	2	4	2	2	4	2	4	2	2	4	2	2	2	2	4	2	2	4	2	2	2	4	4	2	4	4	2	4	2	0	2	2
	athlet train	athletic training	1	1	1	1	0	1	0	2	4	1	1	0	1	1	1	0	0	1	1	0	2	1	2	1	2	3	3	4	3	3	4	2	0	0	1	1	1	1	1	2	1	1	1	2	1	1	1	3
	athlet train	athletic training 	0	0	0	0	0	0	0	0	2	2	2	4	2	2	2	0	0	0	0	0	0	0	0	0	4	4	4	4	4	4	4	4	0	4	2	2	2	2	2	4	2	4	2	2	0	4	2	2
	athlet train	athletic training	2	3	3	0	0	3	0	3	4	3	3	3	3	3	3	2	1	0	0	2	3	3	3	1	1	4	3	4	2	4	1	3	1	1	1	2	0	1	0	1	0	1	1	0	0	0	0	0
	athlet train	Athletic Training	0	0	0	0	0	0	0	0	4	3	2	3	2	2	3	3	1	0	1	1	0	3	4	0	2	0	3	4	3	0	1	4	0	0	0	0	0	0	4	0	0	0	0	0	0	0	0	0
	athlet train	Athletic Training	1	0	0	0	0	0	1	0	4	0	0	4	0	0	1	0	0	2	3	4	4	3	0	2	3	4	3	4	4	3	3	4	0	2	0	0	0	0	0	0	0	0	0	0	0	2	0	0
	athlet train	Athletic Training	2	2	1	3	1	2	1	1	3	3	2	2	2	1	1	1	1	1	0	2	0	0	3	0	3	0	4	4	4	3	0	4	3	1	1	2	2	3	1	1	3	0	0	2	2	3	1	0
	athlet train	athletic training	1	2	0	2	0	0	0	1	4	2	2	4	2	2	3	0	0	0	0	0	0	1	1	1	2	4	2	4	1	3	2	4	0	2	0	0	0	1	0	0	2	1	2	2	2	2	1	1
	athlet train	Athletic Training	0	0	0	0	0	0	0	0	4	3	1	2	0	0	0	0	0	0	0	2	0	0	0	0	0	2	0	0	0	2	0	2	0	0	0	0	0	0	2	0	0	0	0	0	0	0	0	0
	athlet train	Athletic Training	0	2	0	0	0	3	1	0	3	3	2	3	2	2	0	1	0	0	1	3	3	2	4	0	4	4	3	4	3	3	3	3	1	1	0	1	2	1	2	2	1	0	0	1	2	1	0	1
	athlet train	Athletic Training	2	1	0	1	0	0	1	0	3	1	0	2	2	0	1	0	3	1	0	0	1	3	0	1	3	3	4	1	3	3	2	0	1	0	1	1	2	1	0	1	2	3	2	2	2	1	1	2
	athlet train	athletic training	2	0	4	2	0	2	0	2	4	2	0	4	0	4	0	0	2	0	0	2	0	4	4	0	4	2	4	4	4	4	0	2	0	2	2	2	2	0	0	0	2	0	2	0	0	2	0	0
	athlet train	Athletic Training	2	2	1	2	1	3	2	2	3	3	4	3	3	3	3	4	1	1	3	2	1	2	2	3	3	3	3	1	3	0	0	2	2	2	3	1	2	1	2	2	1	2	1	1	1	1	1	1
	athlet train	Athletic Training	2	0	1	1	0	0	0	0	4	4	4	4	4	4	2	3	4	4	3	4	4	4	2	3	4	4	4	3	4	4	4	3	2	1	3	3	2	2	4	2	1	1	1	2	1	1	2	1
	athlet train	Athletic Training	0	2	1	1	0	1	0	0	3	3	1	3	2	2	2	0	0	0	0	1	0	0	0	0	2	1	3	4	1	3	0	3	1	1	1	0	1	0	1	1	1	1	1	1	1	1	2	0
	athlet train	Athletic training	3	0	0	0	0	0	0	0	4	0	0	3	3	1	3	0	2	0	0	1	1	3	0	0	1	3	4	4	2	3	2	2	1	2	0	2	1	1	0	0	0	0	0	1	2	0	0	1
	athlet train	Athletic training 	3	3	2	2	2	2	2	2	4	3	3	3	2	2	2	3	2	2	2	3	2	2	2	3	3	3	3	3	3	3	3	2	2	2	2	2	2	2	3	2	2	2	2	3	2	2	2	3
	athlet train	athletic training	2	2	2	2	2	2	2	2	2	2	2	2	2	2	2	2	2	2	2	2	2	2	2	2	2	2	2	2	2	2	2	2	2	2	2	2	2	2	2	2	2	2	2	2	2	2	2	2
	athlet train	athletic training	2	1	0	0	0	1	2	3	4	2	3	4	3	3	3	1	2	2	4	0	1	3	2	4	3	3	3	4	4	4	2	3	2	2	2	2	2	3	3	3	1	2	0	2	1	3	2	2
	athlet trainer	Athletic Trainer	1	2	0	2	0	3	0	3	3	3	3	0	0	3	0	0	0	0	0	0	0	0	1	0	0	3	2	2	2	3	3	3	0	0	0	1	0	0	0	0	0	0	0	0	0	2	0	0
	athlet trainor	athletic trainor?	0	0	0	0	0	0	0	0	4	2	2	4	2	0	2	0	2	2	0	4	0	4	0	0	4	2	0	4	4	2	2	2	2	2	0	2	0	0	0	0	0	0	0	0	0	0	0	0
	athlet trane	Athletic Traning	0	0	0	0	0	0	0	0	4	4	4	4	0	4	0	0	0	0	2	4	4	0	2	4	4	4	4	4	4	4	4	4	0	4	0	2	0	2	4	0	2	0	0	4	2	2	0	2
	athletictrain	AthleticTraining	0	0	0	0	0	0	0	0	0	0	0	1	0	0	0	0	0	3	1	1	0	0	1	1	4	3	4	4	4	3	1	2	2	2	2	3	3	3	4	3	0	0	1	2	2	1	2	1
	attend	Have not attended university.	3	0	0	1	0	0	0	0	4	3	4	1	3	4	3	3	0	0	1	0	0	0	0	0	2	2	0	0	2	0	2	3	1	0	0	0	0	0	0	0	0	0	0	0	1	2	0	2
	attend	have not attended	1	0	1	3	1	1	2	1	2	3	3	2	1	2	2	1	1	0	2	2	0	1	2	1	1	2	2	1	1	1	1	2	1	2	1	1	1	1	1	3	1	3	3	1	3	3	1	2
	attend	have not attended college yet 	0	0	0	0	0	0	0	0	0	0	0	0	0	0	0	0	0	4	0	4	4	2	0	3	4	2	0	0	0	2	0	0	0	0	0	0	0	0	0	0	0	0	0	0	0	0	0	0
	attend	have attended no university	1	0	0	0	0	0	0	0	1	4	4	1	1	4	1	0	2	3	0	2	2	1	2	3	3	4	0	1	3	4	2	1	2	2	2	2	2	4	4	2	1	0	0	1	1	1	0	1
	attend	i have not attended university as yet	2	0	1	0	0	0	0	0	2	3	1	0	0	4	0	2	0	0	0	0	0	1	0	0	0	4	4	0	1	2	0	2	0	0	1	0	0	1	3	0	0	0	0	0	0	0	0	0
	attend	No university attended.	1	1	0	4	0	0	0	0	2	3	3	4	3	3	3	4	3	3	2	1	3	3	2	3	1	3	2	0	0	0	0	1	0	1	0	0	2	0	0	0	0	0	0	0	3	3	0	0
	attend	have not attended a university	2	0	0	2	0	0	0	0	0	3	0	3	3	0	3	1	0	3	0	1	1	0	2	3	4	0	1	0	3	2	2	1	2	1	0	0	2	3	2	0	4	3	1	2	2	0	2	0
	attend	Have Not Attended	1	0	0	0	0	0	0	0	3	2	3	3	3	4	3	2	4	4	2	4	4	4	1	2	2	4	4	2	4	4	4	4	2	2	4	2	2	3	1	3	1	1	1	2	1	4	0	1
	attend	Have not attended college yet	3	0	0	3	0	2	1	0	0	4	2	0	1	2	1	0	0	2	3	2	3	2	3	3	2	3	0	0	1	3	0	1	2	4	1	3	3	4	2	4	1	1	1	2	2	1	0	4
	attend	Have not attended a university yet.	3	1	0	2	0	2	3	1	3	2	2	2	2	2	3	2	0	1	3	0	0	1	1	2	2	3	2	1	2	2	3	3	1	1	2	1	2	2	1	2	3	3	3	3	2	2	2	3
	attend	not attended	1	0	0	0	0	0	0	0	0	0	1	0	0	0	0	0	0	0	3	2	2	0	0	2	2	2	1	0	2	0	0	1	0	0	0	2	0	1	0	0	0	0	0	0	0	0	0	0
	attend	I have not attended a university	2	4	2	3	3	3	3	3	3	3	3	2	4	4	3	2	1	1	2	3	2	1	4	4	2	4	1	2	3	4	3	3	3	3	3	1	4	0	4	4	2	2	2	3	2	3	1	1
	attend	not attended	2	0	0	0	0	0	0	0	0	2	2	0	0	0	0	0	0	2	4	2	3	0	0	2	2	3	2	0	3	0	0	2	0	0	0	2	0	2	1	0	0	0	0	0	0	0	0	0
	attend	None, I have not attended a university yet. 	0	0	0	0	1	0	0	0	4	3	3	4	4	3	2	3	3	3	1	1	2	3	0	1	4	4	4	0	4	3	1	4	2	4	4	2	4	3	3	0	1	3	3	3	1	4	2	0
	attend	Not attended	3	0	0	0	1	1	0	0	1	4	3	0	1	3	0	1	3	4	4	4	4	4	2	4	0	3	1	1	4	4	3	0	3	2	1	0	0	1	1	1	1	4	3	3	2	1	3	3
	attend	i have not attended university yet	2	1	0	0	0	0	0	0	4	3	3	3	2	3	3	4	1	2	4	2	2	1	3	2	0	1	2	1	2	1	2	2	0	0	1	2	0	0	2	0	0	0	0	0	0	0	1	0
	attend	Have not attended yet	3	2	0	3	2	1	2	3	0	3	0	0	0	1	0	1	0	0	3	2	0	2	3	0	0	2	2	3	0	1	4	0	1	3	2	3	0	4	1	3	0	1	0	1	0	2	0	1
	attend	have not attended	4	0	0	3	0	0	0	0	3	2	2	1	1	2	1	1	1	3	4	3	4	4	0	3	2	4	3	2	4	3	4	4	0	3	2	2	2	3	2	3	0	3	3	1	1	1	1	0
	attend	i have not attended	3	0	0	3	0	3	4	0	3	1	2	1	1	1	0	4	0	4	0	0	1	0	1	4	4	4	4	4	2	4	4	4	0	2	1	0	4	2	3	1	2	1	4	2	4	4	4	3
	attend	have not yet attended a university	0	0	0	0	0	0	0	0	2	2	2	0	0	0	2	0	3	2	0	2	4	0	0	0	0	4	2	0	3	0	2	2	0	0	0	0	0	0	0	0	0	0	0	0	0	2	0	0
	attend	not yet attended	2	2	4	3	3	3	3	1	3	3	3	2	3	4	3	3	1	1	1	1	1	1	1	1	3	2	4	3	3	2	2	2	3	3	2	1	2	2	2	1	3	3	3	2	3	3	1	1
	attend colleg	attended 3 colleges	4	4	4	4	2	4	4	4	4	4	4	4	4	4	4	4	4	4	4	2	4	2	4	4	4	4	4	4	4	4	4	4	4	4	4	2	4	4	4	4	4	4	4	4	4	4	4	4
	attendingnot	attending...not sure	1	0	0	4	0	1	1	0	1	0	0	1	0	0	0	0	0	0	0	1	0	1	0	0	1	2	1	1	0	1	1	0	1	0	1	0	2	0	1	0	1	1	1	0	1	1	0	0
	attent	Not yet attented	2	0	0	0	0	0	2	1	4	4	3	4	4	2	1	2	0	3	3	0	0	1	2	3	4	4	4	3	3	2	4	3	4	0	2	0	3	0	0	0	1	0	0	0	0	0	0	2
	atttend ctu bsba cont	currently atttending CTU for BSBA Cont. in He	4	0	0	0	0	0	0	0	4	2	2	4	2	2	2	0	2	2	0	4	2	2	0	2	4	4	4	0	4	4	4	4	0	0	4	2	4	2	2	2	4	2	4	4	2	2	2	4
	audio	Audio	3	0	0	1	0	0	0	0	4	0	0	0	0	0	0	0	0	2	2	3	2	2	0	3	2	2	1	0	0	0	0	1	2	2	3	3	2	1	0	0	2	3	2	1	0	0	1	1
	audio	Audio	0	0	0	0	0	0	0	0	0	1	1	2	0	1	1	1	2	2	3	4	2	4	2	2	1	2	0	1	0	2	1	0	3	2	2	0	2	2	3	2	0	0	0	0	0	0	1	0
	audio	Audio	2	1	0	1	0	0	1	0	2	2	3	1	0	0	0	0	4	4	2	4	4	4	3	4	3	3	3	3	3	3	3	3	1	3	2	2	2	2	2	3	1	3	1	1	1	2	1	1
	audio	audio	2	2	0	3	0	2	2	2	3	4	4	3	4	4	3	4	1	0	2	3	2	4	1	2	0	2	1	2	1	3	3	1	0	0	1	0	1	0	0	2	0	0	1	2	4	3	0	1
	audio engin	Audio Engineering	2	1	1	3	0	1	3	1	1	3	3	0	3	3	3	1	4	3	3	4	4	4	4	3	3	2	1	1	1	3	1	0	1	3	3	1	3	3	3	1	1	3	3	1	1	3	1	1
	audio engin	audio engineering	2	0	1	1	1	0	1	0	3	3	3	3	1	3	1	2	4	3	3	4	3	4	3	3	4	3	3	4	3	3	3	2	2	1	2	1	2	2	1	2	1	1	1	1	1	1	1	1
	audio engin	Audio Engineering	3	1	0	3	1	1	1	0	4	4	3	3	3	2	2	2	2	2	4	4	2	4	2	3	3	3	2	0	3	3	1	3	2	3	3	1	3	3	1	3	0	0	3	1	1	2	1	2
	audio engin	Audio Engineering	3	3	0	3	3	3	3	3	4	4	3	1	2	3	3	0	4	4	4	4	4	4	4	3	4	2	0	3	3	4	4	3	2	1	3	0	3	2	1	4	3	3	0	2	1	1	0	1
	audio engin	Audio Engineering 	2	1	0	1	1	2	1	2	2	1	0	1	1	0	0	0	4	2	3	4	2	4	2	2	3	2	0	2	1	1	2	0	2	0	1	2	1	0	2	0	0	1	0	1	0	0	1	1
	audio engin	Audio Engineering	3	2	0	3	0	2	0	3	2	0	0	0	0	0	0	0	4	4	4	4	3	4	3	4	3	0	2	1	0	0	1	0	0	1	0	2	2	0	1	0	2	1	1	3	2	2	1	2
	audio engin	Audio Engineering	0	0	0	0	0	0	0	0	2	3	1	0	0	0	0	0	2	3	2	3	3	3	0	0	3	2	3	2	3	2	2	0	1	1	1	2	0	1	0	0	0	1	0	0	0	0	0	0
	audio engin	audio engineering	4	4	2	4	0	4	2	4	4	4	4	4	4	4	4	4	4	4	2	4	4	4	4	4	4	4	2	4	4	4	4	2	0	0	0	4	4	0	4	4	2	0	0	3	3	4	2	0
	audio engin	Audio engineering	0	0	0	3	0	0	1	0	3	3	2	4	4	2	4	3	4	3	3	4	4	4	3	2	4	2	3	2	4	3	4	0	0	3	1	2	2	2	2	2	0	0	0	0	3	1	0	0
	audio engin	Audio Engineering	1	0	0	3	0	2	0	0	4	3	3	1	3	3	3	3	1	1	3	3	3	4	3	3	1	3	1	0	1	3	1	1	0	0	0	1	0	1	0	2	0	0	0	0	0	0	0	0
	audio engin	Audio Engineering	2	1	2	3	0	2	2	1	1	3	3	0	2	3	1	3	3	3	3	4	4	4	0	2	3	3	1	1	0	1	3	2	0	0	1	0	0	0	0	0	2	3	1	2	3	2	2	2
	audio engin	Audio Engineering	2	1	1	3	0	1	2	1	1	3	2	2	2	2	2	2	3	4	3	4	4	4	4	3	2	3	2	3	3	3	3	2	2	2	2	1	2	2	1	2	1	4	2	1	2	1	1	2
	audio engin	Audio Engineering	3	4	0	4	2	3	3	3	4	4	4	4	3	3	3	3	2	4	3	4	4	4	4	4	1	1	0	4	2	3	1	1	3	1	1	4	2	2	3	1	2	1	2	2	0	3	1	0
	audio engin	Audio Engineering	2	2	1	0	0	0	0	0	1	0	2	0	0	0	0	0	0	0	4	3	0	2	3	2	0	0	0	0	2	0	0	0	2	3	0	0	0	3	0	0	0	1	0	0	0	0	0	2
	audio engin	Audio Engineer	1	2	1	4	2	2	2	2	2	1	1	2	2	1	2	2	1	1	0	2	1	2	2	1	3	3	1	3	1	1	1	1	1	1	2	1	2	1	1	1	1	2	2	1	2	2	2	1
	audio engin	Audio engineering	2	2	0	2	2	4	2	3	2	0	0	3	2	0	2	0	4	3	4	4	4	4	4	3	3	1	2	3	4	2	3	2	4	4	2	4	4	4	4	4	3	2	2	0	4	2	4	0
	audio engin	Audio Engineering	2	0	0	0	0	0	0	0	4	4	4	0	0	4	0	4	1	4	4	3	2	4	1	1	1	4	0	0	0	2	0	0	0	4	1	2	0	4	0	0	0	0	0	0	0	0	0	0
	audio engin	Audio Engineering 	4	0	0	1	0	0	0	0	4	3	3	0	1	1	0	3	2	4	4	4	3	3	2	3	1	4	0	1	0	2	0	0	4	3	0	0	0	3	0	0	0	1	0	0	1	2	0	0
	audio engin	Audio Engineering / applied science	2	2	2	2	2	2	2	2	3	2	3	2	3	3	3	3	3	3	3	3	3	4	4	3	2	3	3	2	2	3	3	2	1	1	2	2	2	2	2	3	0	2	0	0	0	2	1	1
	audio engin	audio engineer	1	0	0	2	0	0	2	0	0	0	1	0	0	2	0	0	3	3	3	4	3	4	0	3	2	2	2	2	2	2	2	3	1	1	1	2	0	3	0	1	2	3	0	1	0	1	0	1
	audio engin	Audio Engineering	0	0	0	2	0	0	0	1	1	3	0	1	0	3	0	1	1	3	4	4	3	4	3	4	3	4	4	3	3	4	4	3	0	3	3	4	1	3	2	3	0	2	2	1	0	0	1	1
	audio engin	Audio Engineering	1	0	1	1	0	0	0	0	0	1	1	0	0	0	0	0	0	1	1	3	1	4	4	3	0	0	0	0	0	0	0	0	0	0	0	0	0	0	0	0	0	1	0	0	0	0	0	0
	audio engin	Audio engineering	1	1	1	3	0	3	1	0	1	1	1	0	0	0	3	1	3	3	3	4	4	4	4	4	3	3	3	3	4	3	3	3	1	1	1	0	0	4	3	3	1	3	0	0	0	0	0	3
	audio product	Audio Production	4	4	0	4	0	0	0	0	0	0	0	0	0	0	0	0	4	0	4	4	0	4	0	4	0	4	0	0	0	4	4	4	0	4	0	0	0	0	0	0	4	4	4	4	4	4	0	4
	audio video product	Audio/Video Production	2	3	0	3	2	3	3	3	1	3	1	1	0	1	1	1	2	4	4	4	4	2	3	4	4	2	3	3	4	3	3	2	3	3	3	1	3	3	3	3	2	3	3	2	2	3	2	3
	audio video product	Audio Video Production	3	2	1	1	2	3	3	2	1	2	1	1	1	2	2	0	1	2	1	2	2	2	1	1	1	1	1	1	1	2	1	2	3	3	3	1	3	3	1	4	3	3	3	3	3	3	3	3
	audio video product	Audio and Video Production	1	1	0	3	2	3	2	0	1	3	2	1	0	1	2	2	2	3	2	4	3	4	3	3	1	4	2	3	2	1	2	2	0	0	3	0	1	0	0	0	1	1	0	0	0	2	1	1
	audio video product	Audio-Video Production	1	0	0	2	1	1	1	0	2	3	2	2	2	1	2	1	3	3	3	4	4	4	1	2	3	2	2	2	3	3	2	2	1	1	1	0	0	0	0	1	2	2	2	2	2	3	2	2
	audio video product	Audio/Video Production	3	0	0	1	0	0	0	0	0	2	2	0	0	2	0	0	4	4	3	4	4	4	3	3	3	1	1	0	3	2	1	2	0	0	3	0	0	1	3	0	0	0	0	0	0	0	0	0
	audiovisu	audiovisual 	0	0	0	0	0	1	0	0	4	1	0	4	3	2	4	0	4	4	3	4	4	4	4	4	4	4	4	2	4	3	1	2	2	2	4	4	2	4	0	4	0	1	0	0	0	0	0	0
	audiovisu	Audiovisual	4	0	0	0	1	2	1	0	2	0	0	0	0	1	0	0	0	2	4	0	2	2	3	4	1	0	1	1	0	0	1	1	0	0	1	0	3	2	0	0	0	0	1	4	0	0	1	4
	audiovisu product	Audiovisual Production	2	2	0	2	0	3	1	2	2	3	1	0	1	1	0	2	1	4	4	3	4	2	4	4	3	4	3	4	3	3	4	1	2	2	3	2	2	3	2	3	0	4	1	2	2	2	1	2
	audit	audit	2	2	2	2	2	3	3	3	3	2	3	3	3	2	2	2	2	2	2	2	2	1	3	1	2	3	2	2	3	2	2	2	2	3	2	2	2	2	1	3	3	2	1	3	2	2	2	2
	auto	Auto 	2	4	2	4	4	4	4	4	1	1	0	1	1	0	0	2	0	1	0	3	0	0	4	0	2	1	0	4	0	0	0	2	1	3	2	0	0	0	4	0	3	2	0	0	0	0	2	0
	auto	Auto	2	3	3	2	3	3	3	3	1	4	3	1	2	3	0	3	3	0	1	4	1	2	3	2	2	1	2	3	1	1	2	1	1	1	1	2	2	1	0	1	0	2	1	0	2	0	0	0
	auto bodi	auto body	3	1	0	3	2	1	1	2	0	1	1	1	1	0	0	0	0	1	0	0	0	2	0	0	0	0	1	2	1	1	0	2	0	0	0	0	0	0	0	0	1	1	0	0	0	2	0	0
	auto engin	Auto engineering	3	2	2	3	3	1	3	2	3	2	3	3	2	2	3	1	2	3	3	3	2	3	2	2	1	2	2	3	3	2	2	2	2	3	4	3	3	4	3	3	2	2	3	3	3	3	3	1
	auto machinect	auto machinect	3	0	4	1	1	4	1	2	4	1	1	2	4	0	0	0	0	3	0	3	4	2	1	0	2	2	2	1	3	1	3	1	1	1	1	0	2	0	3	3	2	3	0	2	1	3	0	0
	auto mechan	Auto Mechanics 	2	2	3	3	3	3	2	2	3	3	3	3	3	3	3	2	3	2	4	4	3	4	4	2	2	4	2	2	3	3	4	4	1	3	2	2	2	3	3	3	2	2	2	2	2	3	2	2
	auto mechan	auto mechanic	4	0	4	4	4	2	0	4	2	4	4	0	0	4	0	4	0	0	4	2	0	0	4	0	2	0	2	4	2	0	2	0	0	4	0	4	0	4	0	0	0	4	0	0	0	0	0	0
	auto mechan	Auto Mechanics	2	1	1	1	3	2	1	1	2	1	0	1	1	1	1	1	0	0	0	0	0	1	1	1	3	2	3	3	2	0	1	1	1	2	1	0	1	1	1	1	0	1	1	1	1	1	1	1
	auto mechan	Auto mechanic	4	4	4	4	4	4	4	3	4	3	3	2	2	3	3	2	2	2	3	4	2	3	2	1	2	2	3	3	3	2	3	3	1	2	1	2	2	2	2	2	0	4	1	1	2	1	1	4
	auto mechan	auto mechanic	4	2	2	4	2	2	2	3	0	1	0	0	0	0	0	0	0	0	0	0	0	0	2	4	0	0	2	3	0	1	0	1	2	2	1	3	2	3	2	0	0	0	0	1	0	0	1	0
	auto mechan	Auto Mechanic	0	4	2	4	4	3	4	4	0	2	1	1	0	0	0	2	2	3	4	4	0	4	4	1	1	3	2	3	1	3	3	3	3	0	3	0	0	4	2	2	1	1	3	1	0	3	2	1
	auto restor	auto restoration	3	3	4	3	4	4	4	3	1	1	1	1	1	1	2	0	1	1	3	2	0	1	4	3	2	3	3	3	1	3	3	2	1	3	2	1	2	1	2	3	1	1	1	1	0	1	0	0
	auto technolog	Auto Technician	4	2	2	4	2	3	2	3	2	2	0	0	1	2	1	2	0	0	1	0	0	2	3	0	4	2	4	3	4	1	2	3	1	2	0	1	2	3	3	1	2	3	4	3	2	3	2	1
	auto technolog	auto tech	3	3	2	3	3	3	1	2	3	4	4	2	2	4	2	2	2	2	2	3	3	4	4	2	2	4	3	3	3	3	2	4	1	1	1	1	1	1	1	2	1	2	1	1	1	1	1	1
	auto technolog	Auto Tech	2	0	0	0	0	0	0	0	0	4	4	0	0	4	0	0	0	4	4	4	4	0	0	4	0	4	0	0	4	0	0	4	0	3	4	0	0	4	0	4	0	4	0	0	4	4	0	0
	autobodi	Autobody	0	4	2	0	0	3	4	4	4	0	0	3	0	0	0	3	0	0	0	0	0	3	4	0	4	4	4	3	4	4	4	4	0	0	0	0	2	0	0	0	0	0	0	0	0	0	0	0
	autom	automation	4	3	2	4	1	3	2	2	1	3	3	1	3	3	3	2	0	1	2	2	2	0	1	1	2	0	1	3	1	1	1	0	1	0	1	1	2	1	3	1	1	4	2	4	3	4	1	2
	autom engin	Automation Engineering	2	2	4	2	1	2	1	0	3	2	2	1	1	2	1	0	3	4	3	3	4	4	0	2	3	2	2	1	3	0	0	1	2	3	2	1	3	1	1	1	2	3	1	0	1	2	1	1
	autom system technolog	Automated Systems Technology	3	0	0	4	3	2	4	0	0	2	1	2	0	0	0	3	0	1	1	2	4	2	0	1	1	3	0	0	2	0	0	0	3	2	3	0	4	3	3	0	2	3	2	2	2	3	2	4
	automat	automatization	0	2	2	1	0	1	0	0	1	2	2	3	2	2	0	2	1	2	2	3	2	2	2	2	3	2	0	2	2	1	0	0	1	1	0	1	1	1	0	2	2	0	0	1	2	0	0	1
	automat engin	Automatics (engineering)	3	3	2	3	3	2	3	2	3	3	3	2	2	2	2	2	1	2	2	1	2	2	1	2	2	1	1	2	2	2	2	0	2	0	2	2	3	2	2	2	3	3	3	3	3	3	2	2
	automat robot	automatics and robotics	0	0	3	4	1	3	0	0	2	4	4	4	4	1	4	1	0	3	1	0	2	0	0	0	2	3	0	3	1	0	2	1	3	2	3	0	4	1	4	1	2	1	1	3	2	0	2	1
	automechan	Automechanic	1	1	1	2	0	0	0	0	1	1	1	1	1	1	1	0	1	1	1	1	0	0	1	0	1	1	1	1	1	0	0	0	1	1	1	0	2	2	2	0	1	2	1	1	1	1	1	1
	automobil engin	automobile engineering	4	2	3	4	2	3	3	2	0	3	2	2	0	0	0	2	2	4	4	3	1	4	1	3	3	3	4	4	1	3	2	2	1	2	4	0	4	2	0	2	2	3	2	3	2	2	0	2
	automobil engin	automobile engineering	3	2	2	4	3	2	3	4	1	1	2	2	1	1	1	4	2	2	2	4	3	3	4	4	3	3	3	3	4	2	3	4	1	1	4	0	4	2	4	4	3	0	4	3	3	2	4	4
	automobil engin	Automobile engineering	4	3	2	3	1	3	2	2	4	4	1	0	2	4	3	3	0	3	3	3	4	3	4	3	1	3	4	4	3	1	0	1	2	1	3	3	3	2	1	1	2	2	1	2	2	3	1	2
	automobil engin	automobile engineering 	4	1	0	2	0	2	1	1	0	4	2	2	1	1	0	1	4	0	0	0	0	1	1	4	4	0	0	1	0	0	1	4	0	0	0	1	1	1	1	4	0	4	0	0	0	1	0	0
	automobil engin	automobile engineering	0	4	1	4	0	4	4	4	2	0	0	0	0	0	0	0	1	0	0	4	0	4	0	0	3	1	4	4	4	4	4	4	0	4	1	0	1	2	4	2	0	3	4	0	4	4	1	1
	automobil engin	Automobile Engineering	0	3	3	0	2	3	2	0	3	0	0	0	0	0	0	0	0	0	0	3	4	0	0	0	4	0	0	2	3	1	0	3	0	0	2	0	3	2	0	1	0	0	1	0	4	4	0	1
	automobil engin	Automobile Engineering	3	1	3	2	1	1	2	1	1	1	1	1	1	0	1	1	1	2	2	2	2	2	0	3	2	3	1	1	2	1	3	2	1	1	1	1	4	1	1	1	2	1	1	1	3	3	1	1
	automobil engin	Automobile Engineering	4	0	0	3	3	4	4	4	3	3	2	3	1	0	1	0	2	3	3	4	3	4	2	3	4	2	1	4	4	0	0	3	1	0	3	2	4	1	3	3	0	2	3	1	4	3	2	3
	automobil engin	automobile engineering 	3	2	3	3	2	2	3	2	4	4	4	3	4	4	3	1	3	4	4	4	4	3	4	4	4	2	4	3	3	2	1	1	3	4	4	3	3	4	3	2	3	2	2	3	2	0	3	3
	automot	Automotive	2	2	3	4	4	4	4	3	0	1	1	0	0	1	1	1	1	0	2	1	0	1	2	0	0	0	0	0	0	0	0	0	0	2	0	0	4	0	0	1	0	2	1	2	2	2	0	1
	automot	automotive	2	2	1	2	0	2	2	2	2	2	1	2	2	2	2	1	2	2	1	2	1	3	2	1	4	1	3	4	4	1	2	1	3	2	0	3	0	1	4	1	0	2	2	1	2	3	1	1
	automot	automotive	4	0	1	2	3	4	2	2	3	4	4	2	4	0	1	0	1	0	2	2	0	2	0	0	4	3	0	3	1	0	2	0	2	3	3	2	4	2	4	1	0	4	4	3	4	2	3	4
	automot	Automotive	2	2	0	3	0	2	0	0	0	0	0	0	0	0	0	0	0	0	0	0	0	0	0	0	2	0	2	3	3	3	2	0	0	0	0	0	0	0	0	3	0	3	0	3	0	0	0	3
	automot	Automotive	2	1	0	3	1	4	1	1	3	3	2	4	2	2	3	1	4	3	3	4	3	4	4	3	1	3	2	2	1	2	4	2	4	2	0	0	1	1	3	3	2	0	2	0	1	2	3	1
	automot	Automotive 	4	0	0	4	1	2	0	3	0	2	1	0	1	0	0	0	1	0	3	0	0	1	1	0	1	2	3	2	3	0	0	2	2	3	0	0	3	0	0	2	2	3	2	0	4	0	0	0
	automot	automotive	4	3	2	3	2	4	4	2	2	2	1	1	1	1	2	1	0	3	0	0	1	1	4	1	2	1	2	2	2	1	2	2	2	1	2	1	2	1	2	2	2	2	2	2	1	2	1	2
	automot	AUTOMOTIVE 	3	0	0	4	4	3	0	0	3	0	0	1	0	0	0	0	2	2	0	4	0	3	4	0	1	4	4	0	4	4	3	0	0	0	0	0	3	0	0	4	0	4	4	0	0	2	0	2
	automot	automotive	4	4	4	4	4	4	4	4	0	0	0	0	0	0	0	0	0	0	0	3	0	3	0	0	0	0	0	0	0	0	0	0	0	0	0	0	0	0	0	0	0	1	0	0	0	0	0	0
	automot	automotives	2	3	2	2	1	3	1	4	2	3	3	2	1	3	1	3	1	1	3	2	1	2	1	1	3	1	3	2	4	1	3	1	2	1	1	2	3	1	3	1	3	1	1	1	1	1	3	1
	automot	automotize	4	4	4	4	4	1	4	3	1	2	1	0	0	1	2	1	1	1	1	2	1	4	4	1	1	3	0	1	1	1	1	1	1	1	0	0	1	0	1	1	1	1	0	0	1	0	1	1
	automot busi	automotive business	2	2	0	0	2	2	3	1	3	3	1	1	1	2	1	1	0	1	1	0	4	0	0	2	4	2	3	4	3	1	1	3	3	3	3	1	2	2	3	3	3	2	2	2	1	1	2	2
	automot engin	automotive engineering	2	2	3	3	3	2	3	2	2	1	2	2	2	3	3	3	2	3	4	4	3	4	4	3	3	4	3	4	3	2	3	2	3	3	2	2	3	3	2	2	2	3	2	2	2	3	2	3
	automot engin	automotive engineer	4	2	2	4	2	4	2	2	0	0	0	1	0	0	1	0	2	0	0	4	0	4	2	0	3	3	4	4	3	3	4	2	4	4	2	0	4	4	4	4	2	2	2	2	4	3	3	2
	automot engin	automotive engineering	1	0	0	1	2	0	1	1	1	3	3	0	3	3	2	3	1	1	0	0	0	3	3	1	2	3	1	4	1	1	2	2	2	1	0	0	1	0	0	0	0	3	0	1	1	2	2	0
	automot engin	Automotive  engineering	2	3	0	4	1	4	4	1	2	2	1	4	2	1	2	2	3	4	4	3	2	4	1	4	4	0	2	4	2	3	4	1	2	0	2	0	4	1	2	2	0	4	4	0	2	4	1	0
	automot engin	Automotive engineering	2	3	0	4	3	1	4	1	4	3	4	2	3	3	2	4	2	4	1	3	2	4	1	0	4	4	2	4	4	4	4	4	1	2	0	1	2	3	2	4	0	0	2	2	2	4	2	0
	automot engin	automotive engineering	4	3	1	2	3	3	3	3	3	4	4	1	3	4	2	1	2	0	2	3	1	1	3	1	3	4	2	3	1	4	3	2	1	2	3	3	3	4	3	4	0	2	1	2	0	2	1	1
	automot engin	Automotive engineering 	3	3	0	4	4	4	3	3	1	1	0	1	0	1	0	2	2	1	2	3	2	4	2	1	3	2	2	1	2	2	2	2	0	2	1	0	2	0	1	1	0	2	1	1	3	1	1	2
	automot engin	Automotive Engineering	4	3	4	4	4	2	4	3	2	2	3	2	1	2	3	4	3	3	1	4	3	4	4	4	4	3	3	3	4	3	2	3	3	3	2	1	4	4	3	3	3	4	4	3	3	4	4	4
	automot engin	automotive engineering	4	2	0	4	3	4	4	3	4	4	2	4	0	0	2	3	2	4	2	4	0	3	2	3	4	3	2	4	2	0	2	1	4	2	4	2	3	1	2	1	3	2	4	2	3	4	2	2
	automot engin	automotive engineering	3	2	2	2	2	2	2	2	4	4	4	3	2	4	3	1	2	4	4	4	2	3	4	4	3	2	4	3	4	2	1	1	1	4	2	4	3	4	3	4	2	2	1	2	2	1	3	3
	automot engin	automotive engineering	3	3	3	3	2	3	2	3	0	0	0	1	0	0	0	0	2	0	0	4	1	4	1	0	4	3	4	4	4	2	3	2	4	4	2	3	4	3	4	3	2	2	2	2	4	1	2	1
	automot engin	automotive engineering	0	1	2	4	1	4	3	1	1	3	3	3	3	2	2	4	2	3	2	2	3	4	3	3	4	3	1	3	2	3	3	0	0	1	3	1	4	2	0	1	1	1	0	1	3	3	0	0
	automot engin	automotive engineering	4	2	4	4	4	2	2	1	4	4	4	4	4	4	2	3	1	4	3	4	0	4	4	0	3	0	0	4	0	2	1	2	0	2	3	0	3	4	4	4	4	3	1	0	1	4	0	2
	automot engin	Automotive Engineering	2	0	2	4	4	1	4	1	3	1	1	2	2	1	2	2	0	3	0	0	1	3	2	2	1	1	1	1	1	2	1	1	1	1	1	0	2	1	2	0	3	4	4	2	3	4	2	3
	automot engin	Automotive Engineering 	3	2	1	4	3	4	4	4	2	0	0	2	0	0	0	0	0	0	2	0	0	0	2	0	1	2	1	1	0	0	0	0	2	1	0	0	0	0	3	0	1	1	1	0	1	2	0	2
	automot engin	Automotive Engineering	4	2	3	3	1	4	3	0	2	3	3	2	2	2	2	4	2	3	2	1	1	3	0	3	4	1	1	1	1	1	3	1	1	0	4	1	4	1	0	1	0	0	0	1	4	2	0	0
	automot engin	Automotive Engineering	3	2	4	4	3	2	3	3	2	2	3	2	1	1	2	3	3	3	1	3	2	4	3	2	4	3	2	4	3	2	2	4	3	4	1	1	4	3	4	3	3	3	2	2	2	2	3	2
	automot engin	Automotive engineering	0	0	0	2	0	0	0	0	0	0	0	0	0	0	0	0	0	0	0	0	0	0	0	0	0	0	0	0	0	0	0	0	0	0	2	1	0	2	3	0	0	0	0	0	0	0	0	0
	automot engin aerospac	Automotive Engineering, Aerospace	3	1	2	3	3	2	3	2	2	1	0	2	1	3	0	1	0	2	0	1	1	1	3	1	1	2	4	3	3	3	3	2	1	2	4	2	3	2	2	2	3	2	2	4	1	2	2	3
	automot engin weld	automotive engineering/welding	1	3	2	0	2	3	0	2	0	0	0	0	0	0	0	0	0	2	0	0	0	0	4	0	0	2	0	0	0	0	0	0	0	1	0	0	0	0	0	0	0	0	0	0	0	0	0	2
	automot mechan	automotive mechanic	2	1	4	1	1	1	2	1	1	1	1	1	1	2	0	1	0	1	1	1	0	0	1	0	1	0	0	0	1	1	0	0	2	2	3	0	3	3	3	2	2	1	2	2	3	2	4	2
	automot paint	Automotive painting 	3	1	1	1	1	1	1	1	1	1	1	1	1	1	1	3	3	3	4	4	2	4	4	4	1	0	1	1	1	2	1	0	2	2	2	4	1	4	3	3	0	1	1	1	1	1	2	1
	automot restor	automotive restoration	1	0	2	1	2	2	2	0	1	0	0	0	0	3	0	0	0	0	0	0	0	0	0	0	0	2	0	0	2	0	0	0	0	0	0	0	0	0	0	0	0	0	0	0	0	0	0	0
	automot restor	automotive restoration	1	2	2	3	2	2	2	2	0	4	3	2	0	3	0	2	0	3	4	2	3	4	1	3	0	3	3	2	3	1	1	3	0	1	1	2	2	1	0	0	0	3	1	1	0	1	0	0
	automot restoraton	aUTOMOTIVE RESTORATON	0	0	0	0	0	1	0	2	0	3	1	0	1	3	1	3	0	1	3	2	3	2	2	1	2	3	1	1	1	3	2	0	0	1	1	1	2	1	3	1	0	0	0	1	2	2	1	1
	automot robot	Automotive and robotics	3	1	2	3	2	2	2	1	2	3	1	1	1	0	1	2	0	1	0	0	0	1	0	0	2	1	3	3	2	2	2	2	2	2	3	0	3	0	0	0	4	4	4	3	4	3	3	0
	automot sceinc	automotive sceinces	3	2	2	3	3	2	2	2	2	3	2	2	2	3	1	3	1	0	1	1	1	3	0	1	2	1	2	0	2	1	1	2	2	2	3	0	3	0	2	1	1	1	3	2	1	3	1	2
	automot servic technolog	automotive service technology	4	3	3	3	3	4	2	2	3	4	4	2	4	4	4	4	2	2	3	2	3	3	4	2	2	3	1	4	2	2	2	3	2	2	2	2	3	2	2	3	2	2	2	2	4	2	2	2
	automot system	Automotive systems	2	0	0	4	0	2	3	3	0	0	0	0	0	0	0	0	0	0	0	0	0	2	4	0	2	0	0	3	2	1	3	1	0	2	2	3	3	3	3	3	2	3	2	3	2	3	3	3
	automot technolog	automotive technician	1	2	0	1	1	0	0	0	0	0	0	0	0	0	0	0	0	0	0	0	0	0	0	0	1	1	0	0	0	0	0	0	0	0	0	0	2	1	0	0	0	0	0	1	1	0	0	1
	automot technolog	automotive technology	4	3	3	2	3	3	2	3	2	1	1	1	1	1	0	0	0	0	0	2	0	1	2	0	0	0	2	1	0	0	0	0	2	2	1	1	2	0	2	0	0	2	0	0	0	2	0	0
	automot technolog	Automotive technician	3	0	3	4	4	4	3	3	4	3	4	4	4	4	4	4	4	3	3	3	4	4	4	4	2	2	2	3	2	1	1	3	0	0	2	3	4	2	3	4	1	1	3	2	4	3	1	4
	automot technolog	Automotive technician	4	4	1	3	3	4	4	3	4	4	4	1	3	4	2	2	4	4	4	4	4	4	4	4	4	4	4	3	4	4	4	4	1	3	2	3	1	2	2	4	1	4	2	4	4	3	2	4
	automot technolog	Automotive Technology	4	0	0	2	3	2	3	0	4	4	4	1	3	3	3	3	3	1	1	4	4	4	0	0	1	0	3	1	0	1	4	1	0	4	2	0	3	1	0	2	2	3	3	1	3	3	0	3
	automot technolog	Automotive Technology	0	3	2	2	2	4	3	3	0	3	1	0	0	3	0	1	0	2	4	3	1	4	3	3	3	4	2	4	3	3	0	2	0	1	1	0	2	0	0	3	0	0	0	0	0	0	0	0
	automot technolog	automotive tech	2	2	1	2	1	2	1	0	1	2	1	1	0	1	0	0	0	0	1	0	0	0	0	0	1	0	0	0	0	0	0	0	0	1	0	0	0	1	2	1	0	2	0	0	0	0	1	0
	automot technolog	Automotive Technology	4	3	3	4	3	1	3	2	4	4	4	4	3	3	4	3	0	4	4	4	4	4	4	4	2	2	3	2	2	0	4	3	4	2	3	1	2	3	4	4	3	4	3	2	2	3	3	2
	automot technolog	Automotive Technology	4	2	2	3	0	3	3	2	0	3	2	2	0	1	2	0	2	2	0	4	2	2	3	1	2	3	2	4	2	1	1	2	0	1	3	0	3	0	0	0	0	4	4	2	4	4	0	3
	automot technolog	Automotive Technology	4	0	0	4	0	4	4	2	4	0	4	2	2	4	4	2	3	0	2	2	0	3	0	0	4	2	0	4	0	2	3	2	0	4	4	4	4	4	4	4	0	0	4	4	4	0	4	4
	automot trade	Automotive pre trade	4	2	3	3	3	2	2	0	2	2	1	0	0	3	0	0	0	0	0	0	0	0	4	0	0	0	0	0	0	1	0	0	0	0	0	0	0	0	0	4	0	0	0	0	0	2	0	0
	automotif	automotif	1	0	2	2	4	4	0	0	0	2	0	0	2	0	4	0	4	2	2	4	0	2	0	0	2	4	4	4	4	3	4	4	0	0	0	0	0	0	0	0	0	0	0	0	0	0	0	0
	avail	NOT YET AVAILABLE	0	2	0	1	0	3	0	1	3	3	2	2	3	3	3	0	4	3	2	4	4	4	3	3	3	3	4	3	4	4	4	4	1	1	2	2	4	3	3	3	0	1	3	3	3	3	2	1
	avat	avation	2	2	3	3	2	3	2	3	3	2	2	2	2	2	2	2	1	1	1	1	0	1	1	1	1	0	1	2	1	1	1	1	3	3	3	1	3	1	3	2	2	2	2	2	2	2	2	2
	aviat	Aviation 	1	1	1	1	0	1	0	0	2	1	2	2	2	2	2	3	2	3	3	2	3	2	1	3	1	0	0	1	0	0	1	0	0	1	1	1	1	2	1	0	0	0	0	0	2	1	1	1
	aviat	Aviation	1	3	2	0	0	2	3	2	0	3	2	0	0	2	0	0	0	0	3	1	2	0	0	3	4	2	4	2	3	3	2	3	2	1	3	0	2	2	2	3	1	1	0	0	0	0	0	0
	aviat	Aviation	3	2	2	2	2	2	1	2	3	2	2	3	2	1	1	2	1	4	3	1	1	2	2	1	4	4	4	4	4	4	4	4	3	2	4	1	4	2	2	1	4	4	4	4	4	4	4	4
	aviat	Aviation	3	3	4	3	2	3	2	3	3	3	3	2	2	3	2	2	2	2	4	4	2	4	3	2	3	4	4	3	4	3	4	4	2	2	2	2	3	2	2	4	3	4	2	2	2	2	3	3
	aviat	Aviation	2	2	3	4	2	3	3	2	4	4	4	4	4	4	4	4	0	0	3	4	2	4	4	3	4	2	3	3	2	3	0	0	0	0	0	0	2	0	0	0	2	1	2	2	3	4	0	0
	aviat	Aviation	2	0	1	3	1	4	3	1	0	0	1	1	0	0	0	4	1	3	0	0	0	3	0	3	0	0	0	3	0	1	0	0	3	1	3	0	3	1	1	1	1	1	1	3	3	3	1	1
	aviat	Aviation	3	2	1	3	2	2	2	1	2	0	1	0	0	1	0	2	2	3	1	0	0	0	3	2	4	2	2	4	4	2	3	3	2	2	4	4	4	4	1	4	0	1	0	0	1	2	0	0
	aviat	aviation	3	4	4	3	3	2	4	3	1	1	1	2	2	2	2	3	1	1	2	0	0	3	4	1	1	1	3	1	2	1	2	2	3	2	2	1	3	3	3	3	2	2	3	1	2	3	2	3
	aviat	Aviation	2	0	0	2	0	0	0	1	0	3	3	0	0	3	0	2	0	0	0	0	0	0	0	0	3	2	2	1	3	1	2	2	0	0	1	0	2	3	2	0	2	0	0	0	1	3	0	0
	aviat	Aviation studies	3	3	0	4	2	2	3	1	2	3	2	2	2	2	1	3	1	3	0	1	1	1	2	1	2	2	3	1	4	2	2	2	2	1	2	0	3	3	3	4	3	3	3	3	3	4	3	3
	aviat	aviation	4	2	4	3	4	3	2	1	4	4	4	2	4	4	4	3	2	4	4	4	3	1	0	3	3	4	3	4	4	1	2	3	3	3	3	0	4	2	3	1	3	3	4	4	4	2	3	4
	aviat	Aviation	2	0	0	0	0	0	0	0	1	0	0	0	0	0	0	0	1	3	3	3	3	1	3	1	3	0	1	2	1	1	1	0	3	0	1	2	2	1	2	0	0	0	0	1	1	0	1	0
	aviat	Aviation	1	1	2	2	1	0	2	2	3	2	3	3	3	2	3	3	0	0	2	0	0	1	1	3	2	2	1	1	1	1	2	2	1	1	1	0	0	0	1	1	1	1	1	1	1	0	1	1
	aviat	Aviation	4	0	0	0	0	0	0	0	0	0	0	0	0	0	0	0	4	0	0	4	0	4	0	0	0	0	0	0	0	0	0	0	0	0	0	0	0	0	0	0	0	0	0	4	0	0	0	0
	aviat	Aviation 	2	3	3	2	1	4	0	3	3	2	1	0	0	1	0	1	2	3	3	4	4	4	4	3	2	3	3	4	3	1	3	3	3	2	4	3	2	4	1	2	1	2	0	2	0	0	0	2
	aviat	aviation	2	0	2	1	1	2	1	0	2	0	1	1	1	0	1	1	2	2	2	0	1	2	1	2	1	1	2	2	2	1	1	1	1	1	3	1	3	2	1	1	2	1	2	2	3	1	2	3
	aviat	aviation 	1	0	0	0	0	0	0	0	0	0	0	0	0	0	0	0	0	0	2	2	1	4	0	0	1	0	1	0	1	0	2	1	0	0	0	0	1	0	0	0	0	0	0	0	0	0	0	1
	aviat	Aviation	3	1	3	2	0	2	1	1	2	0	0	1	0	0	1	1	0	1	0	1	0	1	2	1	3	2	3	2	3	2	2	2	2	1	2	1	2	0	1	1	1	1	0	1	2	0	1	2
	aviat	aviation	3	1	1	2	0	1	1	1	4	3	3	4	4	3	4	2	0	2	2	1	1	0	0	1	2	2	1	0	0	0	1	0	1	0	2	1	0	0	0	1	1	3	3	0	3	3	0	0
	aviat	Aviation Science	2	1	1	3	2	2	1	1	2	1	3	1	2	3	3	2	1	1	3	2	3	3	2	2	4	3	2	3	2	3	2	1	4	3	2	1	3	2	2	1	2	2	3	1	2	2	1	1
	aviat	aviation science 	2	2	0	2	2	3	0	0	3	3	0	3	4	3	0	3	0	4	0	3	4	3	3	4	2	2	4	3	4	3	4	4	4	0	0	2	0	4	0	0	4	2	2	4	0	1	0	0
	aviat	Aviation	0	0	0	0	0	0	0	0	1	1	1	0	1	1	1	1	0	0	1	0	0	0	0	0	1	0	1	0	1	0	0	0	0	0	0	0	2	0	0	0	1	0	0	2	0	0	0	0
	aviat	aviation	0	2	4	4	0	4	4	0	4	4	4	4	4	0	0	0	2	0	0	0	0	0	4	0	1	0	0	0	0	0	0	0	4	0	4	0	4	4	0	0	0	0	0	4	0	4	0	0
	aviat	aviation	4	2	1	2	1	2	2	3	4	1	1	2	1	1	1	2	4	2	2	3	3	4	3	2	4	4	3	3	4	4	3	4	4	4	4	3	4	3	3	3	2	3	4	3	3	2	4	3
	aviat	Aviation	1	3	0	3	2	4	3	4	2	4	4	2	3	4	2	2	0	1	1	3	4	3	1	4	3	4	2	3	3	1	4	3	0	0	2	1	3	2	1	2	1	3	1	3	1	1	0	3
	aviat	Aviation	2	1	1	1	2	2	2	2	2	2	3	1	2	3	2	3	2	2	3	3	3	4	3	4	2	3	1	3	2	2	3	1	2	2	2	3	2	2	1	3	1	2	1	1	2	2	1	2
	aviat	Aviation	2	0	0	0	0	0	1	0	0	2	0	0	0	2	0	1	0	0	2	0	0	2	1	1	0	2	2	0	2	2	0	1	0	0	0	0	1	2	2	1	0	0	0	0	1	1	2	1
	aviat	Aviation	1	2	2	1	2	2	1	1	4	3	3	3	3	3	3	2	3	4	3	3	2	3	3	2	2	2	3	3	2	3	4	3	2	2	3	2	3	4	3	3	1	2	3	3	1	2	2	2
	aviat	Aviation Science	0	4	4	4	4	4	1	2	4	4	4	4	3	4	3	4	4	4	4	4	4	4	4	4	4	4	4	4	4	4	4	1	4	0	1	0	3	0	3	4	3	2	4	2	3	2	2	0
	aviat	Aviation	0	1	0	3	0	0	0	0	3	1	0	0	0	0	0	0	0	0	0	0	0	0	0	0	1	0	0	3	0	0	0	0	1	0	0	0	2	3	3	0	2	0	2	0	0	0	0	0
	aviat	Aviation 	3	3	2	3	3	3	2	3	0	0	0	0	0	1	0	4	0	0	1	3	3	2	3	1	3	1	0	3	1	0	1	0	1	1	1	0	2	1	1	4	0	1	1	0	0	3	1	1
	aviat	aviation	4	0	4	4	0	0	4	0	4	4	0	4	4	4	4	4	2	0	0	0	0	0	4	0	4	4	4	4	4	0	4	0	4	0	4	0	4	0	4	0	4	4	4	4	4	4	4	4
	aviat	Aviation	0	0	0	0	0	1	0	0	3	0	1	3	1	0	0	0	1	1	0	3	3	3	1	0	3	2	3	2	3	2	1	0	3	1	3	3	3	3	3	1	0	0	0	1	0	0	0	0
	aviat	aviation	2	1	0	0	0	0	0	0	0	1	1	0	0	1	0	0	0	0	2	2	0	1	4	0	0	0	0	1	0	0	1	0	1	2	0	1	0	3	0	1	0	0	1	0	0	0	0	0
	aviat	Aviation	2	2	0	2	1	1	2	2	3	3	3	2	1	2	2	1	0	0	0	3	0	3	2	0	2	1	1	1	1	1	0	0	2	2	2	1	3	1	3	1	1	1	2	1	1	1	3	0
	aviat	Aviation 	1	0	1	2	0	0	0	0	1	0	0	1	0	0	2	0	0	0	2	0	0	0	2	1	0	1	0	0	0	0	0	0	0	0	0	0	1	0	0	0	0	0	0	0	0	1	0	1
	aviat	aviation	3	1	1	4	2	3	3	2	4	3	3	4	3	3	4	4	3	0	2	4	1	4	4	1	2	4	3	3	3	3	3	3	3	3	3	2	3	3	4	3	2	3	3	2	3	3	3	3
	aviat	Aviation	4	0	4	3	4	0	4	0	3	3	2	0	0	3	0	4	0	0	0	0	0	0	0	0	2	0	2	3	2	2	2	0	1	0	0	0	4	0	0	0	0	0	0	0	0	0	0	0
	aviat	Aviation sciences	4	4	1	4	2	4	3	3	0	3	3	2	3	4	2	3	4	2	2	4	4	4	2	2	3	3	3	2	4	2	3	4	0	2	2	1	3	2	1	3	2	2	2	2	1	2	1	1
	aviat	aviation	3	2	0	1	0	0	1	0	3	3	3	3	2	2	3	1	2	3	3	2	2	4	2	3	2	4	3	1	1	3	4	4	1	1	3	2	1	3	0	4	1	2	1	2	2	2	0	2
	aviat	aviation	2	0	1	3	1	3	2	1	4	2	3	2	1	4	2	2	3	4	4	4	4	3	4	2	4	1	2	3	3	3	3	2	2	1	2	3	2	1	1	2	2	2	2	1	2	2	2	2
	aviat	Aviation	2	3	0	1	3	2	2	2	2	3	1	3	2	1	0	0	1	0	1	0	2	2	0	0	3	3	2	3	1	0	0	2	1	0	2	3	1	3	3	2	1	3	2	1	3	4	0	2
	aviat	Aviation	1	1	3	1	0	4	0	2	1	3	0	0	0	3	0	1	2	1	0	2	2	2	4	0	4	2	4	2	3	3	3	0	4	1	3	1	3	1	3	2	0	0	0	0	0	4	3	0
	aviat	aviation	0	1	0	3	0	0	0	0	1	2	1	0	0	1	0	3	3	3	4	3	2	3	4	3	1	2	2	2	1	2	3	1	0	0	1	0	0	0	1	2	0	0	0	0	0	0	0	0
	aviat	Aviation Science	4	4	4	1	1	1	4	0	0	0	0	0	0	0	0	0	0	1	0	0	4	0	4	4	0	3	0	0	0	0	0	0	4	0	4	3	4	4	1	4	4	4	4	4	4	4	1	4
	aviat	aviation	2	2	4	0	3	0	4	0	2	4	4	4	4	4	4	0	0	4	0	0	4	0	0	0	2	0	2	2	2	0	2	2	2	0	3	0	3	0	1	4	2	0	2	0	4	3	3	4
	aviat	Aviation	0	0	0	3	0	0	0	0	3	2	3	3	3	3	3	3	0	0	0	0	0	0	3	0	0	3	1	3	0	2	3	0	0	1	0	0	3	2	1	2	0	0	1	0	3	3	1	0
	aviat	Aviation	4	1	3	2	2	2	2	2	0	1	0	0	0	0	0	2	0	0	0	0	0	0	4	1	1	2	2	2	0	0	1	0	1	2	1	2	2	0	3	3	1	1	1	2	2	1	2	2
	aviat	Aviation	2	2	0	0	0	0	0	0	2	0	0	0	0	0	0	0	0	0	2	0	0	0	0	0	4	2	2	2	2	2	2	0	4	0	0	0	2	0	0	0	4	0	0	0	0	0	0	0
	aviat	aviation	4	4	2	0	4	4	4	4	2	0	0	2	0	0	0	0	0	0	4	0	0	0	0	4	2	0	0	0	0	0	0	0	0	2	2	0	0	2	0	0	0	0	0	0	0	0	0	0
	aviat	aviation	4	2	2	1	2	2	2	2	2	3	3	2	2	3	2	2	2	2	3	2	1	4	3	3	2	3	2	2	2	2	2	2	1	1	1	1	1	2	2	2	0	2	0	1	0	2	2	1
	aviat	Aviation 	4	2	0	4	2	4	0	0	2	4	4	0	4	4	0	4	0	4	4	2	4	4	2	4	2	0	4	4	4	4	4	4	4	4	2	4	2	4	4	4	0	2	2	2	0	2	0	4
	aviat	Aviation	2	4	4	4	4	3	4	3	2	4	4	4	3	3	4	3	0	2	3	0	0	0	4	2	3	4	3	2	3	3	0	2	4	4	4	1	3	2	3	4	4	4	4	3	4	4	3	2
	aviat	Aviation 	2	0	3	1	2	1	2	1	0	4	4	2	2	4	2	2	2	4	0	3	4	0	2	2	4	3	3	2	4	2	3	3	3	2	4	0	3	2	4	4	3	0	0	3	1	3	4	2
	aviat	Aviation	3	3	4	2	1	2	0	3	1	3	1	0	0	2	0	3	0	2	1	0	0	1	2	0	0	2	0	3	0	2	1	0	0	0	2	0	2	0	1	0	0	0	0	0	0	0	0	0
	aviat	Aviation	1	1	1	1	1	1	1	1	1	1	1	1	1	1	1	1	3	1	1	1	1	3	1	1	1	4	1	3	1	1	1	3	1	1	1	1	3	1	1	1	1	1	1	1	1	1	1	1
	aviat	Aviation	0	2	2	3	0	1	0	0	4	4	4	2	3	4	4	3	4	2	2	4	3	4	4	1	1	1	1	3	0	0	1	0	2	1	2	2	0	3	1	2	0	2	1	0	0	0	0	2
	aviat	aviation	0	0	0	2	0	0	2	2	0	4	2	2	2	4	2	4	0	0	0	2	2	2	2	3	4	0	2	1	1	2	1	1	1	2	1	0	0	4	2	3	0	0	1	0	0	2	0	4
	aviat	aviation	3	1	2	3	1	3	1	0	3	0	0	1	0	0	1	0	3	2	0	0	0	2	0	3	2	3	1	0	0	3	0	1	0	3	0	0	2	2	0	1	0	3	0	0	3	3	0	0
	aviat	aviation	2	0	3	3	1	1	2	0	1	1	0	0	1	1	1	2	3	4	1	3	2	4	3	4	4	2	3	4	3	4	1	3	4	3	3	0	3	1	2	2	1	2	1	1	3	2	1	1
	aviat	Aviation 	4	4	4	4	3	4	2	4	3	3	0	0	1	1	0	3	3	3	2	3	3	4	4	3	2	4	3	3	3	1	3	3	1	3	3	4	1	4	1	1	0	3	0	3	0	0	1	2
	aviat busi	Aviation Business	2	0	1	2	2	1	1	1	4	4	4	2	3	3	3	1	1	2	3	1	0	3	1	2	2	1	1	3	3	2	0	0	3	2	2	3	3	2	1	2	2	1	2	2	2	2	2	1
	aviat egin	Aviation egineering	2	2	2	4	4	3	3	2	2	3	1	1	1	3	1	2	2	3	0	1	0	2	2	4	2	2	4	3	4	3	0	3	2	2	2	0	2	2	0	3	2	2	4	2	1	3	1	1
	aviat engin	aviation engineering	4	4	4	4	4	4	2	4	3	3	3	1	2	3	3	4	1	1	0	0	1	3	0	1	0	3	2	0	3	0	0	3	1	0	3	0	4	0	0	0	2	4	2	2	4	4	0	2
	aviat engin	aviation engineering	2	2	2	3	3	0	2	1	1	3	3	2	3	0	1	1	3	2	2	3	0	4	1	1	2	3	2	2	2	3	1	1	2	2	2	0	0	0	1	1	2	2	2	2	3	4	1	1
	aviat engin	aviation engineering	2	3	3	4	4	3	3	3	4	4	3	4	3	3	4	3	2	2	3	2	3	2	1	3	3	3	4	3	3	1	2	2	1	1	3	3	1	2	1	1	1	3	2	2	3	2	2	2
	aviat flight	Aviation Flight Science	2	2	0	3	3	3	3	3	0	1	0	0	0	0	0	0	0	0	0	0	0	4	0	0	0	3	1	0	0	0	0	1	0	1	1	0	0	0	0	0	1	0	1	0	0	3	0	1
	aviat flight	Aviation Flight	1	3	3	3	3	4	3	4	1	3	2	2	1	3	3	4	0	0	0	0	0	0	3	0	2	3	1	3	0	1	1	0	2	1	3	0	3	1	3	3	2	2	2	3	3	3	3	3
	aviat mainten	Aviation Maintenance	3	1	1	3	3	3	2	1	2	3	2	2	2	2	2	2	1	0	0	0	0	0	1	0	1	2	2	1	2	2	2	2	1	2	2	0	2	1	1	2	1	2	1	2	1	2	1	2
	aviat maintenac	Aviation maintenace	3	3	2	3	3	3	3	0	2	2	1	0	3	3	3	2	3	0	2	4	3	4	4	0	3	4	0	1	0	2	2	0	1	0	0	1	0	1	0	2	1	0	0	0	0	2	0	0
	aviat mangag	aviation mangagement	3	1	2	2	0	1	2	2	2	1	1	3	0	3	0	2	0	0	2	2	0	1	4	0	3	2	2	3	0	1	2	2	3	2	3	1	4	2	4	3	2	1	2	3	3	2	4	3
	aviat mangement	Aviation Mangement	2	2	4	3	4	4	2	4	4	4	4	4	4	4	4	4	0	4	0	4	4	4	4	2	3	4	0	4	4	4	4	2	3	0	3	2	4	2	4	2	0	0	2	2	0	2	0	2
	aviat technolog	Aviation Technology	3	2	2	4	3	3	3	2	3	3	2	4	3	3	3	3	1	1	0	1	2	1	0	1	1	2	1	1	1	1	1	1	1	1	2	0	2	1	1	2	3	3	3	3	3	4	3	3
	aviat technolog	aviation technology	4	3	4	4	3	3	3	2	2	1	2	2	1	1	1	3	0	0	1	0	3	0	2	2	1	2	1	1	1	1	3	1	0	0	0	0	3	0	0	1	0	2	2	2	2	3	0	2
	aviat technolog	Aviation Technology	0	2	3	0	2	2	0	2	4	4	4	4	4	4	4	4	3	3	4	4	4	4	4	3	3	4	4	4	4	3	3	4	1	1	3	4	2	2	2	3	0	1	1	2	1	2	2	1
	aviaton	Aviaton	0	0	0	2	0	0	1	0	2	2	0	1	1	0	1	2	0	0	0	0	0	0	0	0	0	0	0	0	0	0	0	0	0	0	0	0	2	0	0	0	2	0	0	0	0	0	2	0
	avil	not avilable	3	0	1	1	0	2	1	0	4	4	3	1	3	3	2	3	4	4	3	4	4	4	4	4	4	4	3	3	3	4	4	1	1	3	1	4	2	3	0	4	1	2	1	2	1	2	0	0
	avion	Avionics	4	4	2	4	4	4	4	1	2	4	4	2	3	3	2	2	0	3	1	4	3	0	4	1	3	2	3	4	1	0	2	2	1	1	4	3	1	3	3	0	3	3	2	2	2	0	0	3
	avion technolog	Avionics Technology	3	1	0	3	0	3	1	0	4	3	3	2	2	3	2	3	0	0	0	1	0	3	0	0	2	4	4	1	3	4	4	4	1	2	1	0	0	0	0	2	2	3	1	2	0	2	0	0
	awesom	Being Awesome	2	2	3	0	3	2	2	2	0	1	1	2	0	0	0	0	0	0	1	2	0	3	4	0	1	2	3	0	4	0	0	0	1	2	1	0	3	0	2	4	0	0	0	0	0	0	0	0
	b	B	0	1	0	0	0	1	0	1	1	1	1	0	0	0	0	0	0	1	0	1	1	0	2	0	1	0	0	2	3	1	0	0	2	1	0	4	0	1	3	1	0	1	1	2	0	0	0	2
	b com	b com	1	2	2	3	0	3	2	1	0	0	1	0	1	1	0	1	3	0	2	1	3	3	1	2	4	1	1	3	3	2	3	3	3	3	2	0	1	4	3	1	1	2	3	1	2	4	3	2
	b pharm	B PHARM	2	0	0	2	0	0	0	0	4	2	4	4	0	0	0	0	0	2	2	2	4	4	0	0	4	4	4	2	4	2	0	4	0	2	0	0	2	0	4	0	0	0	4	0	0	0	0	0
	b sc	B. Sc.	0	2	2	2	1	3	1	1	2	1	2	3	2	2	1	2	1	2	3	3	3	4	2	2	3	2	2	2	2	3	3	2	0	1	0	2	1	1	0	3	0	1	2	1	1	1	0	0
	b sc	B Sc	4	2	1	0	0	3	2	2	3	1	0	0	2	1	0	2	2	1	2	0	0	0	0	2	4	4	4	4	4	4	4	4	1	4	4	2	3	4	4	4	4	2	1	4	0	2	4	4
	b technolog	B tech	0	0	0	2	2	3	4	0	2	4	2	4	4	4	4	4	4	4	4	4	4	4	2	4	0	3	2	0	2	1	0	2	0	1	1	0	4	3	2	3	1	3	3	3	2	4	0	1
	bachelorsdegre	bachelorsdegree	2	0	0	0	0	0	0	0	4	4	4	0	4	4	4	0	0	0	0	0	0	0	0	0	0	0	0	0	0	0	0	0	0	0	0	0	0	0	0	0	0	0	0	0	0	0	0	0
	bacteriolog	Bacteriology	3	4	0	2	1	3	2	3	4	3	2	3	2	3	2	3	2	2	2	2	1	3	1	2	1	3	1	3	1	1	2	2	0	1	0	2	1	1	0	1	2	1	0	2	2	1	2	1
	baf	bafs	2	0	0	0	0	0	1	1	3	2	2	2	2	2	1	1	0	2	0	0	0	0	0	1	2	1	2	1	2	1	1	2	3	2	4	2	4	3	3	4	3	2	2	2	3	2	3	2
	baf	bafs	2	0	0	0	1	1	2	0	2	2	2	2	1	2	2	2	0	1	0	0	0	0	2	1	0	1	2	1	1	1	0	1	4	1	4	2	3	4	3	3	3	0	3	1	1	2	3	3
	bahasa	bahasa 	0	0	0	0	0	0	0	0	0	4	4	0	0	4	0	0	2	4	0	0	4	2	0	2	4	4	4	4	4	4	4	4	0	0	0	0	0	4	0	0	0	0	0	0	0	0	0	0
	bahasa inggeri	BAHASA INGGERIS	4	0	0	0	0	0	0	0	0	0	0	0	0	0	0	0	0	4	0	0	4	0	4	4	4	0	0	4	0	4	4	4	0	0	4	0	0	0	0	4	0	0	0	0	0	0	0	0
	bahasa inngeri	bahasa inngeris	2	2	0	0	0	0	0	0	2	2	2	2	0	0	0	0	4	4	4	4	4	4	2	2	4	0	2	4	4	4	4	4	0	2	2	2	2	4	2	4	2	2	4	2	2	4	2	2
	bahasa malaysia	Bahasa Malaysia	4	0	0	0	0	3	2	0	2	0	0	4	0	0	0	0	4	2	4	0	2	4	0	4	4	4	3	0	4	4	4	4	4	4	4	0	4	4	4	0	2	4	4	0	3	0	1	2
	bahasa mandarin	Bahasa Mandarin	2	0	0	2	0	1	0	1	3	3	1	1	1	3	1	0	4	3	1	2	1	4	4	1	3	3	2	3	3	2	1	2	2	2	3	3	2	2	2	2	1	2	1	1	1	1	1	1
	bajmc	Bajmc 	4	3	4	4	0	4	4	1	3	4	4	4	4	0	4	2	1	4	1	2	4	4	4	0	3	4	1	3	3	4	4	3	1	2	1	2	4	4	2	4	2	3	4	4	3	4	0	4
	bake	baking	2	0	0	0	0	0	2	0	1	2	1	1	1	0	1	0	1	2	3	3	2	0	0	4	3	2	3	2	2	2	2	3	3	2	2	1	2	3	2	1	1	0	0	0	0	0	0	0
	bake	Baking	2	0	1	1	0	0	1	0	1	1	1	1	1	1	0	0	1	0	1	0	1	0	0	0	0	1	1	0	0	0	0	0	0	1	1	0	0	0	0	0	1	0	0	0	0	0	0	0
	bake	baking	4	0	0	2	0	2	2	0	0	0	0	2	2	0	0	0	0	0	2	0	0	4	0	0	2	4	2	2	3	4	2	3	2	4	2	3	2	4	0	4	3	2	2	4	3	3	2	2
	bake	Baking	2	1	2	2	3	2	2	1	2	2	3	1	1	2	2	2	3	2	2	2	2	1	1	2	1	3	1	2	2	2	1	2	1	2	1	2	1	2	1	2	1	1	1	2	0	1	1	1
	bake culinari	Baking/culinary	0	1	0	0	0	0	0	0	4	4	4	3	4	4	3	1	1	1	0	1	0	2	0	0	1	2	0	0	1	1	0	0	1	2	1	0	0	0	0	0	1	0	0	0	0	0	0	0
	bake make	Baking and make up	0	0	0	0	0	0	0	0	0	3	0	0	0	1	0	0	0	1	0	0	0	1	1	0	1	1	0	1	1	1	4	1	1	1	0	0	0	4	0	1	1	0	0	0	0	0	0	0
	bake pastri art	Baking and Pastry Arts	2	1	0	1	0	0	1	0	2	1	2	1	0	1	1	2	1	2	2	2	2	2	1	2	3	2	2	4	2	2	2	2	1	1	2	3	1	2	2	2	2	1	2	2	1	2	2	2
	bank	Banking	3	0	0	2	0	0	2	0	2	0	0	4	2	0	1	0	0	0	0	0	0	2	0	0	3	2	2	2	2	3	2	2	3	0	4	0	4	4	0	4	1	1	4	1	4	2	0	0
	bank	Banking	4	4	0	1	1	1	0	0	0	0	0	0	0	0	0	0	0	4	0	0	0	0	0	0	0	2	3	0	2	3	4	3	4	4	4	4	3	4	4	4	4	4	4	4	4	4	4	4
	bank	Banking	2	0	3	0	0	0	0	0	1	2	0	0	0	1	0	0	0	0	0	0	0	4	0	0	2	0	0	2	3	0	1	2	0	0	3	0	4	0	1	0	2	1	1	2	2	0	3	2
	bank	banking	3	2	2	2	1	2	1	1	4	3	1	1	0	0	0	0	4	3	1	4	2	3	0	2	3	2	2	3	4	2	3	2	2	3	3	2	3	2	2	2	4	3	2	2	2	2	3	2
	bank	banking	2	2	2	3	2	1	2	2	3	2	2	2	2	2	2	2	1	1	2	1	1	2	2	2	3	2	1	2	1	2	1	2	1	1	2	3	2	2	1	1	3	2	3	3	2	2	3	2
	bank	banking	2	2	1	2	0	2	3	1	3	2	3	2	3	3	3	1	2	3	0	2	4	2	1	1	3	3	2	2	4	3	3	2	3	1	0	0	3	2	3	1	2	2	2	3	2	2	4	3
	bank	Banking	4	0	2	3	2	1	2	0	0	0	0	0	0	1	0	1	4	3	3	1	1	3	4	3	4	3	3	4	3	1	2	1	2	0	2	1	3	2	4	3	0	2	1	0	1	1	1	2
	bank	Banking	0	2	0	0	0	2	0	0	2	4	2	0	0	0	0	3	4	4	4	4	3	4	0	4	4	3	4	4	4	0	3	4	1	0	4	2	4	3	0	3	2	1	1	0	0	2	0	0
	bank	bank	4	2	0	2	2	2	1	0	2	2	1	1	0	1	0	0	2	0	1	0	0	0	1	0	2	2	1	1	1	1	2	0	4	2	3	1	3	2	1	0	2	4	4	3	3	2	4	2
	bank	banking	2	3	1	3	2	2	2	2	4	3	3	3	3	2	3	2	4	1	4	1	1	2	1	3	2	4	3	1	4	4	4	3	1	1	3	4	3	2	0	3	2	3	1	3	2	2	0	2
	bank	Banking	1	2	1	1	1	4	0	4	1	0	0	0	0	0	0	1	2	1	1	0	1	3	2	2	3	1	0	3	0	3	2	2	3	1	0	2	0	4	2	4	3	0	1	2	0	0	3	2
	bank	banking	4	1	1	4	4	4	4	4	4	4	3	4	4	4	4	4	4	4	2	2	2	1	2	2	2	2	3	3	3	3	2	2	2	3	4	3	4	4	4	2	4	4	4	4	3	4	2	4
	bank	banking	4	2	1	2	2	1	0	0	2	2	2	2	2	2	1	1	2	2	3	1	3	2	0	1	4	4	3	4	4	4	4	4	4	2	3	4	3	4	3	3	4	2	3	2	2	4	4	2
	bank	Banking	0	2	0	1	0	1	0	3	0	2	1	0	0	0	0	2	3	3	0	2	1	2	1	2	2	0	0	2	0	0	1	0	0	0	1	0	1	0	3	0	0	0	0	0	1	1	3	1
	bank	banking	4	0	0	1	1	0	3	0	4	4	4	2	1	3	2	2	2	1	2	3	2	4	2	2	4	2	0	2	2	2	2	2	3	1	2	2	3	3	3	3	2	1	2	2	3	2	3	1
	bank	Banking	2	0	0	0	0	0	0	0	0	0	0	0	0	0	0	0	0	0	0	0	0	2	0	0	0	0	0	0	3	0	1	0	2	0	3	0	3	0	0	0	3	3	3	3	3	3	3	3
	bank	banking	3	2	0	1	0	0	0	2	3	1	0	2	0	2	0	1	0	2	2	0	3	0	1	1	3	3	3	3	3	3	4	4	3	3	1	4	3	3	3	2	3	3	3	4	2	3	4	3
	bank	Banking studies	3	3	1	1	3	1	2	3	1	4	3	2	2	1	1	2	4	2	2	1	3	1	2	2	3	4	3	2	2	3	3	3	3	3	3	2	2	3	1	2	3	1	4	3	3	3	2	2
	bank	Banking	1	2	0	2	1	3	2	2	1	3	1	3	0	2	0	3	3	3	2	4	3	4	3	3	4	3	3	3	4	3	4	3	0	1	2	3	3	2	0	3	3	2	3	3	3	4	2	2
	bank	Banking	2	0	0	2	0	0	2	1	2	3	2	3	0	2	2	0	0	1	3	3	0	3	0	0	2	4	3	3	2	1	3	2	0	4	2	3	3	4	4	4	3	0	1	0	3	2	4	4
	bank technic	banking technical degree	4	1	0	1	0	1	1	0	1	1	1	2	1	2	2	0	1	2	2	2	1	2	1	1	4	2	2	1	2	1	1	2	1	3	3	1	4	3	2	2	4	4	4	4	4	4	4	4
	banker	banker	0	4	0	0	0	1	2	1	4	4	4	2	4	3	4	1	4	4	4	2	4	3	3	2	2	4	3	3	2	3	3	3	4	4	3	3	3	4	3	3	0	0	1	2	3	3	3	3
	barber	barbering	2	2	0	2	2	2	2	2	2	2	0	2	0	0	0	0	0	0	2	0	0	2	2	0	2	2	2	2	0	2	2	2	0	2	2	4	2	2	2	2	2	2	2	2	0	0	0	0
	basic	basics 	2	2	0	0	0	2	0	2	4	4	4	4	4	4	4	0	1	0	1	0	0	1	0	0	4	4	4	0	4	4	3	3	4	2	2	0	0	0	0	0	2	2	0	2	0	2	1	0
	basic cours	undergraduate basic courses	3	0	0	0	0	0	0	0	4	1	0	2	2	4	3	3	2	0	2	4	2	4	2	2	2	3	4	2	3	2	2	3	0	1	0	4	2	1	0	2	1	0	1	3	1	3	0	1
	basketbal	Basketball	0	1	1	2	1	0	1	1	0	2	1	1	0	1	0	0	2	4	2	4	2	4	4	4	3	3	2	4	4	3	4	2	0	1	1	0	3	1	4	4	0	2	2	2	2	2	2	1
	basketbal	Basketball	3	1	1	2	0	1	2	1	2	2	3	3	1	3	2	4	1	2	4	3	1	3	4	4	2	1	2	3	2	2	2	3	1	2	1	1	2	3	1	4	2	2	1	0	1	2	1	0
	basketbal	basketball	0	0	0	0	0	0	0	0	0	0	0	0	0	0	0	0	0	0	0	0	0	0	0	0	0	0	0	0	0	0	0	0	0	0	0	0	0	0	0	0	0	0	0	0	0	0	0	0
	batman	Batman	0	0	0	0	0	0	0	0	3	4	4	4	2	2	0	0	3	0	2	2	0	3	2	0	4	0	2	3	4	0	0	0	4	4	0	1	4	4	4	4	0	0	0	0	1	0	0	0
	bbit	BBIT	4	0	0	4	0	0	4	0	4	4	4	4	4	4	4	0	4	4	0	4	4	4	4	4	4	4	4	0	4	4	4	4	0	4	0	4	4	4	0	4	0	4	4	0	4	4	0	4
	bbit	BBIT	2	0	0	4	0	0	2	0	0	2	1	1	1	1	0	0	4	1	0	2	2	4	0	0	0	4	1	2	1	4	1	4	4	4	4	3	4	3	4	2	4	4	4	4	4	1	4	4
	bbm	Bbm	2	0	0	2	2	2	2	0	3	3	2	3	3	3	2	2	0	2	3	2	2	3	2	2	3	2	2	2	2	2	2	2	2	2	2	0	4	2	0	2	0	2	2	1	3	2	2	2
	bbm	BBM	2	1	0	3	1	3	2	1	3	4	3	0	3	2	1	2	4	2	3	3	3	4	3	2	3	4	3	2	3	4	4	2	4	1	4	2	4	4	2	3	3	2	1	3	1	3	2	3
	bbm	BBM	1	2	0	1	1	1	1	2	1	1	1	1	1	1	1	1	2	2	3	3	2	2	1	2	3	3	2	3	3	3	3	1	1	2	2	3	2	3	1	2	1	1	1	2	1	2	1	1
	bca	bca	4	0	4	4	0	0	4	0	4	0	1	4	0	0	0	0	0	0	4	4	0	3	4	0	4	4	4	4	4	4	4	4	4	0	4	0	4	4	4	4	4	2	4	4	4	4	4	4
	bca	bca	4	1	2	2	0	1	2	2	3	3	3	1	2	3	1	4	3	3	4	3	4	1	2	4	4	4	4	0	4	3	4	4	3	3	4	0	4	2	1	2	3	2	4	4	2	4	3	2
	bds	BDS	2	2	1	1	0	3	1	0	3	3	2	4	2	2	0	2	4	4	2	3	2	3	1	4	3	3	1	4	3	4	3	2	4	0	4	4	4	4	3	4	4	1	3	3	2	3	2	3
	bds	Bds	3	3	3	4	3	3	4	3	4	4	4	4	4	4	3	4	2	4	4	3	4	4	4	4	4	4	4	0	4	4	4	4	3	2	3	2	3	3	3	4	3	3	4	3	3	4	2	4
	beauti	beauty	0	1	0	1	2	0	1	0	2	0	1	2	2	0	2	0	1	2	2	1	3	2	3	2	3	4	2	1	4	3	4	4	0	4	2	4	1	4	4	4	2	1	1	2	0	0	1	1
	beauti	BEAUTY	0	0	0	0	0	0	0	0	0	4	4	0	0	0	0	0	0	0	0	0	0	0	0	0	0	0	4	0	0	0	4	4	0	4	0	0	0	4	4	4	0	0	0	0	0	0	0	0
	beauti	Beauty	0	0	0	0	0	0	0	0	3	2	2	0	1	1	0	0	0	0	0	0	0	0	0	0	1	2	3	0	3	0	0	0	0	1	0	2	0	0	0	0	0	0	0	0	0	0	0	0
	beauti	Beauty	0	1	0	1	1	1	1	1	3	1	2	2	2	1	2	1	0	1	2	1	1	1	0	3	2	2	1	2	1	1	1	1	1	1	1	3	2	1	1	1	1	1	1	1	1	1	1	1
	beauti	Beauty	0	0	0	0	0	0	0	0	0	2	2	1	1	0	0	0	0	1	2	0	1	0	0	0	2	1	0	0	0	2	4	2	0	1	0	4	0	4	0	0	1	0	0	1	0	0	0	0
	beauti suppli	beauty and supplies	2	0	0	2	0	0	0	0	3	4	4	3	1	3	0	0	1	1	4	2	0	2	4	2	2	4	2	2	4	4	4	4	2	1	3	4	1	4	4	4	3	1	1	3	1	3	2	2
	beautit	BEAUTITION 	0	3	0	0	1	1	0	3	2	3	2	0	2	3	1	0	2	0	4	2	1	2	0	1	2	0	4	1	2	3	2	0	2	0	2	4	2	4	2	3	3	2	3	1	1	1	3	0
	bece	BECE	4	0	0	0	0	0	0	0	2	2	2	4	2	2	2	0	2	4	4	4	4	2	0	2	2	4	4	2	4	4	2	4	0	0	0	4	0	4	0	2	0	0	0	0	0	0	0	0
	bece	BECE	3	1	1	2	1	0	1	1	4	3	3	4	3	3	3	2	2	2	3	4	4	4	3	3	3	3	4	3	4	3	4	4	2	1	2	3	2	2	2	3	1	1	1	2	1	1	1	1
	bee	BEE	3	4	2	3	2	3	3	3	3	3	3	2	2	4	4	3	2	3	3	3	4	3	3	4	3	2	2	2	4	3	3	3	4	1	1	3	3	4	4	4	2	1	3	3	4	3	4	4
	beed gene	BEED - GenEd	4	0	0	0	0	0	1	0	2	2	3	2	0	2	1	0	0	2	3	1	2	3	1	3	4	4	4	3	4	3	4	3	2	2	3	4	2	4	2	3	4	0	0	2	0	2	1	1
	behavaior	Behavaioral Science	2	0	0	0	0	0	0	0	4	4	4	4	4	4	4	0	0	0	0	4	0	0	4	0	4	2	4	4	4	4	4	4	0	4	0	4	0	4	0	0	0	2	4	4	0	4	0	4
	behaveri analysi	Behaverial analysis	0	0	0	0	0	0	0	0	2	0	0	0	0	0	0	0	0	0	0	0	0	0	0	0	1	0	2	0	2	0	0	0	1	0	0	0	0	0	0	0	1	0	0	0	0	0	0	0
	behavior	behavioral science	2	3	0	0	1	1	1	1	1	3	0	3	0	1	0	0	1	0	0	1	0	3	3	0	3	3	3	2	4	4	2	4	0	0	3	3	2	0	3	1	0	1	0	1	0	1	0	0
	behavior	Behavioral Science	4	0	0	0	0	0	0	0	4	4	4	0	0	4	0	0	0	0	1	0	4	0	0	0	0	4	0	4	0	2	3	3	0	0	0	0	0	0	0	0	0	0	0	0	0	0	0	0
	behavior	behavioral science	0	0	3	1	0	0	2	0	4	4	4	4	0	4	2	2	2	2	1	4	0	4	4	0	2	4	4	4	4	4	4	2	0	2	1	0	0	0	1	2	0	0	1	0	0	2	2	0
	behavior	behavioral science	1	1	1	1	0	1	1	1	2	4	4	3	3	4	3	3	1	2	2	2	2	2	1	2	2	2	3	2	2	1	2	2	0	1	2	0	2	1	2	1	1	1	1	1	2	2	2	0
	behavior	Behavioral Science 	0	0	0	0	0	0	0	0	4	2	4	2	4	2	3	0	0	3	2	2	3	2	0	2	4	4	4	2	4	2	2	3	0	2	2	2	2	2	0	2	0	2	0	1	0	0	2	0
	behavior	Behavioral Science	1	0	0	0	0	0	0	0	0	0	0	0	0	2	0	0	0	0	0	0	0	0	0	0	3	4	3	0	3	3	3	3	0	1	2	0	0	1	2	0	0	1	0	2	0	1	0	2
	behavior	Behavioral Science	1	0	0	1	0	0	0	0	4	2	3	4	4	2	4	2	2	0	2	2	0	4	1	0	3	4	4	3	4	4	4	4	0	1	0	1	2	1	0	0	0	1	1	2	2	2	0	0
	behavior	 Behavioral Sciences	0	0	0	0	0	0	0	0	2	2	2	1	2	2	1	0	1	2	2	3	3	2	0	0	4	4	3	2	3	1	4	2	1	1	2	0	2	1	3	0	0	0	0	0	0	2	0	0
	behavior	behavioral science	0	0	0	0	0	0	0	0	0	0	0	2	0	0	3	0	0	0	0	4	0	0	0	0	4	2	2	0	4	0	0	1	0	0	0	0	4	0	0	0	2	0	0	0	0	0	0	0
	behavior	Behavioral Science	2	0	0	0	0	0	0	0	2	4	4	0	0	4	0	0	0	0	0	0	4	0	0	0	2	4	3	3	2	0	4	3	0	0	0	0	2	0	0	0	0	0	0	2	2	2	0	0
	behavior	Behavioral science	2	1	0	1	1	3	1	0	3	3	3	2	1	3	1	3	4	2	3	4	4	4	1	1	4	2	4	1	3	1	4	1	1	3	1	3	1	4	1	1	0	3	0	2	1	2	0	3
	behavior	Behavioral science	2	2	1	0	1	1	3	2	4	3	2	3	2	1	3	2	0	0	1	2	2	1	3	2	4	4	4	3	4	3	4	4	0	3	1	1	2	1	1	2	2	2	2	1	2	2	2	2
	behavior	Behavioral Science	4	0	0	0	0	0	0	0	4	4	3	3	0	2	2	0	0	0	3	0	0	0	0	0	2	1	3	2	3	3	2	3	0	0	3	4	3	0	0	0	3	2	0	3	0	0	3	3
	behavior	Behavioral Science	2	0	0	1	1	1	1	1	3	1	1	3	2	1	2	2	1	2	1	3	2	1	2	3	4	2	3	3	4	3	4	3	1	1	3	2	2	2	1	1	2	1	1	4	1	2	2	1
	behavior	behavioral science	2	1	0	1	1	2	2	1	2	0	1	2	0	0	3	0	3	2	0	3	0	4	4	0	3	4	4	4	4	3	3	4	0	1	2	4	2	1	4	2	2	0	1	2	2	2	3	2
	behavior	Behavioral Science	2	3	0	2	1	2	1	1	1	4	3	1	3	3	1	0	3	3	3	3	4	4	0	3	4	4	3	3	3	3	3	1	0	0	3	4	2	4	0	4	0	0	1	2	0	2	0	1
	behavior	Behavioral Science	0	2	0	0	0	1	0	2	0	3	2	1	1	1	0	0	0	2	3	3	4	0	2	3	4	4	3	2	4	2	2	2	3	3	2	4	2	2	4	4	1	0	0	0	0	0	3	0
	behavior	Behavioral Science	1	1	0	0	0	1	0	0	2	2	2	3	2	3	3	2	3	3	3	4	2	2	3	3	3	3	3	4	2	2	3	2	2	0	1	2	3	0	1	1	2	0	1	1	2	0	0	1
	behavior	behavioral science, interdisciplinary studies	0	0	0	0	0	0	0	0	1	1	0	0	0	1	0	0	2	2	2	3	3	2	1	2	3	2	3	2	4	2	2	4	1	0	1	1	2	1	1	1	1	0	1	1	0	1	1	0
	behavior	Behavioral Science	0	0	0	0	0	0	0	0	0	0	0	0	0	0	0	0	1	1	1	1	1	1	1	1	3	3	0	1	3	3	3	0	0	0	1	0	3	0	2	0	0	0	0	0	3	2	0	0
	behavior	Behavioral Science	3	2	1	2	2	3	2	1	4	4	3	3	3	3	2	2	1	0	4	1	2	2	0	1	2	3	3	2	3	0	1	2	2	2	2	1	3	2	1	2	2	2	2	2	3	2	1	2
	behavior	Behavioral Science	2	0	1	2	0	1	0	1	2	2	2	2	2	1	1	1	0	2	2	2	1	2	1	1	2	2	3	0	4	2	4	0	0	0	1	0	1	0	1	1	0	2	1	0	2	1	1	1
	behavior	behavioral science	0	0	0	2	0	0	0	0	0	2	2	0	0	0	0	0	1	0	0	0	0	0	0	0	3	3	2	0	3	0	2	0	0	0	0	0	4	0	0	0	4	0	3	3	2	2	0	1
	behavior	behavioral science	1	1	1	1	1	0	1	1	4	2	2	4	3	2	3	1	0	0	2	3	3	2	3	1	3	4	3	4	3	2	1	2	2	2	2	2	3	2	2	1	1	1	2	2	2	3	2	2
	behavior	Behavioral Science	0	0	0	0	0	0	0	0	1	0	0	0	0	0	0	0	0	0	0	3	3	0	0	0	0	0	2	0	2	0	0	0	0	0	0	0	0	0	0	0	0	2	2	0	0	2	0	2
	behavior	Behavior Science	2	0	1	1	0	0	1	0	3	2	2	3	3	1	2	1	0	1	1	0	0	0	2	0	4	3	4	2	3	2	2	2	0	2	2	0	3	2	1	0	2	1	3	3	3	2	3	2
	behavior	Behavioral Science	1	1	1	2	0	1	1	1	3	3	2	3	3	2	3	1	2	2	2	2	2	2	3	1	4	4	4	4	4	3	3	4	2	1	2	1	2	2	3	2	2	3	3	2	2	2	2	2
	behavior	Behavioral Science	2	3	3	1	1	2	1	3	4	4	4	1	4	4	4	2	3	3	3	4	4	3	3	2	4	2	4	2	4	2	4	2	2	2	2	2	2	2	4	2	2	2	2	2	0	2	3	2
	behavior	Behavior Science	3	2	0	1	1	1	1	1	2	1	1	0	1	1	0	0	0	0	0	0	0	2	3	0	3	3	3	4	3	3	2	0	0	1	2	1	2	2	1	2	2	2	2	2	2	2	1	2
	behavior	Behavioral Science	0	0	0	0	0	0	0	0	3	1	0	0	0	2	0	0	3	3	3	3	4	1	0	4	3	4	0	1	3	3	1	4	0	0	2	0	3	0	0	0	0	0	0	0	0	0	0	0
	behavior	behavioral science	3	3	0	0	0	0	2	1	1	2	0	0	0	0	0	0	0	3	2	0	4	3	4	2	1	1	2	4	1	4	4	1	0	0	3	2	1	3	1	0	2	3	1	4	3	0	0	3
	behavior	behavioral science	0	0	0	0	0	0	0	0	2	3	0	0	1	4	0	2	1	2	3	2	4	2	0	0	2	3	4	1	4	0	0	0	0	0	1	1	0	0	0	0	2	0	0	2	0	0	0	0
	behavior	Behavioral Studies	2	0	0	1	0	0	1	1	2	0	1	2	2	1	1	0	1	1	1	2	1	2	1	1	4	3	3	3	4	4	4	3	1	1	2	1	2	2	1	2	1	2	2	3	2	1	2	2
	behavior	Behavioral Science 	0	0	1	1	1	0	1	1	2	1	1	1	1	1	2	1	1	1	1	1	2	1	1	1	3	3	4	1	4	3	1	3	1	1	1	2	1	1	1	2	1	1	1	1	1	1	1	1
	behavior	behavioral science	3	0	0	1	0	2	1	0	4	4	3	3	4	1	2	1	0	0	1	1	3	1	2	1	3	3	4	2	4	3	3	0	0	1	1	0	2	2	2	0	0	1	1	2	2	2	1	0
	behavior	Behavioral Science	0	0	0	0	0	0	0	0	2	2	3	3	2	4	3	3	0	3	4	0	4	2	3	0	4	3	4	3	4	0	2	1	2	3	3	3	4	4	4	3	3	0	1	3	0	2	1	2
	behavior	behavioral sciences	2	0	0	1	1	1	2	0	2	0	0	0	0	0	1	0	1	2	0	0	0	0	0	0	4	3	3	2	3	2	2	2	1	2	3	1	3	2	1	1	0	2	2	2	2	2	0	2
	behavior	Behavioral Sciences	2	4	0	2	0	4	1	4	3	4	0	0	0	3	1	1	1	0	4	3	3	3	2	1	3	4	4	4	4	4	4	3	0	3	3	1	3	3	1	1	3	1	3	4	1	4	3	3
	behavior	behavioral science	0	0	0	0	0	0	0	0	2	0	0	0	0	0	0	0	3	3	3	3	2	3	0	3	0	3	0	1	0	0	1	1	0	0	0	0	0	0	0	0	4	0	0	2	1	2	0	0
	behavior	Behavioral Science	2	0	0	1	0	0	0	0	1	0	0	4	0	0	0	0	1	0	0	0	0	0	0	0	4	4	4	2	4	0	3	4	0	0	0	0	2	0	3	0	4	0	4	0	0	0	2	2
	behavior	Behavioral Science	1	2	1	1	1	1	1	1	4	3	3	3	3	3	3	1	4	3	2	3	3	2	3	3	4	4	4	3	4	4	4	3	1	1	3	3	3	3	1	3	2	2	1	1	2	2	1	1
	behavior	Applied Behavioral Science	2	0	0	0	0	0	0	0	1	0	0	2	0	0	0	0	2	2	0	3	4	2	0	0	3	4	4	2	4	2	0	3	0	0	0	2	3	0	0	0	0	0	0	1	0	0	0	0
	behavior	Behavioral Science	2	2	2	1	1	2	2	3	4	4	4	1	4	3	3	2	2	3	3	4	4	3	3	2	3	2	4	2	4	2	4	2	1	2	2	2	2	2	4	1	2	2	2	2	0	2	3	1
	behavior	Behavioral Science 	0	0	2	0	0	0	0	0	4	4	4	0	0	4	2	4	0	0	0	4	2	4	4	0	4	4	4	4	4	4	4	4	0	0	0	0	0	0	0	0	0	0	0	0	0	0	2	0
	behavior	Behavioral Sciences	2	1	1	0	0	3	0	1	1	1	1	0	0	0	0	2	0	0	0	0	0	0	2	1	3	1	2	0	2	2	1	1	1	1	1	0	0	0	1	2	0	0	0	0	0	2	0	1
	behavior	Behavioral Science	3	1	0	2	1	1	2	1	3	3	3	2	2	2	1	1	1	2	3	0	1	3	3	2	3	3	3	4	3	3	3	2	3	3	3	3	3	3	2	1	3	3	2	3	2	3	3	3
	behavior	behavioral science	0	0	1	1	1	1	1	1	3	3	3	1	2	2	2	2	2	1	1	1	1	2	1	1	4	3	4	2	4	1	1	3	1	1	1	1	2	1	1	1	1	1	1	1	1	1	1	1
	behavior	behavioral science	3	4	3	3	3	3	4	1	4	0	4	3	2	0	4	2	1	3	4	1	3	2	2	3	2	3	1	2	3	4	3	3	2	3	4	3	3	1	0	0	4	4	4	2	1	3	0	0
	behavior	Applied Behavioral Science	2	0	0	0	0	2	0	0	1	4	3	0	0	4	0	0	0	2	0	1	0	0	0	0	3	3	3	3	3	3	2	0	0	3	2	1	2	3	1	2	0	2	1	0	0	2	0	2
	behavior	behavioral science	1	0	1	0	0	1	1	1	1	1	1	0	0	0	1	1	0	1	1	0	2	1	3	3	3	3	4	3	4	3	3	1	0	1	1	1	2	1	1	1	0	1	0	1	1	1	1	0
	behavior	Applied Behavioral Sciences	3	2	1	2	1	2	1	2	3	2	2	2	2	2	2	2	3	2	1	3	3	3	1	2	2	2	3	3	2	2	3	3	2	2	2	2	2	2	2	2	2	2	2	2	2	2	2	2
	behavior	behavioral science	3	2	0	2	2	1	2	2	2	2	2	2	2	2	2	1	0	0	2	2	2	2	0	2	0	4	2	0	2	2	0	1	1	2	2	2	0	2	1	2	4	4	4	2	4	4	4	2
	behavior	behavior science	2	2	1	2	1	2	1	1	4	2	1	3	2	1	2	1	2	2	3	2	3	2	2	1	3	4	4	3	4	3	2	4	1	3	2	3	3	2	2	2	1	3	2	2	1	0	1	2
	behavior	Behavioral Science	0	0	0	0	0	0	0	0	0	1	0	2	1	0	1	0	2	2	1	2	2	2	1	2	4	2	1	2	3	3	3	2	1	1	2	1	3	2	2	2	1	1	1	1	3	3	2	1
	behavior	Behavior Science	2	3	3	2	2	1	3	2	2	3	3	2	1	2	3	3	3	3	3	3	2	2	2	3	3	3	3	2	2	3	4	2	3	0	0	2	2	3	3	3	2	3	2	2	2	3	3	3
	behavior	behavioral science 	0	0	0	0	0	0	0	0	1	0	0	2	0	0	0	0	2	3	1	0	1	0	0	2	4	2	3	2	4	4	4	2	2	1	2	2	1	2	3	1	1	1	1	1	0	2	2	0
	behavior	Behavioral Science	0	0	0	0	1	0	0	0	0	2	0	3	3	0	2	0	1	3	2	1	0	0	0	4	4	4	2	0	4	0	2	4	4	3	4	4	3	3	3	1	4	0	4	4	1	2	3	3
	behavior analysi	Applied Behavior analysis	1	2	0	1	0	2	1	2	2	4	4	2	2	2	1	1	0	2	4	1	4	3	2	3	2	2	2	2	3	3	3	3	0	0	1	3	2	1	2	1	0	1	0	1	1	1	0	0
	behavior analysi	behavioral analysis	4	0	0	0	0	0	0	0	4	4	3	2	0	1	2	1	0	0	1	0	0	0	0	0	2	0	2	0	2	2	0	1	0	1	3	2	0	2	0	0	0	3	1	1	0	0	4	0
	behavior analysi	Applied behavior analysis 	3	0	0	1	0	4	0	0	3	0	4	3	2	2	2	0	1	0	2	1	1	1	3	0	1	4	0	2	0	0	3	2	0	2	1	2	0	0	0	3	2	3	4	4	4	4	2	2
	behavior anaylysi	behavior anaylysis	0	0	0	0	0	0	0	0	0	4	4	4	3	4	4	4	0	0	0	0	0	3	4	0	3	4	4	4	2	3	4	2	0	0	3	0	3	0	0	0	3	0	3	3	3	4	2	0
	behavior health	Behavior health sciences	2	1	0	1	0	0	0	1	1	1	1	1	2	0	1	1	2	2	3	2	3	2	1	2	4	3	4	2	4	3	3	3	0	1	1	1	4	2	2	2	1	1	1	1	0	0	1	1
	behavior health	Behavioral Health	1	0	0	0	0	0	0	0	0	0	0	0	0	0	0	0	2	0	0	0	0	0	0	0	3	2	4	0	3	0	0	2	0	0	0	0	0	0	0	0	0	0	0	0	0	0	0	0
	behavior health	Behavioral Health	0	0	0	0	0	0	0	0	4	3	1	0	0	1	0	1	0	1	2	1	3	2	1	2	2	4	4	3	4	4	4	2	1	3	1	1	1	2	2	2	0	0	0	0	0	0	0	0
	behavior health	behavioral health	0	0	3	0	0	2	0	0	4	4	4	0	0	4	0	0	0	0	0	0	0	2	4	0	0	1	4	3	4	3	4	0	0	0	0	0	0	0	0	0	0	0	0	0	0	0	0	0
	behavior health	Behavioral Health	2	0	1	1	1	0	0	1	4	2	1	2	2	1	0	2	1	0	1	1	0	0	0	0	4	4	4	1	4	1	4	4	1	1	2	2	2	1	1	1	4	1	2	2	1	0	2	1
	behavior health	Behavioral Health	0	0	0	0	0	0	0	0	1	2	2	3	3	2	2	0	0	1	0	0	0	0	0	0	1	3	4	2	4	1	3	2	0	0	1	0	0	0	0	0	0	0	0	0	0	0	0	0
	behavior health	Behavioral health	0	4	2	3	3	4	3	3	3	3	3	3	3	3	3	3	0	1	1	1	1	0	1	2	4	4	4	1	4	2	3	4	1	2	2	1	2	2	1	1	1	2	2	1	2	2	0	1
	behavior health	behavioral health	1	0	0	0	0	0	1	0	3	4	3	3	1	2	1	3	2	3	3	2	1	2	1	3	4	4	4	2	4	3	4	3	1	2	2	3	2	3	2	3	1	2	2	3	1	3	2	3
	behavior scienec	behavioral scienece	0	0	0	0	0	0	0	0	4	4	2	0	3	2	2	2	0	0	0	2	0	0	0	0	4	4	4	4	4	4	4	4	0	0	0	2	0	0	0	0	2	0	0	2	0	2	0	0
	behavior scienec	behavioral scienece	2	0	1	0	0	2	2	2	4	3	3	0	0	2	2	2	2	1	1	1	0	2	1	2	4	3	4	3	3	4	3	3	2	1	1	0	0	2	2	2	4	1	3	3	0	2	2	2
	behaviour	Behavioural Science	1	1	4	3	4	3	3	2	4	1	3	3	3	3	4	3	0	1	1	2	3	2	3	1	0	0	1	3	2	1	0	0	0	0	1	0	2	3	2	0	2	2	1	3	4	1	3	3
	behaviour	behavioural science	1	3	1	1	0	2	1	1	4	3	2	2	2	2	2	2	3	2	2	2	3	3	2	1	4	3	1	3	2	1	1	3	2	3	2	2	2	2	3	2	3	1	1	2	2	3	2	1
	behaviour	Behavioural Studies	2	0	0	0	0	0	0	0	1	1	1	1	1	1	1	0	1	1	1	1	1	1	1	1	3	3	3	4	4	4	4	4	2	2	2	2	2	2	2	2	1	2	1	3	2	1	2	2
	behaviour	BEHAVIOURAL STUDIES	0	0	0	0	0	0	0	0	3	3	3	1	1	3	1	2	3	3	2	3	4	4	1	2	3	4	4	2	4	3	4	4	2	2	3	3	3	2	2	3	1	0	0	0	0	0	0	0
	behaviour	Behavioural science	0	0	0	0	0	0	0	0	4	2	1	0	0	0	1	0	1	0	1	0	3	2	0	0	2	1	3	4	4	0	0	2	0	2	1	0	2	1	2	0	1	2	0	0	2	0	1	0
	behaviour	Behavioural Science	0	1	0	0	0	2	0	2	1	3	4	1	1	3	1	0	3	3	4	4	4	3	2	3	3	2	2	4	4	3	3	3	0	2	3	4	0	2	2	1	1	1	0	2	0	1	0	0
	behavir	Behaviral Science	4	2	0	2	0	3	3	3	3	2	3	4	4	3	4	2	1	1	1	2	2	4	0	1	2	4	4	4	4	4	4	4	0	2	1	1	2	1	2	2	3	2	4	4	4	4	0	4
	behavori	behavorial science	2	1	1	2	1	1	2	1	2	1	1	2	1	0	2	1	2	2	1	1	1	4	2	1	4	4	4	3	4	3	4	4	3	2	1	1	2	2	2	1	2	2	1	1	0	2	1	1
	behavori	Behavorial Science	2	0	0	0	0	0	0	0	2	0	2	2	2	0	2	0	0	0	2	2	2	0	0	2	4	4	4	3	4	2	3	4	0	2	2	0	4	2	0	0	4	3	3	4	3	2	2	4
	belleza	belleza	2	0	0	2	0	0	0	2	1	0	1	2	0	2	0	0	0	0	2	2	0	4	1	3	2	1	4	1	4	4	4	3	1	2	1	4	0	4	1	2	1	1	1	1	0	0	0	1
	belmont	belmont	0	0	0	0	0	0	0	0	0	0	4	0	0	4	0	4	4	4	4	4	4	4	4	4	4	2	2	0	0	0	4	4	0	4	0	4	0	4	2	4	0	0	0	0	0	2	0	0
	berkle	berklee	2	0	0	2	0	0	0	0	4	0	0	0	0	0	0	0	4	0	0	4	0	4	4	0	0	0	0	0	3	4	0	0	0	0	0	0	0	1	0	0	0	0	0	0	0	2	0	0
	betray	betray	4	4	4	4	4	4	4	4	4	4	4	4	4	4	4	4	4	4	4	4	4	4	4	4	4	4	4	4	4	4	4	4	4	4	4	4	4	4	4	4	4	4	4	4	4	4	4	4
	beuati	beuaty	2	0	0	2	0	0	0	0	3	3	3	2	0	2	2	0	0	0	3	2	0	3	3	0	3	0	3	2	3	4	2	4	1	1	2	4	0	4	0	2	1	1	1	1	0	1	1	0
	bgs	Bgs	0	0	0	1	0	0	1	1	3	2	3	3	3	1	3	0	0	0	1	0	3	1	1	1	2	3	2	3	3	2	2	2	1	1	2	1	3	1	2	1	3	1	2	2	3	3	3	2
	bheavior health	Bheavioral Health	3	3	0	0	0	1	2	0	2	0	0	0	0	0	1	0	3	2	3	3	2	3	0	2	2	3	3	3	4	4	4	3	2	3	2	2	0	2	0	2	1	2	2	1	1	3	0	1
	bhm	Bhm	3	2	4	3	3	4	3	3	4	4	4	4	4	4	4	3	2	3	4	2	4	4	4	3	4	3	3	3	3	3	3	4	3	3	4	3	4	4	2	4	3	2	3	3	2	2	2	4
	bhpe	BHPE	3	3	2	1	0	3	1	2	4	1	0	1	1	0	0	0	1	1	0	0	0	0	1	0	4	3	3	4	3	3	3	3	1	0	3	0	2	0	0	0	2	0	0	0	1	2	0	0
	bib	Bib;e	1	1	0	3	0	3	0	3	3	3	3	1	3	3	0	2	4	1	3	1	4	4	1	3	3	4	2	4	4	4	4	2	0	3	1	0	1	1	1	3	1	1	3	3	1	2	1	3
	bibl	Bible	1	1	0	1	1	3	1	1	1	3	1	2	2	3	1	1	1	1	3	3	2	3	3	3	1	1	0	3	2	1	0	0	0	0	3	3	3	3	1	3	1	0	0	1	1	0	1	1
	bibl	Bible	0	2	0	2	0	2	0	2	3	3	4	2	2	3	3	2	2	2	4	3	3	3	2	2	2	3	2	2	3	4	3	2	0	0	2	2	0	2	2	2	3	0	2	3	2	3	3	2
	bibl	bible	4	4	0	4	1	4	1	4	3	4	2	4	2	2	2	2	3	4	4	4	4	4	4	4	1	3	3	4	3	3	3	2	0	2	1	3	3	3	4	4	0	0	0	0	0	1	0	0
	bibl	Bible	1	1	0	0	0	1	0	0	2	2	1	2	1	1	0	0	2	2	0	2	4	1	1	2	3	4	3	2	4	3	3	3	0	1	1	0	1	0	2	0	1	1	0	1	0	0	0	0
	bibl	Bible	1	1	1	1	1	2	2	1	3	3	3	3	4	3	3	3	0	0	3	1	4	1	0	2	4	3	3	3	4	1	2	2	0	2	1	1	3	1	1	2	2	2	2	2	3	3	1	2
	bibl	Bible	0	0	2	0	0	0	0	0	2	1	2	2	0	0	2	0	0	2	0	2	2	0	2	0	2	2	1	3	3	2	0	0	2	0	1	0	2	0	3	0	0	0	0	0	0	0	0	0
	bibl	Bible	0	2	1	1	0	0	1	2	3	2	3	2	3	3	3	3	2	1	3	2	4	4	2	2	4	4	3	3	2	4	4	3	0	0	1	1	2	2	2	4	0	1	1	2	2	2	2	3
	bibl	Bible	2	3	3	1	1	2	1	2	3	2	2	3	2	3	1	3	2	3	3	4	4	3	4	3	2	2	2	2	2	0	1	0	3	2	0	2	3	2	2	2	0	1	0	0	0	1	1	0
	bibl	Bible	0	0	0	0	0	0	0	0	2	3	1	0	0	0	0	2	0	3	1	1	3	0	2	2	3	4	3	2	4	2	3	1	1	0	0	1	3	0	1	3	0	0	0	1	0	0	0	0
	bibl scoler	bible scoler 	0	0	0	1	0	0	0	3	4	2	2	1	0	1	0	1	4	2	2	4	1	2	0	1	2	1	2	2	3	2	3	3	1	2	0	4	0	2	3	2	0	0	0	1	0	1	2	1
	biblic	Biblical Studies	3	3	1	1	1	3	0	3	3	3	3	1	1	3	1	1	1	3	1	4	4	4	3	3	0	4	4	4	4	4	3	4	1	3	1	3	3	3	3	3	0	3	0	1	3	1	1	1
	biblic	Biblical Studies	0	0	1	0	0	2	0	0	4	3	4	3	4	4	2	4	3	4	3	3	4	4	2	3	4	4	4	2	4	2	3	2	1	0	4	1	3	1	3	1	0	1	1	0	1	1	0	0
	biblic	Biblical Studies	0	0	0	2	0	0	0	0	3	0	0	2	0	0	0	0	1	1	0	2	4	3	0	0	4	4	4	4	4	4	4	3	3	4	3	3	4	2	3	0	2	2	2	3	2	1	0	0
	biblic	biblical studies	0	0	0	0	0	0	0	0	0	4	2	0	2	2	0	0	4	4	2	4	4	4	2	2	4	4	2	4	2	2	4	2	0	0	4	2	0	2	2	2	2	0	0	0	0	0	0	0
	biblic	Biblical Studies	0	2	1	1	0	1	0	0	0	2	0	1	0	2	0	0	4	4	0	4	4	4	0	0	2	4	4	0	4	1	1	0	0	0	1	4	0	0	0	0	3	1	1	2	2	0	0	0
	biblic	Biblical Studies	2	0	0	0	0	0	0	0	2	0	0	0	0	0	0	0	0	0	0	0	0	4	0	0	2	0	0	2	2	3	2	2	0	0	0	1	4	2	3	0	3	2	2	2	3	4	4	3
	biblic	Biblical Studies	4	1	0	2	0	1	0	1	2	2	2	3	2	2	1	2	2	3	3	4	4	4	3	4	3	2	2	3	3	1	1	0	0	1	2	1	1	1	2	1	0	1	1	1	2	0	1	1
	biblic	Biblical Studies 	1	0	0	0	0	2	0	1	2	2	4	1	1	3	1	3	1	2	1	1	2	3	1	2	3	4	2	2	3	3	3	1	2	2	3	2	3	2	3	3	1	1	1	1	1	1	2	1
	biblic	BIBLICAL STUDIES	2	2	1	0	3	3	3	3	0	0	0	0	0	1	0	0	2	0	2	3	4	4	0	0	4	0	3	2	3	0	0	0	0	2	2	3	1	0	0	0	2	1	0	1	1	3	2	2
	biblic	Biblical Studies	0	0	0	0	0	0	0	0	1	0	1	0	0	0	0	0	0	1	0	0	2	2	0	0	3	4	3	0	3	2	3	4	0	0	1	0	2	0	0	1	2	1	2	2	1	1	0	1
	biblic	Biblical Studies	2	3	1	2	1	1	1	2	3	2	3	3	3	2	1	3	4	3	4	3	4	3	2	4	3	2	0	3	3	2	2	2	2	2	4	3	2	2	3	3	2	2	2	1	3	2	1	1
	biblic	Biblical Studies	0	0	0	0	0	3	0	1	3	2	2	4	3	3	3	0	2	4	4	2	3	2	3	3	4	0	3	2	4	1	3	2	0	0	1	3	1	0	3	3	0	0	1	1	0	2	1	0
	biblic	Biblical Studies	0	0	0	0	0	0	0	0	4	4	4	4	4	4	4	4	0	1	2	1	1	0	0	4	2	4	3	0	4	4	4	4	0	0	1	0	0	0	0	2	2	0	2	2	0	3	4	3
	biblic knowledg	Biblical Knowledge	0	0	0	0	0	0	0	0	1	0	0	0	0	0	1	2	3	2	1	3	3	2	0	2	4	3	2	1	3	1	2	0	0	0	0	0	0	0	1	0	0	1	0	2	1	1	0	1
	big data	Big data	0	0	0	0	0	0	0	0	0	1	3	0	0	2	0	2	3	4	3	4	4	3	4	2	3	2	2	1	3	2	0	2	0	1	3	1	1	0	1	4	0	0	1	0	1	0	1	0
	bilingu	Bilingual studies	2	1	1	2	1	1	2	1	1	1	1	1	1	1	1	2	3	3	3	3	2	3	2	3	3	3	3	2	3	3	3	2	3	2	2	1	3	3	2	2	2	2	2	2	2	2	2	2
	bill code	billing and coding	2	0	0	0	0	0	4	4	0	2	0	0	0	0	0	0	0	0	2	1	2	1	0	2	2	4	3	0	3	3	3	4	0	3	3	0	2	3	1	4	3	3	1	2	0	2	2	3
	billionar	Billionare	4	0	0	4	2	0	0	0	0	4	0	4	0	4	0	4	4	4	4	4	4	4	4	4	4	4	4	4	4	4	4	0	4	4	4	4	4	4	4	4	4	4	4	4	4	4	2	2
	biobehavior health	biobehavioral health	1	0	0	0	0	0	0	0	4	3	1	2	2	0	0	0	0	0	2	0	0	0	0	0	3	3	4	4	4	0	1	1	0	0	0	2	3	0	1	0	2	1	0	1	0	0	0	0
	biocemistri	biocemistry	2	0	0	0	0	0	0	0	3	1	0	2	2	0	2	0	0	0	0	0	0	0	0	0	3	0	2	0	2	1	0	0	1	0	0	2	3	0	2	0	2	1	0	2	0	0	0	0
	biodivers	Biodiversity	2	1	1	0	0	2	1	2	3	4	3	1	2	3	2	2	4	2	4	3	2	4	2	2	4	4	4	3	4	4	4	4	0	0	4	4	4	2	0	3	3	2	4	4	3	2	3	3
	bioengen	Bioengeneering 	3	3	1	3	3	1	3	2	4	4	4	4	4	4	4	4	4	2	4	4	4	4	4	4	1	3	1	3	1	0	1	1	0	1	3	3	2	0	1	1	1	3	2	0	3	2	1	1
	bioengin	bioengineering	3	0	0	3	0	1	0	0	3	4	4	4	4	4	4	3	3	3	4	4	4	4	4	3	3	4	3	3	3	1	3	2	0	0	0	0	3	0	1	0	0	1	0	1	3	3	0	0
	bioengin	Bioengineering	3	1	1	0	0	4	3	0	1	3	2	4	2	3	2	0	0	1	2	2	3	4	0	0	4	4	4	3	3	2	2	3	3	2	3	3	3	3	2	3	0	2	0	0	0	1	0	1
	bioengin	Bioengineering	1	0	0	0	0	0	0	2	3	0	0	4	0	1	1	0	0	0	2	4	0	1	2	0	3	4	2	4	3	0	0	4	3	0	0	0	3	0	1	0	0	0	0	0	0	0	0	0
	bioengin	Bioengineering	2	2	1	4	3	2	2	2	3	2	3	4	3	3	3	3	1	1	3	1	3	2	0	3	3	2	2	3	1	2	3	1	2	0	1	0	3	1	2	4	1	3	3	2	3	2	1	2
	bioengin	Bioengineering	0	2	0	3	0	2	0	3	4	0	1	3	3	1	3	0	0	0	3	2	4	2	3	4	4	4	3	3	4	4	4	4	3	3	3	1	4	3	4	2	0	0	2	0	1	0	2	2
	bioengin	bioengineering	3	3	0	3	1	2	3	0	4	1	1	4	4	0	4	0	3	0	0	1	4	3	0	0	1	0	2	0	2	0	0	0	1	0	1	0	3	1	0	0	3	0	3	2	1	3	1	1
	bioengin	Bioengineering	3	0	0	0	0	0	1	0	4	4	4	4	4	2	4	0	1	1	0	1	1	1	1	0	2	4	3	2	2	3	2	2	1	1	3	1	3	1	0	3	1	1	1	2	3	1	0	1
	bioengin	bioengineering	1	2	0	1	1	2	2	0	3	3	3	4	4	3	3	3	2	3	1	0	1	4	0	3	4	4	1	2	1	3	2	2	0	1	2	1	3	1	0	2	0	0	1	2	4	3	0	1
	bioengin	Bioengineering 	2	2	1	1	0	0	0	0	4	4	4	4	4	3	3	2	4	2	3	4	3	4	2	1	4	3	2	4	1	0	1	0	0	0	0	0	1	0	0	0	0	0	0	0	2	2	0	0
	bioengin	bioengineering	2	0	0	3	1	1	1	0	3	2	3	3	3	2	3	0	1	0	0	0	2	1	0	0	1	3	2	0	3	2	1	2	2	1	2	0	2	2	1	1	2	2	2	2	3	4	3	2
	bioengin	bioengineering	2	2	2	4	3	4	2	1	4	3	4	4	4	4	4	4	0	0	4	3	1	4	3	4	2	4	3	0	2	0	1	0	1	4	2	2	3	4	2	2	2	3	3	3	4	4	1	3
	bioengin	Bioengineering 	3	3	2	0	1	1	2	3	4	4	3	4	1	4	2	1	1	3	4	4	3	4	4	2	2	4	4	4	4	4	4	4	3	3	2	4	3	4	2	4	1	4	1	1	1	4	0	2
	bioengin	Bioengineering 	2	0	0	1	0	1	1	4	4	4	4	4	4	4	4	2	1	0	0	2	0	4	1	1	1	1	1	2	0	0	1	2	0	0	1	1	4	1	1	2	0	2	1	1	1	1	1	1
	bioengin	Bioengineering	0	1	0	1	1	1	1	0	4	2	3	2	3	3	3	1	2	2	3	2	3	3	3	2	3	3	3	4	3	2	2	1	1	1	0	1	1	1	0	0	0	0	0	0	0	2	0	0
	bioengin	Bioengineering	2	3	0	4	0	3	1	3	3	4	4	4	4	4	4	3	2	2	4	4	4	2	3	4	4	3	3	3	4	3	4	2	1	1	2	1	1	1	0	2	0	0	0	0	2	2	2	0
	bioengin	Bioengineering	0	0	0	0	0	0	0	0	1	3	3	0	2	3	2	1	3	1	1	1	0	2	0	0	0	0	0	0	0	0	0	0	0	0	0	0	0	0	0	0	0	0	0	0	0	0	0	0
	bioengin	Bioengineering	2	0	2	0	0	0	0	0	4	3	4	4	4	4	3	3	1	3	0	0	4	1	3	1	4	4	4	4	4	4	4	4	1	3	3	1	4	1	3	4	0	1	0	2	1	1	2	0
	bioengin	Bioengineering 	2	1	1	1	2	1	1	2	4	4	4	4	4	4	4	4	0	1	2	2	4	4	0	3	1	3	0	0	0	0	1	2	0	0	0	0	0	0	0	1	2	2	2	2	2	3	0	2
	bioengin	bioengineering	1	2	2	2	2	2	2	2	3	3	4	3	4	3	4	3	0	2	2	1	3	2	3	2	2	2	2	1	2	3	2	2	0	0	2	0	1	2	0	2	0	1	2	2	3	2	2	2
	bioengin	bioengineering	1	0	0	2	0	2	0	1	4	3	4	3	3	3	3	2	0	0	1	0	0	0	0	1	1	4	4	1	2	1	2	1	0	1	1	0	2	1	1	1	1	0	1	0	3	2	1	1
	bioengin	bioengineering	4	4	4	4	4	4	2	4	4	4	4	4	4	4	4	4	4	4	4	4	4	4	4	4	4	4	4	4	4	2	4	4	4	4	4	4	4	2	2	4	4	4	4	4	4	4	4	4
	bioengin	Bioengineering	4	2	1	4	3	1	4	3	4	4	4	3	3	2	3	4	0	1	0	0	0	0	0	0	0	0	0	0	0	0	0	0	0	0	0	0	3	0	0	0	3	4	4	3	4	4	3	4
	bioengineer	Bioengineere	2	2	2	3	2	3	2	3	3	3	3	2	2	2	2	2	3	1	3	2	1	4	2	3	0	3	3	4	2	3	1	2	0	1	1	1	3	4	0	3	2	0	0	0	3	2	3	2
	biogoli	biogoly	3	0	1	1	1	1	1	1	4	0	0	4	3	1	4	0	1	3	1	2	2	2	1	3	3	3	2	2	3	3	2	4	2	1	2	4	3	3	3	3	3	1	3	3	1	1	2	2
	biohealth	Biohealth	1	0	1	2	1	0	1	0	4	4	3	3	3	4	4	3	4	4	0	4	4	4	2	1	3	4	1	0	2	3	3	2	3	4	3	1	4	4	1	1	1	3	4	1	4	3	1	3
	bioindustri	bioindustry	0	0	0	0	0	0	0	0	0	0	0	0	0	0	0	0	3	3	1	1	3	1	0	1	4	4	1	3	4	1	0	0	1	0	0	3	1	2	3	0	0	0	0	0	0	3	0	0
	biolagi	Biolagy 	0	0	0	0	2	0	0	0	2	2	2	0	4	2	2	0	4	4	0	4	4	4	0	4	0	4	0	2	2	4	4	2	0	0	0	0	0	0	0	4	0	0	0	0	0	0	0	0
	biolagi	biolagy	2	0	0	4	0	0	0	0	4	4	4	0	4	2	4	2	4	2	2	4	2	4	2	4	2	4	2	2	0	0	0	2	0	0	0	0	0	0	2	0	0	0	2	0	0	0	0	2
	biolgi	Biolgy	2	0	0	0	0	0	0	0	4	4	4	3	3	4	3	2	0	0	0	0	3	1	0	0	2	3	2	0	2	1	2	1	3	2	2	1	1	1	0	2	0	0	0	0	0	0	0	0
	biolobi	Bioloby	0	3	2	0	0	3	0	2	4	4	4	3	4	4	4	3	0	0	4	2	2	2	0	4	2	4	2	2	1	1	3	1	0	0	0	0	0	0	0	0	0	0	0	0	0	0	0	0
	bioloy	Bioloy	4	1	0	1	0	2	0	2	3	4	4	1	3	0	3	0	0	1	1	0	0	0	2	0	0	1	0	1	0	2	0	1	0	0	0	3	3	0	0	1	0	1	0	0	0	0	0	0
	biomath	biomath	0	1	0	0	0	0	0	0	4	4	0	1	0	4	1	1	0	0	0	0	0	1	0	0	3	3	0	1	2	1	1	0	0	0	0	0	0	0	1	1	0	0	0	0	0	3	0	0
	biomechan	biomechanics	2	3	1	4	2	4	3	4	4	4	2	4	4	4	4	2	0	2	3	2	3	2	1	4	0	0	0	2	2	3	1	3	0	3	2	1	4	3	1	4	0	3	2	2	4	3	0	1
	biomechatron engin	Biomechatronics, engineering.	4	4	4	4	3	3	4	3	4	4	4	4	4	4	4	4	4	2	4	4	3	4	0	4	4	2	4	4	2	4	4	4	3	2	4	0	4	1	4	2	2	4	2	4	4	4	2	3
	biomimet	Biomimetics	3	1	2	4	3	2	3	1	4	3	4	3	4	3	3	3	3	3	2	4	2	4	4	3	3	2	1	2	2	1	1	1	2	1	1	1	2	0	2	2	2	3	3	2	1	2	2	1
	biomolecular	Biomolecular Science	3	1	2	2	0	2	2	1	3	4	4	3	4	3	4	3	4	2	2	4	4	4	2	1	3	3	2	2	3	3	3	0	0	0	1	0	0	0	1	2	0	2	2	1	0	3	1	1
	biomolecular	Biomolecular science	0	0	1	0	1	0	1	0	3	0	4	4	3	1	3	2	2	1	3	3	3	3	0	3	2	1	2	2	1	3	3	0	1	2	2	3	3	2	0	0	0	3	1	2	0	1	0	2
	bioogi	bioogy	1	0	4	0	2	1	0	1	4	3	1	4	4	2	4	2	0	0	0	0	0	1	3	0	0	0	0	4	0	0	0	1	2	0	0	0	0	0	3	0	1	0	0	0	0	0	0	0
	biopharmacuet	Biopharmacuetical	2	2	2	2	2	2	4	2	3	2	2	3	2	2	4	2	2	2	2	2	2	2	2	2	2	2	2	2	2	2	2	2	2	2	2	2	2	2	2	2	2	2	3	3	2	3	2	2
	biophys	Biophysics	1	3	2	2	2	1	1	1	4	2	2	4	3	3	3	3	0	0	3	0	0	2	0	3	3	1	1	0	3	4	1	0	0	0	1	0	3	0	0	0	2	1	1	0	3	3	0	0
	biophys	Biophysics	4	0	0	4	0	4	0	0	4	4	4	4	4	2	4	0	4	4	4	2	4	4	0	4	4	4	4	4	4	4	4	3	2	0	0	0	4	0	0	0	0	0	2	0	3	2	0	0
	biophys	biophysics	2	3	0	3	1	1	3	3	4	4	4	4	4	4	3	4	3	4	4	1	3	4	2	4	4	4	2	3	3	2	0	3	1	2	3	2	3	2	1	3	3	0	2	0	3	3	0	0
	biophys	Biophysics	2	1	0	1	0	2	0	2	4	4	4	4	4	4	4	4	0	0	0	2	2	4	0	2	2	1	0	1	1	2	2	0	0	0	0	0	0	0	0	0	0	0	0	0	0	2	0	0
	bioresourc engin	Bioresource Engineering	2	2	3	2	1	1	2	2	2	3	3	3	3	3	3	3	1	1	1	1	2	1	1	2	3	1	0	1	1	1	0	1	3	0	3	0	3	0	2	1	3	1	2	1	3	1	1	0
	bioscienc	bioscience	2	1	0	2	0	2	1	0	2	3	3	3	3	3	2	3	1	2	4	2	2	2	1	3	3	2	1	2	1	1	1	1	2	2	2	2	2	2	2	2	2	2	3	3	2	3	2	2
	bioscienc	Bioscience 	3	3	3	4	1	3	2	3	3	3	2	3	2	3	3	3	0	0	0	1	1	2	2	1	2	2	1	1	1	1	1	1	0	0	2	0	2	1	0	1	2	3	3	2	2	2	1	2
	bioscienc	biosciences	4	0	1	3	0	1	3	0	4	3	3	4	4	4	3	0	0	3	4	4	4	2	2	4	4	1	2	2	4	1	2	0	2	2	2	2	2	3	0	2	3	2	2	1	4	3	0	1
	bioscienc	Bioscience	1	2	0	3	0	2	2	1	3	4	4	4	4	4	3	3	3	3	3	2	3	3	0	2	4	2	4	0	1	0	1	0	1	0	2	0	1	0	0	0	0	0	2	0	3	3	1	0
	bioscienc	biosciences	1	1	0	0	0	0	0	0	4	3	3	4	4	2	3	3	4	4	3	4	4	4	0	4	4	3	4	4	4	3	2	3	3	1	4	3	1	3	3	2	0	0	0	1	1	1	0	0
	bioscienc engin	Bioscience Engineering	1	2	2	2	0	3	0	1	4	4	4	3	4	4	4	4	2	3	3	3	3	4	2	3	2	3	2	2	3	4	4	3	1	1	2	0	1	1	0	1	0	0	2	0	0	1	0	0
	biosystem engien	Biosystems Engienering	2	1	0	2	1	1	1	1	2	2	3	2	2	2	3	3	0	0	1	2	1	2	0	0	0	1	0	1	0	0	0	0	0	1	0	0	0	0	0	0	1	0	1	0	3	3	1	1
	biosystem engin	biosystem engineering	3	2	2	1	1	1	2	0	4	4	4	3	3	4	3	0	2	2	2	3	4	1	0	2	3	4	4	3	4	3	4	4	3	2	1	2	1	2	0	2	2	2	1	1	2	2	0	0
	biotech	Biotech	0	0	0	0	0	0	0	0	4	2	3	4	4	4	3	3	0	0	1	0	2	3	0	0	4	4	4	2	4	2	4	4	3	0	0	0	2	2	2	0	2	0	4	3	4	0	2	2
	biotech	Biotech	0	0	0	0	0	0	0	2	4	3	4	4	4	4	4	4	2	2	3	4	4	4	4	3	1	2	3	2	4	2	4	1	0	0	2	1	3	0	0	0	0	0	0	0	1	1	0	0
	biotech	biotech	0	0	1	1	1	1	1	1	3	3	4	4	3	3	3	3	1	4	4	1	2	2	1	3	1	3	3	1	3	3	4	3	1	3	3	2	2	3	2	2	2	4	2	2	2	3	1	2
	biotech	Biotech 	2	0	4	3	1	3	3	1	4	3	3	4	3	3	3	3	3	0	2	0	0	3	0	1	0	4	3	0	0	0	1	0	4	0	3	0	4	3	3	3	1	1	0	1	0	0	1	1
	biotech	biotech	2	2	1	2	2	2	2	2	3	2	3	4	3	2	3	2	2	1	3	3	2	3	3	3	2	3	2	4	2	1	2	2	1	2	2	2	2	2	1	1	1	2	1	2	1	2	1	1
	biotech	Biotech	3	0	0	1	1	1	1	0	4	4	4	4	4	3	4	2	4	4	3	4	3	4	2	3	3	4	3	2	3	3	2	3	3	2	3	3	2	3	3	3	1	2	1	1	0	1	2	2
	biotech	biotech	2	3	0	4	2	1	2	0	2	2	2	2	4	1	2	3	0	3	3	3	4	2	3	4	0	1	0	3	2	3	3	0	1	3	4	4	2	3	3	3	0	2	3	2	1	4	1	0
	biotech engin	Biotech engineering	3	1	1	2	0	0	0	1	1	2	1	1	1	1	1	0	1	2	2	1	2	2	0	2	2	2	2	3	3	3	3	2	2	0	2	2	3	2	0	3	2	0	1	2	2	2	1	2
	biotechnolgi	biotechnolgy	2	0	0	0	1	1	2	0	3	2	2	3	4	1	4	0	0	2	2	0	2	1	0	1	1	2	0	0	1	2	1	1	1	1	0	0	1	1	0	1	1	0	0	1	1	1	0	0
	biotechnolog engen	biotechnology engeneering	3	2	1	3	2	3	2	2	3	3	3	3	3	3	4	3	1	3	3	3	3	4	4	3	3	3	3	3	3	3	3	3	1	2	3	2	3	3	3	4	1	2	2	2	3	3	3	2
	biotechnolog engin	biotechnology engineering	0	0	1	2	1	1	1	1	2	2	4	1	2	2	4	1	1	2	2	1	1	2	1	1	4	1	1	2	1	2	2	1	1	1	1	1	1	1	2	1	0	1	1	1	1	2	1	1
	biotechnolog engin	Biotechnology engineer	2	2	1	2	1	2	1	2	4	3	4	4	4	4	4	3	3	4	4	3	4	4	3	4	3	3	3	3	3	4	4	1	2	1	2	1	3	2	1	3	2	2	2	2	4	4	1	3
	biotechnolog engin	biotechnology engineering	2	4	0	0	0	0	2	1	4	3	4	2	3	3	4	3	2	3	3	3	2	3	0	4	4	4	4	3	4	1	3	0	1	0	3	3	3	3	2	3	2	2	3	3	4	4	3	4
	biotechnolog engin	Biotechnology Engineering	2	2	2	1	1	4	2	0	3	4	1	2	1	3	2	2	4	4	4	2	3	4	4	4	3	3	2	2	3	3	4	0	2	1	2	1	4	2	1	4	0	0	0	1	1	2	1	2
	biotechnolog engin	Biotechnology engineering	2	0	1	3	1	3	0	1	3	3	2	3	2	1	2	0	1	2	2	2	2	2	1	2	4	3	3	2	3	3	3	2	2	1	3	2	3	2	3	3	2	1	2	2	2	0	2	2
	biotechnolog engin	biotechnology engineering	4	2	1	2	0	2	2	1	2	4	1	2	2	2	2	1	4	4	4	4	2	4	1	4	4	4	4	4	4	2	2	4	4	2	1	2	4	4	1	1	0	2	0	1	4	2	1	2
	biotecnolog	Biotecnology	3	0	0	2	0	2	2	0	3	3	3	4	4	2	4	3	3	2	1	4	3	4	2	2	2	2	2	2	2	1	3	2	0	0	1	0	2	0	0	1	0	1	0	0	3	2	1	2
	biotecnologia	biotecnologia	2	0	1	0	0	0	0	0	2	0	3	2	3	0	3	0	0	0	3	2	4	0	0	0	2	3	4	0	2	0	3	3	0	1	2	3	0	0	0	0	0	1	0	0	0	0	0	0
	bioyechnolog	Bioyechnology	0	1	0	0	0	0	2	3	4	4	2	3	2	0	2	2	0	0	2	0	2	0	1	1	0	2	1	3	2	0	2	2	1	2	4	1	0	4	1	2	3	1	2	4	0	0	2	3
	bis	BIS	2	1	0	1	0	0	1	2	1	0	0	1	0	0	2	2	0	2	4	3	3	0	3	3	4	3	3	1	4	3	4	1	4	2	4	1	4	4	4	4	4	3	4	4	4	4	4	4
	bis	bisness	4	2	3	3	3	3	3	2	4	4	4	3	4	4	3	2	2	4	3	2	3	3	3	2	2	3	3	3	4	3	4	3	1	3	3	4	3	3	1	2	2	3	3	4	3	3	1	2
	bis	BIS	2	2	2	1	1	0	1	1	3	0	0	3	0	0	0	0	1	3	1	2	4	3	1	0	2	4	3	4	3	3	4	3	3	1	1	2	3	0	3	0	3	1	2	2	1	2	2	1
	bisi	bisiness	0	0	0	0	0	2	0	1	0	4	0	0	0	4	0	0	0	0	4	0	0	0	0	4	2	4	1	3	4	2	2	4	0	3	2	0	0	2	2	2	0	0	0	0	0	2	2	2
	bisi	bisiness	2	1	1	1	0	2	0	3	3	3	3	2	1	3	3	0	4	3	3	1	1	3	3	2	3	4	3	2	3	2	2	2	2	2	2	3	3	2	3	1	2	2	0	2	0	1	1	1
	bisn	bisnes	2	2	0	0	0	0	1	0	3	0	0	4	4	1	3	0	3	3	0	3	0	3	0	1	2	2	0	2	2	2	3	1	4	3	4	4	4	4	2	4	2	2	4	3	3	1	4	2
	biss	Bissness 	2	1	1	3	2	0	0	0	0	0	0	2	0	0	0	0	0	0	2	0	0	0	0	0	2	0	2	2	2	2	0	0	1	1	2	4	0	4	0	4	3	2	3	2	0	2	0	0
	bite	bite	0	0	0	0	0	0	0	0	0	0	0	0	0	0	0	0	0	0	0	0	0	0	0	0	0	0	0	0	0	0	0	0	0	0	0	0	0	0	0	0	0	0	0	0	0	0	0	0
	bjilog	bjilogy	0	0	0	0	0	0	0	0	1	0	0	0	0	1	0	0	0	0	0	0	3	3	0	2	0	4	4	4	4	3	3	4	0	0	0	0	0	0	0	0	0	0	0	0	0	0	0	0
	black	Black Studies	1	2	0	2	0	1	0	1	3	3	2	3	0	1	0	2	2	1	4	4	3	3	0	3	4	3	3	1	3	3	3	3	0	0	0	0	2	1	3	2	0	2	2	0	0	3	1	0
	blah	blah	0	3	3	2	1	2	2	0	1	0	3	4	1	4	2	0	1	0	3	4	2	4	2	0	2	0	2	4	3	4	1	1	2	0	2	4	1	4	0	2	2	0	2	2	2	3	0	3
	blis	BLIS	3	4	0	1	1	0	1	2	3	4	4	2	2	4	2	0	4	1	2	4	1	4	0	3	1	4	3	1	3	1	4	4	0	0	0	0	0	3	0	2	1	3	3	4	4	2	0	4
	bm	bm	2	0	0	2	0	2	2	0	1	0	0	0	0	0	1	1	3	3	2	2	2	3	2	3	4	2	0	2	4	3	3	1	3	3	3	3	4	4	2	3	3	3	2	3	2	2	3	3
	bm	BM	4	2	2	2	2	2	2	2	2	2	4	2	2	2	2	2	3	4	4	4	3	2	4	2	4	3	2	4	3	2	4	2	0	2	2	2	4	2	2	0	2	2	2	2	2	2	2	2
	bmcc	BMCC	4	4	4	4	4	4	4	4	4	4	4	4	4	4	4	4	4	4	4	4	4	4	4	4	4	4	4	4	4	4	4	4	4	4	4	4	4	4	4	4	4	4	4	4	4	4	4	4
	board area social	Board Area Social Studies	1	1	1	1	1	3	1	2	1	1	1	1	1	1	1	1	1	2	1	1	2	2	0	1	3	4	2	2	3	1	1	3	2	3	2	2	2	2	3	2	0	2	1	1	1	1	2	1
	bom	BOM	2	2	0	3	2	3	2	2	3	3	2	3	2	3	2	4	3	3	3	3	3	4	3	3	4	3	2	3	3	4	3	2	1	2	3	3	3	4	4	2	1	3	1	2	1	2	2	2
	bookkeep	 bookkeeper	2	2	2	1	2	2	0	0	3	3	3	3	2	3	2	2	2	2	2	3	2	1	2	3	1	3	1	2	2	0	2	1	2	2	2	3	1	0	1	2	2	2	1	1	1	0	2	2
	bookkeep	Bookkeeping	0	0	0	0	0	1	0	0	1	3	0	0	0	0	0	0	3	1	1	3	3	3	3	0	4	3	4	3	4	1	1	1	1	3	3	1	3	3	3	3	4	1	3	4	3	3	3	3
	botoni	Botony	2	1	1	2	1	1	2	1	3	4	4	2	4	4	3	1	1	1	1	1	1	1	1	1	2	1	1	1	1	1	0	1	2	2	1	1	2	2	2	1	2	2	2	2	3	2	2	2
	botoni	botony	2	1	1	2	0	1	1	1	3	4	4	2	3	4	4	1	1	1	1	1	1	2	1	1	2	1	1	2	1	3	0	1	2	2	1	1	2	2	1	1	2	2	3	2	3	2	1	2
	bpa	bpa	2	0	0	1	0	0	1	0	2	3	4	1	0	2	1	0	0	3	4	1	1	2	1	3	2	3	3	1	3	1	2	2	1	1	3	3	2	3	2	1	1	1	1	3	0	2	1	2
	bra	bra	0	0	2	1	0	0	0	1	1	1	1	1	0	1	1	1	2	3	3	3	3	3	4	4	3	4	3	4	3	3	3	2	2	2	2	2	3	2	2	1	0	0	0	0	0	0	0	0
	brand	branding	4	2	0	3	1	1	3	2	4	0	0	0	0	1	2	3	0	0	4	0	1	4	0	1	2	2	0	4	3	2	2	1	4	0	2	0	0	2	3	4	0	2	1	1	1	1	0	1
	brand	Branding	1	0	0	0	0	0	1	2	3	3	3	3	2	3	1	3	4	4	4	4	4	4	4	4	4	3	0	4	4	3	2	2	1	3	4	2	4	2	4	4	0	0	0	0	2	2	0	0
	brew distil	brewing and distilling	3	2	2	3	3	2	0	2	3	3	1	2	1	2	1	3	0	1	0	0	0	2	2	0	1	0	0	2	1	0	0	0	2	3	1	0	3	2	3	2	0	0	0	1	3	3	1	0
	brian surgent	brian surgent	2	3	2	4	2	3	2	3	2	3	3	0	2	2	2	2	1	2	3	3	2	2	4	2	2	2	2	3	2	2	2	2	2	3	3	4	3	4	4	4	1	3	2	2	2	2	2	2
	british american	British and American Studies	0	0	0	0	0	0	0	0	2	2	2	2	2	2	2	2	4	4	2	4	4	4	0	2	4	4	4	2	4	4	4	4	0	0	2	2	0	2	0	2	0	0	0	2	0	0	0	0
	broadcast	broadcasting	4	4	2	4	4	1	4	3	3	0	0	2	0	0	0	2	0	4	4	1	4	3	4	4	4	4	4	4	4	4	3	3	1	4	4	4	4	4	4	4	0	4	0	4	0	0	0	1
	broadcast	broadcasting	2	0	0	0	0	0	0	0	2	0	0	0	0	0	0	2	0	2	4	4	2	0	4	2	0	0	0	0	0	0	1	0	0	1	0	0	0	4	2	4	0	0	0	0	0	0	0	0
	broadcast	Broadcasting	2	0	0	2	0	1	0	0	0	1	0	2	1	0	1	0	2	0	0	1	1	4	0	0	4	3	2	2	2	0	1	1	0	1	1	0	3	1	2	1	1	1	2	2	4	4	2	2
	broadcast	Broadcasting	0	0	0	0	0	0	0	0	0	2	0	0	0	0	0	0	2	4	4	4	4	4	4	4	2	4	2	0	3	4	4	4	0	2	2	0	0	0	0	4	0	0	0	0	0	0	0	0
	broadcast	Broadcasting	1	1	0	1	1	0	1	1	0	0	0	1	0	0	0	0	3	4	2	3	3	3	3	3	2	1	2	0	2	3	3	2	3	3	3	3	2	3	3	3	2	2	2	3	1	2	2	2
	broadcast	broadcasting	0	0	0	0	0	0	0	0	1	3	3	1	1	3	2	1	0	4	4	3	4	0	3	3	1	0	0	0	0	0	0	0	0	1	1	0	2	0	2	1	2	2	0	1	2	0	2	2
	broadcast	Broadcasting	2	3	0	0	0	2	1	2	4	4	4	4	4	3	3	1	3	4	4	4	3	4	4	4	4	4	3	4	4	4	4	3	0	3	3	2	3	3	3	3	2	3	1	1	1	3	1	0
	broadcast	Broadcasting 	0	3	0	2	1	1	2	3	1	3	4	1	3	4	3	3	2	3	4	4	4	3	4	4	3	3	0	1	0	1	3	1	2	1	1	0	0	1	1	1	4	2	4	4	4	4	3	4
	broadcast	Broadcasting	1	2	0	0	0	1	0	1	2	1	1	1	0	2	0	2	0	2	0	3	4	3	0	0	3	3	0	3	0	0	0	0	1	1	0	1	2	2	2	0	0	1	0	1	2	2	0	0
	broadcast	Broadcasting	3	4	2	3	3	2	3	3	3	3	4	2	3	2	3	3	4	3	3	3	4	4	2	4	3	2	3	2	4	4	4	4	3	2	2	3	3	4	1	3	2	2	2	3	3	3	1	4
	broadcast	Broadcasting	1	3	2	2	1	2	1	1	1	3	3	2	2	3	1	3	3	4	3	3	4	3	4	3	4	4	4	3	4	3	2	3	3	1	3	2	3	1	1	1	2	2	2	1	1	1	0	1
	broadcast	Broadcast	3	2	2	4	1	1	2	1	0	2	2	1	1	3	1	3	0	2	2	1	0	2	4	1	1	0	0	2	0	0	1	0	0	0	3	0	4	0	0	2	0	1	0	0	2	2	0	0
	broadcast	Broadcasting	2	2	2	2	2	2	3	3	4	4	4	4	4	4	4	2	4	4	3	4	4	4	4	4	4	4	4	4	4	4	4	4	4	3	4	1	4	4	4	4	2	3	2	3	2	3	2	4
	broadcast cinema	Broadcast Cinema 	2	1	0	1	0	0	0	0	0	1	1	0	0	1	0	0	1	1	3	4	2	4	3	2	2	1	0	1	1	0	0	0	0	1	0	1	2	0	0	1	1	1	1	1	0	1	0	0
	broadcast cinema	Broadcast Cinema	2	1	1	2	1	1	2	1	1	1	2	3	1	2	1	3	3	4	4	4	3	3	4	4	3	4	2	2	3	2	3	3	1	3	4	3	3	2	3	3	0	1	0	0	0	2	0	0
	broadcast cinema	Broadcast Cinema 	1	0	0	1	0	0	0	0	0	2	0	0	0	1	0	1	1	2	3	4	2	3	3	3	1	2	0	0	0	0	0	0	0	0	0	0	0	0	0	0	0	0	0	0	0	0	0	0
	broadcast cinema	Broadcast Cinema	0	0	0	2	0	0	0	0	0	0	0	0	0	1	0	1	0	1	2	3	2	3	3	2	1	1	0	0	0	0	0	0	0	0	0	0	2	0	0	1	0	1	0	0	0	0	0	0
	broadcast communic	Broadcast Communication	1	3	0	3	1	1	2	1	3	4	3	2	3	4	3	1	2	4	3	0	0	4	1	4	0	4	1	3	3	3	3	2	0	1	3	2	2	1	0	3	2	3	2	2	0	3	2	2
	broadcast communic	Broadcast Communications	2	1	1	1	1	3	1	1	2	3	3	2	2	4	1	3	2	2	3	2	3	3	1	1	3	3	2	2	2	2	3	2	1	0	1	1	1	1	0	1	0	1	0	1	0	1	0	1
	broadcast communic	broadcast communication	0	1	0	0	0	1	0	1	4	4	3	3	4	4	3	3	1	3	2	1	2	2	1	1	4	4	3	4	4	4	3	4	2	0	3	0	1	1	0	4	0	0	0	1	0	1	0	0
	broadcast news	Broadcast News	2	0	0	0	0	0	0	0	2	1	0	0	0	1	0	0	0	0	1	0	0	0	1	0	2	2	1	2	0	0	2	0	1	1	0	0	3	0	2	0	2	0	0	0	1	2	1	0
	broadcast technolog	Broadcast technology	4	2	0	2	0	2	2	2	2	4	4	2	2	4	2	4	4	4	0	2	4	4	4	2	4	4	4	2	4	4	4	2	0	0	2	0	0	0	2	2	0	0	0	0	0	2	0	0
	broadcast tv radio oper	Broadcast TV/Radio Operations	0	0	0	1	0	0	0	0	0	0	0	0	0	0	0	0	3	3	2	4	3	3	4	2	2	4	2	3	3	3	3	3	1	2	1	3	2	2	2	1	2	1	1	1	0	2	2	1
	broadcastingjourn	Broadcasting?Journalism	3	4	2	1	1	3	3	3	2	4	3	3	2	4	2	1	2	3	4	4	3	3	0	3	3	4	3	1	4	3	3	3	3	4	4	2	2	3	3	3	2	2	2	2	1	2	2	2
	bsba	BSBA	4	4	3	4	3	4	4	4	4	4	4	2	4	4	4	4	0	0	4	4	3	4	3	3	3	3	4	4	3	1	2	0	2	2	3	4	3	2	0	2	4	4	3	3	4	4	3	4
	bsba	BSBA	0	0	0	0	0	0	0	0	4	3	4	4	4	0	4	0	0	0	4	3	0	3	0	0	3	4	3	1	3	1	0	3	3	0	0	0	0	0	0	0	0	0	0	0	2	0	0	0
	bsba busi develop	BSBA BUSINESS DEVELOPMENT	0	0	0	0	0	0	0	0	0	1	2	1	0	0	0	0	0	2	2	3	2	1	2	2	2	3	3	3	3	2	4	4	0	1	3	4	4	3	2	1	0	2	0	2	4	2	0	2
	bse	bse	2	1	0	1	1	2	1	0	3	2	2	1	3	3	1	0	2	1	1	2	0	1	2	1	1	1	3	1	1	2	1	1	0	2	2	3	0	4	1	4	0	1	1	1	2	2	2	1
	bse pe	BSE PE	4	1	1	3	1	0	0	1	3	3	3	1	1	3	3	3	1	4	3	3	1	3	4	4	1	4	4	4	3	4	4	4	0	0	3	0	4	4	0	3	3	0	1	1	0	0	0	1
	bsed filipino	BSEd-Filipino	2	0	2	0	0	0	0	0	2	4	4	2	4	4	4	0	2	4	2	4	4	2	4	4	4	4	4	4	4	4	4	2	2	4	2	0	4	2	0	2	2	2	2	4	2	2	2	0
	bsn	BSN	2	0	3	0	0	2	0	0	4	3	3	3	3	4	3	2	1	0	2	2	0	3	0	0	3	4	4	4	4	3	2	3	0	0	4	0	0	0	2	1	2	1	2	2	3	1	0	2
	bsn	pre-BSN	2	2	0	1	0	0	1	1	4	0	0	4	3	0	3	0	1	0	0	0	0	0	1	0	4	3	4	2	4	2	3	2	1	3	2	0	3	3	2	2	2	3	2	3	2	3	2	2
	bsn	BSN	2	0	0	0	0	2	0	0	4	2	2	0	2	3	2	0	1	0	0	0	0	2	0	0	2	2	3	2	3	4	4	4	0	0	0	0	0	0	0	0	0	0	0	0	0	0	0	0
	bsn	BSN	3	4	3	4	4	4	4	4	4	4	4	4	4	4	4	4	3	3	4	3	3	3	3	3	4	4	4	4	4	4	4	4	3	3	3	4	3	3	4	3	3	3	4	4	4	4	4	4
	bsn art	BSN,MA	1	0	0	0	0	0	0	0	3	3	0	3	2	3	2	3	2	0	2	2	2	2	0	1	3	3	3	3	3	3	2	3	0	0	0	0	3	0	0	0	0	0	0	0	0	0	0	0
	bst	bst	2	2	1	3	3	2	2	3	1	2	2	2	2	3	2	2	2	2	1	1	2	1	0	2	2	3	1	1	2	1	1	2	3	1	2	1	3	2	2	1	1	2	3	2	3	2	1	1
	bsuiness	bsuiness	3	3	1	3	2	2	3	3	3	4	4	4	3	3	3	4	1	1	2	2	3	3	0	3	1	3	1	3	2	0	1	0	0	0	0	1	0	0	1	0	2	3	3	3	4	3	1	3
	bsuiness	bsuiness	1	1	2	1	0	2	1	0	1	1	1	2	1	2	0	3	1	1	2	1	3	2	2	2	1	3	0	1	2	1	2	0	1	0	2	0	2	1	1	1	1	0	1	0	1	1	1	0
	btech	b.tech	4	3	0	3	0	0	4	4	4	2	0	2	2	4	0	0	2	4	0	2	0	2	4	0	4	3	4	4	4	4	4	4	4	4	3	2	4	4	2	2	2	2	4	4	4	4	2	4
	buddhism	Buddhism Studies	3	1	0	2	1	3	2	2	4	2	2	3	3	2	3	3	4	2	2	3	2	4	3	2	4	3	3	4	3	3	2	3	0	1	3	3	4	2	3	3	0	2	1	2	2	2	2	1
	buddhism studi	Buddhism study	2	1	0	0	1	2	1	1	3	3	4	3	3	3	3	3	1	3	3	2	3	0	3	3	3	2	2	1	3	1	0	1	0	0	1	2	2	1	0	2	0	0	0	2	0	0	0	1
	bueiness	Bueiness	2	0	0	1	0	3	0	0	4	3	3	3	2	3	2	3	0	1	3	0	0	0	0	0	4	4	4	4	4	4	4	2	1	3	2	0	2	2	3	2	2	1	2	2	2	2	3	0
	buh	buh	0	2	0	0	2	3	3	4	0	0	0	0	0	0	0	0	0	0	0	0	0	0	3	0	0	0	0	0	0	0	0	0	0	4	2	0	3	2	4	0	0	2	0	0	0	0	2	2
	buiessn	buiessnes	4	3	0	2	0	0	0	3	0	0	0	0	0	0	0	0	0	0	3	4	0	0	0	0	4	4	0	4	3	0	0	0	0	0	0	0	4	0	4	0	0	0	0	0	0	0	3	0
	build	building	1	1	1	1	1	1	1	1	1	3	2	1	1	1	1	1	0	1	2	1	1	0	1	1	4	3	3	3	3	3	3	1	3	1	1	1	1	1	3	1	1	1	1	1	1	1	3	1
	build	Building	0	3	1	0	0	1	1	0	2	3	3	1	3	3	2	3	4	2	4	3	3	4	3	3	1	2	2	0	0	3	3	0	0	0	0	0	2	1	1	0	0	1	0	1	2	2	1	0
	build	Building	0	2	0	0	0	1	0	0	0	2	3	1	0	3	1	3	2	1	4	1	2	2	4	3	1	1	0	0	0	1	1	0	0	0	0	0	2	0	0	0	0	0	0	0	1	0	0	0
	build	Building	2	4	3	3	3	0	0	3	2	0	0	0	0	0	0	0	0	4	4	0	0	0	4	0	3	0	0	0	0	0	0	0	0	0	0	0	3	0	0	0	0	0	0	0	0	0	0	0
	build	building	0	3	3	1	2	3	3	3	4	3	1	2	1	1	1	1	2	2	3	1	3	3	4	4	3	1	3	4	3	2	1	2	2	1	2	2	2	3	4	3	0	0	0	1	2	2	0	0
	build	Building	3	3	3	2	1	2	2	3	3	4	2	3	1	0	1	3	2	2	1	3	4	3	3	3	3	4	0	3	3	3	3	3	0	0	0	0	3	2	2	0	3	2	2	4	2	3	2	0
	build	Building	3	3	0	3	1	2	0	1	3	2	2	3	3	2	3	3	1	3	3	4	2	3	0	3	1	3	0	3	0	2	1	0	0	1	2	2	4	2	0	3	1	3	2	1	2	0	1	2
	build	building	0	0	0	0	0	0	0	0	0	0	0	0	0	0	0	0	0	0	0	0	0	0	0	0	4	4	0	0	4	4	4	4	0	0	0	0	0	0	0	0	0	0	0	0	0	0	0	0
	build construct	Building and construction	1	3	2	1	3	1	2	1	1	2	2	1	1	1	1	1	0	1	1	1	1	1	2	1	2	1	1	1	1	1	1	1	1	1	1	1	2	1	1	1	1	1	1	1	1	1	1	1
	build engin	building engineering	3	3	3	3	2	3	3	3	3	3	3	2	2	3	3	4	1	1	1	1	1	1	3	1	2	1	0	3	1	1	3	2	0	0	1	2	3	1	1	1	3	2	2	3	4	3	3	3
	build engin	Building Engineering	3	2	2	3	3	3	2	3	1	3	3	4	3	4	3	4	0	0	0	1	0	4	0	0	3	1	1	2	2	1	0	0	2	2	3	0	4	0	3	2	2	3	2	3	3	2	2	4
	build inspect	building inspection 	1	3	3	4	2	4	3	4	0	1	0	2	0	0	0	1	0	0	2	2	2	2	4	0	2	3	4	2	3	3	0	3	0	0	0	0	0	0	1	1	2	2	0	0	0	2	0	2
	build servic	Building services	4	2	0	0	1	0	0	2	3	0	0	0	0	0	0	0	0	0	1	0	0	0	0	0	0	0	0	0	2	4	4	0	0	0	4	0	4	4	0	4	4	4	4	4	4	3	4	4
	build servic engin	building services engineering	3	3	3	4	3	1	3	2	3	3	3	3	2	1	3	1	1	2	0	0	0	1	0	1	2	2	3	3	3	3	2	3	1	1	1	1	1	0	1	3	1	2	3	3	4	2	1	3
	build survey	Building surveying	1	3	3	1	0	1	0	0	4	2	1	3	1	3	1	3	3	3	3	3	1	3	4	3	4	1	3	3	2	2	3	1	3	0	2	3	3	2	3	1	0	0	0	1	3	3	0	0
	build survey	Building Surveying	3	4	3	3	2	4	3	3	3	3	3	4	4	3	3	4	1	3	2	3	3	3	3	4	2	4	1	2	2	0	1	2	1	0	1	0	3	0	4	0	0	2	0	0	1	3	0	0
	build survey	building survey	1	1	2	2	1	3	2	1	4	3	3	2	3	3	3	3	1	0	0	1	0	1	2	1	1	3	2	1	3	1	1	2	1	1	1	1	2	1	2	3	2	2	2	2	2	2	1	3
	build system engin	building systems engineering	4	3	4	3	3	2	1	3	4	4	4	4	4	4	4	4	2	2	4	4	4	3	4	4	0	3	0	0	0	0	1	0	0	0	4	1	4	0	0	1	0	2	0	1	3	0	0	0
	build technolog	building science and technology	4	3	4	4	4	3	4	3	4	2	3	3	4	4	4	3	0	1	0	1	0	0	3	1	1	3	2	1	3	1	0	1	0	1	1	0	1	0	0	0	2	0	4	3	4	4	1	3
	build technolog	Building technology 	2	3	0	0	1	2	2	4	0	2	2	0	0	0	0	0	0	0	0	2	3	4	0	0	2	2	0	2	4	3	0	3	2	2	3	2	4	4	4	3	3	3	2	3	4	4	4	2
	build technolog	Building Technology	4	2	4	0	0	0	2	2	4	4	4	0	3	4	3	2	2	4	1	2	4	2	0	1	4	4	4	3	4	4	1	0	1	2	3	2	4	3	3	4	0	1	0	0	0	2	0	1
	build technolog	Building Science and Technology	3	1	2	3	1	3	3	0	2	3	3	1	2	2	0	3	2	3	3	0	0	0	3	3	2	0	3	2	3	3	2	1	3	2	3	0	3	3	2	2	2	2	3	2	3	3	3	0
	built environ	Built Environment	0	0	2	0	0	2	1	1	1	1	2	2	2	1	2	0	0	1	0	0	0	1	1	0	4	3	3	2	4	4	3	3	0	0	0	1	1	1	4	3	0	2	1	1	2	4	2	2
	built environ	built environment	3	0	1	1	1	1	3	1	1	1	1	1	1	1	0	1	0	1	1	1	1	1	1	3	4	1	2	3	2	3	2	2	4	1	4	3	1	3	1	3	0	1	1	3	0	0	0	3
	buiness	buiness	2	1	2	2	1	1	1	1	1	1	1	1	1	0	1	1	1	1	1	2	1	2	3	1	2	2	2	1	1	2	2	2	2	1	1	1	2	1	1	1	1	1	1	1	1	1	1	1
	buiness	buiness	2	2	0	0	0	1	0	1	3	4	3	2	2	4	2	2	3	3	3	3	2	4	4	3	4	4	4	3	4	2	2	3	3	4	3	1	3	4	3	4	1	2	1	1	3	2	2	1
	buiness	buiness	4	0	0	4	0	0	0	4	4	4	4	4	4	0	4	0	0	0	0	0	0	0	0	0	0	0	0	4	0	4	4	0	4	4	4	4	4	4	4	4	4	4	4	4	4	4	4	4
	buiness engin	Buiness engineering	4	3	2	3	2	3	3	3	3	3	3	3	2	3	3	2	0	1	2	3	3	3	0	2	3	3	3	1	3	2	3	3	2	2	2	0	1	0	3	2	3	3	3	0	3	2	3	3
	buinsess	buinsess	3	3	3	2	2	3	2	3	1	2	1	2	0	2	1	0	0	0	1	0	0	0	3	0	3	0	3	4	3	3	3	4	2	2	2	2	2	2	3	3	2	2	2	2	2	2	2	3
	buis	buisness	2	2	1	2	2	0	2	0	4	4	4	1	1	2	3	1	1	1	0	3	2	1	0	1	3	4	3	3	3	1	1	3	3	2	3	2	3	0	2	2	1	3	2	2	4	2	2	2
	buis	Buisness	1	2	2	3	1	3	0	3	0	0	1	0	0	0	0	0	0	0	2	3	0	0	3	0	3	2	3	3	2	3	2	3	3	1	3	3	2	1	3	2	3	2	3	1	3	3	3	3
	buis	Buisness 	2	3	3	2	2	1	3	2	3	3	3	2	3	3	3	2	3	3	3	2	2	1	3	3	3	3	3	2	3	1	3	2	3	3	3	2	1	3	1	3	3	3	2	2	1	3	2	2
	buis	Buisness 	2	4	4	0	2	2	4	4	3	1	0	2	2	0	0	2	0	0	0	0	2	0	2	1	3	3	4	4	4	4	0	4	0	3	2	2	4	3	1	0	2	2	0	2	2	0	0	0
	buis	buisness	2	0	1	1	1	0	1	0	4	2	0	2	1	0	2	0	1	2	2	3	2	0	3	3	0	1	2	3	1	2	0	4	1	2	2	0	3	4	3	4	2	2	1	2	1	2	1	2
	buis	buisness	0	0	0	0	0	0	0	0	1	1	1	0	0	0	0	0	1	2	2	0	2	0	1	1	1	2	1	3	1	1	0	0	2	2	1	4	0	1	0	0	2	0	0	1	0	2	0	0
	buis	buisness	0	0	0	1	0	0	0	0	0	0	0	0	0	0	0	0	3	3	0	3	1	0	1	0	4	3	3	2	3	2	2	1	3	2	0	2	0	2	4	3	0	2	0	0	0	0	0	0
	buis	Buisness 	2	1	1	1	1	1	1	1	1	1	1	1	1	1	1	1	0	1	2	1	0	0	4	1	3	0	2	2	3	1	2	1	3	3	3	3	3	2	3	4	2	1	2	2	1	1	2	2
	buis	buisness	3	0	2	0	1	2	3	1	3	3	3	0	3	3	2	1	1	0	3	0	0	3	3	0	1	0	3	0	3	3	3	3	3	3	3	2	4	3	4	3	1	2	0	2	3	2	0	0
	buis	Buisness	0	0	2	3	0	2	2	0	3	0	0	0	0	0	0	0	0	0	0	0	0	0	2	4	3	0	0	4	2	0	0	0	4	4	2	2	2	3	4	1	0	2	0	0	0	0	1	0
	buis	buisness	4	0	1	1	0	0	2	1	0	3	1	0	0	1	0	2	2	2	3	2	3	4	2	2	1	2	1	3	2	3	3	1	2	3	2	2	2	3	2	2	2	3	3	2	1	1	1	3
	buis	BUISNESS	2	4	0	4	4	4	4	4	4	4	4	0	2	4	4	2	2	4	2	4	4	4	0	4	2	4	4	4	4	4	2	4	2	0	2	4	2	0	4	4	4	2	4	2	0	0	4	4
	buis	Buisness 	0	0	0	0	0	0	0	0	0	0	0	0	0	0	0	0	0	1	3	1	4	4	0	0	2	2	4	2	4	2	3	2	3	3	4	3	0	3	4	4	0	0	0	0	0	0	2	1
	buis	Buisness	3	3	2	1	0	0	0	3	3	3	2	3	0	1	2	0	1	2	3	2	0	0	0	1	2	3	1	3	2	2	2	1	1	2	1	2	2	1	0	1	0	1	0	0	0	0	0	1
	buis	buisness 	4	3	0	3	2	0	2	0	3	2	0	0	0	0	0	0	0	0	0	1	0	0	3	0	2	3	2	2	1	0	0	0	1	0	0	0	0	0	2	0	2	2	2	0	0	0	0	0
	buis	buisness	4	1	0	2	0	0	3	0	3	3	4	3	0	1	2	0	2	0	1	1	1	2	1	1	4	3	0	3	1	3	3	4	3	1	1	2	4	2	3	3	1	2	1	0	3	2	3	2
	buis	Buisness	2	0	3	0	0	0	0	0	3	0	1	3	2	1	2	2	0	1	1	1	0	0	2	0	1	1	0	2	1	0	0	1	2	2	2	0	4	2	3	1	3	3	2	2	3	2	4	3
	buis	Buisness 	0	3	1	2	4	3	3	3	3	3	3	1	1	2	1	3	1	3	3	1	3	1	3	3	4	4	4	3	4	4	4	4	4	4	4	3	4	4	4	4	1	1	2	2	0	2	4	2
	buis	Buisness	1	3	2	4	2	4	2	3	3	4	3	3	3	4	3	4	1	1	2	2	2	4	4	3	3	3	3	3	3	3	4	2	0	0	2	1	1	0	2	1	2	1	1	2	2	2	2	2
	buis	buisness	2	0	1	1	1	0	0	0	1	1	2	2	0	1	1	0	0	1	2	3	0	1	2	0	1	2	2	3	2	2	1	0	1	1	0	2	1	3	3	2	1	1	1	2	1	1	2	2
	buis	Buisness	0	0	0	0	0	0	0	0	0	0	0	0	0	0	0	0	2	1	1	2	0	4	0	2	0	3	0	0	0	2	0	0	0	1	0	0	2	4	0	0	0	0	0	0	0	0	0	0
	buis	buisness	2	0	3	0	0	0	2	0	0	1	0	1	0	0	0	0	1	2	0	1	0	0	2	0	3	2	2	1	2	2	1	2	4	4	2	0	4	3	3	2	3	3	4	2	3	2	3	3
	buis	Buisness	0	0	0	0	0	0	0	0	0	2	0	3	2	2	2	0	0	0	0	0	0	0	0	0	3	3	4	2	4	0	1	2	0	0	0	0	4	0	0	0	4	4	0	0	0	0	0	0
	buis	Buisness	2	3	0	0	0	0	0	1	1	3	1	1	3	1	1	0	0	1	3	4	2	3	1	3	4	0	2	4	2	1	0	2	4	3	3	2	4	4	1	3	1	2	1	2	2	1	1	2
	buis	Buisness	3	3	2	3	2	2	3	3	1	1	1	1	1	1	1	1	0	0	3	0	0	0	2	0	1	2	1	2	0	2	1	1	3	2	3	1	2	3	3	3	3	2	3	2	2	2	3	2
	buis	Buisness	0	0	0	0	0	0	0	0	0	0	0	0	0	0	0	0	0	0	0	0	0	0	0	0	0	0	0	0	0	0	0	0	1	0	1	0	4	1	1	0	1	0	0	0	0	0	0	0
	buis	buiseness	0	0	0	0	0	1	1	0	0	0	0	0	0	0	0	0	0	0	0	1	3	0	1	2	0	2	0	0	2	0	1	1	0	0	1	0	1	0	1	1	4	0	2	2	2	1	1	2
	buis	buisness	3	4	3	2	3	3	3	3	0	1	1	1	0	0	1	0	0	0	1	0	0	0	4	2	1	0	0	1	0	0	0	1	2	0	1	3	2	1	4	3	1	1	1	1	2	3	3	2
	buis	buisness	1	1	1	1	0	0	2	0	2	1	2	4	0	1	1	0	0	1	2	1	0	1	1	0	2	4	4	4	4	4	4	4	2	3	3	3	4	4	3	4	2	2	3	2	1	1	3	3
	buis	Buisness	0	0	0	0	0	0	0	0	0	0	0	0	0	0	0	0	2	4	1	4	4	4	1	1	0	0	0	0	0	0	0	0	0	0	0	0	0	0	0	0	0	0	0	0	0	0	0	0
	buis	Buisness	0	0	0	0	0	0	0	0	0	3	2	1	0	2	0	1	0	1	4	1	3	1	2	4	3	4	3	2	4	3	4	4	0	0	1	0	2	1	2	2	3	3	1	2	2	1	2	2
	buis	buisness	4	4	1	4	2	4	4	4	0	2	0	0	0	2	3	0	3	0	0	2	0	2	0	0	0	3	4	2	1	3	0	3	2	3	3	0	4	4	0	3	0	2	2	2	0	3	0	0
	buis	buisness 	0	3	0	0	0	0	3	1	0	3	0	0	0	3	0	0	0	4	4	1	3	0	4	4	3	3	4	4	2	4	4	1	2	4	4	2	4	4	4	4	0	4	2	1	0	0	2	1
	buis	buisness	0	1	0	1	1	1	0	0	3	4	0	1	4	4	1	0	1	0	2	2	4	3	3	1	4	4	4	4	4	0	0	1	4	2	4	2	4	2	4	1	0	1	0	4	1	2	2	2
	buis	Buisness	0	0	0	0	0	0	0	0	0	0	2	0	0	2	0	0	0	0	0	0	0	0	0	0	3	0	3	0	3	0	0	0	0	0	3	0	3	0	2	0	3	0	2	3	3	2	0	0
	buis	Buisness	2	0	0	0	0	0	0	0	0	0	0	0	0	0	0	0	0	0	1	1	0	0	1	0	0	0	1	0	1	0	0	0	0	0	0	0	2	1	0	0	0	0	0	0	1	0	0	0
	buis	buisness	0	0	0	0	0	0	0	0	0	3	2	2	0	3	1	0	2	1	3	2	3	0	0	0	2	2	4	3	3	3	2	3	0	1	3	3	1	3	0	3	0	0	0	1	0	0	1	0
	buis	buisness	4	0	0	0	0	0	0	0	4	3	3	3	0	3	0	0	2	0	3	4	3	4	0	3	3	3	3	2	2	3	3	3	0	3	1	4	3	4	0	0	3	3	3	1	0	3	0	2
	buis	buisness	2	1	2	3	2	4	2	2	1	1	2	2	0	1	1	1	3	4	0	3	0	2	4	0	3	3	0	2	0	3	3	0	4	4	4	0	0	1	4	3	3	3	2	3	2	3	2	2
	buis	Buisness	2	1	1	3	2	3	2	1	3	3	3	2	3	3	2	3	3	2	3	3	2	4	3	2	2	2	3	2	2	2	3	1	3	2	3	1	3	2	3	2	2	2	2	2	2	3	3	2
	buis	Buisness	3	0	0	0	0	0	0	0	0	1	1	0	0	0	0	0	2	1	4	3	2	0	0	2	1	0	0	1	0	0	0	0	3	1	0	3	0	1	3	0	3	2	4	3	4	4	3	2
	buis	Buisness	2	0	0	0	0	0	0	0	0	2	0	0	0	2	0	0	0	0	0	0	0	0	0	0	2	3	2	1	3	0	0	0	2	0	1	0	4	0	2	0	3	0	2	2	2	2	1	0
	buis	Buisness	2	3	1	3	2	3	3	3	3	2	2	3	0	3	2	0	1	1	1	1	1	3	1	3	3	1	0	3	1	3	2	3	3	2	3	1	3	3	3	4	3	2	3	2	3	3	3	3
	buis	Buisness	3	1	0	0	3	2	2	1	4	4	3	4	2	3	3	3	0	0	2	2	0	3	4	3	2	4	4	4	4	3	3	4	3	3	3	4	4	4	4	4	2	3	3	4	2	2	4	3
	buis	Buisness	1	1	3	2	3	3	2	2	1	2	2	1	2	1	1	2	0	1	0	2	1	3	3	2	3	3	3	3	2	2	3	3	0	1	1	0	3	1	0	1	0	2	0	0	1	2	0	0
	buis	Buisness	1	0	0	0	0	1	0	0	0	0	0	0	0	0	2	1	0	0	2	0	3	3	3	0	2	0	3	3	3	0	2	4	1	2	3	0	3	0	0	4	3	0	3	3	1	0	0	3
	buis	Buisness	2	0	0	1	1	1	1	1	1	0	1	1	1	1	1	1	1	0	1	1	1	1	1	1	1	0	1	1	1	1	1	0	3	1	1	1	1	3	3	1	3	1	1	1	1	2	0	1
	buis	buisness	1	1	1	1	0	0	1	2	1	1	0	1	0	0	0	1	0	0	0	2	1	0	4	0	3	4	3	4	3	3	3	0	4	3	4	4	4	4	4	2	4	3	2	4	3	2	3	3
	buis	buisness	2	2	2	1	1	2	1	3	2	2	2	2	2	2	2	3	0	0	1	0	0	0	3	3	3	0	2	2	2	0	0	2	4	0	0	0	3	0	4	0	3	1	2	2	3	3	3	3
	buis	Buisness	2	0	0	0	3	1	4	0	0	0	0	0	0	0	0	0	0	0	0	0	0	0	0	0	0	0	0	3	0	0	0	2	0	1	4	1	4	0	2	0	3	0	0	1	1	0	2	3
	buis	buisness	4	0	0	2	0	0	0	0	4	4	4	4	4	3	4	1	4	0	2	2	0	2	2	0	4	2	2	0	2	0	0	1	4	0	4	0	4	0	2	4	0	0	0	0	2	0	0	4
	buis	Buisness	0	1	0	2	1	1	1	1	3	2	2	3	2	2	2	2	1	1	2	3	1	3	2	1	1	2	2	2	2	2	2	1	1	2	2	2	2	2	2	3	1	0	1	1	1	1	1	1
	buis	Buisness	4	1	0	3	1	3	2	3	4	3	2	3	2	4	3	3	3	3	4	4	3	4	4	3	3	2	3	3	3	4	4	3	4	2	3	4	3	4	4	4	3	2	3	3	2	4	4	4
	buis	buisness	2	3	3	3	2	3	1	2	4	3	3	3	2	3	2	3	3	1	2	2	2	3	3	3	3	3	2	2	1	1	2	1	2	1	2	1	2	1	2	3	2	2	2	2	3	2	3	1
	buis	buisness	3	2	1	0	1	1	1	1	1	0	0	1	0	1	1	0	0	0	0	0	0	1	0	0	1	3	2	3	2	3	2	2	3	1	3	0	3	3	3	1	1	3	1	1	3	2	2	2
	buis	buisness	4	3	1	3	3	3	3	3	0	3	3	0	1	1	1	1	0	0	1	1	2	1	2	3	4	3	3	3	3	4	3	3	0	1	3	0	2	1	3	1	3	3	3	3	3	3	3	2
	buis	Buisness 	3	2	2	2	3	3	3	3	2	2	2	3	3	3	3	3	2	2	2	3	3	3	3	3	3	2	2	3	3	3	3	3	0	2	2	3	3	3	3	3	3	2	2	3	3	3	3	3
	buis	buisness 	2	2	2	2	2	2	3	2	2	2	2	3	2	2	2	2	2	1	2	4	1	0	2	2	3	2	2	4	2	1	2	2	4	4	1	2	4	2	3	1	2	2	1	1	2	2	1	2
	buis	Buisness	0	0	1	3	1	2	0	0	3	1	3	4	4	4	3	0	0	1	1	0	0	0	4	0	4	1	4	4	4	4	4	3	4	3	4	3	4	4	4	4	3	1	1	1	0	2	1	1
	buis	buisness	1	0	0	0	0	2	0	0	1	4	4	4	4	4	4	4	2	4	3	3	4	3	0	4	3	3	4	3	4	3	4	0	2	3	3	3	3	3	4	2	2	3	3	3	3	3	4	0
	buis	buisness	2	0	0	2	0	2	1	0	0	0	1	1	0	0	2	0	0	3	2	3	2	0	2	2	2	2	0	3	3	2	2	1	2	2	2	3	4	2	3	1	4	3	4	4	4	3	3	2
	buis	Buisness	2	3	0	2	1	3	1	2	2	2	2	3	3	1	2	1	3	4	3	2	4	2	1	4	4	3	2	3	3	1	2	2	1	2	3	1	3	2	3	3	2	1	3	2	3	2	2	2
	buis	buisness	2	0	0	1	0	0	0	2	1	0	0	0	0	0	0	0	0	0	2	3	0	0	0	0	2	3	0	1	0	0	0	0	1	0	3	0	4	1	4	0	3	2	2	2	1	0	3	0
	buis	Buisness	2	0	0	0	0	0	1	0	2	1	1	2	2	0	2	1	3	1	2	2	2	1	2	2	4	2	2	3	3	1	4	3	0	2	1	1	2	2	3	1	2	1	2	2	3	3	3	2
	buis	Buisness	2	4	3	4	3	4	3	4	3	4	3	4	3	2	3	2	2	2	1	0	2	3	4	0	3	4	4	4	4	3	3	4	1	2	2	2	3	2	2	4	1	2	3	2	2	2	1	2
	buis	Buisness	2	0	0	3	4	0	3	0	0	0	0	3	0	0	0	2	0	2	3	4	1	3	0	3	2	0	2	4	3	3	2	4	3	3	3	4	3	3	4	4	4	0	3	4	1	0	4	2
	buis	Buisness 	1	0	3	2	1	3	2	1	2	1	3	4	3	1	3	4	0	1	1	1	1	2	3	2	1	2	1	3	1	1	1	1	0	1	1	1	3	1	2	2	2	2	3	2	4	4	3	2
	buis	Buisness	3	3	0	3	0	3	2	3	1	1	1	3	1	1	1	0	0	4	4	3	4	1	4	3	1	1	1	2	1	3	3	2	3	2	1	4	3	2	4	1	1	1	1	1	1	0	2	0
	buis	buisness	0	0	0	0	0	0	0	0	1	0	0	0	0	0	0	0	1	0	0	3	0	3	3	0	0	0	0	3	0	0	0	0	1	0	0	2	0	0	0	0	0	0	0	0	0	0	0	0
	buis	Buisness	2	0	0	0	0	0	0	0	0	0	0	0	0	0	0	0	0	0	0	0	0	0	0	0	2	0	3	0	2	0	0	0	3	3	3	0	4	0	3	0	3	3	3	3	4	2	0	0
	buis	buisness	2	2	2	0	2	3	1	1	1	3	1	0	1	3	1	3	3	1	1	2	1	4	1	0	2	1	0	0	1	1	1	3	1	0	0	0	1	1	1	1	0	0	0	0	0	1	1	0
	buis	Buisness	2	2	2	3	0	4	2	2	3	3	3	3	3	2	3	3	2	2	2	3	3	3	4	2	3	4	3	2	3	3	2	2	4	3	2	2	3	2	3	2	2	3	3	0	0	2	2	2
	buis	buisness 	2	2	0	2	1	1	3	2	0	3	3	1	2	2	2	2	0	1	1	1	0	0	2	0	1	2	1	0	2	0	0	1	2	2	0	1	2	2	1	0	1	1	1	2	1	1	0	1
	buis	buisness	2	3	1	3	2	3	2	3	2	2	3	3	3	3	3	3	2	3	3	3	0	3	4	3	1	1	1	2	2	2	3	1	2	0	3	2	4	1	2	2	3	3	2	3	4	3	3	3
	buis	Buisness	2	0	0	0	0	0	0	0	0	0	0	0	0	0	0	0	0	0	0	0	0	0	0	0	2	1	0	1	1	3	2	1	2	1	0	0	1	0	0	0	2	0	0	0	1	3	2	0
	buis	BUISNESS	0	0	0	2	0	1	0	0	0	0	0	1	0	0	0	0	0	0	0	0	0	0	2	0	2	0	0	0	0	0	0	0	2	3	2	0	3	2	3	2	2	2	3	2	2	0	3	2
	buis	Buisness	2	3	2	2	3	3	4	4	2	0	0	2	0	0	0	0	2	0	2	4	0	3	4	0	2	4	3	3	2	4	1	0	2	4	2	3	4	4	2	2	4	3	2	2	4	4	4	3
	buis	Buisness	3	2	0	2	2	1	2	2	2	0	0	3	0	0	0	0	0	0	0	0	0	0	0	0	2	2	2	1	2	2	0	2	3	3	3	2	4	4	3	3	4	2	2	3	2	0	3	4
	buis	Buisness	2	3	2	4	2	2	2	2	1	1	0	1	0	0	0	1	0	0	0	0	0	0	3	1	2	3	2	1	2	1	2	1	3	3	2	0	4	1	2	0	4	2	2	2	2	2	3	2
	buis technolog	buisness technology	3	0	0	0	0	0	0	0	4	1	0	0	0	0	0	0	0	0	0	0	0	0	0	0	1	3	4	0	3	2	0	0	3	4	2	0	1	4	0	0	3	0	2	2	0	0	1	1
	buisbess	buisbess	2	3	2	2	2	1	2	2	2	3	1	3	2	1	1	1	1	2	1	2	2	2	3	1	3	4	2	2	3	1	2	3	3	2	2	2	3	2	3	2	3	1	2	3	2	3	2	4
	buisnesd	Buisnesd	2	0	0	0	0	0	0	0	3	4	4	2	4	0	3	4	2	2	2	3	2	2	0	1	4	3	2	3	2	3	3	1	0	3	1	1	3	2	0	0	0	2	0	1	0	2	2	0
	buiss	Buissness	2	1	0	0	0	0	0	0	0	0	0	1	0	0	0	1	3	2	4	3	0	2	2	4	2	2	0	0	0	2	1	0	3	3	2	3	3	3	2	3	2	1	2	0	1	0	2	2
	buiss	buissness	2	1	1	2	2	2	1	2	1	3	1	2	0	1	1	1	1	2	3	3	1	1	4	2	1	2	2	3	2	2	3	1	1	2	2	1	3	2	3	3	1	2	1	2	0	2	2	2
	buiss	dont know maybe buissness	2	0	0	2	0	1	2	1	0	3	1	3	1	0	1	1	1	4	4	2	3	3	4	4	2	2	3	2	3	4	2	2	3	3	4	3	4	4	3	4	2	2	2	2	2	2	1	2
	buniess	Buniess	2	0	1	1	2	0	2	0	1	1	1	2	2	1	1	1	1	2	3	3	3	2	2	1	3	1	3	3	4	1	2	1	1	3	3	2	2	3	1	1	3	2	3	2	2	2	2	1
	bunis	Bunisness	2	1	1	1	0	1	2	0	4	2	3	3	2	3	3	4	0	0	2	0	0	0	2	1	4	4	4	1	2	2	3	4	2	2	4	4	3	1	1	4	4	4	2	4	2	3	2	4
	bus adm	bus adm	2	4	0	2	0	2	0	4	4	2	2	2	2	0	0	0	2	4	4	4	4	4	4	4	4	4	4	4	4	4	4	4	4	4	4	4	4	4	4	4	4	4	4	4	2	4	4	4
	bus adm	Bus Adm	0	0	2	0	0	0	0	0	4	0	0	4	0	0	0	0	0	2	0	0	2	2	2	0	4	4	4	2	4	4	2	4	0	2	4	2	4	4	0	2	4	4	4	4	4	4	4	4
	bus magmt	bus magmt	4	1	2	0	0	4	4	3	2	1	0	2	1	3	1	0	2	0	1	2	1	2	1	1	3	2	3	0	3	3	4	4	0	2	3	1	3	0	3	3	4	4	4	4	4	4	4	4
	busi ad	Business Ad	2	1	2	2	1	3	1	1	3	4	4	3	3	4	3	3	4	3	4	3	3	4	4	3	4	4	2	4	3	4	4	3	4	2	3	2	2	3	3	4	3	3	2	2	2	2	3	3
	busi ad	business ad	3	1	2	4	2	3	3	3	3	3	2	4	2	3	2	2	4	3	4	3	3	4	2	4	3	3	4	3	4	4	4	3	2	4	4	4	3	4	3	4	2	3	3	3	3	3	3	2
	busi ad	Business Ad	2	1	1	2	1	1	2	1	3	3	3	3	2	3	3	4	2	4	4	2	2	4	4	2	2	2	2	4	2	2	2	1	3	2	4	0	3	1	3	4	4	3	2	1	2	2	2	2
	busi adm	Business Adm	1	0	1	0	0	0	0	0	0	1	0	1	0	0	1	2	0	3	0	0	1	1	1	1	1	2	1	1	1	1	1	0	0	0	1	0	2	0	0	0	1	1	1	1	2	1	1	1
	busi adminstratoon	business adminstratoon	2	0	1	0	2	0	4	0	0	2	2	3	1	1	1	2	0	4	4	2	2	4	4	4	2	3	4	3	3	4	2	4	0	2	3	4	2	4	1	3	4	3	2	2	1	2	0	2
	busi aministaion	Business Aministaion	0	0	0	0	0	0	0	0	4	0	4	0	4	0	0	0	0	0	0	0	4	0	0	0	4	4	4	4	4	0	0	4	0	4	0	0	0	0	0	0	0	0	0	0	0	0	0	0
	busi analysi	business analysis	0	1	0	0	1	0	0	0	2	3	3	0	1	0	0	1	2	2	3	3	4	2	0	1	3	4	4	0	0	2	4	4	3	0	2	0	2	2	0	1	0	1	0	1	2	2	1	1
	busi analyt	Business Analytic	2	0	0	0	0	0	1	0	1	1	0	0	1	0	0	0	1	1	0	0	0	3	1	3	2	3	1	2	1	0	1	0	2	0	4	3	3	4	0	0	1	3	4	1	2	0	3	0
	busi analyt	Business Analytics	4	0	1	3	0	0	3	0	0	0	0	0	0	0	0	4	4	4	0	4	3	4	4	4	4	4	3	4	4	4	4	4	2	3	4	0	3	2	1	4	0	1	3	3	4	4	4	1
	busi analyt	business analytics	4	0	0	1	0	0	0	0	4	3	4	4	3	0	1	3	4	4	4	4	4	4	3	1	0	0	1	0	3	0	4	0	0	2	0	3	4	1	4	0	0	0	0	0	2	2	0	0
	busi analyt	Business Analytics	0	0	3	2	0	0	0	0	2	0	2	1	0	0	0	2	0	0	0	0	3	0	3	0	2	3	1	3	1	0	0	0	2	0	0	0	0	0	0	0	1	0	2	0	2	0	0	0
	busi art	Business and Art 	4	0	0	4	0	4	0	4	2	4	0	0	0	0	0	0	4	0	4	4	4	4	4	4	4	0	4	4	4	0	0	0	0	0	0	0	0	0	0	4	0	0	0	0	0	0	0	0
	busi athlet train	Business or athletic training 	3	0	0	1	3	0	3	0	4	3	3	4	3	0	0	0	0	0	3	0	0	0	0	0	4	0	4	4	4	3	4	3	4	3	4	0	4	4	4	4	4	3	4	3	4	0	4	4
	busi bake pastri art	Business or baking and pastry art	3	1	0	1	3	0	4	0	1	2	1	2	1	1	1	1	0	3	2	2	1	2	2	2	0	2	2	3	3	4	1	2	3	3	4	4	4	4	3	2	3	1	3	3	1	3	3	2
	busi bank	Business banking	4	2	2	1	2	2	0	1	0	0	0	0	0	0	0	0	2	0	0	0	3	2	2	2	4	2	4	3	4	4	4	4	2	2	3	2	3	2	2	3	2	2	2	3	3	3	3	3
	busi busi	Business/MBA	3	3	1	1	0	3	0	3	2	2	1	0	2	0	2	0	1	1	4	0	0	1	0	0	1	1	1	1	0	0	0	1	2	1	4	1	3	2	4	1	4	0	1	0	0	1	0	0
	busi clinic mental health	business, clinical mental health	1	1	1	0	1	1	1	1	1	3	1	1	1	1	1	1	3	4	2	2	3	3	3	3	4	4	4	1	4	3	2	1	1	4	3	1	3	2	1	3	3	2	2	1	1	1	1	1
	busi comminuc	Business & Comminucation	0	0	0	2	0	0	0	0	4	2	0	2	3	0	1	0	4	0	2	3	0	4	0	0	0	4	0	0	3	0	0	0	0	0	0	0	0	0	0	0	3	0	3	3	3	2	0	0
	busi communic	Business communications	2	1	1	1	0	0	0	0	3	1	1	4	1	0	1	3	0	2	1	3	4	1	1	3	3	4	2	3	3	3	4	1	0	1	0	1	1	0	0	1	0	1	0	0	0	0	0	0
	busi communic	business communication	1	0	0	0	0	0	0	0	1	1	1	0	0	1	0	0	0	0	1	0	0	0	2	0	3	2	4	4	3	2	2	2	4	2	4	0	4	0	2	0	3	2	2	2	3	1	2	0
	busi communic	Business communication 	0	0	0	0	0	0	0	0	1	0	0	0	0	0	0	0	0	1	0	1	1	0	2	0	0	2	1	1	0	0	0	0	3	0	2	0	3	1	2	0	1	0	0	0	2	1	2	0
	busi communic	Business communication	2	1	0	1	0	1	1	0	3	3	2	2	1	2	1	1	4	3	2	3	2	4	2	2	3	4	1	4	2	3	3	2	1	3	3	2	3	3	2	2	2	2	3	2	2	3	3	3
	busi communic	Business Communication 	1	2	1	2	0	1	0	0	4	3	3	3	3	2	1	4	2	1	3	3	4	4	2	3	3	3	2	2	3	1	1	0	1	2	3	2	4	2	3	0	1	1	1	1	3	3	2	0
	busi communic	business communication	1	0	1	3	1	1	1	1	1	2	2	3	1	2	1	1	3	4	3	3	3	2	2	2	4	2	4	2	3	3	2	1	3	3	4	2	4	2	2	2	2	1	2	1	2	1	1	1
	busi communic	Business and communication	2	0	1	0	0	2	1	1	2	3	2	3	2	2	1	2	2	3	3	3	3	3	3	4	3	1	1	2	2	2	2	2	1	1	3	4	4	4	2	3	1	1	0	2	1	2	1	3
	busi communic	business communication	4	0	0	0	0	0	0	0	4	3	3	1	0	0	0	3	0	0	4	0	3	0	3	2	1	0	0	0	0	0	0	0	4	2	2	2	4	4	2	0	0	3	3	0	2	0	0	1
	busi communic	Business Communication	3	2	3	3	2	3	3	3	3	2	3	3	2	3	2	3	3	3	3	4	2	4	3	3	3	1	3	3	3	1	3	3	4	1	3	2	4	2	3	2	1	2	2	2	3	3	2	2
	busi communic	business communication	2	0	0	2	1	2	2	2	1	1	1	1	1	1	1	2	1	2	3	2	2	3	1	2	2	2	0	2	1	1	2	1	0	1	3	0	1	1	0	1	1	2	3	2	3	2	2	2
	busi communic	Business Communications	2	0	2	1	1	1	0	1	3	0	0	2	1	1	1	1	0	0	0	1	1	3	4	0	3	2	1	4	1	2	2	1	2	0	2	2	2	1	3	1	0	0	2	1	1	1	1	0
	busi communic	Business Communication	2	2	0	1	1	2	0	1	1	1	1	1	0	2	0	0	0	2	3	2	2	0	3	1	3	2	3	3	3	3	2	1	2	2	4	1	2	2	2	2	1	2	2	2	1	1	1	2
	busi communic	business and communication	2	2	1	0	0	0	2	3	2	3	2	1	0	0	2	2	1	3	4	2	1	0	4	3	4	1	4	4	4	4	3	4	3	4	3	3	2	4	4	2	2	2	1	1	0	1	0	0
	busi communic	Business Communication 	1	0	0	0	1	1	0	0	3	3	3	1	1	1	0	3	1	2	3	2	3	4	1	2	3	2	2	1	3	1	1	0	1	1	1	1	3	1	0	0	1	1	1	1	3	2	0	0
	busi communic	business communications	0	0	0	0	0	0	0	0	0	0	0	0	0	0	0	0	0	4	3	4	4	4	0	1	4	4	4	0	4	1	4	4	0	0	4	0	2	0	0	0	3	3	4	4	0	0	3	3
	busi communic	Business Communications	2	0	0	0	0	0	1	0	4	1	2	2	2	3	2	1	4	4	3	3	3	4	2	2	4	2	4	2	4	0	2	3	0	1	1	0	0	0	0	0	0	0	1	0	1	2	1	1
	busi communic	business communications	0	0	0	0	0	0	0	0	3	0	0	0	0	0	0	0	0	3	3	4	4	4	0	2	4	4	4	0	4	2	4	3	0	0	4	0	3	0	2	0	0	3	3	4	0	0	3	2
	busi communic	Business Communications 	2	0	0	2	0	1	0	0	3	3	2	1	2	1	1	3	1	2	3	1	3	4	1	2	3	3	1	3	3	0	2	0	0	1	3	1	3	1	0	0	0	0	1	1	2	1	0	0
	busi communiti relat	Business and Community Relations	2	0	1	1	0	0	0	0	1	1	1	1	1	0	0	0	1	2	0	2	1	2	1	0	3	4	3	3	4	4	4	3	1	1	2	0	3	2	2	1	2	2	1	3	2	1	2	2
	busi cours	Business Courses	3	2	0	2	1	1	1	1	4	3	1	0	1	1	1	1	4	1	2	4	3	4	1	3	1	4	2	3	2	4	2	2	0	0	0	0	3	0	0	0	3	4	4	4	4	4	4	4
	busi culinari	business/culinary	0	0	0	4	1	0	0	0	3	0	1	4	1	0	0	2	1	2	0	2	1	2	4	2	4	2	4	4	4	4	4	4	4	2	4	1	3	2	3	2	3	1	3	1	1	2	2	1
	busi develop	business development	3	1	0	0	0	0	0	0	2	2	1	4	0	0	0	0	3	4	2	3	1	4	0	3	3	3	0	3	1	3	2	3	3	1	3	0	4	3	2	1	1	1	4	0	0	2	0	2
	busi engin	Business Engineering	1	0	0	1	0	3	0	1	4	4	3	3	3	3	3	4	4	3	1	4	4	4	1	1	3	4	4	4	4	3	4	0	1	0	3	3	4	1	0	3	0	0	1	0	1	1	0	0
	busi engin	Business engineering	1	3	1	3	1	3	0	3	4	4	3	4	3	2	3	2	3	3	1	4	2	3	3	2	4	2	3	3	3	3	3	2	0	0	2	0	4	0	1	2	0	1	4	0	3	2	0	1
	busi engin	business engineering	2	0	1	1	1	3	1	1	3	2	1	1	1	2	3	1	4	1	3	2	1	4	3	3	1	2	0	3	2	3	2	1	1	1	1	3	3	3	2	1	3	2	3	3	1	1	2	2
	busi engin	business and engineering	3	2	1	2	2	3	3	3	3	2	1	2	0	0	1	0	1	1	1	2	0	1	1	2	3	0	1	4	3	0	0	0	2	1	2	2	0	2	3	1	1	2	1	2	4	2	1	2
	busi engin	Business and Engineering	2	2	2	0	0	3	1	2	2	4	4	1	0	4	2	4	1	2	2	2	3	4	3	4	3	3	3	4	2	1	3	4	0	0	2	0	2	1	1	0	3	4	3	4	4	4	0	4
	busi engin	business engineering	2	1	0	3	0	2	1	0	4	2	3	3	2	3	2	3	2	2	3	3	3	4	4	3	3	4	2	3	2	3	1	1	2	1	0	0	4	3	3	1	1	2	2	0	3	3	3	1
	busi engin	Business and Engineering	2	2	2	3	2	3	3	3	3	1	2	4	3	2	3	4	0	0	0	0	0	0	2	0	2	0	0	1	1	0	0	0	2	0	2	0	3	1	3	1	3	1	3	2	3	4	3	2
	busi engin	Business and engineering	2	2	2	3	0	0	0	0	1	3	1	1	0	0	0	0	2	3	1	0	3	0	3	0	3	3	3	3	0	3	4	0	1	3	1	0	4	1	0	4	2	2	2	3	4	0	0	2
	busi engin	business engineering	1	1	0	2	1	2	1	2	2	3	2	3	3	2	3	1	3	4	0	3	3	3	3	2	3	4	2	3	3	4	3	1	1	3	4	1	4	3	1	3	0	1	2	1	1	1	1	2
	busi engin	Business engineering	2	2	2	2	2	2	2	3	4	3	4	3	3	2	1	2	2	1	1	1	2	3	2	1	3	1	0	3	2	2	3	2	3	1	4	2	4	3	3	3	3	2	4	2	2	3	1	2
	busi engin	Business or Engineering	0	0	0	3	0	0	0	0	3	0	0	3	0	0	0	0	0	0	0	0	0	0	3	0	2	3	0	0	0	0	0	0	3	3	3	0	2	2	2	0	2	2	2	1	2	0	2	3
	busi engin faculti busin	business engineering (in the faculty of busin	4	3	2	4	2	4	3	3	4	3	0	4	2	0	2	4	1	4	1	1	3	1	4	3	3	2	0	3	0	3	1	0	2	1	1	2	2	2	4	2	0	0	0	0	2	3	1	0
	busi entrepreneurship	Business Entrepreneurship	2	1	1	3	2	2	2	2	3	1	1	4	0	1	2	2	0	0	1	0	0	0	3	2	3	1	2	4	2	1	2	1	3	1	3	1	3	2	3	2	2	1	2	2	3	2	2	2
	busi entrepreneurship	Business & Entrepreneurship	4	2	0	3	0	3	0	0	4	4	4	3	4	4	4	4	1	3	4	3	2	4	3	4	3	4	3	2	2	2	4	1	1	0	4	1	4	2	0	1	0	0	0	0	3	2	0	1
	busi entrepreneurship	business entrepreneurship	0	0	0	0	0	2	0	0	1	0	0	2	0	0	2	0	0	0	0	0	0	0	2	0	2	3	0	4	0	0	0	0	3	0	0	0	2	1	3	0	4	0	0	1	0	0	0	0
	busi event	Business & Events	3	3	3	3	3	2	2	1	2	1	1	2	1	1	1	0	0	2	3	0	0	1	1	3	3	4	3	4	3	1	0	1	2	2	4	2	4	3	3	3	3	2	3	3	3	3	3	3
	busi event	business and events	2	1	0	2	1	2	3	2	2	1	0	1	1	1	1	3	0	1	3	3	2	3	3	3	2	4	1	3	1	2	1	2	2	2	4	1	3	3	3	3	1	0	2	1	1	2	1	1
	busi fianc	Business Fiance	3	3	0	0	4	0	0	4	3	4	3	0	0	4	3	4	3	4	1	2	4	3	0	2	0	3	4	0	3	4	3	1	3	3	4	4	1	4	3	4	0	0	1	2	0	3	3	3
	busi geophys	Business/Geophysics	2	0	3	1	0	1	1	0	1	1	1	1	1	1	1	1	0	0	0	0	0	0	0	0	3	3	0	0	0	0	0	0	1	2	2	0	4	1	2	2	0	2	0	1	3	3	2	2
	busi h	BBA (H)	2	1	1	0	0	1	1	0	0	3	1	1	0	2	0	1	4	4	4	4	4	4	2	4	3	4	2	3	2	4	4	3	2	3	1	0	4	2	3	4	3	2	0	3	1	2	3	4
	busi health	business and health	1	1	1	1	2	0	0	1	4	3	3	3	1	0	2	3	4	1	1	3	1	3	3	0	2	4	1	4	3	3	1	3	4	4	2	4	4	2	2	0	4	2	1	4	4	1	4	4
	busi health	business and health	2	2	0	1	0	0	1	1	4	1	0	3	3	1	2	0	1	3	1	2	2	2	2	3	3	2	2	4	2	3	3	2	2	2	2	2	4	2	1	1	0	2	0	1	3	1	3	0
	busi homeland secur	Business/Homeland Security	3	3	2	3	2	3	1	2	3	3	1	1	1	2	1	1	0	0	0	0	0	0	3	0	3	1	2	1	2	3	3	0	2	0	3	0	3	3	2	3	1	2	2	1	2	2	1	2
	busi insur	business + insurance	2	2	2	2	2	3	2	3	3	2	3	3	3	3	3	3	2	2	2	3	2	3	3	2	3	3	2	4	2	3	3	3	2	2	2	2	4	2	3	3	2	2	2	3	4	3	3	2
	busi ladi	Business lady	2	0	2	2	0	0	0	0	2	4	0	4	0	0	2	0	4	2	4	2	0	4	2	2	4	0	2	2	2	4	4	4	0	0	4	2	4	2	2	2	2	0	4	4	2	4	4	4
	busi leadership	business & leadership	3	1	0	0	0	0	0	0	4	3	4	3	2	3	1	4	4	2	4	4	4	4	3	4	4	3	3	4	3	3	4	2	1	2	3	3	3	2	2	1	3	2	2	2	2	2	2	1
	busi mangement	Business mangement	2	2	2	2	0	2	2	2	2	3	0	0	0	1	2	0	2	2	0	1	0	2	1	0	4	4	2	4	3	2	2	2	2	4	3	0	2	2	2	2	2	2	3	2	1	2	4	1
	busi mangement	Business Mangement	0	0	0	0	0	0	0	0	0	0	0	0	0	0	0	0	0	0	0	1	0	2	1	0	2	1	0	4	0	0	0	1	3	0	3	0	4	0	3	0	0	0	0	0	1	0	0	0
	busi mangement	Business Mangement	0	0	0	0	0	0	0	0	0	0	0	1	0	0	0	0	1	3	2	3	3	3	1	2	2	2	2	2	3	2	3	1	2	1	2	1	2	1	1	1	1	0	0	1	0	0	1	0
	busi mangement	business mangement	2	2	2	1	2	2	1	1	3	3	3	3	2	3	1	2	1	2	2	1	3	2	1	1	4	3	1	2	2	1	1	1	3	1	2	1	3	1	0	1	1	1	2	1	1	1	0	0
	busi mangement	Business mangement	2	4	4	3	1	2	1	4	3	2	1	0	0	2	0	0	2	0	1	2	0	3	2	1	4	4	4	4	4	0	4	3	3	4	3	0	3	3	4	4	3	2	2	4	1	2	1	0
	busi mark	Business and Marking	3	0	0	3	2	0	1	1	1	0	2	3	0	0	0	0	0	3	4	3	0	0	4	0	2	3	3	4	3	3	4	2	2	3	1	4	4	3	4	2	1	0	3	2	1	3	4	2
	busi mechatron	Business and Mechatronics	3	0	2	4	2	3	0	2	3	2	2	3	1	1	1	3	4	4	4	3	0	4	4	3	3	3	3	4	3	1	2	0	4	0	2	2	2	2	2	4	0	1	3	1	0	1	0	2
	busi mgmt	business mgmt	2	3	0	2	0	3	1	2	2	2	2	2	2	2	1	2	1	1	4	3	4	4	1	3	4	4	2	2	4	1	3	2	1	3	1	1	1	2	3	2	3	1	2	2	3	2	2	3
	busi mgmt	Business Mgmt	0	2	0	2	2	2	2	2	4	4	4	4	2	4	2	3	3	4	4	4	4	4	3	4	4	4	3	2	4	4	4	3	2	4	3	4	3	4	4	4	2	4	2	4	2	3	4	2
	busi mgmt	business mgmt	4	3	0	3	0	3	1	3	4	3	0	2	0	2	0	1	1	0	0	3	0	3	0	0	3	4	4	3	3	3	3	3	0	0	2	2	1	2	1	3	0	0	1	0	0	2	0	0
	busi mgmt	Business Mgmt.	0	0	0	2	0	0	2	0	0	3	3	0	3	2	1	0	0	0	1	2	0	4	0	0	2	2	0	1	3	0	3	1	0	1	3	0	3	1	3	3	2	1	3	3	3	3	3	1
	busi mgmt	Business MGMT	4	4	3	4	3	4	4	4	3	4	3	2	1	0	2	0	0	0	4	0	0	2	0	0	4	2	4	1	4	4	4	3	2	0	4	2	3	3	4	3	4	4	4	4	4	4	4	4
	busi mgmt	Business Mgmt	2	3	4	0	0	2	0	3	4	4	4	4	4	4	3	3	4	2	4	4	4	4	4	0	3	2	0	2	0	0	0	0	4	0	0	1	4	0	0	0	0	0	0	0	0	0	0	0
	busi mgmt	Business Mgmt	4	2	3	1	2	3	1	3	2	2	3	3	3	2	3	2	2	2	3	3	3	2	3	3	1	3	4	2	3	2	2	2	3	3	2	2	2	1	3	2	3	2	1	1	1	2	1	2
	busi mgmt	business mgmt	2	1	0	1	0	1	1	1	3	0	2	2	1	0	1	0	0	3	1	1	3	1	1	1	4	3	3	4	4	1	3	1	1	3	3	0	4	1	1	2	3	3	3	3	3	3	1	3
	busi mgt	business mgt	2	1	0	2	2	2	4	0	2	2	4	4	1	4	2	1	0	4	4	1	1	2	4	4	4	1	4	4	4	4	4	4	4	2	4	0	4	1	1	4	4	2	2	4	2	4	1	3
	busi mis	Business MIs	0	1	1	1	0	3	1	1	3	3	2	2	1	1	2	1	1	2	1	1	2	3	1	3	2	3	2	2	3	1	2	3	0	1	1	1	1	1	2	3	1	0	2	0	1	1	2	1
	busi n	Business n science	0	1	0	2	0	1	1	1	3	1	1	1	1	0	2	0	0	1	3	1	1	2	2	0	3	1	2	1	2	1	1	0	2	3	2	1	2	3	1	2	2	2	2	1	1	2	1	0
	busi odontolog	business and before odontology	3	0	1	0	0	0	1	0	4	3	3	4	4	0	4	0	0	4	1	0	4	0	4	0	3	3	1	0	4	3	4	1	4	4	4	3	4	2	3	4	3	4	4	4	3	3	4	1
	busi offic technolog	business and office technology	0	0	0	1	0	0	0	0	0	0	0	0	0	2	0	0	0	0	0	0	0	0	0	1	3	4	4	0	4	4	4	3	0	0	3	0	3	1	1	1	2	2	2	2	1	1	2	2
	busi oper	Business - Operations	0	2	0	2	0	0	1	0	2	2	1	4	0	2	1	1	2	3	3	2	1	4	0	1	3	3	3	3	3	2	2	1	1	2	4	1	4	3	2	3	0	3	2	2	2	2	3	3
	busi oper	Business Operations	2	2	3	2	3	2	2	1	2	4	3	2	2	4	2	1	2	3	0	3	1	3	3	1	3	1	4	3	4	3	4	2	2	3	3	3	4	4	3	3	3	3	3	3	2	2	3	2
	busi organiz leadership	Business/Organizational Leadership	0	0	0	0	0	0	0	0	1	2	2	1	2	2	0	0	4	2	3	2	2	2	0	1	4	4	4	2	4	3	4	3	0	0	4	3	4	1	2	2	3	1	2	3	2	2	2	2
	busi psucholog	Business and Psuchology	2	1	0	2	0	1	1	1	1	3	2	0	0	3	0	1	0	4	3	3	3	2	4	4	4	3	2	2	4	3	2	2	3	2	3	1	3	3	4	3	3	3	2	3	2	2	2	4
	busi qualiti	Business Quality	2	4	0	4	2	3	2	2	4	0	0	1	0	0	1	0	1	1	2	0	0	1	0	2	3	4	4	3	4	3	3	3	0	0	3	2	4	4	0	4	4	4	4	2	2	1	4	3
	busi respiratori	Business and respiratory	2	0	0	0	0	0	0	0	3	1	0	3	0	0	0	0	3	1	3	1	0	4	0	0	3	3	1	1	3	3	3	3	2	2	3	0	0	2	3	4	4	4	4	4	4	2	4	4
	busi risk	Business Risk	0	0	0	0	0	0	0	0	0	0	0	0	0	0	0	0	0	0	0	0	0	0	0	0	0	0	0	0	0	0	0	0	0	0	4	0	0	0	4	0	3	0	0	0	0	0	0	0
	busi studi	Business study	0	2	0	0	0	2	0	2	0	0	0	0	0	1	0	2	0	0	0	3	2	2	1	2	4	1	2	1	2	2	4	3	4	0	1	1	2	2	0	3	2	0	1	2	2	2	2	2
	busi studi	business study	2	0	0	0	0	0	2	0	0	0	0	0	0	0	0	0	3	3	4	2	2	1	3	3	3	3	3	3	2	3	3	2	3	3	3	4	3	2	4	4	1	0	0	3	1	2	0	2
	busi studi	business study	2	3	2	3	3	3	2	1	0	1	0	0	0	1	0	4	2	4	3	2	4	1	3	4	4	3	3	2	4	3	4	0	2	3	4	4	4	3	3	4	1	1	3	3	3	0	4	3
	busi sustain	Business (Sustainability)	2	3	3	3	2	4	1	3	3	3	2	2	2	2	3	2	0	1	0	0	1	3	3	2	2	3	0	3	1	3	2	0	1	2	2	0	3	0	2	3	0	1	1	0	1	2	1	1
	busi sustain	Business Sustainability	2	0	0	3	0	3	0	3	4	3	3	1	3	3	3	1	2	1	1	0	1	3	4	4	0	3	0	1	0	0	1	3	0	0	3	1	3	0	0	0	3	3	3	3	3	1	1	3
	busi sustain	Business Sustainability	3	3	0	2	0	1	1	2	3	3	3	1	3	3	3	3	2	2	3	2	3	2	1	2	4	3	3	2	3	3	3	2	2	2	2	1	2	2	1	1	3	2	1	1	2	2	2	1
	busi system	Business Systems	3	1	2	1	0	0	1	1	2	1	1	2	3	3	2	4	3	3	1	4	4	4	0	3	4	2	2	2	3	2	3	2	0	0	2	1	1	0	2	0	0	0	1	1	2	3	2	0
	busi technolog	Business technology	2	3	0	2	1	0	3	1	4	2	3	4	3	2	3	1	0	3	4	4	3	2	2	3	3	2	3	1	4	0	0	2	0	2	3	2	4	2	1	1	2	3	3	3	4	2	2	2
	busi technolog	Business and technology 	2	3	3	0	0	0	0	0	2	0	0	0	0	0	0	0	0	0	0	0	0	0	0	0	2	1	0	3	0	0	0	0	0	0	0	0	3	0	0	0	0	0	0	0	0	2	0	0
	busi travel	business / travel	3	0	0	0	0	0	1	0	3	0	3	2	3	3	2	3	0	0	3	1	0	3	1	0	3	0	0	1	0	0	1	0	3	2	4	3	3	2	3	0	3	1	2	1	3	1	3	0
	busi work mental health graduat degr	MBA & Working On Mental Health Graduate degre	0	0	0	0	0	0	0	0	3	2	2	3	1	1	0	1	1	3	2	2	2	2	1	0	4	4	4	1	4	1	1	2	2	0	1	0	3	0	0	1	0	0	0	0	1	0	1	0
	busibess	busibess	1	3	2	2	0	2	0	2	1	3	1	2	2	2	1	1	3	0	0	1	1	3	2	0	4	2	2	2	3	3	3	1	2	1	3	0	4	2	2	1	0	0	3	1	4	3	0	1
	busiess	Busiess	2	0	0	3	0	3	1	3	1	0	0	1	0	0	1	1	2	3	3	3	3	3	3	3	4	3	2	3	4	4	4	0	3	3	4	4	4	4	3	4	1	1	1	1	1	3	3	0
	busiess	Busiess	3	3	1	1	2	1	2	3	2	0	0	1	0	1	0	2	3	3	3	2	2	4	3	3	3	4	4	3	3	3	2	2	2	3	4	1	3	3	3	3	1	2	1	2	2	1	3	2
	busine	businees	3	0	0	2	1	0	3	0	4	1	1	4	1	1	1	1	3	3	4	4	4	3	1	4	4	3	3	4	4	3	4	4	1	4	3	4	4	3	3	4	1	4	2	1	2	3	2	3
	busineess	busineess	2	2	0	2	0	2	1	2	2	1	1	2	2	1	2	1	0	0	0	0	1	0	1	1	3	0	4	3	4	1	3	3	1	0	3	2	3	1	2	2	4	2	3	4	4	2	2	3
	businesd	Businesd	3	0	3	0	0	1	0	0	1	2	0	3	0	3	0	2	0	1	0	0	4	0	0	1	3	1	1	2	3	1	4	0	0	0	2	3	3	0	0	0	0	2	1	0	0	3	1	0
	businesd	Businesd	2	2	1	3	1	2	2	2	2	2	1	1	1	1	1	1	3	3	3	3	1	3	2	2	2	2	1	2	1	1	2	1	1	0	1	2	1	1	1	1	1	2	2	1	1	2	0	1
	businesss	businesss	0	0	0	1	0	0	1	0	4	0	0	0	0	0	0	0	0	0	2	2	0	2	3	0	1	0	2	4	4	3	1	2	0	0	3	2	2	2	3	2	0	0	0	0	0	0	0	0
	businesss	businesss	0	0	0	0	0	0	0	0	4	0	0	0	0	0	0	0	0	0	1	2	0	2	2	0	1	0	2	3	4	2	0	2	0	0	3	3	2	0	3	0	0	0	0	0	0	0	0	0
	businesss	Businesss	0	0	0	0	0	0	0	0	4	0	0	3	3	0	0	0	0	0	3	0	3	0	0	3	4	4	3	3	4	3	3	3	0	3	3	1	3	3	1	1	0	0	0	0	1	0	0	0
	businesss	Businesss	2	1	0	0	0	0	3	0	2	3	4	1	2	4	2	3	0	0	2	0	0	2	1	1	4	2	4	4	4	3	4	4	0	1	0	0	1	0	1	1	0	2	2	0	4	3	0	2
	businesss	BUSINESSS	4	3	4	2	3	4	2	2	1	2	1	2	0	0	1	0	0	0	2	4	1	4	4	1	3	0	4	4	4	0	2	0	3	1	4	3	4	3	3	2	0	1	1	2	1	2	0	1
	businesswoman	businesswoman	0	0	0	1	0	0	2	0	0	0	2	0	3	0	4	0	2	0	1	2	4	4	0	0	3	2	4	4	4	4	3	4	4	4	4	4	4	4	4	4	4	2	4	4	3	0	4	4
	businesswoman	businesswoman	1	0	0	0	0	0	0	0	0	0	0	0	1	2	1	1	0	0	4	0	0	1	2	2	2	1	1	0	2	0	0	1	1	3	3	0	2	2	2	0	2	0	2	2	1	0	3	2
	businiess applic	Businiess Applications	0	0	1	0	1	0	0	2	0	0	1	0	0	0	0	0	0	0	2	0	0	0	0	0	3	1	2	1	1	0	0	1	2	2	2	0	3	1	3	1	3	2	2	3	3	0	3	2
	businn	businnes	3	1	1	1	0	0	0	0	0	1	1	0	0	0	0	0	0	1	3	0	2	0	1	3	2	1	1	3	0	0	0	0	1	1	2	1	2	2	0	1	1	1	3	2	1	2	3	0
	businsess	BUSINSESS 	4	2	2	2	2	3	2	3	3	3	2	4	2	3	3	2	0	0	0	0	0	0	0	0	4	4	2	2	3	2	2	2	2	3	3	2	3	3	4	0	4	3	4	4	4	4	4	4
	busn	busn	1	0	0	1	0	1	0	0	3	4	3	3	2	3	2	2	0	2	4	0	3	3	0	2	3	2	1	2	4	3	4	0	0	0	3	0	3	0	3	0	1	1	0	0	4	2	0	0
	busn	busn	4	1	2	0	0	2	0	1	4	2	3	3	0	2	0	3	0	0	0	3	2	0	3	0	2	4	4	4	4	3	3	2	1	2	3	0	0	0	2	0	1	0	0	0	0	0	0	0
	busniess	Busniess	2	0	0	0	0	0	3	0	0	0	0	0	0	0	0	2	0	0	0	0	0	0	2	1	4	4	4	0	4	4	4	4	4	4	4	2	4	4	4	4	3	0	0	1	0	4	4	1
	busniess	Busniess	2	3	2	0	1	3	3	1	3	3	2	1	0	2	0	2	1	2	3	0	4	0	1	3	3	3	3	2	3	3	3	0	2	1	3	0	2	2	2	3	2	1	3	2	0	3	2	2
	busniess	Busniess 	4	2	2	2	0	4	0	3	2	0	3	4	4	0	2	2	0	4	3	2	3	2	3	1	3	3	2	4	4	4	2	3	3	3	3	1	4	3	3	0	3	4	4	3	3	4	3	1
	busniess	busniess	2	2	2	1	1	0	1	1	2	2	2	3	2	1	1	0	0	0	1	2	1	0	4	0	1	0	1	1	1	0	1	0	2	0	2	1	3	3	4	0	1	2	1	1	2	1	1	0
	busniess	busniess	2	4	0	4	0	4	1	0	3	2	3	3	3	1	1	0	2	4	4	3	1	3	2	4	0	4	3	3	1	3	3	4	3	3	3	0	0	4	3	4	1	3	3	2	3	4	0	1
	busniess	busniess	4	4	0	4	4	4	4	4	0	4	2	0	0	0	0	0	0	0	0	0	0	4	0	0	0	4	4	0	4	4	4	4	0	4	4	0	4	4	0	4	0	4	4	4	4	4	4	4
	busniss	Busniss	0	1	0	0	1	0	0	1	0	0	0	1	0	0	0	0	3	2	3	3	3	3	4	3	2	3	1	2	1	2	2	3	2	3	1	3	3	3	2	1	2	1	1	2	2	1	2	1
	buso	Busoness	1	0	0	1	0	0	0	0	3	0	0	1	0	0	0	0	2	0	0	2	0	3	2	0	3	3	3	4	2	2	3	1	3	4	2	0	4	3	2	2	3	3	3	3	4	3	3	3
	buss	bussness	4	0	3	0	0	0	3	3	1	0	0	0	0	0	0	3	3	4	4	4	3	3	0	3	2	1	3	2	4	0	4	4	2	4	4	4	3	4	4	4	0	2	4	4	0	2	2	4
	bussi compani	bussiness, company	4	0	0	0	0	0	0	0	0	0	0	0	0	0	0	0	0	0	1	0	0	0	0	0	0	4	0	0	0	0	0	0	4	2	4	4	4	4	4	4	0	0	1	2	4	0	0	0
	bussiess adminstr	bussiess adminstration	2	2	2	2	2	2	2	2	2	2	2	2	2	2	2	2	2	2	2	2	2	2	2	2	2	2	2	2	2	2	2	2	2	2	2	2	2	2	2	2	2	2	2	2	2	2	2	2
	bussin	Bussines	3	2	1	3	1	3	1	2	2	1	1	3	1	1	1	2	1	3	2	1	2	1	2	2	4	3	1	3	2	3	3	3	3	1	3	3	4	4	1	3	2	3	3	3	3	3	2	3
	bussin	Bussines	0	0	2	1	1	1	0	0	2	3	2	1	2	3	1	2	1	3	1	3	3	2	0	2	3	4	3	2	3	2	2	2	2	2	3	2	3	2	1	3	0	0	1	0	4	0	1	1
	bussin	bussines	3	3	1	3	3	2	1	1	0	1	1	3	0	3	0	2	1	1	1	1	3	3	4	1	2	3	1	3	3	3	2	3	3	2	3	3	3	4	3	3	2	3	2	1	2	2	3	1
	bussin	bussines	3	1	2	1	1	2	2	0	1	4	3	1	3	2	3	0	3	0	1	0	3	0	1	2	3	2	3	0	0	3	2	2	3	3	3	3	1	4	2	2	2	1	1	3	1	1	0	1
	bussin	Bussines 	2	0	0	0	0	0	0	0	0	0	0	0	0	0	0	0	0	2	0	0	0	2	2	2	2	0	1	3	2	0	0	0	3	0	3	0	3	0	3	2	3	0	0	2	2	0	0	0
	bussin	bussines	0	0	0	0	0	1	0	0	1	3	2	3	3	3	1	1	1	4	3	4	4	2	1	4	4	2	3	4	3	2	2	1	2	1	4	1	3	2	0	1	0	1	1	2	0	2	0	1
	bussin	 Bussines	0	2	0	0	0	0	0	0	2	3	2	0	0	2	0	0	0	0	0	0	0	0	2	0	3	3	3	3	0	0	0	0	0	0	3	0	2	1	0	3	3	3	2	3	1	4	3	2
	bussin	Bussines	2	1	1	3	1	2	1	1	1	1	1	2	1	3	1	2	1	1	3	2	1	2	2	2	1	1	1	1	1	3	2	1	2	2	3	2	2	3	2	2	2	2	3	1	2	2	2	2
	bussin	bussines studies	2	0	0	0	0	0	0	0	4	4	2	2	0	2	0	2	0	2	2	0	2	0	0	2	4	2	4	2	4	2	4	2	4	2	4	4	4	2	4	2	2	2	2	2	4	0	2	4
	bussin	Bussines	4	3	2	3	3	4	1	3	4	2	1	1	1	3	1	4	1	3	3	1	1	3	2	2	4	4	1	4	3	4	4	4	2	4	4	3	4	4	3	4	2	4	4	2	2	3	3	3
	bussin	Bussines	3	3	3	3	4	4	4	4	2	2	1	2	2	2	2	2	3	2	1	3	3	4	3	3	4	2	4	4	4	3	2	2	4	4	4	4	4	4	3	4	1	3	1	3	3	2	2	2
	bussin woman	Bussines woman	4	4	1	1	2	1	3	1	2	4	3	1	1	4	1	1	2	3	1	2	1	4	4	1	2	3	2	2	3	4	4	4	4	1	4	2	3	1	4	4	4	2	4	3	2	2	4	4
	bussines adminstr	Bussinese adminstration	2	2	0	2	1	2	2	1	3	4	3	2	4	4	3	3	3	4	3	1	3	2	4	2	2	3	3	3	3	2	2	2	3	2	4	4	4	3	1	3	2	2	2	2	3	2	1	1
	bussneiss	bussneiss	2	2	2	2	2	2	3	3	1	1	0	1	1	1	1	2	1	0	4	4	0	1	2	0	2	0	3	3	1	1	1	0	3	4	4	2	4	4	4	1	2	4	3	2	1	2	3	1
	bussniess	Bussniess	4	3	0	0	0	2	1	2	2	1	0	2	2	1	2	1	2	4	0	2	2	2	2	2	4	4	4	3	3	3	3	4	4	4	4	3	4	2	4	4	4	4	4	3	3	2	4	3
	bussniess	Bussniess	2	1	0	0	1	0	0	1	2	1	0	1	0	0	0	0	2	2	3	2	2	2	2	2	2	0	2	3	2	1	2	0	1	0	1	3	1	1	4	1	0	0	0	1	0	0	1	0
	bussnis	bussnise	1	0	0	0	0	0	0	0	4	1	0	2	4	0	0	0	2	0	3	3	3	2	1	0	4	3	3	3	3	0	1	0	3	1	3	4	4	3	0	0	3	3	2	4	2	0	2	0
	busu	Busuness	2	3	0	3	3	3	2	3	3	1	1	2	1	1	1	0	0	0	0	0	0	0	0	0	4	4	3	3	4	4	3	1	4	4	4	0	4	3	4	3	4	4	3	4	4	2	4	4
	but	buts	0	0	1	3	1	4	2	0	0	0	2	1	2	2	0	1	0	2	1	3	0	3	0	3	0	0	3	2	4	4	3	0	0	0	1	0	0	2	3	4	0	4	3	4	2	4	2	4
	buy merchandis	Buying and Merchandise	2	3	0	0	1	0	2	1	4	4	3	3	3	3	2	3	1	4	4	4	4	3	1	4	4	4	4	4	4	3	4	4	1	1	1	3	2	2	2	2	2	2	2	2	1	2	1	2
	c	c	2	1	0	1	0	0	0	2	3	1	1	1	0	1	0	1	1	2	1	4	4	4	0	1	3	4	2	3	2	2	2	2	0	4	2	1	3	4	2	2	0	0	2	1	2	2	0	1
	ca	CA	3	3	3	3	1	3	1	3	3	4	3	3	3	3	3	4	3	1	4	3	1	3	1	4	1	3	1	4	1	3	1	2	4	1	3	4	3	3	3	3	3	3	4	1	4	3	3	2
	ca	ca	2	2	2	2	3	1	2	2	3	2	2	2	2	1	2	2	3	2	2	3	2	2	2	2	4	2	3	2	3	3	3	3	2	2	3	2	3	2	2	3	2	2	2	2	2	3	2	2
	cabin crew	cabin crew	0	0	2	0	0	2	2	2	0	2	4	2	4	4	2	4	4	4	0	4	4	4	4	4	2	4	4	4	2	4	4	4	4	2	4	2	4	4	4	4	4	2	2	4	4	4	4	2
	cabin crew	Cabin crew	4	0	0	3	2	3	2	0	0	4	4	3	2	4	0	0	4	0	4	4	4	4	4	4	2	4	4	4	4	4	4	4	1	3	1	0	2	4	2	1	2	2	4	4	4	2	2	1
	cabin crew	cabin crew	4	0	0	0	0	0	4	0	2	0	2	2	0	0	0	0	4	1	0	0	0	2	4	0	3	4	4	2	4	4	4	4	4	4	4	4	4	4	4	4	4	4	4	4	4	0	4	4
	cad	CAD	2	2	2	3	2	2	2	2	2	2	2	2	2	2	2	2	1	1	1	1	1	3	3	2	1	2	1	3	1	1	1	0	2	2	2	1	2	2	2	2	1	2	2	2	2	2	2	2
	cad	cad	0	1	0	1	1	1	0	0	0	0	4	1	1	4	0	0	4	0	0	3	1	4	0	0	0	4	4	0	4	4	4	4	0	0	2	0	1	0	0	0	4	4	1	4	1	0	0	4
	caf	CAFS	1	0	1	0	0	0	0	0	1	1	1	0	0	0	0	0	1	2	1	0	0	1	0	1	1	1	0	0	1	2	1	0	0	1	0	0	0	0	0	0	0	1	0	0	0	0	0	0
	calcul	Calculators 	3	1	0	1	1	0	2	0	4	4	3	3	2	3	0	3	1	4	3	3	1	3	3	3	3	2	2	4	3	4	1	2	3	3	4	2	4	3	2	3	3	1	2	2	2	4	1	3
	calculus	Calculus	2	2	2	3	3	2	3	2	2	4	4	3	0	4	1	4	0	1	1	0	0	1	4	0	0	0	3	0	1	0	2	2	0	3	1	0	0	0	1	1	1	4	0	0	1	3	1	0
	caloocan high	Caloocan High	2	2	2	3	2	3	1	1	3	3	3	2	3	2	2	2	3	3	3	2	2	1	2	1	3	3	3	2	2	2	2	2	2	2	2	2	3	2	1	2	2	3	3	3	2	1	1	2
	caltech	Caltech	4	3	1	3	2	3	1	3	4	3	1	3	4	4	4	4	3	2	3	3	3	3	1	4	3	3	3	3	3	3	3	3	4	3	1	1	1	2	1	3	3	3	1	1	3	2	0	2
	car	car	4	3	3	4	3	4	4	3	2	1	2	2	2	2	2	3	1	1	2	1	1	2	2	2	1	0	0	2	0	2	1	0	2	1	1	1	3	2	3	2	3	3	3	3	4	3	3	3
	car engin	car engineering	4	4	4	1	4	4	4	4	4	2	4	4	4	4	4	4	1	4	4	0	4	4	4	4	2	4	4	4	4	4	1	4	4	4	4	0	4	4	4	4	4	4	4	0	4	4	4	4
	cardiolog	cardiology	0	1	0	1	0	0	0	0	4	4	4	4	4	3	4	1	2	2	3	1	1	3	1	3	2	3	1	0	4	3	1	4	0	1	0	3	2	0	0	0	0	0	0	0	1	1	0	0
	cardiolog	Cardiology	2	3	2	3	1	3	3	3	2	2	1	3	2	2	3	3	3	2	1	2	1	3	3	3	4	3	3	3	3	3	3	2	2	3	2	0	2	2	2	2	3	2	2	0	2	3	1	2
	cardiopulmonari	Cardiopulmonary Science	3	0	0	3	0	2	2	0	4	4	2	4	4	4	4	2	2	4	4	4	4	4	2	4	4	3	3	3	3	1	2	3	0	0	3	1	1	0	0	0	3	1	2	3	3	3	1	3
	cardiopulmonari	CardioPulmonary Science	2	1	0	2	1	1	1	1	4	3	3	3	3	3	3	0	1	0	2	1	0	0	0	3	4	3	3	1	3	2	0	3	2	2	1	3	4	2	3	2	4	4	4	4	4	4	4	4
	cardiovascular technolog	Cardiovascular technology 	0	3	1	1	0	1	0	2	3	2	2	3	0	1	2	0	0	1	3	0	0	0	2	0	2	2	2	2	2	2	2	2	2	1	1	2	2	2	3	2	1	1	1	1	1	0	1	0
	cardiovascular technolog	Cardiovascular Technology	0	0	0	0	0	0	0	0	4	2	2	4	3	2	4	4	0	0	3	1	1	0	1	0	0	2	0	1	1	2	2	1	0	0	0	0	0	0	1	0	0	0	0	0	0	2	0	0
	cardiovascular technolog	Cardiovascular Technology	3	2	1	2	2	2	2	2	2	4	3	3	2	2	2	2	1	1	2	2	1	2	4	1	4	2	2	4	2	4	4	2	4	2	2	2	2	4	2	2	2	4	4	3	2	4	3	3
	care	Care	0	0	0	0	0	0	0	0	3	3	1	2	0	3	0	0	0	0	2	0	3	3	0	0	4	4	4	3	3	4	3	1	0	0	4	0	4	0	0	4	0	0	0	0	0	0	0	0
	career councel	career counceling	0	0	0	0	0	0	0	0	1	2	0	0	0	0	0	0	2	2	1	3	2	2	0	0	4	0	0	2	0	3	0	0	0	0	1	2	1	1	1	0	2	0	3	3	3	3	3	0
	career councler	Career Councler	3	1	2	2	0	0	1	1	2	0	0	0	0	0	0	2	3	0	0	3	1	3	2	0	4	1	0	2	0	0	0	0	3	0	4	0	3	1	2	3	0	0	0	0	1	0	0	0
	career develop	Career Development	1	1	1	1	0	0	0	0	1	0	1	1	0	0	0	0	1	2	1	2	2	2	0	0	4	3	2	1	3	0	2	0	1	1	1	1	1	0	2	0	1	1	1	3	3	2	0	0
	career develop	Career Development 	0	1	1	1	0	0	1	1	2	2	2	3	3	3	1	1	1	1	3	1	1	1	1	1	4	2	3	3	4	1	3	3	1	1	3	1	4	1	4	0	1	1	1	1	1	1	1	0
	career develop	Career Development	1	1	0	1	0	0	1	1	1	0	0	1	0	0	0	2	0	2	4	2	3	0	3	2	4	3	2	3	3	3	3	1	3	2	2	1	2	2	4	2	1	0	3	1	1	2	2	1
	career develop	Career development	1	0	0	0	0	0	0	0	3	4	2	2	1	3	2	2	4	4	4	4	4	4	1	4	4	3	2	1	3	3	3	2	0	1	3	1	3	1	1	3	0	1	0	1	1	1	0	0
	career develop	career development	1	0	1	0	0	1	1	0	3	4	3	2	3	3	3	4	2	3	3	2	2	2	3	4	4	3	3	2	3	2	2	2	1	2	1	3	1	2	1	2	0	1	0	1	1	1	0	1
	career guidanc	Careers guidance	0	3	0	1	0	3	1	1	4	2	1	1	2	2	2	0	0	3	2	3	3	3	0	4	4	2	1	3	3	3	4	3	1	1	4	2	2	2	2	2	0	0	1	1	0	2	0	1
	career guidanc	careers guidance	0	2	1	1	1	0	1	0	2	0	0	2	1	0	2	3	4	1	3	3	1	4	0	0	4	4	3	4	3	3	4	2	0	1	3	1	3	2	2	3	2	2	3	3	1	3	2	1
	career guidanc	career guidance	0	0	0	0	0	0	0	0	3	0	0	2	0	0	0	0	0	0	0	0	0	2	0	0	4	3	3	0	4	2	3	3	0	2	3	0	2	2	2	2	3	2	0	3	2	2	3	2
	career guidanc	careers guidance	0	0	0	0	0	0	0	0	1	1	1	0	0	4	1	1	0	0	1	2	2	0	0	0	4	4	4	0	4	3	2	1	0	2	4	0	4	2	4	1	2	2	3	3	3	2	2	2
	carpentri	Carpentry	1	4	3	3	3	4	2	4	4	1	1	4	1	3	3	3	3	2	3	3	4	4	1	4	1	4	4	3	4	1	3	2	0	1	0	3	2	2	0	3	3	3	2	1	3	0	0	3
	carpentri	CARPENTRY	3	4	0	4	4	3	2	4	2	3	4	1	0	2	1	1	0	3	1	2	0	0	4	4	4	2	2	3	4	3	4	4	2	4	4	2	3	0	4	3	2	0	1	3	4	4	1	2
	carpentri construct	Carpentry/ Construction	2	4	3	3	1	4	2	4	1	1	2	2	1	1	1	2	1	1	1	3	0	3	3	1	1	2	1	2	1	2	2	1	2	2	1	1	2	3	3	2	2	1	2	2	1	2	3	3
	carpentri someth like	Carpentry.. or something like that	1	4	3	0	0	4	0	4	0	1	1	0	0	1	0	0	0	0	0	0	0	3	4	0	0	0	0	4	0	0	0	0	0	0	0	0	0	0	0	0	0	0	0	0	0	0	0	0
	cartographi	cartography	2	1	0	2	0	1	1	0	3	2	2	2	1	3	2	4	0	0	1	1	0	0	1	1	1	0	0	3	0	1	1	2	1	2	2	0	3	0	2	1	1	2	2	0	3	2	0	0
	cartoonist	cartoonist	2	2	2	2	3	3	3	3	3	4	3	3	3	1	0	0	2	3	4	2	4	3	4	4	4	2	0	2	3	3	4	2	3	2	1	1	2	4	4	4	0	0	1	2	1	0	0	1
	case worker	Case worker	2	0	0	1	1	1	0	0	3	2	3	2	1	4	2	2	2	2	3	2	1	3	1	1	2	4	4	4	3	4	4	4	1	2	3	4	2	3	3	3	3	3	3	3	2	2	3	3
	caterpillar	Caterpillar 	2	2	3	0	2	0	2	1	0	0	0	0	0	0	0	0	0	0	0	0	0	0	0	0	0	1	0	1	0	0	0	0	0	0	0	0	2	0	0	0	1	0	0	0	2	0	0	0
	caunselor	caunselor	2	0	0	2	2	0	2	0	2	2	2	2	0	2	0	0	2	2	2	4	4	4	4	4	4	2	2	4	4	4	4	4	2	4	2	4	0	4	0	2	0	2	4	2	0	2	0	4
	cbe	CBE	2	1	1	1	1	0	1	0	4	3	4	4	4	1	4	1	1	1	1	1	2	2	1	1	1	2	4	2	2	2	1	1	2	2	3	1	2	2	1	1	2	2	1	2	1	1	2	1
	cdfs	cdfs	1	1	2	2	1	2	1	1	1	1	2	3	1	1	1	1	1	2	3	3	2	4	1	2	4	3	4	3	4	4	4	4	1	3	2	2	2	3	3	3	1	2	2	2	0	2	2	2
	ce	CE	2	3	4	3	4	3	4	3	4	3	4	4	4	3	4	2	4	3	2	4	3	4	2	2	3	2	3	3	3	3	3	3	3	4	4	4	4	4	4	4	4	3	4	4	4	4	4	4
	cellulog	Cellulogy	4	0	0	0	0	0	0	0	4	2	4	4	4	4	4	4	4	4	0	2	2	4	0	4	2	4	2	4	2	2	2	2	2	0	2	0	2	0	0	0	2	2	2	0	2	2	0	0
	cenic art	Cenic arts	2	0	0	3	0	3	0	0	0	3	3	3	4	0	4	0	3	4	2	4	4	4	4	0	1	4	4	2	1	0	0	0	0	2	3	0	2	0	0	0	0	2	2	0	3	2	0	0
	central bank	central banking	1	0	0	1	2	2	1	0	3	3	3	2	3	1	2	2	1	1	2	1	2	2	1	2	3	1	0	1	3	1	0	0	1	1	3	1	3	2	1	2	3	1	3	3	2	2	3	1
	cepe	CEPE	4	1	2	1	2	2	4	1	2	3	3	3	2	2	1	1	1	2	3	4	3	4	4	1	3	4	4	4	4	3	4	4	2	2	2	3	2	2	1	4	2	2	1	2	2	4	1	1
	ceram	Ceramic 	0	2	0	2	1	1	3	0	2	4	3	1	1	3	3	0	2	4	3	0	2	3	0	2	2	3	3	1	3	4	3	3	1	3	2	3	2	4	3	3	2	3	1	2	3	4	2	4
	ceram	Ceramics	0	1	0	0	0	0	0	0	2	1	0	2	0	0	0	0	3	0	2	0	0	3	0	0	4	3	0	2	2	0	3	2	2	1	4	2	4	0	4	0	1	0	0	2	2	2	4	0
	ceram	Ceramics	3	3	2	2	0	3	0	0	3	3	3	3	3	3	3	3	2	3	4	3	4	3	2	4	3	3	4	2	4	3	3	3	1	2	3	2	2	3	2	3	1	1	1	1	2	3	0	0
	ceram	ceramics 	0	4	0	0	1	0	1	0	2	3	0	2	0	1	0	2	3	3	4	4	3	3	2	4	4	4	3	3	2	2	3	2	0	2	1	1	0	2	0	2	3	0	1	2	0	2	0	2
	ceram engin	Ceramic Engineering	3	2	2	2	1	2	2	2	3	0	2	1	2	2	2	2	2	1	3	0	1	1	2	2	3	2	2	2	2	3	2	2	2	2	2	0	2	3	2	2	3	3	2	2	4	2	2	2
	ceram engin	Ceramic Engineering	3	1	2	2	2	2	3	2	1	0	1	1	1	1	1	1	2	2	3	2	2	1	2	2	1	3	2	3	2	3	3	2	1	2	2	1	4	3	2	2	2	2	2	2	2	1	3	3
	ceram engin	Ceramic Engineering	2	1	0	0	0	0	1	0	1	3	4	0	0	0	0	0	3	4	3	4	4	2	0	1	3	2	4	3	4	1	2	2	3	1	3	1	4	1	1	1	0	0	1	2	3	1	1	2
	ceram engin	Ceramic Engineering	2	0	2	1	0	0	0	0	4	1	4	4	4	3	2	4	3	3	4	4	3	3	3	3	4	2	3	3	2	2	2	0	2	2	2	1	2	2	2	2	1	1	1	0	2	1	1	1
	cert iii	Cert III	2	1	1	1	2	1	2	2	4	3	2	3	2	1	2	3	2	0	2	2	0	2	3	1	3	1	4	3	4	3	2	3	4	2	4	2	4	3	2	3	3	0	1	2	2	2	2	3
	certif	Certification	2	0	0	1	0	0	1	1	3	2	0	1	1	2	1	0	2	1	0	0	0	3	0	1	1	3	1	0	1	4	4	4	1	1	2	0	2	2	1	2	4	1	3	4	2	4	3	4
	cghees	cgheese	4	4	4	4	4	4	4	4	4	4	4	4	4	4	4	4	4	4	4	4	4	4	4	4	4	4	4	4	4	4	4	4	4	4	4	4	4	4	4	4	4	4	4	4	4	4	4	4
	chad	CHAD	2	0	0	0	1	0	0	0	4	4	4	3	2	2	2	0	1	2	1	1	2	1	0	3	1	4	0	2	1	4	4	1	0	1	3	0	1	1	0	3	1	3	4	3	3	3	0	0
	chees	cheese	0	0	0	1	0	0	0	0	4	4	2	3	2	3	2	1	1	1	2	2	3	1	2	2	1	1	1	3	1	2	1	0	0	0	1	1	1	1	1	4	0	0	0	0	1	2	0	1
	chef	chef	4	2	2	3	3	3	3	2	3	3	3	1	1	2	1	3	1	3	3	1	0	1	3	1	3	3	2	1	1	1	2	0	1	2	4	2	3	1	1	0	3	1	0	2	1	1	0	0
	chef	chef	2	0	0	1	0	1	1	2	0	2	2	2	1	0	0	0	2	3	3	1	3	4	2	2	2	1	1	2	3	2	4	3	1	2	2	2	1	2	2	1	0	2	1	1	0	2	0	0
	chef	Chef 	0	0	0	0	0	0	0	0	0	2	0	0	0	0	0	0	1	4	3	2	3	3	3	4	0	2	0	0	2	2	0	2	3	0	0	0	1	0	0	0	0	0	0	0	0	0	0	0
	chef	chef	2	3	0	1	0	2	2	0	2	0	0	4	0	1	0	0	4	2	1	4	4	4	2	2	4	3	2	2	2	1	2	2	2	0	1	0	0	0	1	3	0	3	2	0	2	0	1	2
	chef	chef	3	2	0	0	2	0	2	2	2	1	1	1	1	0	0	1	0	2	4	0	0	3	0	0	2	4	3	4	4	4	2	3	4	0	4	4	3	4	2	3	2	0	3	2	2	0	1	2
	chef	Chef	2	1	1	1	0	1	0	1	3	1	3	1	1	2	1	2	0	0	2	1	2	2	2	1	3	1	2	2	2	1	2	1	0	1	1	1	2	2	2	1	0	1	1	1	1	2	1	1
	chef	chef 	2	1	0	0	0	1	0	0	2	4	2	1	2	4	2	2	3	0	1	4	0	4	2	2	1	0	3	4	4	3	1	4	3	1	0	0	0	0	0	4	1	1	2	1	0	0	0	0
	chef	chef	3	1	1	2	2	2	2	2	2	3	2	2	0	2	1	1	1	1	3	2	0	2	3	2	1	2	1	1	1	2	2	1	2	2	3	1	2	3	1	3	2	2	3	1	2	2	1	2
	chef	chef	4	1	1	4	4	0	2	2	4	2	0	3	1	0	1	4	1	3	3	4	1	2	2	4	2	2	3	2	1	2	3	2	4	3	2	3	4	0	1	3	3	3	3	3	3	3	3	2
	chef	Chef 	0	0	0	0	0	0	0	0	2	3	3	0	0	0	0	0	0	0	0	0	0	0	0	0	2	4	0	0	3	0	0	0	0	0	0	0	0	0	0	0	0	0	0	0	0	0	0	0
	chef makeup artist	chef/makeup artist	3	0	0	2	0	2	0	1	2	4	4	1	3	2	0	3	0	3	4	3	1	1	3	4	4	3	2	3	1	3	2	2	2	2	3	2	3	0	2	2	0	2	0	0	0	0	2	0
	chemic	chemical	2	2	3	1	2	2	2	1	3	3	2	4	3	1	3	1	1	3	1	2	3	2	1	1	2	3	3	3	2	3	3	2	2	3	3	1	3	3	2	1	2	4	3	3	4	3	1	3
	chemic	Chemical	2	0	4	2	2	0	2	0	4	3	4	2	2	3	3	0	4	3	1	4	3	4	4	4	4	4	3	4	4	4	4	4	2	0	0	0	4	1	4	0	4	0	1	0	0	2	1	0
	chemic	chemical	2	0	0	0	0	0	0	0	4	0	0	0	1	0	1	0	1	1	0	3	3	4	0	0	3	3	4	1	4	0	1	3	0	0	1	2	1	1	3	0	0	0	2	1	0	2	0	0
	chemic	chem	4	4	4	4	4	4	4	4	4	4	4	4	4	4	4	4	1	0	2	2	3	3	3	4	3	1	1	4	4	0	1	0	0	0	1	1	2	1	0	2	4	4	4	3	4	4	3	3
	chemic	Chemical	2	2	3	3	2	2	1	1	3	3	3	4	3	1	3	3	2	2	3	4	2	1	0	2	4	4	4	2	3	2	3	3	2	2	2	1	2	1	2	1	2	2	3	2	2	1	2	2
	chemic	Chemical	3	0	0	2	2	0	2	0	4	4	4	2	4	4	4	2	2	2	2	2	2	2	0	0	0	2	2	3	2	2	2	2	1	1	2	2	2	2	0	2	0	2	0	0	2	4	0	1
	chemic biomolecular engin	Chemical & Biomolecular Engineering	2	0	3	2	2	0	0	0	3	2	2	2	3	2	4	2	0	0	1	0	0	0	0	0	0	1	2	0	1	0	0	0	0	1	0	0	0	0	0	0	1	2	0	1	0	0	0	1
	chemic biomolecular engin	chemical biomolecular engineering	2	0	0	3	2	0	2	1	4	0	0	4	4	0	4	2	1	2	0	2	0	2	0	0	1	4	4	1	3	2	3	3	3	2	4	1	4	3	4	2	3	1	4	3	4	4	4	2
	chemic biomolecular engin	chemical and biomolecular engineering	3	1	2	0	1	1	3	1	4	4	4	4	3	4	4	3	1	2	2	0	0	4	1	1	0	4	1	0	1	3	3	2	2	3	2	0	2	2	2	1	4	0	0	3	3	4	3	2
	chemic biomolecular engin	Chemical and Biomolecular Engineering	2	1	2	1	0	1	0	0	3	3	1	3	2	1	2	2	3	4	2	2	1	3	2	3	4	4	3	3	3	4	4	3	1	3	3	3	3	3	0	3	1	1	2	1	2	2	0	1
	chemic depend	chemical dependency	0	0	0	0	0	0	0	0	2	0	3	1	3	3	3	0	0	2	2	0	2	0	0	3	3	3	3	3	3	3	2	1	0	1	2	3	1	2	3	2	1	2	2	1	2	0	2	3
	chemic depend	Chemical Dependency	4	0	0	1	1	0	1	3	4	4	4	3	4	3	3	3	1	1	2	3	1	3	3	1	4	4	4	3	4	4	4	3	3	4	3	1	1	1	3	4	1	1	1	1	0	1	3	1
	chemic depend	chemical dependency	2	0	0	0	0	0	0	0	0	0	0	2	0	0	0	0	0	0	0	0	0	0	0	0	4	4	4	2	4	4	3	4	3	2	3	2	3	3	3	2	4	2	4	4	3	3	3	4
	chemic depend	chemical dependency 	1	1	0	0	0	1	1	1	2	1	1	3	2	0	2	0	0	0	0	0	0	0	0	0	2	2	3	1	2	1	0	3	0	0	1	0	0	0	1	0	1	1	1	1	1	1	1	1
	chemic depend art	Chemical Dependency, A.A.	3	0	1	1	3	3	3	0	0	3	3	0	0	1	1	0	4	3	3	4	3	4	1	3	3	4	4	1	4	4	3	1	1	1	3	0	1	1	1	1	1	3	1	0	0	1	0	1
	chemic industri	Chemical Industry	1	2	1	2	1	2	2	2	3	3	3	3	3	3	3	1	1	2	1	0	2	2	1	1	2	4	3	2	3	3	3	3	3	3	3	3	2	3	3	3	1	3	3	2	3	3	1	2
	chemic oper	Chemical Operating	1	3	2	1	2	2	1	2	3	3	2	3	1	1	1	0	0	0	1	1	0	3	3	1	2	2	4	4	3	3	3	2	2	2	1	3	1	2	3	2	0	0	0	1	0	0	0	0
	chemic process engin	chemical process engineering	2	3	1	1	1	1	2	3	1	1	1	0	0	0	0	1	2	3	1	0	0	1	3	2	3	4	3	3	3	2	3	4	2	2	2	0	2	1	1	1	2	2	2	2	2	2	1	2
	chemic process engin	chemical process engineering	2	0	1	0	0	1	1	1	2	3	3	2	2	3	2	1	3	4	3	4	4	4	4	3	3	3	4	2	3	3	3	3	1	0	2	2	1	1	0	2	1	2	1	1	2	1	1	1
	chemic process engin	chemical process engineering	3	2	2	0	0	1	2	2	2	2	2	2	3	2	4	0	1	4	1	0	3	1	2	3	3	4	2	2	3	3	3	3	1	2	3	3	2	4	1	4	2	2	2	3	1	2	2	2
	chemic process engin	chemical process engineering	2	2	4	3	2	2	2	4	2	2	3	2	1	3	1	2	3	3	4	2	3	4	2	3	3	2	1	3	3	3	2	2	1	3	2	3	3	4	4	2	2	4	2	2	3	3	2	2
	chemic process engin	chemical process engineering	3	3	4	1	3	2	2	3	3	2	3	2	2	4	0	1	2	1	4	2	2	4	1	2	4	2	0	3	3	4	2	3	3	2	1	2	3	4	3	1	4	4	2	2	3	2	2	1
	chemic process engin	Chemical process engineering	3	2	3	2	3	2	2	3	4	1	0	3	1	2	0	2	4	4	1	2	1	3	4	2	3	2	2	2	3	4	3	3	3	1	4	3	4	4	2	3	2	2	3	2	2	2	2	3
	chemic process engin	chemical process engineering	3	0	3	2	4	3	3	2	2	1	2	3	3	0	3	0	0	2	1	0	2	0	0	2	0	2	2	2	2	1	1	2	0	0	1	0	3	0	0	0	4	1	3	3	3	3	0	1
	chemic process engin	chemical process engineering	2	0	1	1	1	1	1	1	1	3	3	1	2	3	2	1	3	3	3	4	3	4	3	2	2	3	3	2	3	2	2	3	1	2	2	2	2	2	1	2	1	1	2	1	1	2	1	1
	chemic technolog	Chemical Technology	2	2	4	0	0	4	0	0	3	3	3	3	0	4	0	4	3	2	4	2	3	4	3	4	3	1	2	4	3	1	3	3	1	0	4	2	4	2	0	3	0	0	2	0	3	0	1	2
	chemic technolog engin	Chemical Technology and engineering	0	0	2	0	2	3	0	0	2	1	1	0	0	0	0	0	1	4	4	0	4	2	4	4	3	3	3	3	3	1	2	4	4	3	3	3	1	4	1	3	0	3	0	3	0	0	0	0
	chemisti busi	Chemisty & Business	2	1	1	3	1	3	2	1	3	1	2	4	2	3	3	2	3	2	0	4	2	4	3	1	3	2	1	3	2	3	3	1	1	1	2	2	4	2	2	3	1	2	2	1	3	2	2	2
	chidlhood	Early Chidlhood	2	0	0	1	0	0	0	0	3	0	0	0	0	0	0	0	0	0	0	0	0	1	0	0	4	4	4	4	4	4	4	4	0	2	0	1	0	1	2	2	2	3	3	2	2	3	4	2
	chihood	early chihood	0	0	0	0	0	0	0	0	2	1	2	1	0	1	0	0	0	0	1	2	3	3	0	0	1	4	3	3	4	3	4	4	1	1	0	0	0	1	0	0	0	0	0	0	0	0	0	0
	child	Child	0	0	0	0	0	0	0	1	0	0	0	0	0	0	0	0	0	0	0	0	0	1	1	3	0	4	3	0	4	3	2	0	3	0	0	4	0	4	3	0	4	0	0	4	0	0	3	0
	child	Child Studies	2	3	1	1	1	3	1	2	3	4	3	1	2	3	3	1	3	1	0	1	1	3	3	1	3	4	4	4	4	4	4	4	2	3	3	1	3	2	2	3	1	2	2	3	1	3	2	1
	child	Child	2	0	0	0	2	0	4	0	4	2	4	0	2	2	4	0	2	0	0	0	2	4	2	0	0	4	4	4	2	4	4	4	4	4	4	4	2	4	0	4	2	4	0	4	0	4	0	2
	child	Child Studies	0	0	0	0	0	0	0	0	2	0	0	1	0	0	0	2	1	3	1	2	4	1	0	4	2	4	1	2	4	4	4	3	0	3	2	1	1	3	1	4	2	3	2	2	0	3	0	2
	child adolesc develop	child and adolescent development	0	1	0	0	0	0	0	0	1	2	2	2	2	1	1	2	0	0	1	1	2	0	0	0	2	3	4	0	3	3	2	3	0	1	1	0	1	0	0	0	0	0	0	0	0	0	0	0
	child adolesc develop	child and adolescent development	0	1	0	0	0	2	0	0	4	2	1	3	2	1	2	2	0	0	1	0	0	4	2	1	3	4	4	3	4	3	4	4	0	1	0	1	0	1	1	1	0	0	0	0	0	3	0	0
	child adolesc develop	Child and Adolescent Development	0	1	0	0	0	1	0	0	2	1	0	1	0	1	0	1	0	1	4	3	2	2	1	2	3	4	4	3	3	3	3	3	0	1	1	1	0	0	1	1	2	1	0	1	0	1	0	0
	child adolesc develop	child and adolescent development 	0	0	0	0	0	0	0	0	3	2	1	1	0	0	0	0	0	0	0	0	0	2	0	0	2	2	1	1	4	2	3	1	1	2	1	0	0	2	2	2	0	1	0	0	0	1	0	0
	child care	Child care 	0	0	0	0	0	0	1	0	0	0	0	0	0	0	0	0	1	2	2	2	1	4	3	2	2	2	2	2	3	4	4	2	1	2	1	4	2	2	1	3	1	1	0	2	0	2	1	1
	child care	Child care	2	0	1	2	1	4	3	2	3	2	0	3	3	2	2	2	2	3	2	4	4	2	1	3	3	4	3	4	4	3	4	4	1	2	2	2	2	2	2	2	3	2	2	3	2	2	3	3
	child care	Child Care	3	4	1	1	0	1	1	1	3	3	3	4	3	3	3	0	1	4	4	4	4	4	4	4	3	4	2	4	4	3	3	3	3	4	4	1	4	4	1	1	1	4	1	3	4	4	1	3
	child care	Early Child Care	0	0	0	0	0	0	0	0	1	2	2	4	3	0	3	0	0	0	2	4	4	4	0	0	2	4	0	0	4	4	4	4	0	0	0	0	0	0	3	0	0	0	0	0	0	4	0	0
	child care busi	child care/business 	2	2	1	2	1	1	2	1	3	2	2	2	2	3	3	1	0	1	1	1	1	3	1	1	2	1	2	3	4	2	3	2	2	1	2	2	3	2	2	1	2	2	2	2	2	2	2	1
	child care guidanc	child care guidance	2	0	0	2	0	1	2	0	2	2	2	2	1	0	0	0	2	1	0	1	1	0	0	0	3	4	3	3	3	4	4	4	1	3	4	0	2	2	1	2	4	4	4	4	4	4	4	4
	child delov	child delovment	0	0	0	3	0	3	1	3	2	3	1	3	1	3	2	4	3	3	3	3	4	3	3	2	3	3	2	3	4	3	4	2	0	0	1	1	0	1	0	4	0	2	2	0	0	1	0	0
	child dev	child dev	2	2	0	1	0	1	2	2	4	0	1	3	1	4	1	0	1	1	1	1	1	1	2	1	4	2	2	2	4	3	4	3	0	2	1	2	1	3	2	2	0	1	1	1	0	2	1	1
	child develop	Child Development 	4	3	0	3	0	3	3	0	0	4	0	1	0	2	0	2	0	0	0	0	0	0	0	0	2	3	2	3	4	4	2	2	0	1	4	0	3	0	0	4	3	4	4	4	4	4	3	4
	child develop	Child Development	0	0	0	0	0	0	1	0	3	3	1	2	1	1	1	0	1	4	0	2	2	2	3	3	3	4	3	4	3	4	4	2	2	2	3	4	3	3	3	4	0	1	1	0	1	2	1	1
	child develop	Child Development 	1	1	0	0	0	1	0	0	3	0	1	3	1	0	0	0	2	1	3	3	2	3	1	1	2	4	4	3	4	4	4	3	0	2	2	3	1	2	2	2	1	2	1	2	1	1	1	1
	child develop	Child development 	0	0	0	0	0	0	0	0	0	0	0	0	0	0	0	0	0	0	0	0	0	0	0	0	4	4	4	4	4	0	3	4	3	4	4	0	4	4	4	3	1	1	1	3	3	1	4	3
	child develop	Child Development 	0	0	0	0	0	0	1	0	2	2	0	0	0	1	0	0	0	0	0	2	0	1	2	0	2	2	2	2	2	2	2	1	0	2	2	1	1	2	2	3	1	2	0	0	0	1	2	1
	child develop	Child development 	0	0	0	0	0	0	0	0	2	0	0	0	0	0	0	0	0	0	0	0	0	0	0	0	2	2	1	2	2	4	4	2	0	0	0	4	2	0	2	0	2	0	0	2	0	0	2	0
	child develop	Child Development	0	3	0	1	0	3	1	2	3	3	3	3	3	3	4	3	4	4	4	4	4	4	4	4	3	3	0	4	1	0	0	0	1	1	0	3	1	0	3	1	1	0	0	0	0	2	1	0
	child develop	Child Development	0	0	0	0	0	0	0	0	1	3	2	1	2	4	2	2	0	2	1	2	4	2	1	3	2	3	4	1	4	4	2	4	0	1	0	1	0	0	0	2	0	0	0	1	1	1	0	0
	child develop	child development	3	0	0	0	0	0	0	0	2	2	0	0	0	2	0	0	1	1	3	3	4	2	4	3	2	2	3	2	4	4	4	3	2	4	4	4	4	4	4	3	3	1	1	1	1	1	1	0
	child develop	child development	0	0	0	0	0	0	0	0	2	2	0	0	0	3	0	2	1	0	3	0	0	3	0	0	3	4	3	4	3	3	4	2	0	2	0	4	0	0	2	0	0	0	0	0	0	0	0	0
	child develop	Child development	0	0	0	0	0	0	0	0	2	1	0	0	0	2	0	0	0	0	0	0	0	0	0	0	3	4	4	3	3	4	4	2	0	2	1	0	1	2	3	0	1	0	0	2	0	0	1	0
	child develop	Child development 	2	0	0	0	0	0	0	0	3	2	1	3	1	1	2	1	2	2	2	2	1	3	3	0	3	4	3	2	3	3	4	2	2	0	1	3	2	2	2	1	1	1	0	1	0	2	2	0
	child develop	child development	2	3	0	0	2	1	0	2	3	3	3	3	2	3	0	2	2	3	3	3	4	3	3	3	4	3	3	3	4	3	3	3	0	2	1	1	2	2	2	3	0	0	0	0	1	1	1	0
	child develop	Child Development	3	3	0	4	1	3	3	2	3	3	0	2	1	1	1	1	0	0	3	1	0	3	4	1	1	3	3	3	3	4	4	3	1	2	1	3	2	2	3	3	2	1	1	1	3	4	1	1
	child develop	Child developement 	2	3	0	0	0	1	0	0	0	4	4	0	0	4	0	0	0	0	4	0	0	0	0	0	2	3	4	2	4	4	4	0	3	0	3	4	4	1	3	4	0	0	0	4	1	0	0	0
	child develop	Child Development	0	0	0	0	0	0	0	0	0	0	0	0	0	0	0	0	0	0	0	0	0	4	0	0	2	3	2	3	3	3	3	2	0	0	0	0	0	0	0	0	3	0	0	3	0	0	0	0
	child develop	Child Development	0	0	0	0	0	0	0	0	4	2	0	0	0	0	0	0	0	0	0	2	0	3	0	0	2	2	2	2	3	3	4	3	0	1	0	0	0	0	0	2	0	0	0	2	0	2	0	0
	child develop	child development	0	3	0	4	1	3	4	3	2	4	1	2	3	0	2	3	0	0	1	0	0	0	0	0	4	4	3	4	4	3	3	0	0	1	4	3	4	1	0	4	4	4	4	0	4	4	4	4
	child develop	Child Development	0	0	0	0	0	0	0	0	1	0	0	0	0	0	0	0	2	1	0	0	0	1	0	0	3	4	3	1	3	2	3	2	0	0	2	2	2	2	1	2	4	2	2	3	2	2	4	3
	child develop	child development 	2	0	0	0	0	0	0	0	4	4	3	4	3	3	3	0	0	0	2	2	0	3	3	0	3	2	4	2	4	2	2	3	2	2	3	2	0	3	2	2	0	0	2	0	0	0	2	0
	child develop	child development	2	0	0	0	0	0	0	1	2	1	0	1	2	2	1	1	2	1	0	0	0	2	1	1	3	2	3	2	3	3	3	3	2	0	1	1	0	1	2	1	2	2	2	2	1	2	2	2
	child develop	child development 	0	0	0	0	0	0	0	0	4	4	4	4	2	4	4	2	0	0	2	2	0	0	0	0	4	2	4	2	4	2	2	4	2	2	2	2	2	2	0	2	0	0	0	0	2	0	2	0
	child develop	Child Development	0	0	0	1	0	1	0	0	1	3	3	2	1	3	1	2	3	3	2	3	4	3	0	2	3	3	3	1	4	4	4	2	1	1	4	1	3	2	2	3	0	0	1	1	0	2	0	0
	child develop	child development	2	1	1	1	0	2	0	1	4	4	4	4	3	3	3	1	4	4	4	4	3	4	4	3	2	4	3	4	2	3	2	2	4	4	1	4	2	4	2	4	2	1	2	3	1	0	2	1
	child develop	child development	0	0	0	0	0	0	0	0	3	0	0	0	0	0	0	0	0	0	0	0	0	0	0	0	0	4	4	4	4	4	4	0	0	0	0	3	0	0	0	0	0	0	0	3	0	0	0	0
	child develop	Child development 	0	0	0	0	0	0	0	0	1	3	1	0	0	3	0	0	0	1	4	0	1	0	0	1	0	3	0	1	3	4	4	0	0	3	1	0	2	4	2	4	0	0	0	0	0	0	0	0
	child develop	Child Development	1	0	0	0	0	0	0	0	2	2	2	1	0	2	0	0	1	1	3	2	2	1	2	2	4	3	3	4	4	4	2	3	1	3	2	2	1	1	1	2	1	1	0	2	0	0	0	1
	child develop	child development 	0	1	1	1	0	0	0	0	2	1	2	2	3	3	3	3	0	0	2	0	1	2	4	1	2	3	2	0	2	2	2	0	0	0	2	0	2	1	0	0	2	0	0	2	0	0	1	2
	child develop	Child Development	2	4	0	0	0	0	0	0	4	4	4	0	4	4	4	0	4	0	0	2	4	4	0	0	0	0	0	2	2	4	4	4	0	0	0	4	0	0	0	4	0	4	0	4	0	0	0	0
	child develop	Child Development 	0	0	0	0	0	0	0	0	4	3	3	4	4	4	4	0	2	3	2	0	2	2	0	0	4	3	3	0	4	3	3	0	0	1	1	0	3	1	0	0	3	3	3	4	3	3	0	1
	child develop	child development	4	0	0	0	0	3	0	0	2	3	2	0	0	2	0	4	4	0	0	2	0	4	0	0	4	3	2	0	2	4	4	4	0	0	0	0	0	4	0	3	0	0	0	2	0	0	0	0
	child develop	child development	2	0	0	1	0	0	0	0	2	4	4	3	0	0	0	0	0	0	3	2	0	0	0	0	3	4	3	4	4	4	4	4	1	2	1	3	3	4	3	0	1	0	1	0	2	2	2	0
	child develop	Child Development	2	0	0	3	0	0	0	0	1	1	0	0	0	0	0	0	1	0	0	0	0	0	0	0	1	2	3	3	4	3	3	3	1	0	0	3	0	0	0	0	0	2	0	0	0	2	0	0
	child develop	Child Development 	0	0	0	0	0	0	0	0	0	3	0	0	0	0	0	0	0	0	0	0	0	0	0	0	2	4	4	4	4	4	4	0	0	2	0	0	4	3	0	0	0	1	0	0	0	0	0	0
	child develop	Child development 	3	0	0	2	1	2	2	2	2	1	2	2	2	2	2	0	1	1	3	3	2	4	1	2	3	4	4	4	4	4	4	4	1	4	3	4	3	4	4	3	1	3	2	2	1	2	4	3
	child develop	child and development	3	0	0	0	1	1	1	0	3	1	2	3	2	1	2	0	0	0	2	0	2	0	1	0	2	0	3	4	3	3	2	1	1	3	3	2	3	0	2	2	0	3	3	2	3	2	1	2
	child develop	child development	0	0	0	0	0	0	0	0	2	4	2	0	0	0	0	0	0	2	2	3	4	0	0	2	3	4	4	1	4	4	4	4	0	1	1	0	0	0	0	2	0	0	0	0	0	0	0	0
	child develop	Child development 	2	2	0	0	1	1	1	1	2	3	0	4	1	3	1	2	2	1	3	4	4	2	2	3	3	3	3	3	3	3	4	2	1	1	1	2	0	1	1	3	1	0	0	0	1	3	1	1
	child develop	Child Development	1	0	0	0	1	0	0	1	4	2	2	3	3	2	2	1	1	1	3	1	3	0	0	2	2	3	2	2	3	4	3	1	1	2	2	1	2	2	1	2	1	2	1	1	3	2	1	1
	child develop	Child Development	2	1	0	2	0	1	0	0	4	3	3	3	2	3	0	1	3	3	2	3	3	3	2	1	4	4	1	3	4	4	3	1	1	1	3	3	3	3	2	2	1	2	1	2	0	2	0	0
	child develop	child development	0	0	0	1	0	1	1	0	3	3	2	3	1	2	0	0	0	2	1	1	1	2	1	1	2	4	3	3	3	4	4	3	0	1	3	0	3	2	0	0	3	2	3	3	3	4	3	3
	child develop	Child Development	2	0	0	0	0	0	0	0	4	4	2	1	0	3	0	0	3	2	2	1	0	1	0	1	4	4	4	2	4	4	3	4	2	2	1	1	0	1	2	1	0	1	0	1	0	0	0	0
	child develop	Child development 	0	0	0	0	0	0	0	0	3	4	2	1	1	0	0	0	0	2	3	2	4	0	0	0	3	3	3	0	4	3	3	3	0	2	3	0	0	1	0	2	3	2	3	2	1	0	0	0
	child develop	Child Development	4	3	0	2	1	3	2	3	3	4	4	1	1	3	2	0	2	0	2	0	0	3	0	0	4	4	3	3	3	4	4	3	0	3	0	0	3	4	3	0	3	2	4	3	1	2	0	0
	child develop	child development	2	0	0	0	2	0	0	0	2	4	0	2	0	0	0	0	4	0	0	4	0	4	0	0	4	2	4	4	4	4	4	4	2	4	4	0	4	2	2	2	4	4	4	4	4	0	4	4
	child develop	Child Development 	1	0	0	0	0	0	0	2	3	3	3	2	2	3	3	2	0	1	2	1	3	2	4	3	3	4	2	3	4	4	4	4	1	0	0	3	0	0	2	4	0	0	0	0	0	0	0	0
	child develop	Child Development	2	0	0	0	0	0	3	0	0	0	0	0	0	0	0	0	0	0	0	0	0	0	0	0	4	2	0	1	4	4	4	0	0	4	3	0	4	1	3	2	0	4	2	3	2	3	2	3
	child develop	child development 	0	1	0	0	1	0	0	0	1	1	0	0	0	1	0	0	3	3	1	2	2	2	2	3	2	2	3	2	3	4	4	3	3	3	3	2	1	2	2	2	0	0	0	1	0	0	0	0
	child develop	Child Development	1	1	0	0	0	1	2	1	0	3	0	0	0	0	0	0	0	0	3	0	0	2	2	0	3	3	3	2	4	4	3	1	0	0	2	0	3	0	0	1	4	2	3	3	1	4	3	1
	child develop	Child Development	0	1	0	0	0	0	0	0	1	1	1	1	0	1	0	0	2	2	3	3	3	3	1	2	4	4	1	4	3	3	4	2	0	1	0	2	0	1	4	1	0	1	0	1	0	2	0	0
	child develop	Child Development	2	2	2	2	2	2	2	2	2	3	3	2	2	2	3	2	3	1	2	2	2	2	1	1	2	1	2	2	3	3	2	3	2	2	2	2	2	1	1	3	3	2	2	3	2	3	2	2
	child develop	Child Development	0	0	0	0	0	0	0	0	0	0	0	2	0	0	0	0	4	2	2	3	3	3	0	2	4	3	0	2	0	0	2	3	0	0	0	0	0	0	0	0	0	0	0	0	0	0	0	0
	child develop	Child Development	0	3	0	0	0	0	0	3	3	3	0	0	0	0	0	0	3	0	0	4	4	3	0	1	3	3	3	4	4	3	4	4	0	1	0	0	0	0	0	1	0	3	1	3	4	3	0	1
	child develop	Child Development	2	0	0	0	0	0	0	0	1	0	0	0	0	0	0	0	3	1	0	2	2	2	0	1	3	3	3	3	4	3	3	3	0	1	2	0	2	0	1	1	2	1	0	2	1	0	1	1
	child develop	Child development 	2	2	4	0	1	3	1	2	2	1	3	0	2	3	0	2	2	0	2	1	1	3	0	4	2	1	1	2	2	3	0	4	3	2	0	1	1	2	2	4	3	3	0	2	2	1	2	4
	child develop	Child Development	1	2	1	2	0	3	2	2	3	2	1	3	1	3	2	3	3	3	4	3	2	3	3	3	4	4	3	2	4	4	4	2	3	3	3	2	4	4	4	2	3	1	2	2	3	2	2	2
	child develop	Child Development	2	0	1	2	0	1	0	0	3	0	0	2	0	0	0	1	2	0	0	2	2	4	0	0	3	4	4	2	4	4	4	4	2	2	0	0	0	2	3	2	2	0	0	0	3	4	2	0
	child develop	Child Development	0	0	0	0	0	0	0	0	2	2	0	2	0	0	0	0	1	0	1	0	0	2	1	1	2	2	2	2	4	3	2	3	0	0	1	3	0	0	0	0	3	3	1	3	0	2	1	3
	child develop	Child Development	0	0	0	0	0	3	2	0	2	1	2	3	3	0	0	0	0	1	2	4	4	0	0	0	0	2	2	2	4	0	4	4	0	2	0	0	0	0	4	0	0	0	0	0	0	0	0	0
	child develop	child development	2	0	0	3	0	0	0	0	2	0	0	0	0	0	0	0	2	0	0	0	0	0	0	0	2	3	0	0	0	3	3	3	2	3	3	0	3	3	0	3	3	1	3	3	3	3	3	3
	child develop	Child Development	2	0	0	0	0	0	0	0	0	3	1	0	0	0	0	0	1	2	3	3	0	3	0	1	3	3	4	1	4	4	4	0	0	0	1	0	0	0	2	0	0	0	0	0	0	0	0	0
	child develop	Child Development	0	0	0	0	0	3	0	0	3	3	0	3	0	0	2	0	0	0	3	2	1	1	3	2	3	3	0	3	4	3	4	2	0	0	0	0	0	0	0	0	0	0	0	1	0	0	0	0
	child develop	child development	0	0	0	0	0	0	0	0	0	0	0	0	0	0	0	0	0	0	0	2	3	0	0	0	2	2	0	0	3	3	3	0	1	0	0	2	0	0	0	0	0	3	0	0	0	0	0	0
	child develop	Child Development	3	1	1	1	1	2	1	1	4	4	4	4	4	4	4	4	4	3	3	4	4	4	4	2	3	4	4	4	4	4	4	4	1	1	2	2	2	3	1	2	1	1	1	1	2	2	1	2
	child develop	Child Development	0	0	0	0	0	0	0	0	4	0	0	0	0	0	0	0	0	0	0	0	0	0	0	0	4	4	4	4	4	0	4	0	0	0	0	0	0	0	0	0	0	0	0	0	0	0	0	0
	child develop	child development	3	3	0	1	1	1	0	0	4	2	0	4	4	3	4	0	0	1	0	0	3	1	0	0	3	4	3	4	3	3	3	2	1	0	2	0	2	0	0	3	1	1	1	3	3	2	0	1
	child develop	Child development	3	3	2	2	2	3	2	2	3	3	3	4	3	3	3	2	3	3	4	3	3	2	3	3	3	3	3	3	3	3	4	3	2	3	3	2	3	3	2	2	2	3	3	2	2	2	3	2
	child develop	child development	0	2	2	0	0	2	0	2	4	4	4	4	4	4	4	4	4	4	4	4	4	4	2	4	2	4	4	4	4	4	4	2	0	2	0	2	0	0	2	0	2	0	0	2	0	2	2	0
	child develop	child development	1	0	0	0	0	0	0	0	2	2	2	1	0	3	0	2	0	0	2	4	4	4	1	0	2	4	4	4	4	4	3	0	0	4	1	2	2	2	2	2	0	0	0	0	0	0	0	0
	child develop	Child Development	0	0	0	0	0	0	0	0	0	0	0	0	0	0	0	0	0	2	0	0	0	0	0	0	4	4	4	0	4	2	4	2	0	2	0	0	2	2	0	0	0	1	0	0	0	0	0	0
	child develop	Child Development	0	0	0	0	0	0	0	0	1	0	0	0	0	0	0	0	0	0	0	0	0	3	0	0	3	3	4	3	4	1	3	3	0	2	0	0	0	0	0	0	2	2	2	0	1	2	2	0
	child develop	Child Development	0	0	0	0	0	3	0	0	3	3	3	3	3	3	3	3	1	2	3	3	3	3	3	3	4	3	3	3	3	3	4	0	0	2	0	0	0	0	0	3	0	0	0	1	0	0	0	0
	child develop	Child Development	0	0	0	0	0	0	0	0	3	2	0	1	0	2	0	0	0	0	2	0	0	1	0	0	4	0	1	3	4	4	4	4	1	2	3	4	4	4	4	4	4	3	0	4	3	0	4	4
	child develop	Child development 	0	0	0	0	0	0	0	0	0	2	0	0	0	0	0	0	0	0	0	0	0	0	0	0	3	3	2	0	4	4	4	1	0	0	0	0	1	0	0	0	2	0	2	2	0	0	0	0
	child develop	Child development 	2	0	0	1	1	1	0	1	3	0	2	3	2	0	3	1	1	1	4	2	2	4	0	4	3	2	1	3	3	3	4	3	1	3	1	4	3	1	1	4	3	4	4	4	3	0	3	4
	child develop	Child Development 	4	3	3	2	2	3	1	3	2	1	1	3	2	4	1	2	2	1	3	4	3	2	4	3	2	4	2	4	3	3	3	2	2	3	1	2	3	3	4	3	2	1	1	2	1	0	2	1
	child develop	Child Development	0	1	0	0	1	0	0	2	0	4	0	0	0	1	0	2	0	1	2	3	3	4	0	2	2	4	2	0	4	4	4	4	0	0	2	0	0	0	4	1	2	3	0	4	0	2	2	0
	child develop	child development	0	0	0	0	0	0	0	0	3	0	0	3	0	0	0	0	0	1	0	0	0	0	0	0	4	3	4	4	4	4	4	4	0	2	0	4	2	2	0	4	2	0	0	2	0	1	1	0
	child devolp	Child Devolpement	2	3	0	4	1	3	2	2	4	4	4	4	4	4	4	4	4	4	4	4	4	4	4	4	3	4	4	4	4	4	4	4	1	2	2	3	4	4	4	4	2	2	2	0	1	4	0	0
	child protect	Child Protection	3	3	2	2	2	3	2	2	4	4	2	3	2	4	2	3	2	4	3	0	3	4	2	3	4	4	3	3	4	3	4	3	2	2	3	2	2	3	3	2	3	3	2	3	3	3	2	2
	child welfar	Child Welfare	3	2	0	3	0	2	3	2	4	4	4	3	3	2	3	2	1	2	4	4	4	3	2	3	3	4	3	3	4	3	4	3	2	2	3	2	2	2	3	2	1	1	2	3	1	2	1	2
	child youth cae	Child and youth cae	0	0	0	1	0	1	0	1	2	2	2	2	1	3	1	2	2	2	2	3	4	4	0	3	3	4	4	3	4	4	4	2	2	1	1	1	3	2	2	2	0	2	0	1	0	1	0	1
	child youth care	Child and Youth CAre	0	0	0	0	0	0	1	0	1	1	0	2	1	1	1	4	2	0	4	0	4	2	0	4	3	2	3	3	4	3	4	4	2	2	3	1	4	2	2	2	2	0	1	1	1	2	1	1
	child youth care	Child and Youth Care	0	0	0	1	2	2	2	0	1	1	2	1	0	0	0	3	3	3	1	2	0	3	3	1	2	4	2	4	4	4	3	3	4	1	4	1	4	3	4	2	3	1	3	3	0	0	0	3
	child youth care	Child & youth care 	0	0	0	0	0	2	0	1	2	2	2	2	1	2	1	1	1	2	1	1	3	2	1	2	4	4	4	1	4	3	3	3	0	0	2	1	0	1	1	3	1	0	1	1	1	3	1	1
	child youth care	child and youth care	3	0	0	0	0	0	2	0	0	1	0	1	0	1	0	1	0	1	4	3	1	0	0	1	4	0	4	3	4	4	4	2	2	0	3	4	2	3	4	3	2	0	1	3	0	1	0	2
	child youth care	Child and Youth Care	2	0	0	0	0	0	1	0	2	2	2	1	1	4	1	2	1	1	3	2	2	2	2	1	1	2	3	4	3	3	3	3	0	0	1	1	1	1	2	1	0	0	1	1	0	0	2	1
	child youth care	child and youth care	1	0	2	3	2	1	1	2	3	1	0	0	3	1	3	2	0	0	0	0	0	0	0	0	3	4	4	3	4	3	3	4	0	2	2	1	3	2	3	3	3	1	2	4	2	3	4	3
	child youth care	Child and Youth Care	1	0	0	1	0	0	0	0	1	2	2	1	0	0	0	0	1	0	1	2	1	0	0	0	2	1	4	3	4	4	4	4	1	2	1	3	3	4	0	3	2	2	1	3	0	0	0	0
	child youth care	Child and Youth Care	2	3	3	3	0	3	0	2	3	3	1	3	1	1	2	1	0	0	0	1	0	1	3	1	4	4	4	2	4	4	4	3	1	3	2	0	3	2	2	2	3	2	2	3	4	2	3	2
	child youth worker	Child and Youth Worker	2	2	0	0	0	2	0	1	3	4	4	4	3	4	3	4	0	2	4	3	2	4	3	3	2	4	4	3	4	4	4	3	0	4	2	3	1	2	2	3	0	4	1	2	0	4	0	1
	childcar	Childcare	0	0	0	0	0	0	0	0	0	0	0	0	0	0	0	0	0	1	0	0	0	0	0	2	3	3	3	3	3	4	4	4	0	0	0	2	0	0	0	1	0	0	0	0	0	0	0	0
	childcar	childcare	2	2	0	0	0	0	0	0	2	3	0	0	0	0	0	0	2	0	0	0	0	0	0	0	3	4	3	1	4	3	4	4	4	2	3	3	1	3	2	2	1	1	1	1	0	3	0	1
	childcar	Childcare	3	0	1	1	1	1	2	2	2	3	3	1	1	3	3	2	2	1	2	1	1	3	2	2	2	1	3	3	3	4	4	3	2	2	4	3	3	4	4	2	4	1	3	3	3	2	4	3
	childhood	Early Childhood	1	0	0	0	0	0	0	0	3	0	0	2	0	0	0	0	2	0	0	2	0	2	0	3	3	3	3	0	4	3	3	4	0	0	0	0	0	0	0	0	2	0	0	2	0	0	0	0
	childhood	Early childhood studies 	0	2	0	0	0	0	0	0	3	3	0	0	0	3	0	0	0	0	2	0	3	3	0	0	4	0	2	1	4	3	4	0	2	2	3	2	0	2	3	3	1	0	2	2	0	0	0	0
	childhood	childhood studies 	0	0	0	0	0	0	0	0	2	0	0	0	0	0	0	0	0	3	1	4	4	3	0	1	3	3	2	2	3	3	3	0	2	3	2	3	3	1	3	0	2	0	0	3	0	0	0	0
	childhood	early childhood	4	0	0	0	0	0	2	0	2	3	4	4	0	4	4	4	4	3	0	4	2	4	0	4	0	4	2	4	4	4	4	4	0	0	0	2	4	4	0	4	4	4	4	4	4	2	4	4
	childhood	Early Childhood Associates	4	3	2	4	3	3	4	3	2	1	1	3	2	2	4	4	2	2	4	3	2	4	4	4	3	4	0	3	3	1	4	4	1	4	3	1	3	3	1	1	2	4	4	3	4	4	4	4
	childhood	early childhood	1	1	0	1	0	0	1	1	2	2	3	1	1	2	2	2	2	3	3	3	3	2	1	3	4	4	3	3	3	4	4	4	0	0	1	1	1	1	1	2	0	1	0	1	0	2	0	0
	childhood	Early Childhood	0	0	1	0	0	0	0	0	1	3	3	0	1	2	0	0	2	4	3	2	4	4	4	4	2	4	2	2	2	4	4	3	0	2	1	3	3	2	0	1	0	1	0	1	0	0	0	0
	childhood	Early childhood	1	1	0	0	0	0	1	0	1	4	3	0	0	3	0	2	1	1	3	3	2	2	0	2	4	2	4	2	4	4	4	4	0	2	2	1	0	1	1	3	0	0	0	0	0	0	0	0
	childhood	Early Childhood	2	0	0	2	0	0	0	0	2	3	3	2	1	2	0	1	0	3	1	2	3	2	3	3	2	2	0	2	2	4	3	1	1	2	2	0	2	2	2	3	0	1	1	0	0	1	0	0
	childhood	Early Childhood 	1	1	1	1	1	1	1	1	1	2	2	2	2	1	1	1	1	4	4	4	3	4	3	4	4	4	4	4	4	4	4	4	1	1	2	2	2	2	1	3	2	2	1	2	2	2	2	1
	childhood	Early Childhood	3	0	0	0	0	2	2	0	2	0	0	0	0	0	0	0	1	1	1	2	2	2	0	0	3	4	2	0	3	1	4	2	0	2	0	0	0	0	0	0	0	2	0	0	0	0	0	0
	childhood	Early Childhood	3	1	1	2	1	1	2	2	2	2	2	2	2	2	2	2	1	2	3	1	3	1	4	4	3	4	4	4	4	4	4	4	3	3	3	3	2	3	3	4	2	1	2	2	2	2	2	2
	childhood	early childhood	2	0	0	0	1	1	1	1	2	1	1	1	1	1	0	0	0	1	1	2	1	2	2	0	1	2	1	1	2	3	3	3	0	1	1	2	1	2	1	3	1	1	1	2	1	1	1	1
	childhood	early childhood	0	0	0	0	0	0	0	0	2	2	2	1	0	2	0	2	0	1	4	2	2	1	0	1	4	4	4	2	4	4	4	4	1	3	0	4	1	4	2	4	1	2	0	2	0	1	0	0
	childhood	Early Childhood	2	0	0	1	1	0	1	0	2	1	2	1	0	1	1	0	1	1	0	1	0	1	0	4	4	4	4	4	4	4	4	4	3	3	3	4	3	3	3	4	2	2	2	3	2	3	1	2
	childhood	Early childhood	2	0	0	1	1	1	1	0	1	3	3	1	1	3	1	1	1	0	3	3	3	1	0	2	2	3	3	1	3	3	4	3	1	1	2	1	3	2	2	1	3	1	2	3	3	1	3	3
	childhood	Early childhood 	0	2	1	2	0	2	0	2	2	1	2	2	2	1	3	2	0	2	2	3	3	3	0	4	2	3	2	3	3	3	3	3	0	1	2	2	3	0	0	0	0	1	1	3	2	2	0	0
	childhood	EARLY CHILDHOOD	1	0	0	0	0	0	0	0	2	3	2	0	0	0	0	0	4	4	2	3	4	3	4	4	3	4	3	2	4	4	4	3	2	3	2	0	1	1	2	1	0	1	0	0	0	0	0	0
	childhood	Early childhood	2	2	2	2	2	2	2	2	4	4	4	2	0	4	0	4	4	2	4	4	4	4	4	4	2	0	0	2	2	4	4	4	2	2	2	2	2	4	4	0	2	2	2	2	2	2	2	2
	childhood	Early Childhood	4	3	3	3	4	0	2	0	4	3	3	3	4	2	3	2	2	3	4	4	4	3	2	3	3	3	3	4	4	4	4	3	3	3	3	4	4	4	3	4	4	3	3	4	2	3	4	4
	childhood	Early Childhood	3	2	0	2	0	2	1	2	3	3	4	4	4	2	4	2	1	1	2	4	4	4	4	2	2	4	4	4	4	4	4	4	3	3	4	4	4	4	4	4	3	2	2	2	2	3	4	2
	childhood	Early Childhood	1	0	0	0	0	0	0	0	2	4	3	1	0	3	0	1	1	1	2	1	1	1	1	0	4	3	3	2	4	4	4	2	1	3	0	1	1	3	2	1	2	1	1	2	1	0	1	0
	childhood	early childhood	2	0	2	1	0	0	0	0	3	4	4	3	3	4	4	3	1	3	2	2	3	3	2	2	2	4	4	4	4	4	1	4	2	2	2	1	1	2	0	1	2	2	1	2	1	2	0	0
	childhood	Early Childhood	4	4	2	2	2	3	3	3	3	4	3	3	3	4	3	3	2	3	3	3	3	3	2	3	2	4	4	3	4	2	3	4	2	2	2	3	2	2	2	3	2	3	2	3	2	3	2	2
	childhood	Early childhood	0	2	0	0	0	2	0	2	4	2	0	0	0	0	0	0	0	0	0	0	0	0	0	0	0	4	4	2	4	4	4	4	0	0	0	0	0	2	2	0	0	0	0	0	0	2	0	0
	childhood	Early childhood	0	0	1	1	0	0	0	0	0	0	1	4	0	0	0	0	0	0	2	1	1	0	2	4	3	3	4	3	4	4	4	2	0	2	2	0	1	1	2	4	2	2	2	2	1	2	0	2
	childhood	EARLY CHILDHOOD	1	3	0	0	1	0	0	1	1	2	1	2	1	2	1	0	1	1	1	2	1	0	0	0	1	3	3	3	2	1	1	3	1	3	2	3	2	1	0	3	1	3	1	3	1	1	1	3
	childhood	Early Childhood	0	0	0	0	0	0	0	0	0	0	0	0	0	0	0	0	0	3	0	3	4	3	0	3	3	1	3	0	4	3	4	3	0	0	1	0	1	3	3	3	3	0	0	3	0	0	3	0
	childhood	Early childhood 	0	0	0	0	0	0	0	0	0	0	0	0	0	0	0	0	0	0	0	0	0	0	0	0	4	3	0	0	2	3	2	0	0	3	0	0	4	2	0	0	4	4	0	4	0	0	0	4
	childhood	early  childhood	2	2	0	0	0	0	0	1	4	2	2	1	2	0	0	1	0	0	0	3	3	3	0	2	4	3	4	3	4	4	4	2	0	0	3	4	3	3	4	1	3	3	3	4	0	1	1	1
	childhood	Early childhood	0	1	0	0	0	1	0	0	2	4	3	2	2	3	2	3	4	3	2	3	2	2	0	1	2	3	2	3	2	3	3	1	0	0	0	0	3	0	1	1	0	0	0	0	0	2	1	0
	childhood	Early Childhood	2	1	0	0	1	1	0	0	2	1	1	0	1	1	0	0	4	4	1	4	3	3	0	1	4	4	2	3	3	4	3	3	2	3	2	1	2	3	2	3	1	3	1	3	1	0	0	1
	childhood	early childhood	3	3	1	2	1	2	1	1	3	3	2	2	1	2	2	2	4	4	3	4	4	4	2	4	4	3	2	4	3	4	4	3	2	1	1	2	1	2	1	4	2	2	2	2	2	2	2	2
	childhood	early childhood 	0	0	0	0	0	0	0	0	0	0	0	0	0	0	0	0	0	0	0	0	0	0	0	0	1	0	0	1	0	4	4	1	0	0	0	0	0	0	0	1	0	0	0	0	0	0	0	0
	childhood	early childhood studies	1	2	0	1	0	3	2	1	3	3	3	2	2	2	1	2	1	1	1	4	3	3	0	2	4	2	2	2	3	3	3	2	0	1	1	1	2	2	3	3	0	2	2	1	3	3	2	1
	childhood	Early Childhood	0	2	0	1	0	2	0	1	2	2	2	1	1	2	1	1	2	1	2	2	1	2	0	1	2	3	2	2	2	3	2	3	2	2	2	2	2	1	1	2	1	1	1	1	2	2	1	1
	childhood develop	early childhood development	1	0	1	2	2	1	2	1	2	0	1	2	1	1	0	2	0	0	3	1	3	1	0	2	2	2	3	2	3	4	4	3	3	4	4	4	3	3	3	3	4	4	4	4	2	3	3	3
	childhood develop	early childhood development 	0	3	0	1	0	0	1	4	3	1	0	1	2	1	3	2	0	0	1	1	0	0	1	1	4	1	4	2	1	4	1	1	2	4	4	4	4	4	3	3	4	4	4	4	4	4	4	4
	childhood develop	early childhood development 	1	4	0	3	1	0	2	4	3	2	2	2	3	1	4	1	0	1	3	0	0	0	2	0	4	3	4	3	4	4	3	2	3	4	4	4	4	4	3	4	4	4	4	4	4	4	4	4
	childhood develop	Early Childhood Development	4	4	0	2	1	3	4	2	4	4	4	3	3	3	3	1	0	3	2	0	3	2	4	4	2	4	3	2	2	2	4	4	0	2	2	2	3	2	2	1	3	3	2	2	3	3	1	3
	childhood develop	early childhood development	0	0	0	0	0	0	0	0	3	2	0	2	0	0	0	0	0	3	0	0	0	4	4	0	0	3	3	4	0	4	4	0	0	3	0	4	0	3	0	0	0	0	0	0	0	0	0	0
	childhood develop	Early Childhood Development	4	1	4	4	4	2	4	4	1	1	2	4	4	0	0	1	0	3	4	4	1	4	4	4	3	4	1	3	4	4	4	4	4	4	1	4	4	4	1	4	2	2	1	3	0	3	4	1
	childhood develop	early childhood development	2	0	0	0	0	0	0	0	3	2	0	0	0	0	0	0	3	0	0	0	0	0	0	0	4	4	4	4	4	4	4	4	0	4	1	0	0	3	3	3	3	2	0	3	0	0	1	1
	childhood develop	Early childhood development	2	0	0	0	0	0	4	2	0	0	2	4	0	0	0	0	0	4	4	4	4	4	2	4	0	4	4	4	4	4	4	4	0	4	4	4	4	4	4	4	2	4	4	4	0	4	4	0
	childhood develop	early childhood development 	0	1	0	0	0	0	0	0	0	1	2	1	0	2	0	1	0	1	2	2	2	2	0	3	2	4	2	2	3	4	4	4	0	0	0	2	0	0	0	2	0	0	0	0	0	2	0	0
	childhood learn	Early Childhood Learning	1	0	0	3	0	0	0	0	2	0	4	1	1	4	0	4	3	4	0	1	4	1	4	1	2	4	3	2	4	4	4	0	1	2	2	0	1	2	2	4	1	1	1	3	3	0	0	0
	childhood pedagog	Early Childhood Pedagogics 	0	0	0	0	0	0	0	0	0	3	0	0	3	0	0	0	0	1	0	2	4	0	0	0	3	4	3	0	4	3	4	4	0	0	0	0	0	4	2	0	2	0	0	0	3	3	0	0
	childhood servic	early childhood services	0	0	0	0	0	0	0	0	4	4	4	4	4	4	4	0	0	0	0	0	0	0	4	0	2	2	3	4	4	4	4	4	2	0	4	4	0	4	0	4	4	2	0	0	0	0	4	0
	children	Children	0	1	0	0	0	0	0	0	2	3	3	0	0	3	0	0	2	4	3	3	2	4	2	3	2	4	1	2	2	3	2	2	3	0	0	1	2	0	1	0	2	1	0	0	0	3	0	0
	children	Children	0	3	0	1	1	2	2	1	4	4	4	3	3	4	4	4	3	3	3	3	3	4	4	3	1	3	3	3	3	3	4	2	0	0	0	1	0	2	3	2	0	0	0	1	0	1	0	0
	china	china studies	2	2	3	1	2	2	1	2	4	2	2	1	3	2	2	2	4	3	3	1	3	2	3	3	3	2	3	3	3	1	1	1	2	2	4	3	3	4	1	3	2	2	1	2	3	3	3	2
	chiropract	Chiropractic 	0	0	0	3	2	0	1	0	3	3	4	4	4	4	4	4	0	0	0	0	0	0	2	0	0	1	2	4	2	2	1	2	0	0	0	0	0	0	0	0	0	0	1	0	1	1	0	0
	chiropract	Chiropractic	0	0	0	1	0	0	0	0	3	3	1	3	3	3	3	3	1	3	3	3	3	3	0	3	3	1	3	3	1	0	4	1	0	0	1	3	3	0	1	1	1	0	1	1	1	0	0	1
	chiropractor	chiropractor	2	3	0	3	1	2	1	3	4	3	3	3	2	3	2	1	2	2	2	2	2	2	4	1	2	3	3	2	3	2	3	3	1	3	0	2	2	2	3	0	1	3	0	1	2	1	1	0
	chirurgi	Chirurgy	0	1	1	3	1	1	1	1	3	2	1	3	2	2	2	2	1	2	2	1	3	1	3	3	1	2	1	1	1	1	3	1	2	0	1	1	1	1	1	1	1	3	2	2	1	1	1	1
	choreographi	choreography	0	2	0	0	0	1	0	0	3	3	3	2	2	2	1	1	3	4	4	3	4	2	2	4	4	4	4	4	4	4	4	4	0	2	1	2	2	3	0	3	0	1	0	0	1	0	0	0
	christian	Christian Studies	2	2	0	3	0	0	1	0	2	0	0	0	1	0	0	0	0	0	0	1	0	1	1	0	3	4	2	2	4	0	2	2	0	1	0	0	0	0	0	0	3	1	3	3	3	2	2	2
	christian	Christian Studies	2	3	0	1	1	2	1	2	3	1	1	3	1	1	1	1	0	0	1	0	4	0	0	0	2	2	2	1	3	0	1	0	0	1	0	0	1	0	1	1	0	2	0	0	0	1	1	1
	christian leadership	Christian Leadership	3	3	1	3	3	3	3	3	1	1	1	1	1	1	1	3	1	1	1	2	1	1	4	1	3	4	1	1	1	2	0	1	2	1	3	3	2	1	3	1	3	3	3	3	3	3	3	3
	christian ministri	Christian Ministries	0	0	0	1	0	0	0	0	1	3	2	1	0	1	0	0	4	4	1	3	2	3	1	0	4	4	3	3	3	3	3	0	2	3	3	3	3	3	2	1	1	2	2	3	0	2	1	1
	christian ministri	Christian Ministries	0	0	0	0	0	0	0	0	1	0	1	0	0	2	0	0	2	3	2	4	4	2	3	3	2	2	0	3	1	1	1	0	0	0	0	2	0	0	0	0	0	1	0	0	0	0	0	0
	christian ministri	Christian Ministry	0	0	0	0	0	0	0	0	0	0	0	0	0	0	0	0	1	3	1	0	1	0	0	0	3	3	1	3	3	3	0	1	1	1	3	1	3	3	2	0	3	0	3	3	3	3	3	3
	christian ministri	Christian Ministries	1	1	0	1	0	1	1	1	2	0	1	0	1	1	1	1	3	0	2	4	4	4	2	2	4	3	3	2	4	0	2	1	1	1	3	1	2	2	1	1	0	0	1	2	2	1	2	2
	christian ministri	Christian Ministry	1	3	0	2	0	3	0	2	3	3	3	4	3	4	3	4	4	2	1	4	1	4	1	1	3	3	4	1	3	2	3	2	0	1	1	1	1	0	0	2	0	0	1	1	0	2	0	0
	christian ministri	Science / Christian ministry	3	3	3	3	1	3	1	3	4	4	4	4	4	4	4	3	0	1	0	0	3	1	3	1	4	4	4	2	4	4	4	1	2	2	1	2	2	2	3	3	1	1	1	1	1	1	1	0
	christian ministri	Christian Ministry	0	2	1	1	1	3	2	3	4	1	1	2	2	3	2	2	2	2	2	3	3	2	3	3	3	4	3	2	4	3	4	3	0	2	2	2	1	2	1	2	1	1	0	2	0	2	1	1
	christian ministri	Christian Ministries	2	2	0	2	0	1	3	1	2	2	2	3	2	1	1	1	4	4	3	4	4	4	0	3	4	4	3	4	4	3	3	4	2	2	2	0	2	1	0	0	1	0	1	0	3	0	0	1
	christian ministri	Christian Ministry	3	1	1	1	1	4	1	2	1	0	0	1	0	0	1	0	0	0	4	0	3	0	0	0	4	4	4	1	4	4	4	3	1	1	2	0	2	1	1	3	1	1	1	1	0	1	0	1
	christian ministri	Christian Ministries	2	1	0	0	0	0	0	0	2	2	1	0	0	0	0	0	1	1	1	2	1	3	4	1	3	3	3	1	4	3	3	3	1	3	1	0	3	2	0	2	0	2	0	0	2	2	1	1
	christian ministri	Christian Ministry	0	0	1	0	0	3	0	0	2	3	2	1	0	3	0	2	2	1	1	3	3	3	0	1	3	4	1	2	3	1	2	2	0	2	1	0	1	1	0	1	2	2	2	2	1	2	2	0
	christian ministri	Christian Ministries	2	1	0	1	0	1	1	0	2	0	0	3	0	0	0	0	0	0	3	2	3	0	0	2	3	3	4	2	2	0	0	0	0	0	4	0	3	2	0	2	0	1	2	0	2	2	1	0
	christian practic	Christian Practice 	0	1	0	0	0	0	0	0	0	2	1	0	0	3	0	0	4	3	0	3	4	4	1	3	3	3	4	3	4	2	3	3	0	1	0	0	1	0	0	1	0	1	0	0	0	2	0	0
	christian practic	Christian Practice	1	2	0	3	0	3	0	1	2	3	3	3	2	4	3	4	0	0	4	0	3	0	0	3	3	4	1	4	4	4	4	0	0	1	0	0	3	0	0	1	0	3	0	3	0	0	0	0
	church ministri	Church Ministry	2	0	0	0	0	3	0	1	4	4	2	0	1	2	0	1	4	4	2	4	4	4	0	0	4	3	1	3	3	2	2	1	2	1	0	1	3	1	2	1	0	1	0	0	0	0	0	0
	church ministri	church ministry	0	3	3	0	2	3	1	3	1	3	3	1	0	3	1	3	0	0	1	2	0	3	3	0	0	1	1	2	1	1	1	0	0	0	1	0	1	0	1	1	0	0	0	0	0	1	0	1
	ciencia política derecho	Ciencias políticas o derecho	2	2	0	1	1	2	0	2	2	2	2	2	2	1	1	2	0	4	4	4	4	4	0	3	4	4	4	4	3	2	4	3	2	0	1	2	0	2	0	1	4	0	0	2	2	2	1	2
	cinema	Cinema	2	0	1	0	0	0	2	0	0	1	2	1	1	3	0	3	2	4	4	3	4	2	1	4	3	4	4	3	4	4	4	3	2	2	2	2	2	1	2	4	1	1	0	0	0	0	0	1
	cinema	Cinema	2	1	1	2	0	2	1	1	3	4	3	3	2	3	2	4	4	4	3	3	3	4	3	2	3	3	2	1	2	2	2	2	0	1	1	2	1	2	0	1	0	1	0	2	3	3	1	0
	cinema	Cinema	0	0	3	0	0	3	0	0	3	3	4	0	3	2	3	1	4	4	3	4	4	3	1	4	0	2	1	0	2	1	4	2	0	0	0	0	3	2	2	3	0	0	0	0	0	3	3	0
	cinema	cinema	0	0	0	0	0	0	1	0	1	2	0	0	0	0	1	0	1	1	2	0	2	0	1	3	4	1	0	0	3	3	1	1	2	2	3	2	1	3	3	4	1	2	1	1	0	2	0	1
	cinema	Cinema	2	0	0	0	0	1	0	0	2	2	2	2	1	3	1	2	4	4	3	4	4	4	4	4	3	2	2	2	3	3	3	2	0	0	1	0	1	0	0	1	0	0	0	0	1	0	0	0
	cinema	cinema	3	0	3	0	0	0	0	0	3	3	0	0	1	3	1	3	0	4	3	3	4	2	3	2	4	3	2	1	3	2	3	2	1	0	2	3	0	0	0	3	0	1	0	0	0	0	0	0
	cinema	Cinema	4	0	0	1	0	0	0	0	4	4	4	2	1	4	3	4	4	4	4	4	4	4	0	4	4	4	4	1	3	1	4	0	0	0	0	0	4	0	0	0	0	0	0	0	0	1	0	0
	cinema	cinema	4	2	1	1	0	2	0	0	4	4	4	2	4	4	3	4	0	1	4	2	4	4	4	4	0	0	2	1	2	3	3	0	0	0	1	2	3	4	1	4	3	1	1	1	2	2	0	0
	cinema	Cinema	2	2	1	3	1	3	1	1	1	1	1	3	1	1	1	1	4	3	4	4	4	4	3	3	4	1	4	4	4	2	1	1	2	1	3	1	2	1	2	1	1	1	2	1	1	1	1	1
	cinema	Cinema	2	3	0	0	0	1	0	0	3	3	3	3	2	3	0	0	4	4	4	4	4	4	4	4	2	4	0	3	3	0	1	4	0	0	4	1	0	1	0	0	0	0	0	0	2	0	0	0
	cinema	Cinema	1	1	0	2	0	1	1	1	2	2	1	2	1	1	1	0	4	4	4	4	3	4	0	4	4	4	3	3	4	3	4	4	1	2	3	1	3	2	1	3	1	2	0	2	2	2	1	1
	cinema	Cinema	0	2	0	0	0	0	0	2	3	4	0	3	2	1	1	0	3	4	4	4	4	3	2	4	3	3	2	3	4	2	3	2	0	1	3	2	3	1	2	3	0	1	1	1	2	2	0	0
	cinema	Cinema	1	1	0	0	0	0	1	0	2	1	1	3	1	3	1	1	3	3	4	4	4	3	4	3	2	0	0	0	1	0	0	1	3	0	1	3	0	3	0	4	0	0	1	1	0	0	0	3
	cinema	cinema	3	2	3	3	3	4	2	4	2	3	3	4	4	4	3	4	4	4	4	3	3	4	4	4	1	3	3	0	3	3	3	1	0	1	2	0	3	0	1	2	0	0	0	0	1	1	0	1
	cinema tv	Cinema /TV	2	0	0	0	0	1	0	0	4	2	0	0	1	0	0	0	2	3	3	0	2	1	1	2	3	1	2	2	0	0	2	0	0	0	2	0	4	0	0	0	0	1	0	0	0	0	0	0
	cinematographi	Cinematography	1	4	1	2	0	1	2	3	4	4	2	4	4	3	3	1	3	4	4	4	4	4	4	4	3	3	1	2	3	2	3	4	0	0	0	1	0	2	2	1	0	0	0	0	0	1	0	0
	cinematographi	Cinematography	1	1	3	1	0	2	0	1	2	3	3	2	1	3	1	2	3	4	4	3	3	3	3	2	3	2	3	2	2	2	2	1	1	1	2	2	1	2	0	4	0	2	0	1	1	1	0	2
	cirriculum	general cirriculum	2	0	3	0	0	0	0	0	4	3	2	1	2	3	0	3	3	0	2	0	0	0	2	0	3	4	3	2	3	4	2	3	0	2	0	4	1	3	2	0	0	0	0	4	0	2	0	0
	cis	CIS	1	0	0	3	1	2	2	1	2	3	3	3	3	3	3	2	0	2	2	2	3	2	2	3	2	1	1	0	1	1	1	1	3	2	3	1	4	3	3	2	3	1	3	3	3	2	2	3
	cis	Cis	0	2	0	0	0	2	0	2	2	4	4	4	4	4	4	4	4	4	4	4	4	4	0	4	2	4	0	2	0	4	2	2	2	2	2	2	2	2	2	3	2	2	2	2	0	0	0	2
	cis	CIS	3	1	2	2	0	2	1	2	3	3	4	3	3	3	3	2	3	3	4	3	3	2	1	4	3	2	3	3	3	2	3	3	3	2	2	2	3	2	2	3	1	1	1	0	3	2	2	1
	cis	CIS	1	3	2	3	3	3	3	2	2	3	3	2	2	2	1	4	1	3	4	2	2	1	3	4	3	1	4	2	2	4	3	2	1	0	1	1	2	1	1	3	1	1	1	1	2	1	1	1
	cis	CIS	3	1	2	2	1	2	3	2	0	0	0	2	0	1	1	2	0	2	2	0	1	2	2	1	1	2	1	3	3	1	2	0	2	3	3	1	4	2	2	2	3	3	3	3	4	3	3	4
	cis	Cis	3	2	0	3	0	3	1	1	3	0	0	1	0	0	0	0	0	0	0	3	0	4	1	0	2	4	3	1	3	0	1	2	1	0	0	0	3	0	0	0	0	2	0	1	0	1	0	2
	cis	CIS	3	2	2	4	2	3	2	2	2	0	0	2	2	0	1	2	3	0	1	0	0	2	4	2	4	2	1	1	0	2	0	3	4	2	4	2	4	3	3	4	1	3	3	1	4	4	2	2
	cis	CIS	3	1	1	3	1	1	2	0	4	3	3	2	3	2	3	2	0	0	0	1	1	1	1	1	0	2	1	1	1	1	1	1	0	1	1	1	1	1	1	1	0	1	2	1	2	2	1	2
	cit	CIT	2	1	2	2	2	2	1	2	3	2	2	2	2	1	1	1	1	1	1	1	1	2	2	1	2	1	1	2	1	3	2	1	3	1	3	1	3	3	3	3	3	3	3	3	3	2	2	3
	cit	CIT	4	1	1	4	3	3	3	1	4	3	3	3	3	3	4	4	1	3	1	1	1	3	1	3	4	4	1	3	3	1	3	1	3	1	3	1	3	3	3	3	3	3	4	3	4	4	4	3
	citi plan	city and planning	2	3	1	3	0	4	0	0	4	2	4	4	4	2	4	2	0	1	2	0	0	3	0	2	0	4	3	0	3	0	0	1	0	0	0	0	0	0	0	0	0	0	3	0	1	3	0	0
	citi plan	Master of City Planning	4	1	0	3	0	2	0	0	4	4	4	4	4	2	4	4	3	4	4	4	4	4	2	2	2	4	2	4	2	2	4	2	0	2	4	2	4	2	4	4	3	3	2	4	4	4	2	4
	civik	Civik	1	2	1	2	3	2	0	2	2	3	1	2	1	2	1	2	0	2	1	1	1	1	3	1	2	3	2	3	1	2	3	1	2	0	1	1	1	1	2	1	2	1	1	1	1	1	1	1
	ciência contábei	Ciências Contábeis	0	0	0	2	0	0	0	0	3	1	0	2	0	0	0	1	0	3	0	0	0	1	0	3	1	1	0	4	2	0	1	1	0	0	0	0	4	0	0	1	3	2	3	0	1	1	3	2
	cj	CJ	0	0	0	0	0	0	0	0	0	0	0	0	0	0	0	0	4	2	0	0	0	4	0	0	2	4	4	4	0	2	1	0	0	0	0	0	0	0	0	0	0	0	0	0	0	0	0	0
	cj	CJ	0	0	0	0	0	0	0	0	0	2	3	0	1	0	0	2	0	0	0	0	2	0	0	0	0	4	0	1	1	1	1	0	1	1	0	0	0	0	2	1	0	1	0	2	0	0	2	0
	cj	Cj	0	0	0	0	0	0	0	0	3	3	3	1	1	2	2	0	0	0	0	0	0	2	0	0	2	2	2	1	2	1	1	0	1	2	2	0	2	0	0	0	3	2	1	3	0	2	1	1
	cj	CJ	2	2	2	2	4	2	4	4	4	4	4	4	4	4	4	4	4	4	4	4	4	4	4	4	4	4	4	4	4	4	4	4	2	4	2	4	4	4	4	4	4	4	2	4	2	2	4	4
	cj hd	CJ & HD	2	0	0	1	1	0	1	1	4	1	1	1	1	0	1	1	3	1	1	2	1	3	1	1	3	3	2	1	2	1	1	1	2	2	1	1	2	1	1	1	1	1	1	1	1	1	1	1
	cj hs	cj/hs	2	0	0	1	1	1	2	0	2	3	3	1	1	1	1	1	1	0	1	1	1	3	0	1	1	4	4	1	2	0	2	1	2	2	3	3	2	2	4	1	2	3	3	2	1	2	3	2
	class benefit interest	some classes for my own benefit/interests	2	3	2	2	2	3	2	2	3	2	3	1	2	3	2	2	1	1	3	2	2	3	2	2	1	3	1	3	1	0	0	2	1	3	1	2	1	2	1	2	3	3	3	3	2	3	2	2
	classic	Classics	1	2	0	1	0	0	0	1	2	2	2	1	1	0	1	1	2	1	2	2	2	3	0	3	3	4	1	1	1	0	1	0	0	0	0	0	1	0	0	2	2	1	1	3	3	3	1	3
	classic	Classics	0	2	0	1	0	2	1	0	3	3	2	1	1	3	1	0	4	1	1	3	4	4	0	0	3	2	1	1	2	3	3	2	0	1	2	1	3	4	2	3	3	3	3	4	3	3	2	2
	classic	Classical Studies	1	3	1	1	3	4	2	3	3	4	4	3	4	4	3	3	2	2	3	2	3	3	0	3	4	4	3	1	4	3	4	1	0	0	1	0	2	0	0	0	0	1	0	0	0	0	0	0
	classic	Classics	3	1	0	2	1	2	2	2	3	3	3	1	3	2	2	2	0	0	0	0	0	0	0	0	2	3	0	0	3	0	0	0	1	2	2	1	2	1	0	0	0	3	2	2	1	1	1	3
	classic	Classical Studies	0	0	0	0	0	0	0	0	0	3	0	0	0	0	0	0	0	4	2	3	4	2	2	3	3	4	3	2	3	3	4	2	0	2	0	1	2	2	2	3	0	0	0	0	0	0	0	0
	classic	Classics	4	4	0	3	3	4	2	4	1	3	2	0	0	1	0	0	1	0	1	1	0	3	0	2	2	0	3	2	2	3	4	1	1	1	0	0	1	0	1	3	0	0	0	0	0	0	0	0
	classic	classics	2	4	2	0	0	0	0	1	4	4	4	2	1	4	2	1	2	4	4	2	4	1	2	4	1	4	0	0	0	3	2	0	0	0	0	0	0	0	0	0	0	0	0	0	0	0	0	0
	classic	Classics	3	2	1	2	0	3	0	2	3	4	4	3	3	4	2	4	1	2	4	1	3	2	2	4	1	3	3	2	1	1	4	3	0	2	0	2	0	0	1	1	0	1	0	0	0	0	0	0
	classic	Classics	3	3	3	3	1	3	3	3	4	4	4	4	4	4	4	4	1	4	4	3	4	4	4	4	2	4	2	4	2	4	4	3	0	1	3	2	4	3	1	4	2	2	1	2	2	2	0	3
	classic	Classics	0	0	0	0	0	0	0	0	0	2	2	0	0	1	0	0	0	4	0	1	2	0	0	0	4	4	0	1	1	2	3	3	0	0	0	0	0	0	3	1	0	0	0	0	0	0	0	0
	classic	Classics	1	0	0	1	1	1	1	0	2	3	3	3	3	2	3	3	2	3	3	3	4	3	2	3	3	2	3	1	3	1	2	2	0	1	2	1	2	1	0	2	2	2	3	2	2	1	2	2
	classic	classics	3	2	2	1	1	2	0	1	3	3	3	3	3	3	3	3	3	3	0	0	4	3	2	3	2	3	2	2	2	1	1	1	1	0	0	0	1	0	0	1	1	1	2	1	3	2	1	1
	classic	Classics	3	2	0	4	2	3	3	1	4	4	4	4	4	4	4	4	1	3	3	3	4	4	3	1	0	3	3	2	1	0	3	0	0	1	2	1	2	1	1	1	2	2	3	2	3	4	1	2
	classic	Classics	2	2	3	1	0	3	1	1	3	4	3	2	3	3	2	3	1	4	1	3	4	3	2	1	4	3	3	2	3	2	3	1	1	0	3	0	4	0	0	1	0	0	0	0	1	0	0	0
	classic	Classics	2	1	1	1	1	1	1	1	1	3	0	1	1	1	1	1	1	1	1	1	3	1	1	1	2	4	4	1	4	3	3	3	1	1	1	1	1	1	3	1	2	1	3	3	1	1	3	1
	classic	classics	0	0	0	0	0	0	0	1	3	3	2	0	2	3	0	1	2	4	3	4	4	4	0	3	3	3	3	1	3	3	3	2	0	0	0	0	0	0	0	0	0	0	0	0	0	0	0	0
	classic	Classics	3	3	1	2	2	2	2	2	4	2	2	3	3	2	2	2	1	1	1	1	2	2	1	1	1	1	3	1	2	0	1	1	1	1	4	2	3	2	1	2	2	2	3	2	2	1	2	2
	classic	Classics	4	0	0	4	0	0	0	0	3	2	1	3	1	1	1	2	1	0	0	2	4	3	2	0	4	1	3	1	3	2	3	0	0	0	1	0	0	0	4	0	0	0	3	0	3	1	1	0
	classic	Classical Studies 	1	2	0	0	0	1	0	0	3	4	0	0	0	4	0	3	0	2	3	3	4	4	4	3	0	3	2	1	1	3	3	0	0	0	2	0	0	0	0	3	0	1	0	0	0	0	0	0
	classic	Classics	2	2	0	2	1	2	1	2	3	3	3	3	3	3	3	3	2	3	3	4	4	3	3	3	3	2	3	2	3	2	4	1	1	1	4	1	2	1	4	2	0	1	0	0	1	1	1	0
	classic	Classics	0	0	0	0	1	1	0	1	2	3	1	3	2	1	1	3	4	4	2	3	4	3	1	3	4	4	4	3	4	4	4	2	2	0	3	2	3	2	2	2	2	0	1	2	0	1	2	0
	classic	Classics	0	3	0	3	0	4	0	3	3	3	4	4	4	4	3	3	1	2	1	4	4	4	4	3	4	4	4	4	4	4	4	4	0	0	3	3	0	0	0	1	0	0	0	3	0	0	1	0
	classic	Classics	2	0	0	0	0	0	0	0	3	3	2	0	0	0	0	1	3	3	2	4	4	4	0	3	3	4	3	2	4	2	3	3	0	0	2	2	0	0	1	0	0	2	0	2	2	2	2	2
	classic	Classical Studies	1	2	1	2	0	3	0	2	2	3	1	1	0	2	0	2	3	1	3	2	2	4	4	4	3	4	4	3	4	4	3	2	1	0	3	0	3	1	1	3	0	0	0	0	0	0	0	0
	classic	Classics	2	1	1	1	2	0	1	1	3	3	3	2	3	2	2	3	1	1	1	1	2	1	1	1	3	2	1	1	3	1	1	1	0	0	1	0	3	1	1	1	1	1	1	1	2	1	1	2
	classic	Classics	1	1	1	3	1	1	1	0	4	4	4	4	4	3	4	3	3	2	3	3	3	4	2	2	2	3	4	3	4	2	3	3	2	0	2	1	3	0	1	2	0	0	0	0	0	2	0	0
	classic	Classics	2	0	0	2	0	1	1	0	3	3	4	1	2	4	1	3	0	0	4	3	4	3	0	3	2	3	2	2	3	2	4	1	0	0	2	1	1	0	0	1	2	3	2	2	2	2	0	2
	classic	Classics	2	3	0	1	1	1	1	1	2	2	2	2	1	2	1	1	3	3	4	3	4	3	1	1	2	3	4	3	4	1	1	3	1	1	1	1	3	2	3	1	0	3	1	1	2	1	1	1
	classic	Classics	2	3	0	3	0	3	0	2	4	3	3	3	3	3	3	4	0	2	1	2	3	2	0	3	3	1	0	0	1	0	3	0	0	0	3	0	4	0	2	0	0	1	0	2	3	3	0	0
	classic	Classics	2	0	4	0	0	0	0	0	3	1	3	4	4	3	3	4	2	3	3	2	4	3	0	4	1	0	0	1	0	0	2	0	0	0	3	0	3	0	3	2	1	0	3	1	3	2	0	2
	classic	Classics	3	1	1	4	1	2	3	1	1	1	2	3	1	2	2	4	1	2	3	3	4	4	2	3	3	2	4	2	4	3	3	2	2	3	3	2	3	2	3	2	2	2	2	2	2	2	2	2
	classic	Classics	0	1	0	1	0	1	0	0	4	4	4	1	4	4	4	4	4	4	4	4	4	4	1	4	4	3	3	4	3	3	3	3	0	2	2	1	3	3	1	3	0	0	1	0	3	2	0	0
	classic	Classics	0	3	0	0	0	0	0	2	0	2	0	0	0	0	0	0	3	4	3	3	3	3	3	3	3	3	2	2	1	3	3	0	1	1	2	1	3	3	3	1	0	1	2	0	0	3	1	0
	classic	Classics	0	0	0	0	0	0	0	0	3	3	3	0	0	4	0	2	0	1	4	2	4	0	0	3	2	1	1	1	2	0	2	1	1	2	2	0	1	2	1	1	0	0	0	0	0	0	0	0
	classic	Classics	2	1	0	1	0	1	0	0	2	3	3	1	0	3	0	0	4	4	1	4	4	4	1	2	2	3	2	2	3	0	1	0	1	1	1	1	1	0	0	0	1	2	1	1	1	0	0	0
	classic	Classics	2	3	0	1	1	2	0	1	2	2	2	1	1	2	0	1	2	3	2	1	3	2	0	3	2	3	2	1	1	1	3	1	2	1	3	1	0	1	0	1	2	1	2	1	2	2	0	1
	classic	Classics	0	2	0	3	0	4	4	2	2	3	3	3	2	3	2	2	2	2	3	3	4	3	3	2	2	3	1	2	1	2	1	0	0	0	0	0	0	0	0	0	0	1	0	0	0	2	0	0
	classic	Classics	2	1	0	1	0	0	0	0	4	4	3	3	2	3	1	0	3	4	3	4	4	4	0	3	4	1	3	2	1	1	1	2	4	2	3	0	3	1	0	3	2	1	0	0	1	1	2	1
	classic	Classical Studies	0	2	2	1	0	2	1	2	4	4	3	3	3	2	3	2	3	3	3	3	3	4	4	3	4	3	3	3	3	4	4	2	2	2	2	2	2	2	0	2	0	0	0	0	0	0	2	0
	classic	Classics	3	1	0	4	0	1	0	1	4	1	0	4	0	0	3	0	1	3	4	2	4	4	4	4	3	1	1	0	1	0	4	1	0	0	0	0	3	1	1	3	1	3	3	3	4	1	0	3
	classic	classics	0	1	0	1	1	3	0	2	2	2	2	4	2	3	2	3	2	2	2	3	4	3	4	2	3	4	3	3	2	2	4	2	1	1	2	1	4	1	3	2	1	1	1	1	2	0	1	2
	classic	Classics	2	0	0	0	0	0	0	0	3	2	3	3	3	3	3	3	2	4	2	3	4	4	3	2	3	4	3	2	3	2	4	2	2	0	2	0	2	2	0	2	2	2	0	0	2	2	2	0
	classic	classics	0	1	0	0	0	0	0	0	2	3	3	3	3	3	1	0	3	1	2	1	4	3	0	3	2	4	3	0	4	3	4	1	0	0	0	0	3	0	0	0	0	0	0	0	0	0	0	0
	classic	Classics	3	1	3	0	3	3	3	1	4	1	3	2	3	2	4	4	2	3	2	4	4	4	4	4	3	0	0	3	2	3	4	0	4	0	0	2	2	0	2	3	0	0	3	2	3	4	2	2
	classic	classics	2	0	0	0	0	0	0	0	4	3	2	3	3	1	3	0	0	0	0	0	2	2	0	0	3	3	3	2	3	1	3	2	0	0	0	0	0	0	2	0	0	0	0	0	0	2	0	0
	classic	Classics	0	0	1	0	0	0	0	0	0	2	3	1	2	1	0	1	2	3	3	1	4	1	2	2	3	3	3	1	3	2	3	3	1	2	3	2	4	2	3	3	2	2	2	2	1	0	2	1
	classic	Classics	1	2	2	0	0	2	1	2	3	3	3	4	3	3	3	4	1	1	3	4	4	4	3	4	3	3	2	3	2	0	1	1	0	3	2	2	1	1	3	2	1	0	0	0	1	1	0	0
	classic	classics	1	1	0	1	2	2	2	1	3	3	3	2	3	3	2	3	2	2	3	2	2	2	1	2	4	3	2	3	3	3	3	3	1	1	2	1	3	2	1	3	3	3	2	3	2	2	2	3
	classic	Classics	1	0	0	0	0	0	0	0	1	2	2	1	1	4	0	1	1	3	3	4	4	3	3	3	3	3	3	3	3	3	4	1	0	2	2	3	1	3	1	3	0	1	0	1	0	1	0	0
	classic	Classics	0	1	0	1	1	0	0	0	1	2	2	1	1	3	1	1	1	3	1	2	3	2	1	1	4	4	3	0	3	4	4	3	0	2	1	1	2	2	1	3	2	2	1	2	1	2	3	2
	classic	Classics	2	1	2	2	1	1	1	1	2	1	0	0	2	3	0	4	0	1	4	2	4	2	2	3	2	4	2	2	2	2	3	2	0	2	3	2	2	2	2	2	0	1	1	2	0	2	1	0
	classic	classics	0	0	0	0	0	0	0	0	0	3	3	0	3	3	1	4	3	4	2	3	4	4	2	3	4	3	3	3	1	1	3	1	1	2	3	0	2	3	3	1	0	0	0	0	0	0	0	1
	classic	Classics	3	2	2	2	0	2	0	0	3	0	3	0	3	0	2	0	0	0	0	0	0	1	0	0	0	0	0	0	0	0	0	0	0	0	0	0	0	0	0	0	0	0	0	0	2	2	0	0
	classic	Classics	0	2	0	1	2	1	1	1	3	4	3	3	4	4	3	4	0	0	3	3	4	2	0	1	0	0	0	3	1	0	0	0	0	0	1	0	3	3	1	3	1	3	2	3	0	2	1	3
	classic	Classical	1	2	0	0	0	2	0	1	3	2	2	3	3	3	2	1	2	2	1	2	2	2	2	1	3	4	2	2	3	0	1	1	0	2	2	0	2	1	1	2	2	1	0	1	2	1	2	2
	classic archaeolog	Classical Archaeology	4	2	0	0	0	0	0	1	2	3	3	0	3	3	2	4	1	3	3	2	4	3	0	4	2	4	2	2	2	4	4	1	0	2	1	2	4	3	1	3	0	0	0	2	1	1	0	0
	classic vocal perform	Classical Vocal Performance	2	0	0	2	0	0	0	0	4	3	3	0	2	3	2	0	4	3	0	3	3	4	1	2	3	4	3	4	1	3	3	3	1	2	2	4	2	2	1	1	2	3	0	2	0	3	0	1
	clean energi	Clean Energy	1	2	2	0	1	3	1	1	2	2	2	0	2	2	2	2	3	3	2	2	3	4	2	3	3	3	2	4	2	0	1	3	1	0	4	0	3	1	0	4	0	1	0	1	1	2	0	1
	clelectron communic engin	clelectronics communication engineering	2	2	3	4	4	2	2	0	3	3	3	4	3	3	2	2	0	3	2	3	3	3	2	2	3	3	3	3	2	2	2	2	2	0	2	1	3	4	0	2	1	2	3	2	2	3	0	2
	climat	Climate science	0	2	0	2	0	2	0	1	2	2	2	2	2	2	2	2	1	1	2	1	2	1	0	1	0	2	0	1	0	0	0	0	0	2	1	0	0	0	0	0	1	1	0	0	2	2	0	0
	clinic	clinical	2	0	0	0	0	0	3	1	3	2	0	0	0	2	1	1	2	2	2	2	2	0	0	2	2	2	2	2	2	2	2	2	0	3	0	0	0	3	0	2	0	2	0	0	0	2	1	2
	clinic	Clinical	2	1	4	0	0	1	1	0	4	4	4	4	4	2	4	2	1	3	3	1	3	0	2	1	3	3	2	2	3	2	1	2	0	0	1	0	3	2	0	1	1	2	1	1	3	2	2	2
	clinic analysi	Clinical Analysis	3	3	3	3	1	2	4	2	4	4	4	4	3	4	4	3	1	1	1	1	1	2	1	1	3	4	4	3	4	0	3	4	0	0	1	1	0	0	0	1	2	2	2	0	0	0	0	2
	clinic laboratori	clinical laboratory science	2	0	0	2	0	0	0	0	2	4	3	0	0	4	1	1	3	3	3	3	3	4	3	4	2	3	2	1	1	1	2	0	0	0	1	2	0	2	0	0	0	2	0	0	0	0	0	0
	clinic laboratori	Clinical Laboratory Science	2	0	2	1	2	1	3	0	4	4	4	4	4	4	4	0	2	4	3	4	2	4	4	3	3	4	4	2	4	3	4	4	1	1	1	4	1	3	0	4	2	1	0	0	0	3	1	0
	clinic laboratori	clinical laboratory science	3	2	1	3	2	2	3	2	3	2	3	3	3	2	2	2	0	0	0	0	0	1	2	0	1	0	0	2	2	2	1	0	1	0	1	1	2	1	2	2	2	2	2	2	3	3	2	3
	clinic laboratori	Clinical Laboratory Science 	3	3	0	2	0	3	2	3	4	4	4	4	4	4	4	0	4	1	2	2	0	4	4	1	4	3	0	3	2	0	1	2	0	2	1	1	2	1	2	0	2	1	0	1	0	2	0	0
	clinic laboratori	Clinical Laboratory Science	2	4	0	3	0	4	3	4	4	4	4	4	4	2	4	0	0	0	2	2	0	2	0	0	1	0	0	4	0	0	2	0	0	0	2	2	0	0	4	4	0	2	0	0	0	2	0	2
	clinic mental health	Clinical Mental Health	0	2	0	1	0	1	1	1	0	0	0	0	0	0	0	0	0	0	2	4	4	3	4	0	4	0	1	1	3	0	0	0	0	0	0	0	0	0	0	0	0	0	0	0	0	0	0	0
	clinic mental health	Clinical Mental Health	0	0	0	0	0	0	0	0	0	3	3	0	0	3	0	0	0	4	3	0	4	0	0	4	4	4	4	4	4	2	0	0	0	0	0	0	0	0	4	0	0	0	4	0	0	0	0	0
	clinic mental health	Clinical Mental Health	3	0	0	1	0	0	1	0	3	0	0	3	1	0	1	0	2	2	0	3	3	0	0	3	4	4	4	2	4	1	4	3	2	1	2	3	4	1	3	1	2	1	2	2	3	3	2	0
	clinic mental health	Clinical mental health	0	0	0	0	0	0	0	0	2	3	3	0	0	3	0	0	1	0	2	0	0	3	0	0	3	3	4	3	4	3	4	4	1	2	1	1	3	3	3	2	0	0	0	1	0	0	0	0
	clinic mental health	clinical Mental Health	0	3	0	0	0	2	0	2	3	3	2	2	2	0	1	0	0	0	0	1	0	1	2	0	3	3	3	3	3	3	3	2	0	0	1	0	1	0	1	0	0	0	0	3	2	1	0	0
	clinic mental health	Clinical Mental Health	2	1	1	1	1	2	1	3	2	2	1	3	1	1	1	1	1	1	3	1	1	2	2	2	3	4	4	3	4	4	4	2	1	1	3	1	3	1	2	1	3	3	3	4	3	2	3	3
	clinic mental health	Clinical Mental Health	0	1	1	0	0	1	0	1	1	3	3	2	1	4	1	2	4	3	4	4	4	4	3	4	3	4	4	4	4	3	4	4	3	3	3	3	3	3	3	2	3	0	1	2	0	2	1	2
	clinic mental health	Clinical Mental Health	3	3	3	1	1	2	1	2	3	4	4	3	3	4	2	3	0	1	1	0	0	0	4	0	3	4	3	3	4	3	3	2	0	3	2	0	3	1	3	3	0	2	0	0	0	0	1	0
	clinic mental health	Clinical Mental Health	0	2	4	0	2	2	1	0	1	3	4	2	3	3	0	4	2	4	3	1	4	3	0	4	3	4	4	2	4	3	4	3	2	4	4	0	4	3	2	4	4	4	4	4	3	2	4	4
	clinic mental health	clinical mental health	0	0	0	0	0	0	0	0	1	2	1	1	1	1	1	1	0	3	0	0	1	0	3	3	4	2	4	3	4	2	1	2	0	0	2	0	1	0	2	0	1	0	2	2	1	1	0	0
	clinic mental health	clinical mental health	0	0	1	0	0	1	1	0	2	3	3	3	2	2	3	3	3	2	3	3	3	3	0	3	2	3	3	0	3	2	3	1	0	1	2	1	2	1	1	1	3	1	2	3	3	1	2	1
	clinic mental health	Clinical Mental Health	0	2	0	0	0	1	0	0	1	2	1	1	1	1	1	0	0	1	1	1	2	2	0	1	4	4	4	3	4	3	4	3	1	2	2	2	2	2	3	1	2	1	2	2	2	2	2	1
	clinic mental health	Clinical Mental Health	0	0	0	0	0	0	0	0	2	0	0	3	0	0	0	0	1	3	4	4	4	0	0	0	3	3	3	1	4	3	3	3	0	0	0	0	1	0	0	0	0	0	0	0	2	0	0	0
	clinic mental health	Clinical Mental Health	0	0	0	0	0	0	0	0	3	1	3	3	3	1	2	0	4	3	0	3	3	3	0	0	4	3	3	0	4	3	4	3	0	0	3	0	3	0	0	0	0	0	0	0	1	0	0	0
	clinic mental health	Clinical Mental Health	2	4	2	1	1	1	1	3	3	2	2	3	3	1	2	1	2	2	2	3	3	3	1	3	4	4	4	3	4	3	4	3	2	4	3	3	2	3	3	3	1	2	2	2	1	2	1	1
	clinic mental hleath	Clinical Mental Hleath	0	0	0	0	0	0	1	0	4	3	3	4	3	0	1	0	0	0	0	0	3	1	1	0	4	3	4	0	4	3	3	3	0	0	0	0	0	1	1	1	1	0	0	0	2	1	0	1
	clinic research	Clinical research	4	0	0	4	0	3	4	4	2	4	4	4	4	2	4	0	4	0	4	4	4	4	4	4	4	4	4	4	0	0	0	4	4	4	4	4	4	4	4	4	0	4	4	4	4	4	0	4
	clinic research	Clinical Research	0	0	0	0	0	0	0	0	3	0	0	3	0	0	0	0	0	0	0	0	0	0	0	0	0	2	2	2	2	0	0	2	0	0	0	0	0	0	0	0	0	0	0	0	0	0	0	0
	clinic research	Clinical Research 	0	0	0	0	0	0	0	0	4	2	2	4	4	0	3	2	0	0	0	0	0	0	0	0	2	4	4	2	4	2	2	3	0	0	0	0	4	0	0	0	0	0	0	0	0	0	0	0
	clinic research	Clinical Research 	1	0	0	0	0	0	0	0	4	3	4	4	4	4	4	4	2	4	3	2	3	0	0	0	2	4	4	2	4	4	4	4	0	0	1	0	3	0	0	0	1	0	1	2	4	4	0	0
	clinicla lab	CLinicla Lab Sciences	0	1	1	4	1	4	1	1	4	2	4	4	4	1	4	3	4	4	1	4	4	4	2	4	4	4	4	3	4	4	4	4	4	2	4	3	4	4	3	4	2	3	3	3	2	4	2	1
	cloth technolog incomplet	Clothing Technology-incomplete	0	1	0	2	0	0	0	0	3	3	3	1	2	3	1	4	3	3	4	4	4	4	2	4	2	3	2	3	2	1	4	2	0	2	1	3	1	4	1	3	0	1	0	1	0	0	0	0
	cloth textil	clothing and textiles	2	2	1	3	2	2	2	2	3	2	2	2	2	2	2	1	2	2	4	2	4	3	3	3	3	2	1	3	3	3	3	1	1	2	2	2	2	2	1	3	3	3	3	3	3	3	4	3
	cloth textil	Clothing and Textiles	0	4	0	0	0	4	0	3	4	2	3	2	2	2	2	3	2	1	0	1	1	3	1	3	3	4	3	3	3	3	3	3	0	2	3	2	3	3	1	2	1	0	1	1	1	1	0	1
	cloth textil	Clothing and Textiles	0	2	0	0	0	2	0	2	3	2	2	0	1	2	1	2	1	1	4	2	3	2	0	4	4	3	2	2	3	2	2	2	1	2	0	2	2	1	2	1	0	0	0	1	0	2	0	0
	clue	no clue	0	3	0	0	1	3	1	3	1	4	3	0	2	3	1	0	0	0	2	1	0	2	1	0	0	1	0	0	0	1	3	0	2	0	1	0	0	1	3	3	0	2	0	0	0	3	2	0
	clue	No clue	0	0	0	0	0	0	0	0	1	1	0	0	0	1	0	0	0	0	0	0	0	0	2	0	2	0	0	4	0	0	0	0	1	0	1	0	0	0	0	0	0	0	0	0	0	0	0	0
	clue	no clue yet	2	1	1	3	0	2	3	1	1	2	0	2	3	3	3	1	1	2	2	1	2	3	4	1	0	1	1	1	1	1	1	2	1	1	2	1	0	1	0	1	0	2	2	0	2	1	0	0
	clue	No Clue	2	2	2	2	2	2	2	2	2	2	2	2	2	2	2	2	2	2	2	2	2	2	2	2	2	2	2	2	2	2	2	2	2	2	2	2	2	2	2	2	2	2	2	2	2	2	2	2
	cmhc	CMHC	2	1	0	0	0	0	0	0	2	3	2	2	0	1	0	2	3	2	4	4	4	4	0	2	3	4	4	2	4	0	0	1	3	2	2	1	1	3	0	2	2	3	2	1	3	2	0	2
	cmhc	CMHC	2	4	0	3	2	3	3	3	2	1	0	1	0	0	2	2	1	2	0	0	2	2	0	0	3	4	4	1	4	4	0	2	2	2	3	0	3	2	2	3	3	3	2	2	0	3	0	3
	cna	CNA	2	0	0	0	0	0	0	0	4	0	0	3	2	0	2	0	0	2	3	4	1	2	0	2	3	4	3	2	4	4	4	4	1	3	2	3	3	3	3	4	0	2	2	4	1	3	3	1
	cna	CNA	4	1	0	0	0	0	0	4	3	1	0	0	0	0	0	0	1	0	2	3	1	0	4	0	4	2	3	3	4	0	4	1	3	4	3	4	1	3	2	4	3	0	0	1	0	0	0	0
	cnc engin	CNC Engineering	2	2	0	3	3	1	3	1	1	1	1	0	1	1	1	2	1	3	3	3	2	1	3	3	2	3	2	1	3	4	2	2	2	1	4	1	3	2	3	1	1	3	1	2	2	1	1	1
	cnc machin	CNC Machining	2	0	0	3	4	3	2	3	0	0	0	0	0	0	0	0	0	0	0	0	0	0	0	0	3	0	0	0	0	0	0	0	0	0	0	0	0	0	0	0	0	0	0	0	0	2	0	0
	cntt	CNTT	4	2	3	4	2	3	3	0	2	1	4	2	3	2	3	3	4	1	4	3	1	4	0	0	4	2	2	0	4	1	0	2	0	3	0	0	2	1	0	0	2	2	4	0	3	4	0	2
	coach	coaching	2	4	0	0	0	3	4	3	0	0	0	2	1	3	0	2	0	0	0	4	2	1	0	4	4	3	4	4	3	4	3	4	0	4	0	0	4	4	1	0	4	0	2	1	1	3	1	1
	coach	Coaching 	2	2	1	1	2	2	1	1	2	2	2	2	1	1	1	2	2	2	1	1	0	3	1	2	2	3	2	2	3	2	3	2	2	2	2	0	1	1	2	1	2	2	2	2	3	3	2	2
	coach	Coaching	2	3	2	4	3	4	4	4	3	3	3	3	3	3	3	3	0	0	2	3	1	1	3	1	2	2	2	4	1	0	1	1	2	2	2	2	3	3	3	1	1	1	2	1	3	3	2	2
	coach	Coaching	0	0	0	0	1	1	0	0	4	4	4	4	3	3	2	1	2	2	4	2	2	3	1	3	3	2	1	1	2	1	0	2	0	0	1	1	3	0	0	2	0	1	1	1	2	2	0	0
	coach	coach	2	1	1	0	0	3	1	4	3	4	4	0	3	4	2	2	2	3	2	3	3	2	3	3	4	3	3	3	3	2	2	2	2	2	2	2	2	2	2	4	0	2	1	2	1	0	1	1
	coach train	coaching/training	0	0	4	0	2	1	0	0	3	3	4	2	3	4	3	4	1	3	0	1	3	4	3	1	2	3	4	4	4	3	2	2	1	0	3	2	4	2	3	1	0	0	0	1	0	0	0	0
	coastal conserv	Coastal Conservation	0	3	2	1	0	4	1	4	1	2	4	1	3	4	2	4	1	0	4	1	0	3	3	4	2	3	3	2	3	3	4	4	0	0	1	2	1	1	0	2	0	1	1	1	2	2	0	1
	code	Coding	4	0	0	0	0	0	0	0	3	4	4	4	4	4	4	4	0	0	0	0	0	1	0	0	4	2	4	4	4	2	4	4	0	0	2	0	0	0	0	0	2	0	0	2	0	2	0	0
	code bill	coding and billing	4	2	1	2	1	3	2	2	4	4	4	4	2	4	2	4	4	4	4	4	4	4	4	4	4	4	4	3	4	2	4	4	0	0	3	1	2	1	1	2	2	2	4	2	2	2	1	4
	code bill	coding and billing	2	0	0	4	0	4	4	0	4	3	3	4	4	3	4	0	0	0	0	0	0	0	0	0	1	2	4	1	4	2	2	4	0	1	2	0	1	0	0	0	2	4	4	2	4	1	4	4
	cogsci	CogSci	2	0	0	1	0	1	0	0	3	3	3	3	3	3	1	2	2	3	2	3	4	3	0	1	4	2	3	2	4	2	2	2	1	0	3	0	2	0	0	0	0	0	0	0	1	1	0	0
	colledg lot learn	some colledge no degree lots of learning over	2	2	3	3	2	1	2	1	3	2	2	3	3	2	2	3	3	2	1	3	4	2	4	2	2	2	0	3	2	1	2	1	1	1	0	1	2	1	1	3	0	1	0	0	1	1	1	2
	collegi wrestl	collegiate wrestling	2	0	0	1	1	2	0	1	0	1	0	0	0	0	0	1	0	0	2	4	0	4	1	0	2	2	3	3	3	1	1	3	0	3	2	0	4	3	2	1	0	1	2	1	1	1	0	1
	collis repair	Collision repair 	2	2	0	3	4	2	2	2	3	1	3	0	3	3	4	0	1	0	0	0	0	1	3	0	0	0	0	0	0	0	1	0	0	0	0	0	0	0	0	0	0	0	0	0	0	0	0	0
	colonarey	Colonarey 	2	3	1	1	2	3	2	4	3	3	3	2	2	2	1	2	0	2	4	1	1	2	3	3	0	2	3	4	3	3	3	2	2	1	1	2	2	2	3	2	2	1	1	2	1	2	1	2
	colonel	colonel	4	2	0	2	0	0	1	0	0	2	0	0	0	0	0	0	0	1	0	0	0	0	2	1	2	1	2	2	2	3	3	3	0	0	1	0	2	1	3	0	2	2	2	2	0	2	1	0
	com	Com studies	1	0	1	1	0	1	1	0	2	0	1	3	0	1	1	0	2	1	1	1	1	1	1	2	4	4	4	4	4	4	4	4	2	1	1	1	1	1	1	3	2	1	1	3	1	1	3	2
	com	coms	0	0	0	0	0	0	0	0	0	0	0	0	0	0	0	0	0	0	0	2	4	2	0	0	4	3	3	0	4	0	4	2	0	0	0	0	2	0	0	0	2	0	2	2	1	2	1	1
	com	MASS COM	2	2	2	2	0	1	0	2	1	1	1	0	1	2	2	1	2	3	2	3	2	3	3	3	0	3	3	1	3	1	1	2	0	3	2	2	2	2	2	1	1	0	1	1	1	3	0	0
	com	Com	0	0	0	0	0	0	0	0	2	1	1	2	1	1	1	1	3	3	4	4	4	4	1	1	3	4	2	1	3	1	1	1	1	0	1	0	1	1	2	1	0	0	0	0	0	0	0	0
	com	com science	0	0	0	0	0	0	0	0	0	0	0	0	0	0	0	0	0	0	0	0	0	0	0	0	0	0	0	0	0	0	0	0	0	0	0	0	0	0	0	0	0	0	0	0	0	0	0	0
	combin	Combined Studies	0	0	0	0	0	0	0	0	2	2	0	0	0	2	1	3	3	2	3	4	4	4	0	3	4	4	3	3	4	4	4	4	0	3	1	1	2	2	0	4	0	2	2	2	1	2	1	0
	comed writer	Comedic Writer	0	0	2	4	0	2	0	0	0	0	0	0	0	0	0	0	0	4	2	4	4	3	4	3	0	3	2	0	0	2	2	2	3	4	3	0	3	4	4	4	0	2	0	0	0	0	0	0
	comerci engien	comercial engieneering	3	3	2	0	2	0	0	2	0	1	0	2	0	1	0	1	1	4	4	1	4	2	4	4	2	4	3	3	3	3	2	3	4	3	3	4	4	4	2	4	2	1	0	3	0	2	1	2
	comerci engin	Comercial engineering	3	2	2	3	1	0	1	1	0	3	3	4	0	4	0	2	2	2	2	4	0	4	1	1	3	3	4	3	4	1	3	3	2	4	3	2	3	3	3	2	2	2	3	3	2	2	3	2
	comerci engin	comercial engineering	3	2	0	1	1	1	2	0	1	2	3	1	1	1	0	2	3	1	2	2	2	3	1	3	3	4	3	3	3	3	3	2	2	3	4	3	3	2	2	1	1	2	1	3	1	2	2	3
	comerci engin	comercial engineering	3	3	1	1	2	0	3	3	1	2	2	0	0	1	0	1	0	0	1	1	0	2	1	0	3	1	1	2	1	1	0	1	3	2	3	0	4	2	4	3	1	1	0	0	2	3	3	0
	comerci engin	comercial engineering	3	0	0	0	0	0	1	0	0	0	2	0	1	1	1	0	0	3	3	1	1	1	1	1	3	3	2	3	2	2	1	2	2	3	4	3	4	4	3	2	3	3	2	3	2	1	3	2
	comm	Mass Comm	0	3	2	3	0	3	0	3	4	4	4	4	4	4	2	4	4	4	3	4	4	4	4	4	4	2	4	3	4	4	4	0	0	0	1	3	2	0	0	0	0	1	0	0	2	3	0	0
	comm	comm	0	0	0	0	0	0	0	0	1	2	0	0	0	0	0	0	3	3	4	3	3	3	2	2	4	4	4	2	4	4	2	3	2	2	4	2	2	2	2	2	2	2	2	2	0	2	2	0
	comm	Mass Comm	0	0	0	0	0	0	0	0	0	2	1	0	0	1	0	0	2	4	4	4	4	4	3	3	2	2	2	2	2	4	3	2	2	1	2	0	2	2	2	2	0	0	0	0	0	2	0	0
	comm	comm	0	0	0	0	0	1	1	0	1	1	1	0	0	3	0	0	1	2	2	3	4	2	0	2	4	4	3	4	4	3	4	3	0	1	3	2	2	3	2	3	0	0	0	1	0	0	2	0
	comm	comm	0	0	0	0	0	0	0	0	4	4	0	0	0	4	0	0	0	0	4	0	4	0	0	4	4	4	4	4	4	0	4	4	0	0	4	0	0	0	4	0	0	0	0	0	0	0	0	0
	comm	comms	2	1	0	0	0	0	0	0	3	2	1	2	2	2	1	1	2	2	2	2	3	2	1	2	3	3	3	2	3	1	2	2	1	0	3	3	0	1	2	1	1	0	1	2	1	1	0	0
	comm	Comm	3	0	4	1	1	1	3	2	1	2	4	2	4	2	2	3	1	4	4	0	2	3	3	1	4	3	4	3	3	3	2	3	2	4	2	3	2	2	2	2	3	4	1	2	3	1	3	4
	comm	Mass comm	1	1	0	1	0	0	0	0	3	0	0	1	0	0	0	0	2	3	2	3	3	3	0	3	4	3	3	2	4	4	4	2	0	3	3	0	0	3	0	4	0	3	3	0	2	2	0	1
	comm	Comm	0	2	4	4	2	3	4	0	2	2	2	4	2	2	2	2	0	2	2	3	4	3	4	0	3	0	0	4	0	0	2	0	2	2	2	0	3	2	3	0	0	0	2	0	4	4	0	0
	comminc	Commincation Studies	2	3	2	3	0	2	1	3	2	0	1	1	0	1	1	1	2	3	4	3	3	3	1	3	3	3	0	3	2	2	2	2	0	1	0	0	3	1	1	3	0	2	0	0	1	1	1	1
	commnun busi	Commnunications/MBA	1	1	0	0	0	1	0	0	3	3	2	1	1	3	2	1	3	3	3	3	3	2	2	3	4	3	3	4	4	2	3	3	3	1	3	2	3	2	3	2	1	1	1	2	0	0	1	1
	commuci	commuciations	0	0	0	0	0	0	0	0	2	2	2	2	2	0	2	0	3	2	4	2	1	2	1	0	4	3	4	3	4	4	0	2	2	2	1	2	0	0	0	0	2	1	0	0	0	0	0	0
	communcat	Communcations	4	0	0	0	0	0	0	0	4	0	0	0	0	0	0	0	2	2	3	0	3	0	0	2	4	3	1	0	1	0	2	1	0	2	3	2	3	0	0	2	2	2	1	3	1	3	0	1
	communcat	communcation	2	0	1	0	0	0	0	0	0	0	1	0	0	0	0	0	2	3	4	2	3	0	4	4	1	4	2	0	2	3	4	2	0	2	1	3	3	4	1	2	1	1	0	0	0	0	0	0
	communcat disord	Communcation Sciences and Disorders	0	0	2	0	0	0	2	0	2	2	2	2	0	0	2	0	0	2	0	2	2	2	2	2	4	4	4	4	4	4	0	4	2	0	0	2	0	2	0	0	0	0	0	0	0	2	0	0
	communic adm ldshp	Communication/Adm Ldshp	0	0	0	0	0	2	0	3	2	4	3	3	2	3	0	0	0	0	0	3	3	0	0	0	4	0	3	4	4	0	3	1	0	0	0	0	0	0	0	0	0	0	0	0	0	2	0	0
	communic art	communications arts	3	0	0	0	0	1	0	0	1	0	0	0	0	0	0	0	2	4	2	2	2	3	4	2	3	0	0	2	1	1	1	0	2	1	2	3	2	3	1	0	1	1	0	3	1	0	1	1
	communic art	Communication Arts	0	0	0	0	0	0	0	0	0	1	0	0	0	0	0	0	4	3	2	3	3	4	4	2	1	1	1	3	1	3	2	1	1	0	0	1	2	0	0	0	0	0	0	0	0	0	0	0
	communic art	Communication Arts	0	0	0	2	0	1	0	0	2	3	3	2	1	3	3	3	3	2	1	2	3	3	1	2	4	3	2	3	3	3	3	2	1	0	0	0	1	0	0	2	2	0	0	2	1	2	0	1
	communic art	Communication Arts	0	1	0	1	0	1	0	1	2	3	3	3	3	3	3	1	2	2	2	3	2	3	1	1	4	3	3	3	3	2	4	2	2	0	1	0	2	0	1	0	0	0	1	0	4	3	0	0
	communic art	Communication Arts	2	0	0	0	0	0	0	0	1	0	0	0	0	0	0	0	0	3	2	0	3	0	4	3	0	0	0	1	0	3	0	1	0	0	0	3	0	0	0	0	2	0	0	0	0	0	0	0
	communic art	Communication Arts	1	1	0	2	0	2	0	0	1	0	0	1	0	1	0	0	2	3	3	3	3	3	1	3	2	3	0	1	1	0	0	2	0	1	0	2	1	0	1	0	0	0	0	0	0	0	0	0
	communic art	Communication Arts	1	0	0	0	0	0	0	0	0	0	0	1	0	0	0	0	4	4	4	4	4	4	3	4	3	3	0	0	3	3	3	0	0	0	0	0	0	0	0	0	0	0	0	0	0	0	0	0
	communic art	Communicating Arts	0	0	0	0	0	0	0	0	2	2	2	2	2	0	0	0	0	0	1	2	4	2	0	0	3	3	4	2	4	3	3	3	0	0	0	1	2	0	3	0	2	0	2	2	1	2	1	0
	communic art	communication arts	0	0	0	0	0	0	0	0	0	0	0	0	0	0	0	0	0	2	3	0	3	2	3	2	2	4	1	2	1	2	3	1	0	2	1	2	2	1	0	1	0	0	0	0	0	0	0	0
	communic art	Communication Arts	2	0	0	1	1	0	0	0	3	3	0	3	1	2	1	0	3	4	4	4	4	4	3	3	4	3	3	4	4	4	4	3	1	1	1	3	3	3	2	1	0	1	1	2	1	1	1	1
	communic art	Communication Arts 	2	0	1	1	1	1	0	0	3	1	1	1	1	1	1	1	3	4	4	4	4	3	3	4	4	4	2	2	3	4	4	2	3	1	4	2	4	3	1	2	4	3	3	4	2	1	3	3
	communic art	communication arts	2	1	2	1	1	1	2	1	1	3	3	3	2	3	2	1	1	2	2	1	2	2	2	2	4	3	3	1	3	3	2	1	2	0	2	1	3	2	0	1	1	3	2	2	2	1	2	1
	communic art	Communication Arts	2	2	1	2	2	0	2	1	0	1	0	1	0	2	2	0	0	0	0	0	0	0	0	0	2	3	0	2	0	3	1	4	3	3	2	3	2	3	2	4	2	2	2	2	1	1	0	2
	communic art	communication arts	0	1	0	0	0	0	0	0	1	1	0	0	0	0	0	0	0	0	1	0	0	0	0	0	3	2	2	0	2	0	0	1	1	0	0	1	0	0	0	1	1	1	0	1	0	0	0	0
	communic art	Communication Art	3	1	1	3	1	2	2	2	2	1	1	1	1	1	0	1	1	3	4	1	3	0	3	3	3	1	1	3	3	3	3	1	3	1	1	1	3	2	1	1	1	1	0	1	1	1	2	2
	communic art	Communication Arts	4	2	2	4	4	4	1	4	4	0	0	3	0	0	2	2	2	4	4	4	4	2	4	4	4	4	3	3	4	0	4	3	4	4	4	2	4	4	4	4	3	3	4	4	3	2	4	4
	communic art	Communication Arts	4	0	0	0	0	1	2	2	4	2	3	0	1	3	2	0	0	0	0	0	0	0	0	0	2	4	1	2	1	3	4	3	0	0	0	0	0	0	1	1	0	0	0	0	0	2	0	0
	communic art	Communication Arts	2	0	0	0	0	0	2	0	0	4	0	2	0	0	0	0	2	4	2	2	4	2	0	2	4	4	4	4	4	4	4	2	2	4	2	4	2	4	2	4	2	0	2	4	0	0	2	4
	communic art	Communication Arts 	2	1	1	1	1	2	1	2	3	4	3	2	3	4	3	4	2	4	3	4	4	4	4	4	2	3	3	2	3	4	4	4	2	3	2	3	2	2	2	2	1	0	1	1	2	2	1	1
	communic art	Communication arts 	2	2	2	2	1	2	0	0	0	4	2	1	0	3	2	0	2	3	2	2	4	3	2	1	3	2	1	1	1	2	2	0	2	0	1	2	2	1	0	4	0	3	4	1	0	0	0	2
	communic art	Communication Arts	1	1	0	0	0	0	0	0	3	3	3	2	2	1	1	0	3	2	4	3	4	2	0	3	4	4	4	2	4	3	4	3	1	2	3	2	2	1	1	2	0	1	0	0	0	0	2	0
	communic art	Communication Arts	1	4	0	4	0	4	2	4	2	4	4	3	1	3	1	2	0	1	3	3	2	1	3	1	0	2	0	3	0	0	1	0	1	1	1	0	1	0	0	0	2	3	4	0	3	4	3	3
	communic art	communication arts	2	1	2	2	0	2	2	2	4	4	3	2	3	3	1	1	2	3	3	2	3	3	0	3	3	3	1	1	1	1	2	2	3	1	3	2	4	3	2	2	0	0	0	1	4	1	0	1
	communic broadcast	Communications and Broadcasting	0	0	0	0	0	0	0	0	0	0	0	0	0	0	0	0	0	0	2	0	2	0	0	0	2	2	2	2	2	1	2	0	0	0	0	2	0	0	0	0	0	0	0	0	0	0	0	0
	communic broadcast	Communications; Broadcasting	1	3	0	0	1	3	2	0	2	1	0	2	2	0	2	2	2	1	3	3	2	1	3	3	3	2	3	1	4	2	1	3	3	3	2	3	3	4	3	3	2	1	0	3	3	2	1	1
	communic broadcast	Communications and Broadcasting	2	0	0	0	1	0	0	1	4	0	0	4	3	0	2	0	3	3	0	3	4	3	1	1	2	3	2	2	3	1	3	0	0	0	1	1	2	1	3	1	0	0	1	1	3	1	2	1
	communic busi	Communications Business	1	2	0	1	0	3	3	1	2	0	0	3	1	1	1	2	0	3	3	3	4	2	1	4	4	3	0	4	2	1	2	3	3	1	1	1	4	3	1	2	1	0	1	3	3	3	2	2
	communic creativ industri	Communications / Creative Industries	0	1	0	0	0	0	0	0	3	3	3	4	3	3	2	3	3	1	3	4	4	4	0	0	4	2	4	4	4	3	4	1	2	0	4	1	0	0	4	3	2	0	1	3	0	0	1	0
	communic cultur organ	Communication, Culture and Organizations	3	0	0	0	0	0	0	0	2	1	1	2	0	1	0	0	0	2	3	3	3	1	0	2	3	2	2	2	2	0	2	2	2	1	3	0	3	3	2	3	3	0	3	3	2	3	2	3
	communic current	communications (current)	4	1	0	1	0	1	0	0	2	1	2	1	1	2	1	2	2	1	3	4	0	4	1	2	3	2	2	1	2	0	1	0	0	0	1	1	1	0	0	0	1	0	2	2	3	1	0	0
	communic disord	Communication Sciences and Disorders	2	0	1	0	1	0	1	0	4	2	2	3	1	3	1	0	2	3	3	2	2	1	1	0	3	3	2	3	3	4	3	2	3	3	2	2	1	4	2	3	1	1	1	1	1	1	1	1
	communic disord	Communication Disorders 	0	0	0	0	0	0	0	0	4	2	0	4	0	0	2	0	0	0	0	0	0	0	0	0	4	2	4	4	4	4	4	2	2	2	0	2	2	2	4	2	0	0	0	2	0	0	2	0
	communic disord	Communicative Disorders	0	0	0	0	0	0	0	0	4	3	3	2	2	0	4	0	2	0	1	3	4	1	0	1	3	3	4	1	4	4	3	1	1	3	2	3	2	4	3	0	2	4	2	0	2	2	3	1
	communic disord	Communication Disorders	0	0	0	0	0	0	0	0	3	4	4	2	3	4	3	3	4	3	4	3	3	4	2	4	2	3	4	3	4	4	4	4	1	2	2	2	3	3	3	3	1	0	1	3	1	0	2	2
	communic disord	Communication Sciences and Disorders	1	0	0	0	0	2	0	1	3	0	0	2	0	2	0	1	4	3	3	4	3	4	3	2	4	1	3	3	3	2	3	1	0	0	0	2	0	0	0	0	0	0	0	0	0	1	0	0
	communic disord	communication disorders	2	1	0	1	1	1	0	1	1	1	1	0	1	1	1	1	3	2	2	3	2	3	3	2	3	3	2	1	3	1	2	1	2	2	2	2	1	1	2	3	0	1	0	1	0	0	0	0
	communic disord	Communication Sciences and Disorders	1	1	1	2	1	1	1	1	3	3	2	3	2	2	2	1	1	1	3	1	1	1	1	1	3	3	4	3	4	2	3	3	2	2	3	3	3	2	4	0	1	2	2	2	1	2	2	1
	communic disord	Communication Disorders	2	1	0	2	1	1	1	1	3	2	1	3	1	1	1	0	1	1	2	2	3	2	1	1	3	3	3	3	3	4	4	3	2	3	3	3	2	2	3	2	3	3	3	3	0	2	2	2
	communic disord	communication disorders	0	3	0	3	1	3	3	2	4	0	0	3	0	4	0	1	3	3	1	0	4	3	2	0	4	3	0	4	3	0	4	0	0	0	0	0	0	0	3	0	0	0	0	0	3	3	0	0
	communic disord	communication disorders	1	0	0	0	0	0	0	0	2	4	0	2	1	4	2	1	1	0	0	0	0	4	0	1	3	4	4	2	4	2	3	4	0	0	0	0	0	1	3	0	0	2	0	0	1	2	2	0
	communic disord	communication sciences and disorders	0	0	0	1	1	0	1	0	3	1	3	3	1	1	1	1	2	3	3	3	3	2	1	1	4	4	4	3	4	4	4	4	3	3	1	3	3	1	3	3	3	3	1	1	1	1	3	1
	communic disord	Communication disorders	2	2	1	0	1	0	1	2	1	2	2	0	1	1	1	2	2	3	0	3	3	1	1	0	4	4	3	2	4	3	4	4	4	3	2	1	2	2	3	3	0	2	0	1	0	0	2	0
	communic disord	communication disorders	2	1	1	2	1	2	1	2	2	3	3	2	2	2	2	2	3	2	3	3	2	3	1	2	2	3	3	2	3	3	3	3	2	2	2	3	2	2	2	2	1	2	1	2	2	2	2	2
	communic disord	communication sciences and disorders	2	0	0	0	0	0	0	0	3	3	2	1	2	1	1	0	2	2	3	2	1	3	0	2	3	3	3	2	3	4	4	3	0	0	1	1	0	3	1	0	0	0	0	0	0	1	0	0
	communic disord	Communication Sciences and Disorders	1	0	0	0	0	0	0	0	4	2	3	1	3	2	1	0	2	2	1	1	2	3	1	1	2	3	3	2	3	3	4	2	2	2	1	2	1	3	2	1	1	1	0	1	0	1	1	1
	communic disord	Communication sciences and disorders	0	0	0	0	0	0	0	0	2	0	0	2	0	0	0	0	0	3	0	0	0	0	0	0	3	2	0	3	2	2	2	3	0	0	0	0	0	0	0	0	0	0	0	0	0	0	0	0
	communic disord	Communication Sciences and Disorders	0	0	0	0	0	0	0	0	3	0	0	0	0	0	0	0	0	0	3	0	0	0	0	0	4	3	4	4	4	4	4	4	3	3	4	4	4	4	4	1	4	3	3	4	3	3	4	3
	communic disord	communication disorders	0	0	0	0	0	0	0	0	4	1	0	3	0	0	3	0	1	0	0	0	2	0	0	0	3	3	3	1	3	3	4	3	3	0	3	0	3	2	3	2	0	0	0	0	0	0	0	0
	communic disord	Communication Disorders	1	0	0	0	1	0	1	0	2	2	1	0	1	2	1	1	1	0	1	1	0	1	1	0	1	4	2	3	2	3	3	1	1	2	2	2	2	3	1	1	0	1	1	1	1	1	1	1
	communic disord	Communication Sciences and Disorders	1	0	0	1	0	0	1	0	0	0	0	2	0	0	0	0	0	0	0	0	0	0	1	0	3	0	3	0	3	0	1	0	1	0	4	3	3	3	0	3	3	0	3	3	3	3	3	2
	communic disord	Communication Disorders	2	0	0	1	0	1	0	0	4	2	0	2	0	1	1	0	0	0	3	1	0	1	1	0	2	4	3	4	3	3	3	2	1	1	0	2	0	0	0	0	0	1	0	0	0	1	0	0
	communic disord	Communication Sciences and Disorders	1	0	0	0	0	0	0	0	4	3	3	2	3	4	3	3	4	4	3	3	4	4	3	4	4	4	3	3	4	4	3	1	0	0	4	4	4	2	0	3	2	0	1	1	0	0	2	0
	communic disord	Communication sciences and disorders	1	0	0	0	0	0	0	1	4	2	2	2	3	1	2	0	0	0	3	2	2	3	0	2	2	4	0	2	1	4	2	3	0	0	0	0	0	0	0	0	0	0	0	0	1	1	0	0
	communic disord	Communication Sciences and Disorders	3	3	0	0	1	3	2	3	3	4	3	3	2	3	0	1	0	0	0	0	0	0	2	0	0	4	4	4	4	4	4	4	1	2	3	4	3	4	2	4	3	3	3	3	2	3	2	3
	communic disord	Communication disorders	0	3	0	0	0	2	0	1	4	4	4	4	4	4	3	4	3	2	3	2	3	4	2	3	3	3	1	1	2	4	4	2	0	0	0	0	0	0	0	0	0	0	3	3	2	1	0	2
	communic disord	communication disorders	0	1	0	0	0	0	0	0	1	1	2	0	0	1	0	0	0	0	0	2	3	0	0	0	3	1	3	1	4	0	1	0	0	0	1	0	2	2	2	2	0	0	0	0	0	1	0	0
	communic disord	Communication Science Disorders	1	0	0	0	0	0	0	0	3	2	0	4	0	3	0	0	1	1	0	0	1	0	0	0	2	3	3	4	3	4	4	2	1	3	2	3	0	0	0	0	1	1	1	1	2	0	0	0
	communic disord	Communication Disorders	2	2	0	1	0	0	1	1	4	2	2	4	3	3	2	3	0	2	3	1	2	2	3	2	3	1	3	4	3	2	3	3	2	3	4	3	3	3	4	2	3	3	2	3	2	3	3	3
	communic disord	Communication disorders	0	0	1	0	0	1	1	0	2	0	1	3	0	1	1	0	0	0	1	1	0	1	1	1	4	4	4	4	4	4	4	4	1	3	3	3	1	3	2	1	2	1	3	3	1	1	2	1
	communic disord	Communication Disorders	1	2	0	0	0	3	0	2	3	3	3	3	4	4	3	3	2	2	3	4	2	4	3	3	3	4	3	2	1	1	3	2	1	0	1	0	1	0	2	0	2	0	1	1	1	2	1	0
	communic disord	Communication Sciences & Disorders	2	0	0	0	0	0	0	0	3	3	3	3	3	4	3	4	0	1	4	1	2	2	1	1	4	4	1	1	2	3	3	0	0	0	0	2	0	0	0	0	3	1	2	2	2	2	0	1
	communic disord	Communicative disorders	0	1	0	0	0	1	0	1	3	2	1	3	2	2	1	2	2	3	2	3	3	1	3	3	3	3	3	4	3	2	3	1	3	1	3	3	3	2	3	2	0	0	0	0	0	2	0	0
	communic disord	Communication Disorders	2	0	1	2	0	0	0	0	1	2	2	1	1	1	1	1	1	1	2	3	3	1	1	1	3	3	2	2	2	3	3	2	1	1	3	3	2	1	2	2	1	1	1	2	3	3	1	1
	communic disord	Communication Disorders	0	0	0	0	0	1	0	0	0	0	0	1	0	0	0	0	0	0	0	0	0	0	0	0	4	3	4	3	4	3	3	3	0	0	3	4	1	3	2	0	2	0	1	1	1	0	2	1
	communic disord	Communication Disorders	2	3	0	0	0	2	0	0	4	3	2	0	1	3	0	0	4	2	2	4	2	4	0	1	3	3	2	4	4	4	3	0	1	2	2	2	0	0	0	4	0	0	0	0	0	2	0	0
	communic disord	Communication Sciences and Disorders 	1	1	1	0	1	1	1	1	4	3	2	4	4	2	3	3	0	0	4	2	0	2	4	2	1	4	3	2	3	4	4	2	0	1	1	3	2	3	2	3	1	1	0	2	0	2	1	1
	communic disord	communication disorders	2	3	1	1	1	2	3	2	1	2	1	1	1	1	1	1	1	3	2	0	1	2	0	2	4	2	1	2	2	2	3	2	1	2	3	3	3	2	1	1	3	2	1	4	0	1	4	3
	communic disord	Communication disorders 	0	0	0	0	0	0	1	0	2	3	3	3	2	4	2	3	3	3	3	3	3	3	1	3	3	3	2	2	3	3	3	2	1	1	2	3	2	3	3	2	1	0	1	2	2	2	2	2
	communic disord	Communication Disorders	0	0	0	0	0	1	0	1	2	2	2	2	2	2	2	2	2	3	3	3	4	3	2	2	3	3	1	2	2	2	3	2	0	0	1	2	3	0	1	2	0	0	0	0	1	2	2	1
	communic disord	communication disorders	2	0	0	0	0	0	0	0	0	4	0	3	0	1	0	0	0	0	4	2	4	0	4	4	3	4	3	1	4	3	4	4	0	2	1	4	1	4	2	3	0	0	0	0	0	1	0	0
	communic disord	Communication Disorders	0	0	0	0	0	0	0	0	3	1	1	0	1	1	0	0	0	0	0	0	0	0	0	0	2	3	2	2	3	2	3	2	0	2	0	0	0	0	0	0	0	0	0	0	0	0	0	0
	communic disord	Communication Sciences and Disorders	2	1	0	1	0	0	0	2	3	1	0	0	0	0	0	0	0	0	2	2	0	2	0	2	2	4	2	4	4	4	4	4	2	3	3	1	3	3	2	3	1	3	2	2	0	2	1	2
	communic disord	Communication Disorders	0	0	0	0	0	0	0	0	4	0	0	3	2	0	0	0	1	2	2	1	0	1	0	1	3	4	3	3	3	4	4	3	0	1	0	2	1	3	0	2	0	0	0	0	1	2	0	0
	communic disord	Communication Disorders	4	1	0	0	1	4	2	1	4	3	1	1	1	1	2	0	0	1	1	0	1	2	0	0	4	2	3	3	4	4	3	3	2	3	3	1	4	3	2	1	2	4	1	1	0	2	2	2
	communic disord	Communicative Sciences and Disorders	0	0	0	1	0	2	1	2	4	0	0	3	1	0	1	1	1	0	0	3	0	3	0	0	4	4	0	3	4	3	4	4	0	0	0	2	1	1	0	1	1	0	0	2	0	1	3	0
	communic disord	Communication Science and Disorders	0	1	0	1	0	1	1	0	4	4	4	4	4	4	3	2	2	3	2	3	2	3	3	3	3	4	3	2	4	4	4	4	2	2	3	2	3	2	3	3	2	2	1	1	0	0	2	0
	communic disord	Communication disorders 	1	0	0	0	1	1	0	0	3	3	2	1	1	2	1	1	1	1	1	1	1	3	1	1	2	3	3	1	3	1	2	1	1	0	3	1	2	1	3	1	3	2	3	2	3	2	2	2
	communic disord	communication sciences and disorders 	0	0	0	0	0	0	0	0	0	0	0	0	0	0	0	0	0	0	0	0	0	0	0	0	4	3	0	0	4	0	4	0	0	0	0	0	0	0	0	0	0	0	0	0	0	0	0	0
	communic disord	Communication and Science Disorders	2	0	0	0	0	0	0	0	4	0	0	3	0	0	0	0	0	0	0	0	0	0	0	0	3	4	4	0	3	4	4	3	2	3	2	3	2	2	0	0	3	0	0	3	0	1	0	3
	communic disord	Science of Communications and Disorders	4	0	0	0	0	0	0	0	3	1	2	0	0	4	0	2	1	0	0	0	0	1	0	0	1	3	1	0	2	3	4	3	2	2	4	2	4	3	0	4	4	4	4	4	4	2	4	4
	communic disord	Communication Disorders	0	0	0	0	0	1	0	1	4	4	1	3	2	1	2	0	0	0	0	0	0	0	0	0	2	4	4	4	4	2	3	2	0	0	0	0	0	0	1	1	0	0	0	0	0	0	0	0
	communic disord	Communication Sciences and Disorders	0	0	0	0	0	0	0	0	3	3	2	2	1	2	1	0	0	0	0	0	0	0	0	0	3	3	2	0	4	1	1	3	0	0	0	2	1	0	0	2	1	1	0	0	1	0	0	0
	communic disord	communication disorders	0	0	0	0	0	0	0	0	3	2	2	3	2	1	1	0	1	0	0	1	0	2	0	0	3	3	2	0	2	4	4	3	1	1	0	0	1	1	0	1	1	1	0	1	2	2	0	1
	communic disord	Communication Disorders	1	0	0	0	0	0	0	0	2	4	2	2	0	2	0	2	2	3	2	4	4	4	2	3	3	4	3	2	4	3	3	4	0	1	0	1	0	0	0	0	0	0	0	1	0	0	0	0
	communic disord	Communication Sciences and Disorders	0	1	0	1	0	0	0	0	4	3	3	2	3	2	2	2	1	1	1	3	2	3	1	2	2	2	2	2	2	3	2	2	0	0	1	0	1	0	1	0	2	1	1	2	1	1	1	0
	communic disord	Communication sciences and disorders	0	1	0	0	0	1	0	0	3	1	1	3	0	1	0	0	1	2	1	3	3	3	0	3	4	4	3	4	4	4	4	4	2	2	2	2	2	2	3	3	2	2	1	2	2	1	3	1
	communic disord	Communication Sciences and Disorders	0	0	0	0	0	0	1	0	0	3	0	2	0	2	2	0	0	0	2	0	0	0	2	0	2	2	2	2	4	3	4	2	0	0	0	4	0	3	4	4	0	3	0	4	0	3	4	0
	communic disord	Communication Sciences and Disorders	0	0	1	0	0	0	0	0	2	2	2	2	1	2	1	1	3	3	4	3	3	3	3	2	3	4	3	3	4	4	4	4	1	2	2	2	2	1	1	3	0	1	1	0	1	0	2	0
	communic disord	Communicative Sciences and Disorders	2	2	2	1	0	1	2	2	4	3	1	4	2	3	3	1	1	2	3	3	4	3	3	2	4	4	4	2	4	4	4	4	4	3	4	4	4	3	4	2	3	3	3	4	2	3	3	3
	communic disord	Communicative Sciences and Disorders	0	0	2	1	0	0	0	3	4	4	3	4	3	3	3	0	0	2	4	3	4	3	2	1	4	4	4	2	4	3	4	4	4	4	4	3	4	4	4	2	2	3	3	4	3	3	3	1
	communic disord	Communication disorders	2	2	0	1	0	1	2	2	3	3	3	2	2	2	2	1	0	1	2	0	1	0	0	0	2	3	2	2	2	2	2	1	0	1	1	0	1	0	1	0	2	2	2	2	2	2	1	0
	communic disord	Communication Sciences & Disorder	1	0	0	3	1	1	1	0	4	3	3	4	3	2	3	2	1	4	4	3	4	2	3	4	4	4	2	3	4	4	4	4	3	3	3	3	4	4	3	3	1	1	2	3	1	1	1	3
	communic disord	Communication disorders	0	0	0	0	0	0	0	0	3	3	2	0	0	3	0	1	2	1	2	2	2	4	2	1	4	4	3	4	4	3	4	3	0	3	0	1	0	2	2	1	1	0	0	0	0	1	1	0
	communic disord	communicative disorders	0	0	0	0	0	0	3	0	0	0	0	0	0	1	0	0	0	0	0	0	0	0	0	0	1	4	0	0	3	4	4	3	0	0	0	0	0	0	0	0	1	3	2	3	0	1	3	3
	communic disord	Communicative Disorders	4	0	0	1	0	0	1	0	4	0	0	2	0	0	1	0	2	0	1	2	0	2	0	0	2	0	0	2	0	1	1	2	0	0	0	1	0	1	0	1	0	0	2	1	2	1	0	1
	communic disord	Communication Sciences & Disorder	2	1	0	0	0	0	0	1	4	4	3	4	0	3	0	1	0	2	3	3	4	2	3	2	4	4	4	4	4	4	3	4	2	3	2	0	0	3	3	2	1	1	0	0	0	0	0	0
	communic disordr	Communication Sciences and Disordres	0	0	0	0	0	0	0	0	3	0	0	3	0	0	0	0	0	0	0	0	0	0	0	0	3	4	4	4	4	3	4	4	0	0	0	0	0	0	0	0	0	0	0	0	0	0	0	0
	communic electron engin	Communications & Electronics Engineering	1	0	0	0	0	0	0	0	2	3	2	3	2	2	2	0	0	1	1	1	2	1	2	0	4	4	4	4	4	3	3	3	1	1	2	1	2	2	1	1	3	2	3	3	3	2	2	3
	communic engin	Communication Engineering	4	3	4	4	3	4	2	3	4	2	2	3	3	2	2	3	2	0	0	2	1	4	0	0	1	2	0	3	0	0	2	0	3	0	4	2	4	2	3	2	3	3	3	3	4	4	3	3
	communic engin	Communication Engineering	3	1	2	3	2	2	1	1	1	3	2	2	2	1	1	1	2	1	2	2	1	1	1	0	2	1	1	1	1	1	3	1	2	2	3	1	2	2	1	1	1	3	3	1	3	2	1	2
	communic engin	Communication engineer	4	1	3	4	1	3	0	4	4	0	1	3	1	2	2	4	3	1	4	0	3	4	0	2	4	4	4	2	4	3	2	4	2	4	4	4	4	4	1	3	3	3	2	3	3	4	3	2
	communic engin	communication engineering	2	2	0	0	0	2	0	2	1	1	1	1	1	1	1	3	1	3	3	3	2	2	3	2	3	2	2	2	2	1	2	1	2	1	2	1	2	2	1	1	2	0	0	1	1	1	2	1
	communic engin	communication engineering	4	1	1	2	2	1	3	0	2	0	0	3	1	0	0	0	1	4	1	1	0	0	0	0	4	2	2	0	4	2	2	2	1	1	2	0	4	2	2	2	2	3	3	4	3	4	0	4
	communic engin	Communication engineer	4	0	3	4	3	0	2	4	4	0	3	4	1	1	1	4	3	1	4	2	2	4	1	3	4	4	4	2	4	4	2	4	3	4	4	4	4	4	1	3	1	3	4	1	4	4	3	2
	communic engin	communication engineer	2	0	0	0	2	0	0	0	3	2	2	0	2	2	1	2	3	3	3	4	4	3	4	2	4	3	3	4	4	3	1	3	3	2	2	1	2	1	1	4	1	1	0	3	2	3	0	1
	communic engin	communication engineering	4	4	4	4	4	4	4	0	4	4	4	4	4	0	4	0	0	4	4	4	4	4	4	4	4	4	4	4	4	4	4	4	4	4	4	4	4	4	4	4	4	4	4	4	4	4	4	4
	communic engin	Communication Engineer	4	1	3	4	1	0	4	4	4	0	1	3	1	2	2	4	2	1	4	0	3	3	0	2	4	4	4	2	4	3	2	4	2	4	4	4	4	3	1	3	3	3	2	3	3	4	3	3
	communic engin	Communications engineering	0	1	1	1	1	1	1	1	0	1	1	1	1	1	1	1	3	2	1	3	4	3	3	3	4	3	1	1	2	1	1	1	1	1	2	1	2	1	1	1	1	1	1	1	1	1	1	1
	communic engin	Communication engineer	4	0	1	3	1	0	4	4	4	0	2	4	2	1	2	4	2	4	4	0	3	4	2	3	4	4	4	3	4	2	1	4	2	2	4	4	4	4	0	2	3	2	3	2	4	4	2	2
	communic engin	Communication engineer	4	1	2	3	4	1	3	4	4	0	3	4	2	0	1	4	2	1	4	0	3	4	0	3	4	4	4	3	4	4	3	4	3	4	4	4	4	4	2	3	1	3	2	3	1	4	4	2
	communic engin	Communication Engineering 	2	2	2	2	2	4	2	0	2	2	2	2	0	4	0	4	0	2	2	0	2	2	0	4	0	2	2	0	2	2	2	2	2	2	2	4	0	2	4	4	2	4	2	2	1	2	2	4
	communic geograph	communication and geographic science	1	0	0	1	0	2	0	0	4	2	3	3	2	1	0	1	0	0	0	0	2	1	0	0	3	4	2	4	2	2	3	2	0	2	0	0	0	0	0	0	0	2	0	0	0	0	0	0
	communic leadership	Communication-Leadership	1	3	3	1	3	1	3	2	1	4	4	1	4	4	4	3	1	1	1	1	1	4	4	3	4	3	2	3	3	4	3	1	2	0	3	1	3	2	1	2	2	1	1	2	3	3	1	2
	communic mana	Bachelor in Communication and Masters in Mana	2	0	0	1	2	0	1	0	1	2	3	3	3	3	3	1	1	3	3	2	4	2	3	2	2	2	2	2	2	4	3	1	3	3	4	3	4	4	3	4	1	2	2	1	2	2	2	2
	communic public affair	communication/public affairs	2	3	0	1	1	2	1	3	3	1	1	1	0	0	0	1	1	2	1	3	2	2	1	1	4	4	3	1	3	1	2	3	2	3	4	3	4	3	3	3	2	3	1	1	1	2	3	1
	communic research	Communication Research	3	0	0	0	0	0	0	0	4	4	4	0	4	4	4	4	4	4	4	4	4	4	4	4	4	4	4	4	4	4	4	4	0	0	0	0	4	0	0	4	0	0	0	0	4	0	0	0
	communic research	Communication Research	2	2	1	4	2	4	2	3	3	2	2	4	2	2	1	2	0	1	4	0	3	0	0	4	2	4	4	2	4	1	3	1	2	0	3	0	4	3	1	1	2	3	4	4	3	4	4	2
	communic speech communic	Communication /Speech Communication	3	1	0	1	0	2	1	1	3	3	1	2	0	0	3	0	0	3	1	0	0	0	3	1	2	4	4	4	4	4	4	4	2	3	1	3	1	2	2	1	1	2	1	2	2	4	0	0
	communic spiritu	communication/spirituality	0	1	0	0	0	3	0	0	2	4	4	1	3	4	3	0	2	2	2	3	4	4	0	2	4	4	3	0	2	0	4	0	0	1	0	1	0	0	1	0	0	0	0	0	1	0	0	0
	communicaion	communicaions	0	0	0	1	0	0	0	0	2	3	3	1	0	3	0	3	2	2	2	3	3	2	3	2	3	3	3	4	3	2	4	2	2	2	3	3	3	2	2	3	3	1	3	3	1	0	2	2
	communicaion	Communicaion	1	1	0	1	1	1	1	1	2	2	1	1	1	2	1	2	4	3	3	3	4	3	2	4	4	4	3	2	3	3	3	2	1	1	2	2	2	2	2	2	2	2	1	2	1	2	2	2
	communicaiton	communicaiton	2	0	0	0	0	0	0	0	4	2	2	2	2	0	0	0	4	2	0	2	0	2	0	0	4	2	4	2	4	4	2	4	2	0	2	0	2	2	0	0	0	0	2	0	2	4	2	0
	communicatin	Communicatins	0	0	0	0	0	0	0	0	2	0	0	0	1	0	0	0	2	4	2	4	4	2	3	3	3	4	4	3	4	3	3	2	1	1	1	0	0	0	1	0	0	0	0	0	0	0	0	0
	communicatio	Communicatio Science	1	0	0	0	0	1	0	0	3	4	4	2	3	3	3	0	1	2	3	1	3	3	1	0	3	2	3	0	3	3	3	3	0	0	0	0	1	0	0	1	0	1	0	2	2	2	0	1
	communicatiom	mass communicatiom	1	0	0	0	0	0	0	0	2	1	0	0	0	0	0	0	4	4	2	3	4	2	1	4	1	3	0	2	3	4	3	3	0	3	1	1	2	4	1	2	0	1	0	0	0	0	0	2
	communicationa	Communicationa	4	1	1	2	1	1	1	0	2	1	1	1	2	1	1	0	0	0	4	3	2	3	3	3	3	3	2	2	2	1	1	0	2	2	2	1	4	2	2	2	2	3	3	3	3	1	3	3
	communicaton	Communicatons	2	0	0	3	0	2	0	0	3	2	4	4	4	1	2	0	4	4	1	3	4	4	3	2	4	4	3	3	4	3	4	2	2	1	3	3	4	2	3	2	1	1	2	3	3	2	1	2
	communicaton	Mass Communicatons	3	1	0	4	0	1	2	0	4	1	0	2	2	1	4	2	3	4	4	4	4	3	4	4	1	4	2	4	3	4	3	3	1	2	2	2	3	2	0	4	1	2	3	2	2	2	0	3
	communict disord	Communiction Sciences and Disorders	0	0	1	0	0	1	0	0	3	4	4	2	4	4	2	2	1	2	2	1	3	2	2	2	2	3	3	3	4	3	3	4	1	2	2	2	2	2	2	3	1	1	0	1	1	2	1	1
	communiti	Community Studies	0	1	0	0	0	2	0	0	3	4	4	3	3	3	3	3	4	4	4	4	2	4	0	4	3	4	1	4	4	2	2	2	0	3	0	2	0	2	0	3	0	0	0	0	0	0	0	0
	communiti	community 	3	0	0	0	0	0	0	0	4	0	0	0	0	0	0	0	0	0	0	0	3	0	0	0	3	3	3	3	3	0	0	4	0	0	0	4	2	0	0	0	0	0	0	0	0	0	0	0
	communiti	community studies	3	3	0	3	1	3	3	2	4	3	4	4	4	4	4	3	3	3	3	1	1	2	3	3	3	3	4	4	3	2	3	4	1	1	1	4	3	1	3	1	2	2	3	3	3	3	3	3
	communiti	Community Studies	1	2	1	3	1	3	1	2	3	2	2	3	3	2	2	1	3	1	2	4	2	4	1	1	3	3	4	4	4	2	1	2	1	1	1	2	1	1	1	1	1	0	1	0	1	2	1	2
	communiti	community studies	3	0	0	2	1	2	1	1	3	0	2	3	3	1	3	3	1	3	3	2	3	3	2	3	3	2	3	1	3	3	1	1	0	0	3	1	1	3	3	1	3	2	3	3	3	3	3	3
	communiti develop	Community Development	0	0	1	0	0	0	0	0	1	3	3	2	0	1	0	1	1	0	1	2	2	1	1	2	3	4	3	2	4	3	3	4	2	2	1	2	0	2	0	1	0	1	0	0	0	1	0	1
	communiti develop	Community Development	3	4	0	4	0	4	4	2	4	4	3	2	4	3	1	2	2	0	4	3	4	4	0	3	3	4	3	4	3	4	4	3	1	1	0	0	2	2	0	0	3	4	4	3	3	2	0	1
	communiti develop	community development	4	0	0	4	0	3	2	4	4	4	4	4	4	4	4	2	2	2	2	4	1	2	2	2	4	4	4	4	4	4	4	4	0	3	4	2	4	2	1	4	0	2	0	1	2	1	0	0
	communiti develop	community development	1	0	1	0	1	0	0	0	2	1	1	1	1	2	1	2	0	2	1	2	3	2	2	2	2	3	3	2	3	3	3	2	2	1	2	1	2	1	1	2	1	1	1	2	1	0	1	2
	communiti develop	Community Development	2	3	3	2	1	2	1	3	4	4	3	2	3	4	3	3	1	4	4	4	3	4	2	4	4	4	3	3	2	2	4	1	1	1	3	2	4	3	2	1	1	2	1	1	2	2	2	1
	communiti develop	Community Development	0	0	0	0	0	0	0	0	1	1	1	0	0	0	0	0	2	3	4	3	4	4	1	3	2	2	1	3	2	2	2	2	0	0	1	2	0	2	0	3	0	1	2	1	0	0	0	0
	communiti develop	Community Development	3	2	1	2	2	1	1	0	3	3	3	2	2	3	2	2	2	2	3	3	3	4	0	2	3	4	2	3	3	3	4	3	1	1	2	1	3	2	1	2	3	2	2	3	4	3	2	2
	communiti develop	community development	4	4	0	2	2	4	4	2	4	0	0	0	0	4	2	2	0	2	0	2	0	4	4	4	4	4	4	4	4	4	4	4	4	4	4	2	4	4	4	4	2	4	4	4	4	4	4	4
	communiti entrepreneurship	Community Entrepreneurship	1	0	0	3	0	3	3	0	0	3	3	1	3	3	3	3	0	1	0	1	1	3	0	0	1	3	0	3	0	3	1	0	0	2	2	2	3	3	0	2	0	3	0	0	3	3	1	0
	communiti plan	Community planning	0	0	0	0	0	2	0	2	0	0	0	0	0	0	0	0	0	0	0	2	3	2	0	0	3	3	0	1	3	0	1	2	2	0	2	2	2	0	4	0	0	0	1	2	1	2	3	0
	communiti region develop	Community & Regional Development	1	1	0	0	0	2	2	0	4	3	1	1	1	1	1	1	2	2	3	3	3	3	0	2	3	3	3	4	3	4	3	3	2	2	3	2	3	3	1	3	2	1	1	1	1	3	1	2
	communiti servic	Community services	1	0	0	2	0	2	1	0	3	3	3	2	2	2	1	1	0	3	0	0	0	1	0	3	2	3	4	1	4	3	3	2	0	2	3	3	1	2	3	3	2	2	1	0	1	2	1	1
	communiti servic	Community Services	1	0	1	0	1	2	2	1	2	2	3	1	2	2	2	1	3	2	0	3	2	3	3	2	4	3	3	3	3	3	4	2	0	2	0	2	2	2	1	3	0	1	2	1	1	2	2	2
	communiti servic work	COMMUNITY SERVICE WORK	0	0	0	0	0	0	0	0	1	0	1	0	0	0	0	0	0	0	1	3	2	1	0	0	0	4	4	0	3	2	1	0	0	1	0	0	0	1	0	1	0	0	0	0	0	0	0	0
	communiti support worker	Community Support Worker	4	4	3	4	4	4	4	4	4	4	4	4	4	4	4	4	3	3	3	4	3	4	4	3	3	4	4	3	4	4	4	4	0	0	0	0	4	0	4	3	1	2	0	1	0	4	0	4
	comnerv	Comnerve	2	1	2	1	1	1	1	1	3	2	2	1	2	1	1	1	0	3	1	0	3	1	2	1	3	2	3	3	2	0	0	1	0	2	2	0	2	2	1	1	1	2	1	3	1	2	1	1
	compar literari cultur	Comparative Literary and Cultural Studies	2	1	0	1	0	1	1	1	3	3	2	1	1	2	2	3	3	3	4	4	4	4	0	4	3	4	2	3	2	3	4	1	0	1	0	0	0	1	1	1	0	0	0	0	0	0	0	0
	compar literest	Comparative Literest	2	2	0	2	1	2	3	0	3	3	2	3	2	1	3	1	3	3	1	2	3	4	1	1	3	3	2	4	2	3	3	1	2	2	2	2	2	2	3	1	2	1	2	2	3	4	2	2
	complementari altern healthcar	Complementary and Alternative Healthcare	1	0	0	1	0	0	1	0	3	2	2	3	3	0	3	1	2	1	3	3	2	4	1	3	4	3	2	3	3	1	2	4	0	1	1	2	2	1	1	0	2	2	2	2	2	2	0	2
	compsci	CompSci	3	3	0	4	3	3	4	3	1	0	0	0	0	0	1	1	3	0	1	3	0	3	0	0	0	3	0	0	0	0	0	0	0	1	0	0	1	0	0	0	3	4	4	4	4	4	4	4
	compter	Compters	0	2	2	4	0	0	0	1	2	1	3	3	2	2	2	2	3	2	2	3	3	3	3	1	1	0	0	2	0	0	0	0	1	0	0	0	3	0	0	0	0	0	0	0	2	1	0	0
	compuer	Compuer Science	3	4	1	4	3	4	4	0	3	0	2	1	0	0	2	0	0	0	3	0	0	2	0	1	2	0	0	3	3	2	0	3	3	3	2	0	2	3	2	1	1	3	3	2	3	4	3	3
	compuer	Compuer Science	3	0	1	4	0	3	1	1	4	4	3	4	4	3	4	3	2	1	2	2	4	4	3	2	3	3	1	1	3	1	2	1	0	1	0	0	1	0	1	3	1	3	4	3	4	3	1	2
	compur	Compuring	1	1	2	1	1	1	1	1	2	3	3	1	1	1	2	1	3	3	3	3	3	3	3	2	3	2	1	3	1	1	1	1	2	1	3	1	2	2	2	3	1	1	1	1	1	2	2	1
	comsci	Comsci	0	0	0	0	0	2	2	3	0	0	0	3	0	1	3	3	2	3	2	3	4	3	2	4	4	4	4	2	4	4	1	4	1	0	4	3	2	3	3	2	1	2	2	0	2	4	4	0
	comun	Science comunication	4	0	0	0	0	0	0	0	4	2	0	0	0	0	0	0	2	0	2	4	2	4	4	2	4	4	3	2	2	0	4	2	0	0	0	4	0	2	0	2	0	0	0	0	0	0	0	2
	comun	comunications	3	1	0	1	0	2	2	3	0	1	0	0	0	0	0	1	3	3	4	3	4	4	0	4	4	4	4	4	4	4	4	4	4	3	3	4	3	3	0	4	2	3	2	2	1	3	2	4
	comun	comunication	0	2	2	0	0	0	0	0	2	4	0	0	0	3	0	4	0	2	2	3	3	2	3	3	2	3	3	3	3	3	0	2	2	2	3	2	3	3	0	0	0	0	0	0	0	0	0	0
	comun	comunications	0	0	0	1	2	1	2	0	1	3	0	0	0	1	0	0	0	4	3	2	2	3	4	4	1	2	1	1	1	3	3	2	2	2	2	0	3	2	3	1	0	1	1	1	0	0	0	0
	comun	comunication	2	0	1	1	0	1	1	0	2	2	2	2	1	1	1	1	2	2	3	4	2	3	2	2	3	1	1	4	0	1	1	1	2	1	3	3	0	3	1	2	2	1	1	2	0	0	1	2
	comun	Comunication	1	2	3	0	0	2	1	1	3	2	3	4	4	2	3	3	4	4	4	2	4	4	4	4	4	4	3	2	4	2	3	3	3	1	4	3	4	3	2	3	0	0	2	2	2	1	2	1
	comun	comunication	1	1	1	1	1	1	1	2	1	3	2	2	1	3	2	2	1	3	2	3	3	2	3	2	4	4	3	3	3	3	3	3	1	3	3	1	2	3	2	3	1	2	1	1	1	1	1	1
	comun	comunication	2	0	0	0	0	0	0	0	3	0	1	1	0	0	1	0	0	2	3	1	1	3	3	0	1	3	2	1	2	4	2	0	0	2	3	3	2	4	0	1	0	0	0	0	0	0	0	0
	comun	comunication	0	0	0	0	0	0	0	0	2	4	4	0	4	4	3	3	0	0	0	3	2	2	0	0	4	1	0	3	2	0	1	2	0	0	0	0	0	0	0	0	0	0	0	0	0	0	0	0
	comun	Comunications	2	0	0	0	1	1	0	0	3	1	3	3	2	2	3	2	1	1	3	2	2	2	0	4	2	3	1	3	1	2	4	2	2	2	2	2	3	2	3	2	0	3	0	2	1	3	0	1
	comun	comunication	2	2	0	1	0	2	1	0	2	2	2	0	2	2	2	2	3	1	4	2	2	3	0	3	2	3	1	3	2	3	3	3	0	0	3	0	1	2	0	3	0	0	0	0	2	1	0	2
	comun	Comunication	1	0	0	0	0	0	1	0	0	2	0	0	2	2	2	0	0	1	2	2	3	1	3	0	3	1	0	1	1	1	1	1	0	2	1	1	0	1	1	1	0	1	0	0	2	1	0	1
	comun	Comunication	0	0	0	0	0	0	0	0	1	2	2	0	1	2	0	1	1	3	3	2	3	2	2	2	1	1	0	0	0	0	0	0	0	2	0	0	0	0	0	0	0	0	0	0	0	0	0	0
	comun art	comunication art	2	0	0	0	0	1	0	0	3	4	3	0	1	1	0	2	3	2	3	3	4	3	3	2	0	2	2	0	0	0	2	1	0	0	0	0	0	1	0	1	0	0	0	0	0	0	0	0
	comunicativo	Comunicativo Science	1	0	0	1	1	0	1	0	3	1	3	1	1	1	1	0	3	3	4	3	3	4	4	4	0	4	2	2	2	3	0	1	0	2	1	2	1	2	0	1	0	1	1	2	0	1	0	3
	comunicaçao	comunicaçao	0	3	3	3	3	3	3	3	0	4	4	4	4	4	3	3	4	4	4	3	4	3	4	3	4	3	4	4	4	4	3	3	0	0	0	3	3	3	3	3	0	0	0	0	0	0	0	3
	comércio exterior	Comércio Exterior	3	1	0	2	0	0	0	0	3	4	2	2	3	4	3	3	3	3	1	3	3	4	0	2	1	2	2	2	2	0	2	2	0	0	0	0	0	0	0	0	0	0	0	0	4	4	0	0
	conflict	Conflict	0	2	2	0	0	0	0	2	2	3	3	2	3	2	3	1	1	3	2	4	4	1	0	0	0	3	1	0	2	0	0	0	0	0	2	0	0	1	0	0	0	0	0	0	1	2	0	0
	conflict analysi resolut	Conflict analysis and resolution	1	2	2	1	2	3	1	3	3	3	3	3	3	4	2	4	3	2	2	4	4	3	4	3	3	3	4	4	4	3	3	2	2	2	3	1	3	1	3	2	2	1	0	2	2	0	3	2
	conflict resolut	Conflict Resolution	0	0	0	0	0	0	0	0	0	1	0	0	0	0	0	0	0	0	0	1	0	0	0	0	3	3	1	0	2	0	2	2	1	2	1	0	3	0	0	0	1	1	0	0	0	0	0	0
	conflict resolut	Conflict Resolution	2	2	2	2	2	2	2	2	2	3	2	3	0	2	2	2	3	3	2	4	2	3	2	2	3	3	4	4	4	4	3	3	2	2	2	2	2	3	2	4	2	2	2	2	2	2	2	2
	conput	Conputer Science	0	0	0	3	0	0	0	0	0	0	0	1	0	0	0	0	0	0	2	2	1	0	0	0	0	0	0	0	0	0	0	0	0	0	0	0	0	0	0	0	0	1	3	0	2	2	0	0
	conserv	Conservation	1	0	0	1	0	0	2	0	1	4	1	1	1	4	2	4	1	3	3	2	4	3	1	4	2	4	3	2	4	2	4	4	1	2	2	1	1	2	1	2	2	2	2	2	1	2	2	2
	conserv	conservation	2	1	2	1	1	2	1	1	2	4	4	2	4	4	4	3	2	2	3	1	1	3	2	2	3	4	4	4	4	4	3	3	2	1	2	3	2	2	0	3	1	2	3	2	1	1	0	2
	conserv	Conservation	1	0	0	1	0	1	0	0	2	2	2	1	2	2	3	2	2	3	2	3	4	2	1	3	4	3	2	3	3	4	3	2	2	1	2	3	2	1	1	1	1	1	1	1	0	2	1	1
	conserv restor	conservation and restoration	2	0	0	1	3	2	0	2	2	3	3	0	2	1	1	0	0	2	3	2	3	0	1	0	3	1	1	1	1	0	0	1	2	2	2	1	2	3	2	2	2	2	3	3	3	1	2	3
	consrtuct	consrtuction	2	2	2	2	3	3	2	4	0	2	0	0	0	0	0	1	0	0	1	0	3	0	0	0	1	3	0	3	1	2	0	2	0	3	0	1	1	0	0	0	0	1	0	0	0	2	0	0
	construct	construction	1	2	1	0	0	2	0	1	3	1	2	1	2	2	2	2	0	0	1	0	0	1	0	0	0	0	2	2	2	0	0	1	0	0	0	0	0	0	0	0	0	0	0	0	2	0	0	0
	construct	construction	0	3	1	0	1	0	0	0	3	1	1	1	1	0	0	0	3	0	0	3	1	4	4	0	2	1	0	4	1	0	0	0	0	0	0	0	3	0	0	0	3	3	3	2	3	3	2	3
	construct	 other: construction	1	4	0	4	2	1	0	2	3	2	0	0	0	0	2	0	2	1	0	0	0	0	0	3	1	0	0	0	0	0	0	3	3	0	2	0	2	2	2	1	1	1	0	0	0	0	2	0
	construct	Construction	4	4	0	2	1	3	2	4	2	4	2	2	2	4	2	4	4	2	4	4	4	4	2	4	4	3	4	4	4	4	3	4	4	4	2	4	4	4	2	2	4	2	2	2	2	2	2	1
	construct	construction	4	4	2	2	4	3	3	4	2	2	1	0	0	1	0	0	2	3	0	4	1	4	2	1	2	2	0	2	0	1	2	0	0	2	0	0	2	1	0	4	0	1	1	1	1	1	0	1
	construct	construction	4	4	2	3	3	4	3	4	2	2	2	1	1	2	1	1	0	0	2	2	0	0	4	0	2	3	3	4	2	3	2	2	1	2	2	2	3	3	1	3	2	1	2	1	1	2	1	1
	construct	Construction	1	2	0	3	1	3	2	3	4	4	4	4	1	2	1	2	2	2	4	4	3	2	3	3	4	4	4	4	3	3	2	1	4	0	4	2	3	2	3	3	4	2	3	1	3	3	1	1
	construct	Construction	4	4	3	4	4	4	4	4	2	1	1	3	2	2	1	3	1	1	2	2	1	3	3	1	3	2	3	3	4	2	2	2	4	3	3	2	4	2	4	3	4	3	3	3	3	3	3	4
	construct	construction	1	3	1	1	2	3	1	3	1	1	0	0	1	0	0	0	0	0	0	2	0	0	2	1	1	0	1	1	0	0	0	1	0	0	1	1	0	0	0	1	0	0	1	1	0	0	0	1
	construct	Construction 	2	2	3	0	0	2	0	0	2	2	2	2	2	3	2	3	1	0	2	0	0	2	2	2	3	2	0	2	2	3	2	1	0	0	3	0	3	2	0	1	0	0	0	0	0	0	0	0
	construct	Construction	4	3	0	1	3	4	0	1	1	2	3	0	0	0	0	2	0	0	4	0	0	0	0	1	4	4	4	3	3	2	0	2	1	2	3	0	3	3	3	3	0	1	0	1	1	4	0	1
	construct	construction	2	3	3	0	0	2	2	3	0	2	1	0	0	0	0	0	0	0	2	0	0	2	0	0	1	0	3	2	3	2	0	0	3	0	1	0	1	0	2	0	2	0	0	1	0	2	0	1
	construct	construction	2	0	0	0	0	0	0	0	2	4	0	0	0	0	0	2	0	0	0	4	0	4	0	0	0	2	2	0	0	0	0	0	0	0	0	0	0	4	0	0	0	0	0	0	0	0	0	0
	construct	Construction	1	0	0	2	1	2	0	0	0	0	1	0	0	1	0	1	1	1	3	1	2	1	2	2	3	0	0	2	2	0	0	0	0	0	3	1	3	1	0	1	0	1	0	1	1	3	1	1
	construct	Construction	2	2	0	1	0	1	1	2	0	1	0	0	1	0	0	0	0	0	2	0	0	0	0	0	4	4	1	0	3	0	3	0	0	0	1	0	3	0	4	3	0	0	2	1	1	4	1	0
	construct	Construction	2	4	4	0	0	0	2	2	2	0	0	0	0	0	0	0	0	0	0	0	0	0	2	0	0	4	0	2	0	2	4	2	0	2	2	0	2	2	2	4	0	2	2	2	4	2	4	4
	construct	construction	0	4	4	1	2	4	0	4	0	0	0	3	2	0	0	2	0	3	3	2	2	2	3	2	2	2	0	0	0	0	0	0	0	0	3	2	4	2	0	2	0	0	1	2	0	2	2	1
	construct	construction	4	3	3	1	0	4	0	4	4	3	1	1	0	4	1	2	0	2	2	0	0	4	4	3	2	1	2	4	2	2	2	1	2	3	4	0	4	4	2	1	1	3	1	0	1	2	2	1
	construct	construction	3	4	1	3	1	1	1	3	1	2	2	1	2	2	3	2	0	1	1	0	1	2	2	0	1	1	1	1	1	2	1	0	1	1	2	0	2	0	2	0	2	0	3	1	3	1	3	1
	construct	construction science	2	0	2	2	2	2	1	0	2	2	2	2	2	2	2	0	0	0	0	0	0	3	0	0	0	2	0	1	1	1	0	0	0	0	0	0	3	0	0	0	0	2	2	2	2	2	0	1
	construct	construction	2	4	1	4	2	0	4	4	4	2	1	1	2	2	2	0	1	0	0	1	0	2	4	4	2	3	4	2	4	2	4	4	0	4	0	0	4	1	1	4	1	1	2	2	0	1	1	1
	construct	construction	4	2	2	2	2	1	3	2	4	3	3	3	3	2	3	3	0	0	2	2	4	3	0	3	1	4	3	0	3	3	4	3	0	1	0	0	0	0	0	1	1	4	3	4	4	2	3	4
	construct	Construction	4	0	4	0	0	2	0	0	4	0	4	2	3	3	3	4	0	0	4	0	2	1	0	0	2	4	2	0	2	0	1	0	2	0	3	4	4	1	3	0	2	2	2	2	2	2	2	2
	construct	construction	2	3	3	2	2	2	2	1	3	2	2	2	2	2	1	2	1	1	2	1	1	1	2	2	3	4	3	3	4	3	2	3	4	3	4	2	4	4	4	4	2	2	3	2	3	2	3	4
	construct	construction science	1	2	3	3	0	2	0	1	1	2	3	2	3	4	3	4	0	0	0	0	0	0	0	0	4	1	3	2	3	2	3	2	3	0	4	4	4	4	3	4	0	0	1	2	1	4	1	1
	construct	Construction	3	3	2	4	2	3	4	2	2	4	3	3	3	3	3	3	0	0	0	0	4	0	3	3	0	4	1	0	0	0	0	0	1	0	3	0	0	2	1	3	2	3	2	2	2	2	1	2
	construct	Construction	3	4	0	3	2	1	0	4	2	1	0	0	0	0	0	0	0	0	1	2	0	0	2	0	4	2	2	2	4	0	2	0	0	0	0	0	3	1	0	0	0	0	0	0	0	0	0	0
	construct	Construction Science	3	0	3	2	3	1	3	2	2	1	0	2	1	3	2	2	0	1	0	0	0	2	4	1	3	1	2	3	3	2	1	3	1	1	3	2	4	3	3	2	1	0	1	2	1	2	2	3
	construct	Construction	4	4	3	0	3	1	3	4	4	4	3	0	1	3	0	2	4	1	2	1	4	4	2	3	4	4	2	1	3	4	4	4	2	4	1	2	3	4	2	4	3	4	2	4	4	1	1	4
	construct	Construction	2	4	1	2	2	4	3	4	3	2	2	0	2	2	3	1	4	4	2	3	2	4	4	4	2	4	2	2	3	4	3	2	1	1	3	1	2	1	0	3	2	2	2	3	3	2	2	2
	construct engin	construction engineering	3	0	2	2	1	3	0	0	4	2	1	4	3	1	2	1	2	0	1	2	2	1	0	0	3	2	2	2	4	0	1	2	0	0	0	0	3	0	0	0	0	1	0	0	0	2	0	1
	construct engin	Construction Engineering	3	2	1	3	2	2	3	2	1	2	1	1	1	1	1	1	2	3	3	4	3	4	4	3	2	4	3	4	3	2	4	4	1	3	2	3	2	3	3	3	2	3	3	3	3	2	2	3
	construct engin	construction engineer	2	2	2	2	2	2	2	2	2	2	2	2	2	2	1	2	1	1	2	1	1	1	4	1	3	4	3	0	2	3	2	3	3	2	3	2	4	2	3	2	2	2	2	2	2	4	3	2
	construct engin	Construction engineering	1	1	1	0	0	3	1	3	4	2	2	3	2	3	0	2	1	2	3	3	4	3	0	3	2	3	1	3	2	2	3	2	2	0	3	1	4	2	4	2	0	0	0	1	3	3	0	2
	construct mangement	construction mangement	4	4	3	3	4	4	0	4	3	1	0	3	2	1	1	2	0	2	2	0	2	1	4	2	3	4	4	4	4	4	2	4	3	4	4	3	4	4	4	2	3	3	0	4	4	3	4	4
	construct mangement	construction mangement	4	4	4	1	4	4	1	4	2	0	2	3	3	0	3	2	0	0	0	2	0	0	0	4	3	4	4	4	4	4	4	0	1	0	3	4	3	1	3	1	4	1	4	1	4	3	3	2
	construct technolog	construction technology	4	3	3	2	2	2	2	2	3	2	2	3	3	3	3	3	0	0	1	2	1	3	1	3	3	3	3	2	3	3	3	3	3	2	2	1	3	1	3	2	3	2	3	3	4	3	3	3
	construct technolog	construction technology 	2	3	2	1	1	1	1	3	1	2	2	0	1	1	0	1	2	2	1	2	1	3	3	3	3	2	3	2	2	3	3	2	2	2	3	2	2	3	3	3	2	1	2	2	2	1	2	2
	construct technolog	Construction Technology	1	0	2	1	2	2	0	0	0	0	0	0	0	0	0	0	0	0	0	0	0	0	2	0	1	0	0	0	0	0	0	0	0	0	0	0	0	0	0	0	0	0	0	0	2	0	0	0
	construct technolog	construction technology	4	3	2	2	2	2	2	2	3	2	1	2	2	2	2	3	0	0	1	2	1	2	1	3	3	3	3	2	3	2	2	3	3	2	2	1	3	1	2	2	3	2	3	3	3	3	3	3
	construion	construion	2	3	2	0	2	0	1	2	0	0	1	0	0	0	0	0	0	0	0	0	0	0	0	0	1	1	0	2	0	0	0	1	0	0	0	0	2	0	1	0	1	0	0	0	0	0	0	1
	construt	constrution	3	0	0	0	0	0	0	0	3	0	3	0	0	4	4	1	2	4	3	3	4	4	4	4	4	3	1	3	1	4	0	2	1	0	3	0	4	0	3	0	0	0	0	0	0	0	3	0
	contabilidad	Contabilidade	2	2	0	0	0	2	0	0	4	2	0	0	0	0	0	0	0	4	0	0	0	0	2	0	4	4	2	0	2	0	4	4	4	4	4	0	4	4	4	4	4	4	4	2	4	4	4	2
	contabilidad	Contabilidade	0	2	0	2	0	4	0	0	4	4	4	4	3	4	4	4	0	2	2	0	3	4	0	0	0	2	0	0	0	0	0	0	0	0	0	0	0	0	0	0	3	4	4	4	4	4	2	4
	contabilidad	Contabilidade	2	1	1	1	1	3	1	1	0	2	1	1	1	1	0	1	3	3	1	4	1	4	0	1	3	4	2	2	1	2	3	3	3	3	3	3	4	3	2	3	4	2	4	3	3	4	3	2
	contabilidad	CONTABILIDADE	2	0	0	0	0	0	0	0	1	0	0	0	0	0	0	0	1	0	0	0	0	1	0	0	0	1	0	1	2	0	1	0	1	0	0	0	1	0	0	0	0	0	1	0	0	1	0	0
	contabilidad	Contabilidade	3	0	0	0	0	0	0	0	0	0	0	0	0	0	0	0	0	3	0	2	0	0	0	0	4	2	2	0	3	0	2	0	0	0	2	0	4	0	0	0	0	0	4	0	4	4	3	0
	contabl	contability	1	0	2	0	0	1	0	0	1	0	0	1	0	0	0	0	1	2	1	3	3	2	3	1	4	3	4	2	4	3	3	3	4	4	3	3	4	3	4	4	1	0	1	0	2	2	4	4
	contemporari	Contemporary Studies	0	0	0	0	0	0	0	0	1	0	0	0	0	0	0	0	1	0	0	1	0	1	0	0	3	3	3	1	3	1	2	3	0	0	1	1	2	0	0	1	0	0	0	2	1	0	0	0
	contemporari technic sceneographi	Contemporary Studies, Technical Sceneography 	3	3	1	2	3	3	3	3	3	3	3	3	3	3	3	3	3	3	3	1	2	3	3	3	3	3	3	3	3	3	3	2	0	0	1	2	2	1	1	2	3	1	3	3	3	3	3	3
	contemporari theatr	Contemporary theatre 	3	1	0	3	0	2	0	0	4	4	4	4	4	2	3	1	1	4	4	2	3	2	4	4	3	4	3	1	4	3	3	4	2	2	1	0	0	0	0	2	2	3	3	1	2	1	2	0
	contemporari write produc	contemporary writing and producing 	0	0	0	1	1	0	1	0	1	3	2	3	1	3	1	3	3	4	1	4	3	4	3	3	1	4	3	1	4	1	1	3	1	0	2	1	1	1	0	3	2	0	3	1	0	1	0	1
	content cours	Content Course	2	1	1	2	2	1	1	1	2	2	2	2	2	3	2	2	3	3	3	4	3	4	1	3	3	3	3	3	3	3	3	3	1	2	1	2	1	2	1	2	1	1	1	2	2	2	2	1
	content cours	content course	2	1	0	0	0	1	1	2	2	2	3	1	2	2	2	1	0	2	4	3	3	4	1	4	2	3	1	2	3	2	4	4	1	1	3	4	1	4	2	4	1	1	2	2	1	2	1	2
	content cours	Content course	3	3	2	3	1	0	2	1	2	2	3	1	2	3	1	3	3	3	3	4	4	4	1	4	2	2	2	2	3	3	4	4	2	2	2	1	1	2	1	3	2	1	3	2	1	2	2	2
	control autom engin	Control and Automation Engineering	4	2	0	3	1	3	3	1	3	2	3	2	3	3	3	2	1	2	0	3	3	4	3	1	1	3	1	3	1	2	3	3	0	1	0	1	2	0	0	1	0	0	1	0	3	3	0	1
	control theori	control theory	1	2	2	3	2	3	2	2	3	3	3	3	3	3	3	2	2	2	4	3	3	3	2	2	4	2	2	3	2	2	2	2	2	1	2	1	2	1	1	1	1	1	1	1	2	1	1	1
	cook	cook	1	3	0	2	0	2	2	2	2	4	3	0	0	1	0	0	4	4	2	4	4	4	4	4	4	4	4	4	4	3	4	4	2	4	1	4	2	0	2	4	0	2	0	2	0	4	0	2
	cook	cook	2	0	1	0	2	0	1	0	4	3	2	1	1	2	1	0	0	2	2	1	1	3	1	1	2	2	3	1	3	2	3	2	2	2	2	0	1	1	0	1	2	3	2	2	3	3	0	2
	cook	Cooking	4	3	1	2	1	0	2	0	4	3	2	2	1	2	2	2	1	3	3	3	2	2	1	2	2	3	2	2	3	1	2	3	3	2	3	2	4	1	1	3	3	2	1	3	1	2	2	3
	cook	Cooking	2	4	1	3	0	0	4	4	4	4	4	1	3	2	2	4	0	3	4	0	2	2	4	3	3	3	3	2	1	0	0	3	3	2	3	0	2	3	2	2	1	4	4	2	2	0	0	2
	cook	cooking	2	2	3	0	2	1	0	0	1	2	0	0	0	3	0	3	0	0	0	0	0	1	2	0	2	3	0	0	2	3	0	1	0	1	1	0	0	0	0	0	1	2	1	0	0	1	0	0
	cook	cook	2	1	2	3	3	3	4	1	3	3	4	3	3	4	3	3	2	1	4	2	1	3	3	3	3	2	2	1	1	3	2	2	3	1	3	2	3	2	0	4	1	2	2	1	1	2	0	2
	cook	cooking 	2	0	0	4	0	0	0	0	4	2	2	0	2	2	0	0	0	2	2	2	0	2	2	2	2	2	2	4	4	0	2	4	4	2	4	4	0	4	2	4	2	2	2	2	0	2	0	0
	cook	Cooking	4	0	0	0	0	0	2	0	3	0	0	2	2	2	0	0	3	0	4	4	0	4	0	0	4	3	2	4	0	0	2	2	4	4	3	4	4	4	4	2	0	0	1	2	0	0	4	2
	cook	cooking	0	2	2	2	1	0	0	1	0	2	1	2	1	3	2	2	0	0	0	0	0	2	4	2	2	2	2	1	3	1	2	2	3	3	3	3	2	3	2	3	4	2	1	0	1	0	3	1
	cook	Cooking	3	3	1	4	2	1	4	4	3	2	2	3	2	2	4	4	1	2	2	3	2	3	2	2	3	4	4	2	4	3	4	4	3	3	3	2	4	2	2	3	4	2	3	3	3	4	3	4
	cook	Cooking	1	1	0	0	1	1	1	1	1	1	1	1	1	1	1	1	2	0	3	3	0	2	1	1	3	2	1	2	2	1	2	2	2	2	0	2	2	2	1	1	1	0	0	1	1	0	1	1
	cook bake	cooking and baking	2	3	0	1	1	1	2	1	3	3	3	1	1	3	1	1	0	0	3	0	1	1	1	3	1	3	3	1	3	2	1	2	2	1	2	0	1	0	1	1	1	1	1	1	1	2	1	1
	cook sew	Cooking, Sewing	2	0	0	0	0	0	0	0	1	1	1	0	0	0	0	0	2	0	0	0	0	1	1	0	1	1	0	1	0	0	2	2	1	0	0	0	2	1	0	0	1	0	0	0	0	0	0	0
	cookeri	Cookery	2	2	3	0	2	0	1	0	1	1	1	0	0	0	0	0	0	1	1	0	0	1	2	1	1	2	3	3	3	2	2	3	1	0	1	0	1	0	1	0	1	1	0	1	0	0	0	0
	coput network secur	Coputer Networks and Security	4	1	2	4	0	3	1	2	2	2	2	2	1	3	2	2	0	0	1	3	0	3	4	2	4	3	1	2	2	3	3	2	3	2	4	0	4	2	4	3	3	3	4	4	3	3	3	3
	copywrit	Copywriting	2	0	0	0	1	1	1	1	2	1	1	2	2	2	2	4	0	2	2	3	2	2	4	4	2	2	0	2	2	2	3	0	1	0	2	0	3	0	0	1	0	0	0	2	3	1	1	1
	corpor admistr	Corporate Admistration	2	0	0	0	1	0	2	1	3	1	1	0	0	1	0	0	2	4	1	3	3	2	2	2	3	2	1	3	3	2	2	2	2	2	3	2	2	2	2	2	3	1	1	3	0	1	1	4
	corpor communic	Corporate Communication	0	0	0	0	0	0	0	0	0	4	0	0	0	0	0	0	0	0	0	0	0	0	0	0	4	4	3	2	2	2	2	2	0	3	4	0	3	3	2	0	2	0	0	0	0	0	0	0
	corpor communic	Corporate communications	1	0	0	0	0	0	0	0	0	0	0	2	0	1	0	0	0	0	3	0	0	0	0	2	2	2	2	0	1	1	1	1	3	0	2	1	3	1	2	3	0	0	0	0	1	1	0	0
	corpor communic	corporate communication	3	2	0	0	1	1	2	0	3	3	0	2	0	2	1	0	0	1	2	2	2	4	2	1	4	3	2	3	3	3	3	2	2	2	2	2	3	3	2	3	2	2	2	2	2	2	1	2
	corpor communic	corporate communications	3	2	0	0	0	3	0	0	1	1	0	0	0	0	0	1	0	2	2	3	4	0	0	1	3	1	1	3	3	0	2	2	3	0	3	0	4	2	1	2	2	0	2	2	2	1	1	2
	corpor communic	Corporate Communications	2	1	0	2	0	3	1	2	2	3	3	1	1	3	2	2	2	2	2	3	2	4	4	3	3	1	2	2	3	0	1	0	2	0	0	3	1	1	2	2	0	2	2	0	0	2	2	1
	corpor communic	Corporate Communications	1	3	2	1	0	2	0	2	3	3	2	4	3	2	3	3	2	3	3	3	4	3	3	3	3	4	4	3	4	4	4	4	2	3	3	1	4	4	2	4	1	3	1	2	3	0	1	2
	corpor communic	Corporate Communication	2	2	1	2	2	4	0	1	3	2	1	3	2	4	2	4	2	3	1	2	3	2	3	3	1	3	2	3	2	3	2	2	0	0	2	2	0	0	1	0	1	0	2	2	0	1	0	0
	corpor communic mark	corporate communications with a minor in Mark	2	0	3	3	1	3	1	1	4	4	4	4	4	4	4	4	3	3	4	3	3	3	4	4	3	3	3	3	3	4	3	3	4	3	4	3	4	4	4	4	4	3	4	4	4	3	4	4
	correct	corrections	3	0	0	2	2	2	1	0	2	0	0	1	2	0	2	0	0	0	0	0	0	2	0	0	2	2	2	0	2	2	2	2	0	0	0	0	2	2	0	2	3	3	3	3	3	3	3	3
	correct juvenil justic	Corrections and Juvenile Justice	3	3	1	1	1	2	2	2	2	2	3	2	2	1	1	2	0	1	2	2	4	1	2	2	4	4	1	3	4	3	4	4	2	4	2	1	3	4	2	3	3	3	3	3	3	4	2	2
	cosemtolgist	Cosemtolgists	2	2	2	2	3	1	2	3	1	3	3	2	2	2	2	3	2	2	4	0	0	1	2	1	2	2	1	1	1	1	2	2	2	3	2	4	1	3	3	1	2	3	4	2	2	2	3	2
	cosmet	Cosmetics 	3	1	1	3	1	1	1	1	4	1	0	3	2	0	2	1	3	2	2	2	2	4	1	3	2	2	3	3	1	3	1	1	2	1	2	3	2	3	2	1	3	3	4	2	2	2	2	2
	cosmetoli	Cosmetoly	1	0	1	1	0	0	1	1	3	1	2	3	1	4	4	2	2	1	2	2	0	2	2	3	3	2	3	3	4	4	4	4	2	1	2	4	3	4	3	3	2	1	1	3	0	0	3	2
	cosmitoligi	cosmitoligy	0	0	0	0	0	0	0	0	0	0	0	0	0	0	0	0	0	0	0	0	0	0	0	0	0	0	2	2	4	0	0	0	0	2	0	4	0	4	4	0	0	0	0	0	0	0	0	0
	cosmolegey	cosmolegey	2	0	0	2	0	0	3	0	2	0	2	0	0	0	0	0	2	0	0	0	0	2	0	0	2	2	0	0	0	4	3	4	2	2	0	3	0	2	0	2	2	2	2	2	0	2	2	2
	cosmotolegi	cosmotolegy 	0	0	0	0	0	0	0	0	1	3	2	0	0	4	0	3	2	1	2	2	0	3	0	0	0	0	0	0	1	4	4	2	0	0	0	4	0	0	3	2	0	0	0	0	0	0	0	0
	cosmotolgi	cosmotolgy	2	3	0	0	0	0	3	3	4	4	4	4	3	4	4	1	1	0	1	0	0	0	3	0	3	3	4	2	3	3	4	4	1	2	2	4	2	1	0	1	3	1	3	1	1	0	0	1
	cosmotoligogi	cosmotoligogy	0	0	0	0	0	0	0	0	0	0	0	0	0	0	0	0	0	0	2	2	0	0	2	0	0	0	0	0	0	0	0	0	2	2	0	4	0	4	0	0	0	0	0	0	0	0	0	2
	cota	cota	2	0	0	0	0	0	0	0	3	4	2	2	3	3	2	1	3	3	3	3	4	3	2	2	4	3	4	4	4	4	3	4	0	1	1	2	1	1	2	1	0	0	1	2	0	0	1	0
	councillor	councillor	2	0	1	1	0	0	0	1	2	1	2	2	1	0	1	0	2	4	2	3	2	3	4	2	4	3	3	1	4	2	3	3	0	1	1	0	1	0	1	2	2	1	1	2	0	0	1	2
	count	counting	2	1	3	1	1	0	1	2	0	3	1	2	1	3	0	3	1	3	1	0	2	0	1	3	3	1	4	2	4	0	1	3	3	3	4	2	1	4	3	4	3	1	1	2	0	2	3	2
	count	counting	2	2	2	2	3	2	2	2	2	3	3	2	2	2	1	1	3	1	3	3	2	1	2	2	2	1	2	2	3	2	3	2	2	1	2	1	3	2	3	2	2	2	1	3	3	2	3	2
	count	counting	2	2	2	1	1	2	2	1	3	3	1	3	1	3	0	1	3	3	2	3	3	3	2	3	3	4	1	2	3	3	2	2	1	2	3	2	3	3	0	2	2	2	1	2	1	1	2	2
	count	Counting	2	3	0	1	2	3	3	2	1	2	0	0	2	1	1	2	3	3	2	2	1	1	2	1	2	3	1	2	3	3	2	2	2	2	3	3	2	2	0	3	2	2	2	2	2	2	2	2
	counter	counter	2	2	3	3	0	2	2	2	2	2	2	3	0	2	1	2	2	3	4	4	4	4	3	4	2	0	0	4	4	2	3	3	2	2	3	2	3	4	3	3	2	2	3	2	4	4	3	3
	counter terror	Counter terrorism	3	3	2	3	2	3	3	3	1	3	2	2	1	1	1	1	0	1	1	0	0	0	3	2	1	2	1	2	1	1	1	1	0	1	2	0	2	1	2	1	1	3	1	1	2	2	1	1
	counterintellig	counterintelligence	0	0	0	0	0	0	0	0	2	2	3	0	0	2	0	0	1	0	2	1	2	2	0	0	3	3	0	3	0	0	0	0	0	2	3	0	0	2	3	0	0	1	0	0	0	0	0	0
	cours	science course	2	0	0	0	0	0	0	0	4	4	4	2	4	2	4	0	0	0	0	0	0	0	0	0	2	2	2	2	2	2	2	0	2	0	2	0	2	0	0	0	0	0	0	2	0	0	0	2
	cours	science course	4	0	2	4	2	4	0	2	4	4	4	4	2	4	2	0	2	0	0	0	2	2	0	2	2	4	4	2	4	4	4	4	2	2	2	0	0	2	0	2	4	4	4	2	4	4	2	2
	cpmputer	Cpmputer sciences 	2	1	1	3	1	3	3	1	4	3	3	4	3	3	3	4	3	4	3	1	4	4	4	4	4	4	1	4	4	4	3	1	2	3	1	1	1	3	1	3	1	4	4	1	1	4	1	1
	craft	craft science	1	2	1	1	1	1	1	1	3	4	4	2	3	3	2	1	2	1	3	2	3	1	1	2	3	3	1	1	1	0	0	1	0	1	1	2	1	2	0	1	1	2	1	1	1	1	1	2
	craft	craft	0	3	0	2	0	2	1	3	3	4	4	3	3	4	4	4	2	1	4	4	3	1	2	4	4	3	4	1	4	0	3	2	0	2	2	1	1	1	0	2	1	1	1	1	2	3	1	1
	creat write	Created writing	4	0	0	0	0	0	0	0	2	2	1	1	0	1	0	0	4	4	2	4	4	4	4	4	4	3	4	0	3	4	1	1	0	2	1	3	4	4	0	3	0	0	0	0	0	0	0	0
	creativ	creative	2	2	0	0	1	0	2	0	2	4	4	3	3	2	4	3	0	4	4	3	4	1	3	4	3	3	1	2	2	4	2	2	2	1	2	0	3	4	2	4	0	3	2	0	1	2	0	2
	creativ	CREATIVITY	4	2	0	2	0	2	2	1	3	4	0	4	0	0	2	3	2	4	3	3	3	2	4	3	4	4	2	3	3	1	4	3	4	3	2	1	3	1	2	1	2	1	1	1	0	2	1	2
	creativ	Creative	2	2	2	1	1	1	1	1	2	2	3	2	1	2	1	2	4	3	3	3	3	3	3	3	4	4	3	3	4	3	2	3	1	1	2	1	2	1	3	1	1	1	1	1	1	2	1	2
	creativ art	CREATIVE ARTS	4	0	0	0	0	0	0	0	0	0	0	0	0	0	0	1	0	1	4	0	0	2	0	4	3	2	0	2	2	1	1	1	3	0	0	2	0	3	4	1	0	0	0	1	0	1	1	1
	creativ art	Creative Arts	0	0	0	0	0	0	0	0	2	3	2	2	1	2	0	2	2	4	3	3	4	2	3	4	3	3	3	3	3	3	3	3	1	3	3	3	3	3	3	3	1	1	1	1	1	0	0	0
	creativ art therapi	Creative Arts in Therapy	0	3	0	1	0	1	1	2	3	2	3	1	1	2	2	1	2	3	4	2	2	4	0	4	4	1	3	4	2	3	4	2	2	0	2	3	2	2	3	3	1	0	2	1	1	2	1	1
	creativ director	creative director	2	3	0	1	0	2	1	0	1	3	1	0	0	3	0	0	2	3	4	4	4	2	3	4	1	2	1	2	2	3	1	2	2	1	4	4	4	4	0	4	1	0	1	2	0	0	0	2
	creativ industri	creative industries	2	0	0	1	1	0	2	0	3	0	2	2	1	1	1	3	4	4	1	3	4	4	4	4	3	3	2	2	4	3	3	1	0	3	3	0	4	1	3	2	2	3	2	2	3	2	3	1
	creativ produc	Creative Producing	1	1	1	1	1	1	2	1	4	1	1	1	2	2	3	1	1	2	1	1	1	2	2	1	3	3	2	3	1	2	3	1	3	3	2	3	2	3	2	3	2	2	2	3	1	3	2	2
	creativ write	Creative Writing	2	1	0	3	0	2	0	3	3	3	1	2	1	1	0	3	0	3	1	1	3	0	0	4	4	4	2	0	4	4	1	3	2	1	4	1	3	2	0	3	3	4	2	3	4	1	2	2
	creativ write	creative writing	0	0	0	0	0	1	0	0	0	2	0	1	2	3	2	0	0	3	3	1	4	4	4	3	2	0	0	2	4	2	0	2	0	0	0	0	0	1	0	0	0	0	0	0	0	0	0	0
	creativ write	creative writing	0	0	0	0	0	0	0	0	2	2	2	4	2	2	2	0	0	4	2	4	4	3	2	3	4	4	3	2	4	3	3	1	0	0	3	0	4	2	0	1	0	0	2	3	0	0	0	1
	creativ write	Creative Writing	0	0	0	0	0	0	0	0	3	4	4	4	4	4	4	3	3	3	3	3	4	4	3	3	3	0	0	0	0	0	0	0	0	0	0	0	2	2	2	0	0	0	0	0	4	4	0	0
	creativ write	Creative writing 	0	0	0	0	0	0	0	0	2	3	2	2	2	2	2	0	0	3	2	4	3	3	0	0	2	2	2	1	2	3	2	3	0	0	1	0	1	0	1	0	0	0	0	0	0	0	0	0
	creativ write	Creative Writing	0	2	3	1	0	2	0	0	3	3	3	2	0	4	0	4	4	4	4	4	4	4	3	4	3	2	3	1	3	0	3	1	0	0	1	0	0	0	0	0	0	0	0	0	0	0	0	0
	creativ write	Creative Writing	0	3	2	1	0	3	0	3	1	2	2	1	0	1	0	4	2	1	2	4	4	4	4	1	2	1	2	0	2	1	2	0	0	0	1	0	2	1	2	1	1	0	0	0	2	1	2	1
	creativ write	Creative Writing	0	1	0	0	0	0	0	1	2	1	2	0	1	2	1	3	2	1	3	3	4	3	0	2	2	3	3	1	3	4	3	2	0	1	1	1	3	2	2	1	0	1	0	1	0	0	0	0
	creativ write	Creative Writing	0	0	0	0	0	0	0	0	4	4	4	3	3	3	2	2	1	3	3	4	4	3	0	2	3	0	2	3	3	0	0	0	0	0	0	3	0	0	0	0	0	0	0	0	0	0	0	0
	creativ write	creative writing	2	1	1	1	1	0	1	0	3	4	2	3	1	4	1	3	1	1	2	3	4	2	2	1	2	3	2	1	2	2	2	1	0	1	3	1	3	2	1	0	1	3	2	2	3	2	1	2
	creativ write	Creative Writing	2	2	0	3	1	3	3	0	4	4	4	4	4	4	4	4	4	4	4	4	4	4	4	4	4	4	3	2	4	4	4	4	4	3	3	4	4	4	3	4	0	2	1	0	0	4	1	1
	creativ write	Creative Writing	0	0	0	0	0	0	0	0	1	3	2	0	0	1	1	1	1	2	2	1	4	3	1	2	3	0	2	0	2	0	0	0	0	0	0	0	0	0	0	0	0	0	0	0	0	0	0	0
	creativ write	Creative Writing	0	0	0	0	0	0	0	0	0	2	2	0	1	3	1	2	2	3	2	4	4	3	0	3	2	2	1	1	2	1	3	1	0	0	1	1	0	1	0	1	0	0	0	0	0	1	0	0
	creativ write	Creative Writing	0	1	0	0	0	0	0	0	1	3	3	0	1	4	0	2	1	4	3	3	4	3	1	4	1	3	2	1	3	1	2	0	0	0	1	0	0	0	0	0	0	0	0	1	0	0	0	0
	creativ write	Creative Writing	2	2	0	2	1	2	1	1	0	1	2	0	1	1	1	0	3	3	2	3	4	4	1	4	3	3	3	3	3	4	3	3	0	0	3	2	2	2	1	4	2	1	2	2	3	4	2	2
	creativ write	Creative Writing	1	1	1	1	1	1	1	1	3	3	1	2	1	2	1	1	2	4	4	4	4	3	3	4	1	3	3	2	3	2	2	3	2	3	2	3	1	3	1	3	1	2	1	2	1	2	1	1
	creativ write	Creative Writing	0	0	0	0	0	0	0	0	2	2	2	0	0	0	0	0	3	4	4	4	4	4	3	0	2	2	1	4	1	0	3	0	0	0	0	0	0	0	0	0	0	0	0	0	0	0	0	0
	creativ write	creative writing	3	0	0	0	0	3	0	0	2	3	3	3	2	3	2	3	2	4	3	3	3	3	4	3	3	3	3	3	3	3	3	1	1	0	1	0	0	0	0	1	0	0	0	0	0	0	0	0
	creativ write	Creative Writing 	1	2	0	0	1	1	1	2	1	2	2	2	0	3	1	1	3	4	3	3	4	3	2	4	4	2	1	2	3	1	2	1	0	1	1	2	1	3	3	2	1	0	0	1	1	0	0	1
	creativ write	creative writing	0	1	0	0	0	1	0	0	4	2	2	4	4	1	3	0	4	3	3	4	4	4	4	3	2	4	4	0	3	2	1	1	1	1	0	0	0	0	0	0	0	0	0	0	0	1	0	0
	creativ write	Creative Writing	3	0	0	4	0	1	3	1	1	2	3	1	3	2	2	4	2	4	4	4	4	4	1	3	3	3	1	2	3	2	4	2	0	1	3	3	3	1	1	3	2	2	3	1	1	1	1	0
	creativ write	Creative Writing	2	2	0	1	1	2	1	1	2	2	1	0	1	2	2	1	3	3	4	4	4	2	3	3	1	2	1	1	2	1	3	2	0	0	0	0	1	0	0	0	1	2	1	1	2	2	1	1
	creativ write	Creative Writing	2	1	0	3	1	2	0	0	1	1	1	1	0	0	0	0	0	0	3	0	4	0	0	3	1	0	0	1	2	3	2	2	0	2	3	0	2	1	1	2	2	2	2	2	2	2	1	1
	creativ write	Creative Writing	1	1	1	2	1	3	1	1	3	3	3	3	2	4	1	3	3	3	4	4	4	4	3	3	3	1	2	2	3	3	3	2	0	2	3	3	2	2	2	4	2	2	2	2	0	2	3	3
	creativ write	Creative writing 	0	0	0	0	0	0	0	0	2	0	2	0	0	0	0	0	0	4	2	3	4	3	0	2	4	2	2	0	4	3	2	1	0	0	3	0	2	0	0	0	3	2	3	4	0	3	3	2
	creativ write	Creative Writing	3	1	2	1	1	1	1	1	3	3	3	1	3	3	2	2	1	3	4	4	4	3	3	4	1	3	2	3	1	2	3	3	1	0	0	2	1	1	1	2	2	1	0	0	1	1	1	1
	creativ write	Creative Writing	0	0	0	0	0	0	0	0	1	0	0	0	0	0	0	0	1	3	2	3	4	4	0	3	1	2	0	2	3	0	3	0	0	1	0	0	0	0	2	0	0	0	0	0	0	0	0	0
	creativ write	Creative Writing	1	2	0	0	0	2	2	1	3	4	3	1	2	3	1	3	0	3	3	2	3	3	1	4	3	4	3	2	4	4	3	3	1	0	1	1	1	1	0	2	1	2	1	2	1	2	2	2
	creativ write	Creative Writing	1	1	0	2	0	2	1	2	2	2	2	2	2	2	1	2	2	3	1	3	3	3	2	1	4	3	4	3	4	1	3	1	0	0	1	0	1	0	0	0	1	3	1	1	3	0	0	0
	creativ write	Creative Writing	1	1	0	1	0	0	0	0	0	2	1	0	0	0	0	0	3	4	3	4	4	4	3	3	2	2	3	0	2	0	1	0	0	2	2	0	1	1	0	2	0	0	0	1	0	0	0	0
	creativ write	Creative Writing	2	1	1	0	0	0	1	2	3	3	0	0	0	0	1	0	1	3	4	3	4	3	1	2	4	2	4	1	3	1	2	1	3	2	2	1	3	2	4	3	2	2	4	2	2	3	3	1
	creativ write	Creative Writing	3	3	0	0	0	1	0	3	1	3	0	0	1	1	0	1	3	4	3	4	4	4	4	4	1	4	4	0	3	4	3	1	0	0	0	3	1	0	0	3	0	0	0	0	0	0	0	0
	creativ write	creative writing 	1	0	0	2	0	2	0	0	2	2	2	0	2	2	2	1	3	3	3	2	4	2	3	4	0	2	2	0	1	0	0	0	0	0	0	2	0	0	0	0	0	0	0	0	0	0	0	0
	creativ write	Creative writing 	3	3	4	2	1	2	2	2	4	4	4	4	4	4	3	4	3	2	4	3	4	3	4	3	3	3	2	3	2	3	2	0	2	0	1	1	0	0	1	2	2	1	2	2	3	2	1	1
	creativ write	Creative writing	1	1	0	3	0	3	2	1	4	4	3	3	3	3	3	1	1	3	3	4	4	4	3	3	2	3	2	1	2	2	2	2	0	0	1	0	1	0	1	0	0	1	0	0	0	1	1	0
	creativ write	Creative Writing	1	0	0	1	1	2	0	2	3	4	4	3	3	3	2	3	1	3	4	3	4	2	1	3	3	4	3	4	4	3	3	3	2	0	1	0	0	1	1	2	2	1	2	2	1	2	1	2
	creativ write	Creative Writing	1	0	0	0	0	0	0	0	3	1	3	2	3	3	3	2	4	3	4	4	4	4	4	4	3	3	2	3	3	3	3	2	2	1	1	1	0	2	1	3	0	1	0	1	1	3	0	0
	creativ write	Creative Writing	0	0	0	0	0	0	0	0	0	0	0	0	0	1	0	0	0	0	0	1	4	1	1	0	1	0	0	0	1	0	0	0	0	1	0	1	0	1	0	0	1	0	0	0	0	0	0	0
	creativ write	Creative Writing	0	0	0	0	0	0	0	0	0	2	1	1	0	0	0	2	1	4	3	4	4	2	2	3	4	4	4	1	4	3	4	4	2	2	3	0	2	1	0	2	0	0	0	0	0	0	0	0
	creativ write	creative writing	1	1	1	1	1	1	1	1	0	3	3	1	3	3	3	3	4	4	4	4	4	4	4	4	3	3	1	3	1	3	3	1	1	1	3	3	0	1	0	3	3	3	3	3	4	3	3	3
	creativ write	Creative Writing	1	0	3	0	0	0	0	1	0	1	0	0	0	0	0	0	3	4	2	4	4	4	4	3	0	3	1	0	2	0	0	0	0	0	1	0	0	0	3	2	0	0	0	0	0	0	0	0
	creativ write	creative writing	2	1	1	1	1	1	1	1	2	1	1	1	1	1	1	1	1	1	2	2	4	3	2	1	2	1	1	1	2	1	2	1	1	1	1	1	1	2	1	1	1	1	1	1	1	1	1	1
	creativ write	Creative Writing	0	0	0	0	0	0	0	0	2	2	1	0	0	0	0	0	0	3	0	1	4	2	1	3	1	1	2	1	2	2	3	0	0	0	0	0	0	1	0	2	0	0	0	0	0	0	0	0
	creativ write	creative writing	2	0	0	1	1	1	1	1	2	2	2	4	4	2	1	2	3	4	3	2	4	4	1	2	3	2	3	2	2	3	4	3	1	0	1	1	1	2	1	3	1	1	1	1	1	2	1	1
	creativ write	Creative writing	0	3	0	3	1	2	2	2	4	3	3	3	3	3	2	3	4	4	4	4	4	2	1	3	4	4	3	3	4	3	3	1	1	1	2	3	3	1	2	2	0	2	1	0	2	2	0	0
	creativ write communic	Creative Writing, Communication	0	1	0	0	1	0	0	1	2	2	1	0	2	1	2	0	2	3	1	2	4	2	4	3	3	2	4	2	3	1	2	1	0	0	0	0	1	0	2	0	1	2	0	1	1	1	2	1
	creativ write forens	Creative Writing, Forensic Science	2	0	0	2	1	0	0	0	1	4	4	4	4	4	3	4	3	3	4	4	4	4	3	4	3	2	2	0	3	2	4	2	2	0	1	3	1	3	1	3	1	2	3	2	2	1	1	1
	creativ write poetri	Creative writing, Poetry	2	3	1	3	1	3	1	3	4	4	4	3	4	4	3	4	3	4	4	3	4	4	3	4	2	3	4	1	4	3	4	3	1	0	1	1	1	0	0	4	1	3	1	1	2	0	0	2
	creativ write publish museum	Creative writing, publishing, museum studies	1	1	1	1	0	0	1	0	2	2	2	2	2	2	2	2	3	3	3	3	4	4	3	3	4	3	1	2	2	1	3	2	1	1	0	1	3	0	1	3	0	0	0	0	1	2	0	0
	creativ writi	Creative writiing	0	0	0	0	0	2	0	0	1	4	4	2	2	4	0	2	4	3	3	4	4	4	0	3	3	3	2	4	3	3	3	2	0	0	0	0	0	0	0	2	0	0	0	0	0	0	0	0
	crime	crime	1	1	0	1	0	1	0	2	0	3	4	0	0	4	0	3	1	2	2	2	1	3	4	2	2	4	4	4	4	4	2	4	2	2	1	2	2	2	1	4	0	0	0	0	1	0	0	0
	crime investig	Crime investigation 	0	1	0	4	0	4	0	1	2	3	3	3	2	3	1	4	1	2	4	4	4	4	2	4	0	1	2	4	2	3	2	2	0	0	2	2	1	0	0	3	0	1	3	0	1	0	1	1
	crime scene invetig	Crime Scene Invetigating	3	1	2	2	2	2	2	2	4	3	4	4	4	3	4	0	2	4	2	4	2	2	2	2	3	2	4	2	2	2	2	2	2	2	2	2	2	2	2	2	2	2	2	2	2	2	2	2
	crimin	criminal	2	1	1	2	1	1	1	1	1	1	1	0	1	1	1	1	1	1	1	1	1	2	1	1	1	4	4	4	4	4	2	4	1	1	0	1	1	1	1	1	1	1	2	1	1	2	1	1
	crimin	Criminal Science	2	1	2	2	1	1	1	0	3	4	4	3	3	3	3	2	2	3	4	2	3	3	2	2	3	4	4	2	4	3	4	3	2	2	2	3	1	3	3	3	3	2	2	1	1	2	0	1
	crimin	Criminal	4	0	0	0	0	0	1	0	2	1	1	2	0	0	0	0	0	0	0	4	1	3	0	0	1	4	2	1	4	1	2	1	0	0	0	2	0	1	0	0	1	1	4	3	0	1	2	3
	crimin	Criminal	2	0	0	2	0	2	0	3	2	1	2	4	2	0	2	3	1	4	4	4	3	2	4	3	4	4	4	2	4	4	4	4	3	0	3	2	2	0	4	0	2	0	3	3	2	2	4	2
	crimin behavior	Criminal behavior	2	3	2	1	1	3	1	3	1	3	3	2	1	3	1	1	3	3	2	3	3	4	4	4	3	3	2	0	3	2	4	3	1	1	2	2	2	2	1	3	2	2	2	2	2	2	2	1
	crimin justc rehabilit	criminal justce and rehabilitation	0	0	0	1	1	0	0	0	2	2	2	3	1	2	1	0	0	0	2	2	1	2	0	0	3	3	4	4	4	3	3	3	2	2	2	2	2	2	2	1	0	2	1	1	2	2	3	1
	crimin procedur	criminal procedure	3	0	0	0	0	0	0	0	4	0	0	1	0	0	0	0	0	4	4	4	4	4	4	4	4	3	3	4	4	4	3	4	0	2	1	2	4	4	1	0	0	2	1	1	0	0	0	1
	criminalist	Criminalistics	4	1	2	1	1	3	1	1	4	4	3	2	3	3	2	4	2	3	3	4	4	4	4	4	3	4	2	4	3	4	3	1	2	1	4	0	4	0	1	2	0	1	0	3	2	0	0	1
	criminalist	Criminalistics	2	0	1	2	0	0	0	0	3	3	2	3	2	2	2	1	4	3	0	2	3	3	4	2	4	2	2	4	3	4	1	1	1	3	3	1	4	1	0	4	0	3	1	1	3	1	0	2
	criminalist	criminalistics	2	0	3	2	0	0	0	0	4	3	3	3	3	3	2	2	3	3	2	1	4	4	3	3	4	2	1	3	2	3	2	0	3	1	3	0	4	2	1	4	1	3	0	0	2	1	0	0
	criminooloti	criminooloty	0	0	0	0	0	0	0	0	2	2	1	2	0	0	0	0	0	0	0	1	3	0	0	0	4	3	0	0	3	0	0	3	0	0	0	0	0	0	0	0	0	0	0	0	0	0	0	0
	crimonoligi	CRIMONOLIGY	0	0	0	1	3	0	0	0	4	0	0	0	0	0	0	0	0	0	0	2	0	4	4	4	2	0	4	4	4	0	0	0	0	4	0	4	0	4	0	0	0	0	0	0	0	0	0	0
	crivil justin	crivil justin	3	1	0	0	2	3	4	1	3	0	3	2	1	2	4	1	2	3	3	0	2	2	4	3	2	2	2	0	1	2	4	2	2	4	3	3	1	3	4	1	1	3	2	2	1	3	3	1
	crj	CRJ	2	0	0	1	0	0	2	0	4	2	4	4	4	3	4	2	2	2	3	4	2	3	2	2	4	4	4	4	4	3	4	4	2	2	2	3	2	3	4	4	0	2	2	3	1	4	1	1
	cross cultur	Cross Cultural Studies	1	1	0	0	0	2	0	0	4	3	3	2	1	3	2	3	1	2	2	3	3	3	3	3	3	3	0	2	1	3	4	0	0	1	1	0	3	1	0	4	1	0	1	1	2	2	2	2
	csd	CSD	2	4	1	3	4	4	4	4	3	2	1	3	1	1	1	1	0	0	1	1	0	0	1	3	4	3	4	3	4	3	3	4	1	2	3	1	4	3	3	3	4	4	4	4	4	3	4	4
	csd	CSD	0	2	0	2	0	0	0	1	0	1	0	3	0	0	0	0	0	0	0	0	0	3	0	0	2	3	1	3	3	3	3	3	3	3	1	3	3	3	3	3	3	3	3	3	3	1	3	3
	cse	CSE	0	1	4	4	3	3	3	3	1	1	4	3	0	4	3	3	2	1	4	3	3	3	3	3	2	2	0	4	4	4	3	3	2	2	3	3	3	3	3	3	1	2	3	3	4	4	3	3
	cse engin	CSE engineering	2	4	0	0	0	0	1	0	0	0	0	0	0	0	0	0	4	4	0	4	1	4	0	1	2	0	0	0	1	0	3	4	4	4	1	0	4	0	0	4	2	4	0	1	4	0	0	0
	csim	CSIM	4	2	1	4	1	3	2	3	4	2	1	2	2	2	1	2	0	4	1	2	3	4	2	4	4	1	3	4	3	2	2	1	4	2	4	2	4	4	4	4	0	4	4	3	3	3	3	4
	csu bay health	Csu East Bay, Health Science	3	1	1	3	0	0	1	0	4	1	3	4	4	2	2	2	2	1	2	0	0	4	1	2	0	3	1	3	4	4	4	2	0	2	3	4	3	3	1	2	0	1	2	1	1	3	1	1
	culenari	culenary 	1	0	2	0	1	0	0	0	4	0	1	1	0	0	0	0	1	0	0	0	0	3	3	0	1	0	0	0	0	1	0	0	0	2	2	0	2	0	1	0	0	0	0	1	1	0	0	0
	culianri	Culianry	2	0	1	0	1	0	1	0	4	1	0	1	1	0	0	0	0	0	0	0	0	0	2	0	3	2	2	4	1	2	2	2	2	1	1	1	2	2	0	0	2	2	1	1	1	2	0	0
	culinari	culinary	3	0	1	1	1	1	1	1	2	2	2	1	1	1	1	1	2	1	1	2	2	3	2	1	3	2	1	2	2	2	1	1	3	1	2	1	1	2	2	2	1	1	1	1	1	1	1	1
	culinari	Culinary	4	2	0	2	2	4	3	3	4	3	4	2	3	4	3	0	2	4	2	4	3	2	4	4	4	4	0	4	0	0	2	2	4	0	4	2	4	0	4	3	0	2	0	4	4	2	4	3
	culinari	Culinary 	2	0	0	0	0	0	0	0	2	0	0	0	0	0	3	0	0	2	2	2	3	4	4	3	0	3	2	0	3	3	2	4	3	1	0	3	0	2	0	0	0	0	0	0	0	2	0	0
	culinari	Culinary	1	2	0	2	0	3	1	1	3	1	2	2	2	1	0	0	0	4	4	4	4	4	4	4	0	4	4	2	3	2	2	2	4	2	2	3	0	3	0	0	0	0	0	0	0	0	0	0
	culinari	Culinary	3	0	0	0	0	0	0	0	1	0	0	0	0	2	2	0	3	4	3	3	2	4	4	4	0	0	0	3	0	3	2	0	1	2	2	1	0	0	0	1	0	2	1	0	0	4	0	0
	culinari	Culinary science	3	1	1	3	1	3	2	2	3	2	1	2	1	1	1	1	2	3	2	2	4	3	4	3	4	3	2	3	3	3	2	2	3	2	4	1	2	1	3	2	1	1	2	2	2	3	2	2
	culinari	culinary	2	0	4	0	0	0	1	1	4	4	3	2	3	4	2	1	3	0	2	4	0	4	2	1	2	2	0	1	2	2	0	2	0	3	4	2	1	2	1	4	2	0	3	2	1	0	1	2
	culinari	culinary	1	2	2	1	2	2	2	2	2	3	3	1	2	2	1	1	2	1	1	2	2	2	3	1	2	0	1	2	1	1	1	0	3	0	1	0	2	0	2	2	3	2	1	1	1	1	2	0
	culinari	culinary	0	0	0	0	0	1	0	1	1	0	0	0	0	0	0	0	0	0	0	0	0	1	0	4	2	4	1	3	3	3	3	2	3	4	0	3	4	3	4	1	3	4	4	4	3	4	1	0
	culinari	culinary	3	3	1	3	2	0	2	3	2	3	4	2	3	4	1	2	0	2	1	0	3	0	1	2	1	1	2	3	3	3	3	2	3	3	2	3	1	2	2	2	3	1	3	3	2	1	2	1
	culinari	Culinary	2	2	3	2	2	2	3	2	2	2	3	2	3	3	2	2	3	2	3	2	2	2	2	3	2	2	3	3	3	0	2	2	3	3	3	2	2	4	3	2	2	2	2	3	3	3	2	2
	culinari	culinary	4	4	2	3	4	1	4	4	4	1	1	2	2	1	4	0	3	2	2	4	3	4	4	0	3	3	0	2	0	0	0	0	4	4	0	0	2	4	4	4	4	4	2	0	2	0	0	0
	culinari	culinary	2	2	1	1	2	1	2	2	1	3	2	1	2	2	2	2	0	3	3	4	2	0	2	4	1	3	1	2	2	2	1	2	2	2	2	4	2	3	2	3	1	1	2	1	2	2	2	2
	culinari	Culinary	0	2	0	0	0	2	0	0	0	1	0	0	0	0	0	0	0	0	3	0	0	0	0	2	2	4	3	2	3	3	3	2	2	2	3	0	3	2	2	1	3	2	3	3	3	3	3	3
	culinari	culinary	4	1	1	2	1	1	2	1	4	3	3	3	2	2	2	1	4	1	2	3	3	4	4	2	2	4	3	2	2	4	4	3	3	2	2	2	2	2	3	4	2	2	2	2	0	2	0	2
	culinari	Culinary	2	2	0	1	0	3	1	1	1	1	0	0	0	0	0	0	4	4	3	4	2	4	4	4	3	0	1	3	4	3	2	2	2	1	3	2	1	2	1	3	1	1	2	1	1	2	1	2
	culinari	Culinary 	3	2	4	4	4	3	3	4	4	4	4	4	4	4	3	4	0	1	2	3	0	1	4	2	3	0	3	4	2	3	3	3	3	3	3	4	3	4	4	3	3	2	3	2	3	1	2	2
	culinari	Culinary	2	2	0	0	0	2	0	2	4	4	4	3	4	4	4	4	4	4	4	4	4	4	4	4	2	2	4	3	4	4	3	2	3	1	4	2	1	2	3	3	1	0	0	0	0	0	0	0
	culinari	Culinary	0	2	0	0	0	2	0	1	1	1	2	0	1	1	1	2	1	0	2	3	3	3	3	0	3	3	3	0	3	3	2	0	0	0	2	0	2	0	0	0	1	1	0	0	1	1	0	1
	culinari	Culinary	2	0	2	2	1	2	2	1	4	2	2	3	3	0	3	0	2	3	3	3	4	3	0	3	0	1	4	1	2	0	0	1	1	2	2	2	1	3	1	3	1	2	2	1	2	1	2	2
	culinari	Culinary	2	0	0	2	0	0	0	0	3	4	4	3	3	4	3	0	1	0	2	4	4	2	0	0	4	4	3	0	4	0	2	2	2	2	0	0	1	3	0	4	1	0	0	3	0	0	0	0
	culinari	Culinary	2	2	0	1	0	0	0	0	1	2	3	0	0	1	1	0	3	4	3	4	2	4	4	2	2	2	2	2	0	2	2	0	1	2	3	0	0	0	1	1	0	3	3	0	2	0	1	0
	culinari	culinary	2	1	1	1	1	1	2	1	2	2	2	1	1	1	1	1	2	2	3	2	2	2	1	2	2	3	2	2	2	2	2	2	1	3	2	1	2	2	1	2	1	3	1	1	2	2	2	1
	culinari	Culinary	1	0	0	0	0	0	0	0	2	2	1	0	0	1	1	0	1	3	2	1	3	2	4	3	1	1	1	1	2	0	1	0	0	0	0	1	2	3	1	0	0	0	0	1	0	0	0	0
	culinari	culinary	2	1	2	2	0	0	0	1	0	1	0	0	0	0	1	0	0	2	3	0	0	0	0	2	2	3	0	0	2	2	0	2	3	1	3	0	2	0	1	1	0	2	1	0	2	1	1	1
	culinari	culinary	4	2	0	0	0	0	0	0	0	3	2	0	0	0	0	1	2	1	2	4	3	3	0	3	0	2	1	0	2	0	2	2	0	2	3	2	1	3	2	2	4	0	4	1	4	0	3	3
	culinari	Culinary	3	1	2	0	2	1	3	2	4	1	1	2	3	2	3	2	2	0	0	2	3	2	0	0	4	3	4	0	2	2	4	2	3	0	4	1	4	1	1	3	3	2	1	4	4	3	3	2
	culinari	Culinary	0	2	0	1	0	1	0	1	2	3	3	1	3	3	3	0	4	4	4	3	3	3	3	3	2	1	0	1	0	3	2	0	0	2	0	1	1	3	2	2	2	4	1	1	0	0	0	3
	culinari	CULINARY	0	0	0	0	0	0	0	0	0	1	2	0	0	0	0	0	3	2	0	4	4	4	4	2	1	3	1	1	1	0	2	0	0	0	1	0	0	0	0	0	0	2	0	2	0	0	0	0
	culinari	Culinary	0	0	0	0	1	0	0	0	1	0	0	1	0	0	0	0	2	2	2	4	4	2	2	3	4	2	3	4	4	4	4	2	2	2	3	0	1	1	0	2	1	1	0	0	0	0	1	0
	culinari	Culinary	0	0	0	0	0	0	0	0	2	3	3	2	1	3	2	0	3	4	4	4	4	2	1	4	4	3	4	4	4	2	3	3	0	1	0	2	0	0	0	0	0	0	0	0	0	0	0	0
	culinari	Culinary 	2	3	2	2	2	3	2	3	4	4	4	2	3	4	3	3	2	3	4	4	4	4	4	3	2	3	4	2	3	3	4	4	2	2	4	4	2	3	3	2	2	2	2	2	2	2	2	2
	culinari	Culinary	1	0	0	0	0	0	0	0	2	0	0	1	0	0	0	0	0	0	0	0	0	0	0	0	1	0	0	0	0	0	0	0	2	1	1	0	1	1	0	0	1	2	1	0	0	0	0	0
	culinari	Culinary	4	4	0	2	0	3	4	4	4	2	3	3	0	2	0	0	4	0	2	3	0	4	0	4	4	4	2	4	3	4	4	3	4	4	4	4	4	4	3	4	4	4	4	4	2	0	0	4
	culinari	culinary	0	0	2	0	0	0	0	0	3	3	2	0	2	1	0	1	0	0	2	2	3	1	2	2	2	1	2	3	1	0	1	1	4	0	2	0	2	1	0	0	0	0	0	0	0	0	0	0
	culinari	culinary	1	0	0	1	1	1	2	0	1	1	1	1	0	0	0	0	0	1	1	0	0	0	0	1	2	3	3	0	4	1	1	2	2	1	4	0	2	2	0	1	2	1	1	3	2	2	0	1
	culinari	Culinary	2	1	0	0	0	0	1	2	2	4	4	0	0	4	1	2	2	4	1	0	2	3	1	2	4	4	0	4	4	4	3	4	4	4	4	4	4	4	4	4	4	4	2	4	2	3	4	4
	culinari	Culinary	2	0	0	2	0	0	0	0	3	3	3	1	0	4	0	3	0	0	3	0	0	3	3	0	0	0	3	3	3	3	3	0	4	3	3	2	0	3	0	0	0	0	0	0	0	2	0	0
	culinari	Culinary	0	0	0	1	0	0	0	0	2	2	1	1	0	2	0	0	1	1	2	1	0	2	0	0	0	3	1	0	1	2	2	2	3	1	1	1	0	2	0	0	1	1	0	0	1	1	0	0
	culinari	Culinary	0	0	0	0	0	0	0	4	0	3	3	0	0	2	0	3	1	3	4	4	4	4	0	4	4	2	2	0	4	4	4	3	4	2	4	0	4	2	4	2	2	2	2	4	0	0	0	1
	culinari	CULINARY	2	2	2	2	2	2	2	2	2	2	2	2	2	2	2	2	2	2	2	2	2	2	2	2	2	4	2	3	3	3	3	3	1	2	2	2	2	2	2	3	3	3	2	3	2	2	2	3
	culinari	culinary	2	0	0	2	0	3	1	0	1	2	0	1	1	2	0	1	0	1	2	3	3	2	3	2	3	4	4	2	4	4	4	4	3	2	2	1	4	2	1	3	4	4	3	4	2	3	4	3
	culinari	Culinary	2	0	0	0	0	0	2	1	3	4	4	3	3	4	3	3	0	2	0	2	1	0	0	1	3	3	3	1	4	4	2	4	2	2	3	1	1	3	2	4	0	0	0	2	1	1	3	0
	culinari	Culinary 	0	0	0	0	0	0	0	0	3	0	3	1	0	0	0	0	0	1	4	1	3	1	1	0	4	3	2	1	1	1	3	2	3	2	4	2	1	0	3	0	0	0	0	0	0	0	0	0
	culinari	culinary	0	4	2	0	0	0	4	4	2	4	4	0	0	0	4	4	4	2	0	0	0	0	4	4	4	2	4	0	0	0	4	4	4	2	0	0	0	0	4	4	4	2	0	0	0	0	4	4
	culinari	culinary	0	0	0	0	0	0	0	0	1	0	0	0	0	0	0	0	0	0	0	0	0	0	0	0	1	0	0	0	0	0	0	1	2	0	0	0	0	0	0	0	0	0	0	0	0	0	0	0
	culinari	Culinary	2	1	0	2	0	2	1	0	3	4	4	1	2	4	1	1	1	0	1	3	2	4	4	1	2	3	4	4	2	4	4	2	0	0	0	0	0	1	0	2	0	0	0	0	0	2	0	0
	culinari	Culinary	2	2	2	2	3	4	4	4	3	3	4	4	4	4	4	4	2	2	4	4	4	4	4	4	4	4	4	4	4	4	4	4	3	4	3	4	3	4	4	4	4	3	2	4	3	4	4	4
	culinari	culinary	2	0	1	0	0	0	0	0	1	2	1	0	0	1	1	0	1	0	0	0	0	0	0	0	3	2	0	0	0	0	0	0	4	2	4	0	2	0	0	0	0	0	0	0	0	0	0	0
	culinari	Culinary	3	4	0	1	1	1	4	4	1	2	2	0	2	3	0	1	0	0	2	2	3	2	2	2	2	4	3	4	4	2	3	4	4	4	1	0	2	1	3	2	1	1	1	1	1	3	2	1
	culinari	culinary 	2	2	1	2	2	2	2	2	2	2	3	2	2	3	2	2	3	2	3	4	3	4	3	3	3	3	2	3	2	3	3	3	4	3	2	2	2	2	2	1	2	2	2	2	2	2	2	2
	culinari	Culinary	3	0	1	3	0	0	0	0	3	3	3	4	3	3	3	4	4	3	3	4	3	3	4	3	3	0	3	3	3	3	3	0	1	0	3	1	3	1	1	0	0	0	0	0	0	0	0	0
	culinari	culinary	3	2	0	1	1	1	2	3	2	3	1	1	1	3	0	1	2	2	1	2	2	1	1	1	1	1	2	2	2	2	1	1	1	2	2	1	1	2	1	2	3	2	2	3	2	1	1	3
	culinari	Culinary	4	0	0	0	0	0	0	2	0	0	0	0	0	0	0	0	0	2	0	0	0	0	0	0	0	0	0	0	0	2	2	2	2	0	4	2	2	4	2	0	4	0	4	2	2	0	0	2
	culinari	culinary	2	0	0	0	0	0	0	0	0	0	0	0	0	0	0	0	2	0	0	0	0	0	0	0	4	4	2	0	2	2	2	2	4	0	4	0	0	2	0	0	3	4	4	4	0	2	0	4
	culinari	culinary	3	3	2	2	1	0	1	0	3	2	2	1	0	1	1	0	2	2	2	3	2	2	1	1	4	2	1	2	3	2	2	2	2	4	4	0	4	3	1	1	3	3	3	3	2	0	0	2
	culinari	culinary	2	3	0	1	0	0	2	0	4	4	3	4	0	3	2	0	4	4	4	2	3	0	2	3	4	4	3	1	4	4	4	4	2	2	4	0	2	2	0	4	2	3	1	0	0	4	0	2
	culinari	Culinary	0	0	1	3	4	0	1	1	0	4	4	1	4	4	4	4	1	2	0	2	1	3	3	0	0	0	0	0	0	0	0	0	4	1	0	0	1	1	4	1	2	0	2	1	2	2	2	1
	culinari	culinary	2	0	0	0	0	0	0	0	2	0	0	0	0	0	2	2	3	0	2	0	0	0	0	0	3	3	1	0	2	0	0	2	2	1	0	3	1	2	0	3	0	0	0	2	1	0	0	2
	culinari	culinary	2	2	1	0	0	0	0	0	3	2	3	0	2	0	1	0	3	3	0	2	0	4	3	3	3	1	2	1	3	3	4	3	2	2	0	0	3	1	2	2	1	1	0	3	0	2	1	2
	culinari	culinary	1	0	0	0	0	0	0	0	0	1	2	0	0	2	0	1	2	2	2	2	2	2	2	2	3	2	2	2	2	3	3	0	2	2	2	2	2	3	2	2	2	2	1	1	1	0	0	1
	culinari	culinary	4	2	2	3	3	2	3	3	4	3	3	3	4	3	4	0	4	4	4	4	4	4	4	4	4	4	1	2	4	4	4	4	2	2	0	1	2	1	0	4	0	3	0	0	0	1	0	1
	culinari	culinary	3	1	1	1	1	2	1	1	2	3	1	2	1	1	1	2	3	2	2	2	2	4	3	1	3	2	2	3	3	2	3	3	2	2	1	2	2	2	2	2	2	2	1	3	1	1	1	1
	culinari	Culinary	0	0	0	0	0	0	0	0	1	3	2	0	0	2	0	0	0	0	1	0	0	3	0	0	1	2	3	0	3	0	2	1	2	2	1	0	3	0	0	0	3	2	3	3	3	2	2	2
	culinari	culinary	2	1	0	1	1	1	1	3	1	1	1	2	1	1	0	0	1	2	2	4	2	2	2	2	3	2	2	2	2	2	2	1	2	2	2	4	3	4	3	3	3	2	3	3	2	4	3	1
	culinari	culinary	4	0	2	2	0	0	0	0	3	3	3	2	0	2	3	3	0	3	2	1	2	2	2	4	4	4	3	1	3	4	3	3	3	2	3	0	3	3	1	3	2	0	2	3	1	0	1	4
	culinari	Culinary	2	3	0	2	1	1	1	2	2	4	4	2	4	4	4	4	3	1	1	3	4	3	4	2	3	3	4	1	4	2	4	2	4	1	2	1	2	1	0	4	2	2	3	0	2	3	2	2
	culinari	culinary	3	2	1	0	0	2	0	1	3	2	2	4	4	3	4	1	1	3	1	0	2	1	1	1	2	1	3	2	2	2	3	2	3	1	2	1	2	1	1	1	1	1	1	2	3	3	1	1
	culinari	culinary	2	2	0	0	1	0	0	1	0	4	2	0	0	3	1	1	0	1	4	2	2	1	1	4	4	2	4	1	4	4	4	3	4	3	2	4	2	3	2	2	1	1	0	2	0	2	0	0
	culinari	culinary	3	0	4	3	4	3	3	3	0	0	3	3	3	0	3	3	3	0	2	1	0	3	3	3	3	0	4	4	3	3	3	3	0	0	3	0	3	3	3	3	0	4	2	4	0	3	3	3
	culinari	culinary	2	3	3	0	2	2	3	1	1	2	2	1	1	1	2	4	2	1	2	1	1	2	1	3	4	4	1	1	1	2	3	2	3	3	2	0	2	1	2	1	2	3	1	2	3	3	2	0
	culinari	culinary	1	1	1	3	1	0	2	1	3	2	0	2	1	4	1	0	3	2	4	2	1	3	4	4	2	4	4	4	4	3	3	2	0	2	3	3	1	2	2	2	2	4	2	3	1	3	1	2
	culinari	CULINARY	0	0	0	0	0	2	2	0	0	0	2	1	0	0	0	0	0	0	2	2	3	0	0	2	1	4	2	4	4	1	4	3	0	4	2	4	2	4	3	3	0	2	4	4	0	0	4	4
	culinari	Associate Culinary	2	3	4	1	2	2	1	4	3	4	4	2	4	4	1	4	4	4	4	4	4	4	4	4	4	4	4	4	4	4	4	4	3	3	2	4	3	4	4	4	3	4	1	3	2	1	2	4
	culinari	culinary	1	0	0	0	0	2	0	0	3	2	0	1	0	0	0	0	1	1	1	2	2	0	2	2	4	3	3	0	3	0	3	3	3	3	4	0	4	3	0	3	2	2	3	3	1	0	2	4
	culinari	Culinary	4	4	0	4	0	4	4	4	4	0	0	4	4	4	4	4	4	4	4	4	4	4	4	4	4	0	4	4	4	0	4	4	4	4	4	4	4	4	4	4	4	4	4	4	4	4	4	4
	culinari	Culinary  	0	0	0	0	0	0	0	0	0	3	2	0	0	0	0	0	4	4	4	4	3	4	4	4	3	0	0	0	0	2	0	0	4	4	3	4	0	4	2	4	0	0	0	0	0	0	0	0
	culinari skill	culinary skills	3	0	0	1	0	2	0	0	4	3	3	4	4	2	3	0	0	0	0	1	0	0	0	0	4	4	4	2	4	3	2	4	1	0	2	0	0	0	1	1	1	1	0	3	3	3	1	2
	cullinari	Cullinary	0	0	0	0	0	0	0	0	0	0	0	0	0	0	0	0	0	0	0	0	0	0	0	0	0	0	0	0	0	0	0	0	0	0	0	0	0	0	0	0	0	0	0	0	0	0	0	0
	cullinari	cullinary	2	1	0	1	0	2	0	0	1	3	3	1	1	1	0	0	2	4	1	1	1	4	2	1	3	3	1	2	1	2	1	3	0	0	2	0	0	1	0	1	1	0	2	0	0	1	0	0
	cultur	Cultural Studies 	2	3	4	1	1	2	0	2	4	4	4	4	4	4	4	2	2	1	4	2	1	2	4	2	3	3	4	3	4	3	4	1	1	1	1	3	1	1	2	1	1	0	1	1	1	1	1	0
	cultur	Cultural studies	0	0	0	0	0	0	0	0	4	4	3	3	4	4	2	3	4	3	4	4	4	4	0	3	3	2	3	1	3	0	1	0	0	3	1	1	0	3	0	3	0	0	0	0	0	0	0	0
	cultur	Culture Studies	0	1	0	0	0	0	1	0	2	1	0	3	1	0	1	0	1	4	3	3	2	3	3	3	2	4	2	2	2	0	2	0	1	1	1	0	1	1	2	0	0	1	2	0	2	1	0	0
	cultur	culture	2	0	0	0	0	0	0	0	3	0	1	1	2	1	1	2	3	3	1	4	4	3	3	2	2	1	2	1	2	2	1	0	1	1	2	1	0	1	0	0	0	1	1	0	0	1	0	1
	cultur	Culture Studies	3	1	0	2	0	0	2	1	2	3	2	1	1	3	2	2	3	1	1	3	1	4	3	0	1	2	0	2	1	0	0	1	2	1	2	1	2	2	2	3	0	2	2	0	0	2	1	1
	cultur	Cultural Studies	1	0	0	1	0	0	1	0	1	3	2	1	3	3	2	0	1	4	1	1	3	2	2	3	3	3	0	0	3	0	1	0	0	2	2	3	3	3	1	0	2	3	3	3	4	3	2	2
	cultur	Cultural Studies	0	0	0	0	0	0	0	0	3	0	3	0	3	1	1	0	3	3	4	3	4	3	3	4	4	3	3	3	3	4	3	3	0	1	1	3	3	0	3	1	0	0	0	0	0	0	0	0
	cultur	Cultural studies	2	3	1	1	1	1	0	2	3	3	3	3	2	3	2	4	4	4	4	4	3	4	4	4	2	4	3	2	2	2	3	2	0	0	1	1	3	1	0	1	3	1	0	3	3	2	0	2
	cultur	Culture Studies	1	3	0	2	0	2	2	2	3	3	1	2	2	2	1	3	3	2	4	3	3	4	2	4	1	3	0	2	2	0	0	0	0	0	2	0	2	0	0	0	0	0	0	0	1	2	1	2
	cultur	culture studies	0	3	0	2	0	3	1	0	4	3	3	3	4	3	2	3	1	1	3	1	1	3	3	2	2	4	3	3	3	3	1	2	2	2	2	2	0	3	2	3	1	2	2	1	0	2	1	1
	cultur	Cultural studies	2	1	0	2	1	2	0	0	2	2	2	2	2	2	2	2	1	4	2	3	4	3	3	3	3	4	4	4	4	4	4	4	1	1	2	1	3	1	1	4	0	0	1	2	0	0	0	1
	cultur	culture	0	0	0	0	0	0	0	0	2	3	1	2	0	3	0	1	2	4	3	3	4	2	4	3	2	3	2	4	2	2	2	1	1	2	2	1	1	4	2	2	0	0	0	0	0	0	0	0
	cultur	cultural studies	2	1	1	2	2	1	2	2	3	0	0	0	1	0	0	0	0	1	3	0	3	0	3	4	4	1	2	2	3	3	1	2	2	1	4	2	4	3	4	2	2	2	2	2	3	2	2	2
	cultur	culture studies	4	1	2	1	1	1	2	2	1	3	3	1	3	3	2	1	2	4	3	1	2	3	2	1	4	3	3	2	2	3	4	2	2	1	3	1	1	1	0	3	0	2	0	3	0	0	0	1
	cultur	culture	2	3	3	2	2	3	2	3	3	0	2	3	3	2	3	3	0	2	3	3	4	1	3	3	3	3	1	1	2	1	2	1	1	2	3	2	3	3	1	3	2	2	2	1	3	3	2	2
	cultur	cultural sciences	1	0	0	1	0	0	1	1	2	1	2	2	2	2	1	1	1	2	2	1	3	1	1	2	4	2	2	4	4	2	2	2	1	2	3	1	3	3	2	1	1	2	2	2	3	2	2	2
	cultur	Cultural studies	1	2	0	3	0	3	1	0	4	3	3	3	3	3	2	3	3	3	2	2	4	2	4	2	4	3	4	2	3	0	4	2	0	0	1	0	1	0	0	0	0	0	0	0	0	0	0	0
	cultur	culture studies	0	0	0	0	0	0	0	0	3	2	2	3	3	2	2	4	2	2	3	3	4	2	0	4	4	2	4	3	4	0	2	2	0	0	3	2	4	1	0	0	0	0	2	1	2	1	0	0
	cultur	Cultural Studies	0	0	0	0	0	0	0	0	1	0	1	0	1	0	0	1	2	4	4	4	4	3	1	4	3	1	1	3	3	3	3	1	0	1	1	3	3	1	0	0	0	1	0	1	1	0	0	0
	cultur	Cultural Studies	2	3	4	3	3	3	2	3	4	1	0	2	1	0	0	4	2	4	4	2	3	4	3	4	3	4	4	3	4	2	0	0	0	0	3	0	4	1	2	0	1	3	2	3	2	3	2	2
	cultur	Cultural Studies	2	2	1	1	1	3	1	2	3	3	4	3	2	4	1	4	3	3	4	4	4	4	2	4	3	3	3	1	3	1	1	3	0	1	3	1	2	1	0	1	2	2	2	2	0	2	1	1
	cultur	culture	4	4	0	1	1	3	3	3	4	4	3	4	3	3	1	3	4	4	3	4	4	3	1	3	4	2	4	4	4	3	4	3	2	2	1	3	4	2	3	4	2	1	1	3	3	3	1	2
	cultur	Cultural Studies	1	2	1	1	1	0	1	2	3	4	3	1	2	3	1	2	0	1	3	2	2	4	3	3	1	2	1	2	3	0	1	0	1	2	2	1	2	1	1	1	0	0	1	1	0	0	1	1
	cultur communic	Culture and communication 	2	1	2	2	1	1	1	1	2	3	3	1	1	2	1	3	2	3	3	4	4	1	2	3	3	3	2	3	3	3	3	3	1	1	2	3	3	2	1	2	2	3	2	3	3	2	3	2
	cultur goeographi	Cultural goeography	1	1	1	1	0	1	1	0	1	3	1	1	1	2	0	0	1	3	2	3	3	1	3	2	3	4	2	2	3	0	2	2	1	1	2	2	1	2	1	0	0	1	1	1	0	1	0	1
	cultur heritag	Cultural Heritage	2	0	0	0	0	0	0	0	2	3	2	0	0	0	0	0	2	2	3	4	3	4	0	0	2	3	2	2	2	0	0	0	1	2	1	0	0	2	0	3	2	3	2	0	2	2	0	2
	cultur heritag	Cultural  heritage 	3	1	0	0	1	1	1	0	2	2	1	0	1	1	1	1	2	0	3	2	2	2	1	1	1	3	3	3	3	3	2	3	0	2	0	0	1	2	0	2	2	2	1	2	2	1	1	2
	cultur heritag	Cultural heritage	2	4	2	0	0	4	0	0	3	2	1	3	0	0	3	0	4	3	4	3	0	4	2	4	4	4	4	4	0	0	0	3	1	3	3	3	2	2	0	4	2	0	0	0	0	0	0	0
	cultur technolog	Culture, Science, and Technology	2	1	0	2	3	1	2	2	3	2	3	2	3	3	3	2	2	2	2	1	1	3	4	2	1	3	1	3	1	3	1	1	1	2	3	0	3	3	1	4	1	3	2	2	2	3	2	2
	culutr	culutre	0	0	2	0	1	1	0	1	2	2	2	2	2	2	3	2	1	3	3	3	4	3	4	1	3	3	2	4	3	3	1	1	2	1	3	2	3	4	1	2	0	1	0	3	0	1	0	2
	curat	Curator	4	0	0	1	0	2	0	0	3	4	3	0	0	0	2	0	0	0	1	0	3	0	0	0	0	0	0	1	0	0	0	1	0	0	0	3	1	2	0	0	3	3	3	3	1	0	0	1
	curat	Curating	2	1	2	0	1	2	1	2	0	4	4	0	1	4	2	4	3	3	2	3	3	4	3	3	2	3	3	2	3	4	4	3	0	2	3	0	0	4	1	3	0	1	0	0	0	1	0	0
	curatorship	Curatorship	2	1	0	0	0	2	0	1	3	2	3	2	2	3	3	3	2	3	4	3	4	3	2	4	3	3	2	4	2	2	2	3	0	1	1	2	1	1	0	2	0	1	0	1	2	1	1	1
	curriculum instruct	curriculum and instruction	2	1	0	1	0	0	0	0	1	0	0	1	0	0	0	0	0	0	0	0	0	0	0	0	4	4	4	1	4	4	4	2	0	1	2	0	0	2	2	0	2	2	3	3	2	1	2	0
	custom servic	customer service	2	0	0	0	0	0	0	0	3	0	0	0	0	0	0	0	0	0	1	3	2	1	0	2	3	4	4	2	4	3	4	2	0	4	3	3	0	3	0	2	0	0	0	2	2	0	0	0
	cuz	nah cuz	0	2	0	4	0	4	0	0	0	4	2	0	2	2	2	2	4	4	2	4	4	4	4	4	2	4	2	4	4	2	4	0	0	0	0	0	0	0	2	4	0	4	0	0	0	0	0	0
	cyber	Cyber 	2	1	2	0	0	1	1	0	3	4	3	3	3	3	3	2	4	4	1	4	4	3	4	0	0	0	3	3	1	0	1	0	0	0	1	1	2	0	1	2	1	0	0	1	1	2	1	2
	cyber communic	Cyber Communication	4	1	3	3	2	3	2	2	1	2	1	2	1	2	1	1	4	2	2	2	0	2	3	2	1	3	3	3	1	3	3	2	1	0	2	1	2	1	1	3	2	2	2	2	2	2	1	2
	cyber crime	CYBER CRIME	4	1	0	4	0	0	0	0	4	4	4	2	4	4	4	4	2	2	4	0	2	0	3	3	4	4	4	0	4	4	4	4	0	2	2	0	1	1	0	4	2	4	4	2	3	3	2	2
	cyber defens	Cyber Defense	0	0	0	1	0	0	0	1	3	0	2	3	2	1	2	2	3	0	0	3	1	4	2	0	2	2	2	3	2	1	2	1	3	0	3	0	3	1	1	2	3	0	3	2	3	2	3	2
	cyber ecur	cyber ecurity	4	2	0	3	0	0	0	0	2	0	0	1	3	0	0	0	0	0	0	0	0	0	0	0	3	4	4	0	4	0	0	0	1	3	0	0	4	0	0	0	1	4	0	0	4	0	0	3
	cyber forens	Cyber Forensics	2	2	2	3	2	3	3	2	3	3	3	3	3	4	3	4	4	4	4	4	4	4	4	4	3	3	3	3	3	3	3	3	0	0	1	1	0	0	0	0	0	2	2	0	2	2	0	0
	cyber secur	cyber security	4	1	0	3	1	1	1	1	4	0	0	0	1	1	1	0	0	0	0	4	4	1	4	4	4	4	0	4	4	1	4	4	2	0	0	1	4	4	4	1	4	4	4	1	1	4	4	1
	cyber secur	cyber security	0	0	0	4	1	3	1	1	0	3	4	2	2	1	1	3	4	4	4	1	4	1	4	4	4	0	0	4	0	4	3	0	0	0	4	4	4	4	2	4	0	2	4	4	4	3	3	4
	cyber secur	cyber security	2	1	0	4	0	0	0	0	3	0	0	1	2	0	1	0	0	0	4	3	3	0	0	2	2	0	0	4	0	0	3	0	0	0	0	2	2	0	2	0	2	0	2	2	1	0	0	0
	cyber secur	Cyber Security	2	0	0	2	0	1	1	0	3	2	0	3	2	0	3	0	3	2	2	4	4	3	0	2	3	2	2	2	3	2	3	2	0	1	3	1	3	1	1	0	2	0	1	2	1	2	1	0
	cyber secur	cyber security 	4	1	0	3	1	1	0	0	3	3	1	2	3	2	3	3	1	3	2	3	3	3	4	1	3	2	3	4	2	0	3	4	2	0	0	1	3	0	1	1	2	0	2	1	3	3	0	1
	cyber secur	Cyber Security	3	1	1	4	1	1	2	2	2	3	3	3	2	2	2	3	1	0	1	1	1	2	1	2	2	2	2	3	2	0	1	1	2	2	3	1	2	2	2	2	2	3	3	3	3	3	3	3
	cyber secur	Cyber Security	1	1	1	1	0	0	0	0	3	3	3	3	3	3	3	0	1	1	4	1	0	1	1	4	2	3	3	2	3	2	2	3	2	1	1	3	1	1	2	1	1	1	1	0	1	0	0	0
	cyber secur	Cyber Security	1	0	0	3	0	0	0	0	0	2	2	0	2	2	2	3	0	0	0	0	0	0	0	0	0	0	0	0	0	3	0	0	0	0	0	0	3	0	0	0	0	1	0	0	2	1	0	0
	cyber secur	Cyber Security	1	1	1	4	1	2	0	3	3	2	3	3	2	3	1	3	4	3	4	4	3	4	3	3	3	2	2	4	2	3	2	1	2	3	3	2	3	3	2	4	2	2	3	1	2	2	2	1
	cyber secur	Cyber Security	2	0	0	3	0	1	3	0	4	3	2	1	1	3	3	0	0	2	0	0	0	3	2	0	3	2	2	3	2	4	0	2	0	0	2	2	2	0	0	0	1	2	3	2	2	3	3	2
	cyber secur	Cyber Security	4	2	0	4	2	4	4	0	4	2	2	0	1	0	0	1	2	3	4	2	1	0	0	4	4	4	4	2	2	3	3	4	4	0	2	0	4	0	1	2	4	4	4	4	4	4	4	4
	cyber secur	cyber security	1	0	0	0	0	0	0	0	0	0	0	0	0	0	0	0	0	0	0	4	0	3	0	0	2	0	0	2	0	0	0	0	0	0	0	0	0	0	0	0	0	0	1	0	2	2	0	0
	cyber secur	Cyber Security	0	0	0	1	0	0	0	0	0	0	0	0	0	0	0	0	0	0	2	1	1	2	0	0	0	0	0	0	0	0	0	0	2	0	0	0	0	0	0	0	0	3	3	0	2	0	0	0
	cyber secur	Cyber Security	4	2	0	4	4	4	0	3	4	2	2	2	2	2	3	0	0	2	4	0	2	2	1	4	4	4	4	2	4	4	3	4	2	2	4	2	4	4	1	2	4	4	4	4	4	4	4	4
	cyber secur	Cyber Security	4	3	3	4	3	4	3	3	4	2	3	3	3	3	3	3	2	4	2	3	3	4	3	3	4	4	4	4	4	4	4	4	2	3	3	3	3	3	3	4	3	4	4	4	3	4	3	4
	cyber secur	Cyber Security	3	1	1	4	1	1	3	1	3	1	1	4	4	1	1	1	2	1	1	1	3	3	1	1	1	1	1	1	1	1	1	1	1	1	1	3	4	1	3	3	1	1	1	1	4	4	1	1
	cyber secur	Cyber security	2	1	0	2	0	2	0	1	3	1	2	2	2	2	2	1	2	1	2	2	3	2	1	1	4	3	2	3	3	3	3	2	1	1	3	1	4	2	1	3	2	1	1	2	2	2	2	2
	cyber secur	Cyber Security	2	2	0	3	1	3	0	2	2	3	3	2	3	3	3	2	4	1	3	4	3	4	1	1	3	2	0	3	0	2	2	0	0	0	2	3	0	0	0	0	1	2	3	2	1	2	0	2
	cyber secur	Cyber Security	2	2	1	4	1	2	2	2	2	3	3	0	2	2	1	1	1	1	2	0	1	0	0	2	2	4	2	1	2	2	2	2	1	3	1	0	2	2	1	2	3	3	3	2	3	4	2	2
	cyber secur	Cyber Security	3	3	3	4	3	4	3	3	2	3	3	3	3	3	3	2	0	0	1	0	0	1	3	1	1	1	1	4	1	2	2	1	3	1	3	0	4	3	3	3	2	3	3	2	3	3	3	3
	cyber secur	cyber security	3	1	3	3	3	1	1	0	1	3	1	1	1	3	0	4	1	1	1	1	1	3	1	2	1	3	2	4	2	1	1	2	1	1	2	1	3	1	3	1	1	3	1	2	3	2	1	1
	cyber secur	cyber security	1	0	1	1	0	0	0	0	1	3	3	1	0	3	0	2	0	3	4	3	3	2	1	3	3	1	3	1	3	2	2	3	1	0	2	1	2	1	2	1	2	1	2	1	3	2	1	1
	cyber secur	Cyber Security	0	0	0	0	0	0	0	0	0	0	0	0	0	0	0	0	0	0	0	0	0	0	0	0	0	0	0	0	0	0	0	0	0	0	0	0	0	0	0	0	0	0	0	0	0	0	0	0
	cyber secur	Cyber security 	3	0	0	4	0	0	1	0	2	2	2	0	2	2	2	2	0	0	0	0	0	0	0	0	2	4	0	2	0	0	0	0	0	0	0	0	2	0	0	1	0	1	2	0	3	3	1	1
	cyber secur	Cyber Security	2	3	3	3	2	3	3	2	4	3	2	3	3	3	3	3	3	2	2	3	2	3	4	3	4	2	1	2	1	1	2	0	2	0	2	1	3	1	1	2	1	0	1	2	2	2	1	1
	cyber secur	cyber security	3	3	2	3	3	3	3	3	3	3	3	2	3	3	3	3	2	2	2	2	2	2	2	3	3	2	2	2	3	3	3	3	2	2	3	2	3	2	2	2	2	3	2	3	3	3	3	2
	cyber secur	Cyber Security 	4	2	2	4	0	4	2	2	4	4	2	2	2	2	2	2	2	4	2	2	0	2	4	2	4	2	4	4	4	2	2	2	4	2	4	1	4	2	4	2	4	4	4	4	4	4	4	2
	cyber secur	Cyber Security	2	2	1	4	2	3	3	1	3	4	4	1	3	4	3	1	2	1	1	0	1	1	1	1	1	2	2	3	2	1	1	0	1	0	2	1	2	1	1	1	3	2	3	2	4	3	1	3
	cyber secur	Cyber Security	3	2	0	4	2	3	4	3	2	2	2	2	2	0	2	0	3	0	0	2	1	0	3	0	2	4	4	4	3	3	3	2	2	2	2	2	2	2	2	2	2	3	4	3	3	4	2	3
	cyber secur	Cyber Security	4	2	2	3	3	1	3	1	4	2	3	3	3	3	1	1	1	1	1	3	1	2	4	2	4	3	3	4	3	3	4	4	2	1	3	2	4	2	3	3	3	3	3	3	3	1	3	3
	cyber secur	Cyber Security	3	0	0	1	1	1	2	0	1	3	2	1	0	3	1	2	2	3	1	1	4	2	1	2	2	4	2	1	3	2	2	2	2	3	4	2	3	3	1	3	3	3	3	2	3	2	3	3
	cyber secur	Cyber Security	4	2	1	4	2	1	1	1	2	1	1	2	2	1	1	2	0	3	1	3	2	3	2	2	4	4	4	3	3	1	4	3	0	2	1	0	4	1	2	2	4	4	4	4	4	3	2	2
	cyber secur	cyber security	4	2	4	4	4	4	4	0	4	3	3	1	3	3	1	2	0	2	4	1	2	2	1	1	4	4	4	2	4	4	1	1	4	3	4	2	4	4	4	4	4	3	4	4	4	4	4	3
	cyber secur	Cyber security 	4	0	2	4	0	2	1	2	2	2	2	4	4	4	4	4	0	0	3	0	0	1	3	0	3	3	4	3	4	4	1	4	0	1	3	0	3	1	3	0	2	4	4	2	4	1	4	4
	cyber secur	Cyber security	4	4	3	4	3	4	4	4	4	3	1	1	3	1	3	3	2	0	0	1	1	1	4	0	3	3	1	1	1	1	3	3	1	1	1	1	1	1	1	2	0	1	1	1	0	1	0	1
	cyber secur	cyber security	4	0	1	3	1	3	3	1	1	1	1	1	1	2	1	1	3	1	1	4	2	4	3	1	1	2	1	3	2	1	1	1	3	1	1	1	3	3	1	1	3	3	3	3	1	3	3	3
	cyber secur	cyber security 	0	0	0	4	0	0	0	0	2	2	0	0	0	0	0	0	0	1	4	4	0	2	0	0	1	3	4	1	4	4	2	3	0	0	3	2	3	2	0	1	0	3	2	2	0	0	0	0
	cyber secur	cyber security	4	2	2	4	3	4	4	3	1	0	0	1	0	0	0	3	0	0	2	0	0	0	1	4	3	1	0	0	2	2	3	0	1	0	0	3	3	4	1	4	1	4	4	3	4	4	1	4
	cyber secur	Cyber Security	2	0	0	3	1	0	0	0	3	4	4	1	4	1	3	4	1	1	1	0	4	1	4	0	0	1	3	3	1	3	1	0	1	3	1	0	3	1	4	0	1	1	1	1	3	0	1	0
	cyber secur	Cyber security	3	1	2	4	0	2	0	2	2	0	1	2	0	1	1	4	1	0	0	4	0	4	3	1	3	4	4	3	4	1	0	0	3	3	2	0	1	1	3	0	1	3	4	0	3	3	1	0
	cyber secur	Cyber Security	2	2	2	2	2	2	2	2	3	2	1	2	2	1	2	0	2	4	3	3	4	4	4	1	3	2	4	3	4	3	3	3	2	3	3	3	4	2	4	4	2	3	3	2	2	3	2	2
	cyber secur	cyber security	3	3	2	4	3	3	3	3	3	3	3	2	2	3	3	2	1	2	4	3	1	3	3	3	3	4	3	3	3	3	3	3	0	1	2	2	3	2	3	3	2	3	3	3	3	1	3	3
	cyber secur	Cyber security	2	2	0	3	0	3	1	2	2	4	4	1	3	3	3	2	1	1	2	1	0	2	2	2	2	2	0	2	0	0	0	0	1	0	0	0	3	0	2	0	1	3	3	2	4	4	2	1
	cyber secur	Cyber Security	2	1	0	3	0	0	0	0	3	3	3	3	4	3	4	3	2	2	3	2	2	1	0	1	2	3	2	3	2	0	0	0	0	0	2	0	2	0	0	0	0	1	0	0	2	2	0	0
	cyber secur	Cyber Security	2	2	2	3	1	3	2	0	3	2	3	2	3	4	2	3	4	1	1	1	2	2	3	2	1	3	1	1	1	1	2	0	1	0	1	0	1	0	1	1	3	2	2	2	2	2	1	2
	cyber secur	Cyber Security	2	3	1	3	2	2	2	3	0	1	2	1	1	1	0	1	0	0	0	0	0	0	0	0	1	4	2	2	2	1	2	0	1	2	1	0	0	0	1	2	2	2	3	1	3	3	2	3
	cyber secur	Cyber Security	3	1	0	1	2	1	0	1	3	0	0	1	1	0	0	0	0	0	0	0	0	0	1	0	4	2	4	4	4	3	3	4	0	0	2	2	1	2	3	1	1	1	2	2	1	2	4	4
	cyber secur	cyber security	0	0	0	4	0	0	4	0	0	0	0	0	0	0	0	0	0	4	4	4	4	0	4	4	4	4	0	4	4	0	4	4	4	4	0	0	4	4	4	4	4	4	4	0	0	4	4	0
	cyber secur	Cyber security	2	2	2	0	2	2	1	1	3	3	3	2	1	4	1	3	3	3	1	4	0	4	4	2	2	4	3	4	3	4	4	1	3	0	1	1	1	4	2	1	1	0	2	0	2	0	1	0
	cyber secur	cyber security	3	4	2	3	2	3	2	3	4	4	2	2	2	2	3	2	2	2	2	2	2	2	2	2	3	2	2	2	3	2	2	3	2	2	2	2	3	2	2	2	2	2	2	2	3	2	2	2
	cyber secur	Cyber security	3	2	2	3	2	2	2	2	2	2	0	1	0	2	1	1	0	1	0	1	0	1	4	0	2	3	0	1	0	1	1	0	1	1	1	0	4	0	3	0	2	3	3	3	3	3	2	3
	cyber secur	cyber security	0	0	0	0	0	0	0	0	3	0	0	4	3	0	0	0	2	0	1	3	3	2	2	0	4	4	4	3	4	3	2	2	0	1	0	0	3	0	1	0	0	0	0	0	0	0	0	0
	cybernet	Cybernetics	2	2	0	2	0	2	0	1	4	4	4	2	4	3	1	3	3	1	2	2	2	4	0	2	3	3	3	2	3	3	4	3	0	0	0	0	2	0	0	2	0	0	0	0	1	1	0	0
	cybernet	Cybernetics	3	2	0	4	0	2	0	2	3	3	4	3	4	4	4	2	2	3	3	2	1	3	3	2	1	3	2	3	2	3	1	0	0	1	3	0	4	3	4	3	0	0	1	0	1	3	0	1
	cybernet	Cybernetics	1	2	0	2	1	3	1	3	3	4	3	4	3	3	3	3	1	2	3	4	4	4	0	2	1	2	3	3	3	2	3	2	1	1	1	0	0	1	1	2	0	2	2	1	1	3	0	2
	cybersecuirti	Cybersecuirty	2	0	0	4	0	1	3	0	3	1	0	2	1	0	1	1	0	0	3	0	0	0	2	2	2	3	3	3	2	2	3	2	2	3	2	0	3	3	0	3	1	3	3	3	3	4	2	3
	cybersecur	Cybersecurity	4	2	3	4	3	4	3	3	4	1	3	4	3	3	3	4	0	0	3	1	3	2	1	3	4	0	0	1	0	0	0	0	1	0	3	0	3	3	0	3	3	3	3	3	4	3	3	4
	cybersecur	Cybersecurity	2	2	0	2	0	2	0	3	3	3	3	0	3	3	3	1	0	0	0	2	1	3	3	2	2	3	4	4	4	3	3	3	3	0	3	1	3	0	0	2	0	0	2	3	0	2	0	0
	cybersecur	Cybersecurity	1	3	3	3	3	3	3	3	3	1	1	1	1	1	1	3	3	1	3	1	0	3	3	1	2	3	3	3	3	0	1	1	3	1	1	3	1	1	3	1	1	1	1	1	1	1	1	1
	cybersecur	Cybersecurity	4	3	1	2	1	2	2	2	2	3	1	0	1	1	1	2	4	2	3	4	2	4	1	2	2	4	1	2	2	3	3	2	1	2	2	1	2	1	1	2	2	4	3	4	4	4	3	4
	cybersecur	cybersecurity	0	0	0	0	0	0	0	0	0	0	0	0	0	0	0	0	0	0	0	0	0	0	0	0	1	1	0	3	2	0	0	0	0	0	0	0	0	0	0	0	0	0	0	0	1	1	0	0
	cybersecur	Cybersecurity	0	0	2	4	1	0	1	2	0	0	1	3	3	1	2	3	1	0	2	2	2	4	4	2	1	2	3	2	2	2	2	1	0	2	3	1	3	1	2	1	1	2	4	2	2	2	3	1
	cybersecur	Cybersecurity	1	3	2	3	3	4	2	4	2	2	1	3	0	1	1	3	0	0	0	2	0	2	1	2	3	2	1	2	0	1	2	2	2	1	3	1	3	1	2	3	2	2	3	1	2	2	1	2
	cybersecur	Cybersecurity	2	3	3	2	2	1	1	2	2	4	4	2	3	4	3	3	0	0	1	1	0	1	3	0	0	3	4	1	4	1	2	3	3	2	3	1	4	1	3	1	3	3	4	3	4	1	3	3
	cybersecur	cybersecurity	2	1	0	3	1	2	2	1	4	3	3	4	4	3	3	3	0	0	1	1	2	2	3	1	2	4	4	3	4	3	4	4	3	3	3	2	4	3	3	3	2	3	4	2	4	3	3	2
	cybersecur	CyberSecurity	4	3	3	3	4	2	2	2	4	3	3	4	4	3	2	2	4	3	1	3	3	4	3	3	3	3	3	3	2	3	3	2	3	3	2	3	2	3	3	3	3	4	2	3	1	3	3	3
	cybersecur	CyberSecurity	3	1	1	3	1	2	1	2	3	2	3	3	3	2	3	3	2	3	3	3	2	3	3	2	3	3	2	2	2	1	2	2	3	0	2	3	4	2	3	2	2	2	2	3	3	2	2	2
	cybersecur	Cybersecurity	4	3	2	4	4	4	4	4	4	4	3	3	4	4	3	4	0	1	4	1	0	4	4	4	3	4	3	3	3	4	4	3	2	2	3	1	3	1	0	4	4	4	4	3	4	4	4	4
	cybersecur	Cybersecurity	4	0	0	4	1	3	3	1	1	3	3	4	4	3	3	4	0	0	3	3	1	3	2	1	0	4	3	0	3	0	1	3	0	0	4	0	4	0	3	4	0	0	1	2	4	3	3	2
	cybersecur	cybersecurity	4	1	2	4	1	1	2	1	0	0	0	4	0	1	0	1	0	4	3	0	0	2	2	2	4	4	3	3	4	3	2	1	0	2	4	2	2	2	2	1	4	2	4	4	4	2	3	2
	cybersecur	Cybersecurity	4	0	0	4	0	0	0	0	4	4	4	0	4	4	4	4	0	0	4	0	0	4	4	0	4	4	0	4	0	0	0	0	0	0	0	0	0	0	0	0	0	4	4	4	4	4	0	4
	cybersecur	Cybersecurity	4	4	4	4	2	4	4	4	4	4	4	4	4	4	4	4	2	4	0	4	4	4	4	4	4	4	4	4	4	4	4	4	4	4	4	4	4	4	4	4	2	4	4	2	4	4	4	4
	cybersecur	Cybersecurity 	2	2	0	3	1	2	1	1	1	1	3	2	2	3	1	1	0	0	3	3	3	0	1	2	0	3	2	0	1	0	3	2	0	0	0	0	2	0	0	0	1	4	1	4	3	1	3	3
	cybersecur	cybersecurity	0	3	3	4	4	3	3	4	3	3	4	4	4	3	4	3	0	3	4	2	4	4	4	4	3	3	4	3	4	0	0	1	2	3	3	4	3	1	3	4	1	1	3	1	1	1	1	1
	cybersecur	Cybersecurity 	3	2	1	0	0	3	0	1	1	2	3	0	3	3	2	1	0	0	3	3	3	0	1	2	1	2	0	0	0	0	3	1	0	0	0	0	2	0	0	0	0	3	0	3	2	1	3	2
	cybersecur	cybersecurity	2	3	1	0	0	1	0	2	1	3	2	1	1	4	1	4	3	3	3	4	4	4	4	3	3	3	2	3	2	3	2	2	3	2	3	3	1	3	3	3	0	0	1	0	0	1	1	1
	cybersecur	cybersecurity	4	4	0	4	4	4	4	4	4	2	4	2	4	2	4	2	2	2	4	2	0	2	0	4	3	4	4	2	4	4	2	4	2	4	4	4	4	4	4	4	2	4	4	4	4	4	2	4
	cybersecur	Cybersecurity	2	2	0	2	0	2	2	3	3	3	0	2	3	4	3	2	3	3	3	4	4	4	3	3	3	3	3	2	3	3	3	3	0	2	3	3	3	2	3	3	3	3	3	3	3	3	3	3
	cybersecur	cybersecurity	3	2	0	0	0	2	0	1	3	4	4	2	4	4	4	3	3	3	3	2	0	4	2	3	3	4	2	3	1	4	4	4	2	1	0	4	2	2	1	2	2	0	0	0	2	0	2	1
	cybersecur	Cybersecurity 	4	3	0	4	3	4	4	3	1	3	0	4	1	1	1	4	1	4	4	4	4	4	4	4	4	4	4	4	4	3	3	4	4	0	3	4	4	4	4	1	3	0	4	1	1	1	3	1
	cybersecur	Cybersecurity	1	0	0	4	0	0	0	0	1	0	0	0	0	0	0	0	1	0	0	0	0	0	0	0	3	4	0	0	0	0	3	0	1	0	0	0	4	0	0	0	4	3	4	4	4	3	3	3
	cybersecur	Cybersecurity	3	0	0	2	0	0	0	0	4	3	3	2	3	3	2	2	0	3	1	3	3	2	2	2	1	3	2	2	2	2	2	1	1	0	1	1	3	0	1	0	0	0	2	2	1	1	1	0
	cybersecur	Cybersecurity	1	0	0	4	0	0	1	1	3	3	2	1	0	0	1	1	1	0	3	1	0	0	1	3	3	4	0	3	3	3	3	3	1	1	0	1	4	1	1	3	3	3	4	3	4	2	3	3
	cybersecur	Cybersecurity	2	0	0	0	0	2	0	0	2	2	3	2	2	2	2	0	0	0	1	2	4	0	0	0	2	2	2	4	1	0	1	0	0	0	0	0	0	0	0	0	0	0	0	0	2	0	0	0
	cybersecur	Cybersecurity	3	0	0	2	0	1	2	1	2	1	1	2	0	1	1	1	0	0	2	2	1	2	3	2	4	3	3	4	3	4	2	3	1	1	1	1	3	2	2	1	1	1	1	1	2	4	1	2
	cybersecur	Cybersecurity	4	3	3	3	3	2	4	3	2	2	1	0	0	2	1	0	3	1	0	3	1	4	0	2	1	4	3	2	3	4	4	4	2	3	2	3	3	4	2	4	3	3	4	3	4	4	3	4
	cybersecur	Cybersecurity 	3	3	2	0	2	1	2	1	3	3	3	2	3	3	3	3	1	1	1	3	2	3	2	1	2	3	3	2	3	0	2	4	0	1	2	3	1	1	1	0	0	3	2	2	3	2	1	2
	cybersecur	cybersecurity	2	0	0	3	0	0	0	0	1	0	0	0	0	0	0	0	0	0	0	0	0	0	1	0	4	4	3	3	3	3	3	3	3	2	3	0	3	2	2	1	2	2	2	0	2	2	2	1
	cybersecur	Cybersecurity	2	2	0	4	0	2	2	0	1	0	2	2	0	0	0	0	1	1	0	2	3	3	0	2	0	3	1	2	0	2	4	3	0	2	3	0	3	2	3	4	3	4	4	3	3	4	4	4
	cybersecur	Cybersecurity	1	3	3	1	1	3	1	3	1	2	0	3	1	3	1	2	3	2	0	2	2	3	3	2	3	3	0	3	3	3	3	3	1	0	3	1	3	0	3	1	1	0	1	1	3	2	1	1
	cybersecur	Cybersecurity	2	3	0	2	0	2	2	3	3	4	2	0	1	3	2	3	3	3	0	0	0	2	0	0	1	3	0	3	3	3	3	3	1	0	0	0	3	1	2	3	3	3	2	3	3	3	2	2
	cybersecur	cybersecurity	4	2	3	4	3	1	4	2	2	0	0	1	0	0	0	0	0	0	0	0	0	0	0	0	3	3	1	1	3	0	0	2	0	0	0	1	4	0	4	0	0	3	4	0	1	2	0	0
	cybersecur	Cybersecurity	2	3	1	3	1	3	2	3	3	2	3	2	2	3	2	3	3	1	3	2	2	3	3	4	0	2	0	3	0	0	2	1	0	0	1	3	3	0	0	0	4	3	4	4	4	2	3	4
	cybersecur	Cybersecurity	0	3	0	0	0	2	1	1	4	4	4	3	3	3	3	0	0	0	0	3	4	3	0	0	3	4	3	1	3	0	3	3	0	0	0	0	0	0	0	0	2	3	2	3	0	0	2	2
	cybersecur	Cybersecurity	1	0	2	2	1	1	1	1	2	3	3	2	1	2	2	2	0	1	1	1	1	1	2	1	4	3	2	3	2	3	3	2	0	1	1	1	3	1	2	1	2	0	3	3	3	1	3	1
	cybersecur	CYBERSECURITY	4	4	4	4	4	4	4	4	4	4	4	4	4	4	4	4	4	4	4	4	4	4	4	4	4	4	4	4	4	4	4	4	3	3	4	4	4	4	3	4	4	4	4	4	4	4	4	4
	cybersecur	cybersecurity	0	0	0	1	0	0	0	0	0	2	2	0	3	2	3	2	0	0	3	2	2	0	0	0	2	2	2	0	0	0	0	0	0	0	0	0	4	0	0	0	0	0	3	2	4	2	2	2
	cybersecur	Cybersecurity	0	2	3	3	0	3	0	2	3	4	4	3	4	4	4	4	4	4	3	4	4	4	1	2	4	4	4	2	4	4	3	3	1	0	3	0	3	1	2	1	0	0	0	1	0	0	0	0
	cybersecur	Cybersecurity	0	2	0	2	0	3	0	3	2	3	2	4	3	2	2	3	1	4	3	4	4	3	4	3	3	3	4	4	4	3	3	3	2	0	4	1	3	1	4	0	0	0	2	3	2	0	2	2
	cycber secur	cycber security	3	3	0	1	3	3	3	2	3	1	1	0	1	2	3	1	2	3	0	2	1	4	4	1	3	0	4	4	4	4	4	4	0	2	3	2	2	3	4	4	0	3	3	0	0	4	2	3
	cývýl engeneerýng	cývýl engeneerýng	3	3	2	4	1	0	2	1	2	2	2	4	2	1	3	2	2	1	4	1	1	2	4	0	3	0	1	3	0	0	0	3	4	2	1	2	1	0	3	2	4	3	1	1	2	1	0	1
	dairi	Dairy Science 	1	4	1	2	4	2	1	2	0	3	4	0	1	0	0	0	0	1	0	0	0	4	4	0	3	3	0	0	0	0	0	2	2	1	0	0	2	0	0	0	3	2	0	4	4	0	0	2
	danc	dance	2	0	0	0	0	0	1	0	2	3	2	0	1	2	1	1	2	4	3	2	1	3	4	3	3	4	3	4	4	4	4	4	1	3	0	3	1	2	3	2	0	0	0	0	0	2	0	0
	danc	dance	0	0	0	0	0	0	0	0	3	2	1	0	0	0	0	0	3	4	3	4	4	4	3	3	3	3	1	4	1	4	2	1	2	3	4	3	3	3	2	3	0	0	0	2	1	1	0	0
	danc	Dance	0	0	0	0	0	0	0	0	2	0	0	0	0	0	0	0	0	3	1	1	3	0	0	2	1	0	0	3	1	0	1	0	0	0	0	0	0	0	0	0	0	0	0	0	0	0	0	0
	danc	Dancing	0	0	0	0	0	0	0	0	3	0	0	0	0	0	0	0	1	3	2	1	2	0	0	2	2	0	0	4	2	1	1	0	0	0	0	1	0	0	0	0	0	0	0	0	0	0	0	0
	danc	Dance	2	1	1	0	1	2	2	1	4	2	0	0	0	2	0	0	1	2	1	2	3	3	2	3	1	0	0	4	2	2	2	2	0	0	0	2	1	0	1	0	0	0	0	0	0	0	0	0
	danc	dance	2	2	0	1	1	0	0	0	2	0	0	2	2	0	0	0	2	1	0	0	0	0	3	4	4	4	4	4	4	4	4	4	2	0	1	4	1	4	0	0	2	0	2	4	1	0	0	0
	danc	Dance	0	0	0	0	0	0	0	0	3	0	0	1	0	1	0	0	1	2	2	2	0	1	4	4	1	2	0	1	1	2	2	2	0	1	0	0	0	0	0	0	1	0	0	0	0	2	0	0
	danc	dance major	2	0	0	0	0	0	0	0	2	2	1	0	0	1	0	0	0	0	1	0	0	0	4	0	2	2	0	4	2	2	2	0	2	2	3	3	0	2	2	0	3	0	4	3	0	0	0	4
	danc	dance	0	0	0	0	0	0	0	0	2	0	0	0	0	0	0	0	4	3	0	1	0	4	1	0	2	3	3	4	4	2	0	3	0	0	0	0	1	0	0	0	0	0	0	0	0	0	0	0
	danc	dance	0	1	0	0	0	0	0	0	4	4	3	3	2	3	1	2	4	4	2	4	3	4	1	2	4	3	2	4	4	4	3	1	0	0	0	1	3	1	1	1	0	0	0	0	2	0	0	0
	danc	Dance	0	0	0	0	0	0	0	0	0	0	0	0	0	0	0	0	4	4	0	3	1	3	2	3	2	0	0	3	1	0	1	0	0	0	3	3	0	0	1	0	0	0	0	0	0	0	0	0
	danc	Dance 	0	0	0	0	0	0	0	0	1	0	0	0	0	0	0	0	0	1	1	2	1	1	0	1	0	1	2	1	4	0	1	2	0	1	0	0	0	4	0	0	0	0	0	0	1	0	0	1
	danc	Dance 	0	0	0	0	0	0	0	0	2	1	0	0	0	0	0	0	0	1	1	1	1	1	0	1	0	0	1	1	4	0	1	0	0	2	0	1	0	4	0	0	0	0	0	0	0	0	0	1
	danc	Dance	2	2	0	0	0	2	0	0	3	4	4	3	3	4	2	1	3	3	2	3	4	3	3	2	3	3	1	4	3	2	2	2	1	1	1	2	3	0	1	1	3	1	1	1	0	0	0	0
	danc	Dance	2	1	1	1	1	1	1	1	1	2	3	1	2	2	1	3	3	3	3	3	3	2	1	3	2	3	1	3	2	2	2	3	1	3	1	2	3	3	2	2	1	1	1	1	1	2	1	1
	danc	Dance	0	0	0	0	0	1	0	0	1	1	0	1	0	2	0	3	0	0	2	0	0	0	2	0	3	3	1	3	2	2	2	1	0	2	1	0	0	0	2	0	0	0	0	0	0	0	0	0
	danc	Dance 	2	2	0	0	1	1	1	1	4	2	2	2	2	2	3	2	0	2	2	1	2	4	2	3	3	4	3	2	3	3	2	2	0	3	2	0	2	3	1	2	2	3	2	4	3	3	2	3
	danc	Dance 	0	2	0	0	0	0	0	0	3	3	3	3	3	3	3	0	4	4	3	4	4	4	0	2	4	4	3	2	4	1	1	1	1	1	1	2	3	1	1	0	0	0	0	0	0	1	0	0
	danc	Dance	0	1	1	0	0	2	0	2	4	1	2	3	3	4	2	4	2	4	2	3	3	4	4	3	3	4	3	4	4	3	2	0	3	3	3	4	3	2	4	1	1	0	0	1	4	4	2	0
	danc	dance	0	0	1	0	0	0	0	0	0	2	0	0	0	0	0	0	1	1	1	2	0	2	2	0	0	1	2	0	2	0	0	0	0	2	0	2	0	2	2	0	0	0	0	0	0	0	0	0
	danc	Dance	2	2	3	1	2	1	1	2	3	3	3	4	3	3	2	3	0	1	3	4	4	2	1	3	1	3	3	3	3	3	3	2	1	0	1	1	2	1	2	1	1	1	1	1	1	1	1	1
	danc	dance	0	1	0	3	1	4	1	2	4	4	4	2	2	4	2	1	3	1	4	3	2	4	4	1	4	4	3	4	4	3	3	4	1	2	4	4	3	1	2	4	4	0	2	1	1	1	4	0
	danc	Dance	0	0	0	0	0	0	0	0	4	2	1	0	0	0	0	0	0	0	0	0	1	0	0	0	4	4	3	4	3	2	3	4	0	0	0	0	0	0	0	0	1	0	0	0	0	1	0	0
	danc	dance	0	2	0	0	0	0	2	0	3	4	3	0	2	4	3	3	3	3	3	4	3	4	4	4	1	3	3	4	3	4	3	3	0	1	2	2	1	2	1	1	0	0	1	0	0	0	0	0
	danc	Dance	0	3	0	1	1	2	0	3	4	3	3	2	2	3	2	2	2	4	2	3	4	2	2	3	2	4	3	4	3	2	3	2	0	2	3	2	3	2	2	1	0	0	1	1	0	1	0	0
	danc	dance	0	2	0	0	0	0	0	0	4	2	2	2	2	2	0	0	4	4	3	4	4	4	4	4	4	4	0	3	1	2	3	1	1	1	1	1	2	1	0	2	0	1	0	0	0	2	1	0
	danc	Dance	0	2	0	0	0	0	0	0	3	3	3	2	3	3	3	3	3	4	4	4	4	4	4	3	2	4	3	4	1	3	3	2	0	1	2	1	2	1	0	1	0	1	0	0	0	1	0	0
	danc	Dance	4	0	0	0	0	0	0	0	2	2	1	0	0	1	0	1	0	3	2	0	0	2	4	2	2	3	3	3	3	4	4	3	1	2	1	1	2	2	1	2	0	0	1	0	2	3	0	0
	danc	dance	0	2	0	1	0	2	0	0	4	2	2	3	2	1	2	2	3	3	3	3	4	2	0	3	3	3	3	3	3	2	3	3	0	0	0	2	0	0	0	0	0	0	0	0	0	2	0	0
	danc	Dance	3	0	0	1	0	0	3	0	4	3	2	1	3	2	3	1	3	4	3	3	2	3	0	3	2	3	2	3	2	1	1	3	1	2	1	1	0	2	1	3	0	1	0	0	0	0	0	1
	danc	Dance	3	1	0	4	1	1	1	3	4	4	3	1	2	3	2	2	4	4	4	3	4	4	4	4	3	3	1	2	3	4	4	1	0	1	3	4	2	1	3	3	0	3	1	0	4	4	1	0
	danc	Dance	0	0	0	0	0	0	0	0	3	0	0	0	0	0	0	1	0	3	2	2	1	3	2	2	4	0	1	4	4	4	3	2	0	4	3	2	1	4	1	0	1	0	0	2	2	0	1	2
	danc	Dance	0	0	0	0	0	0	0	0	4	1	2	3	2	2	0	3	2	4	3	3	3	4	4	4	3	3	4	4	4	4	4	2	0	0	1	1	1	0	1	0	0	1	0	0	0	0	0	0
	danc	dance	2	2	0	1	0	1	0	1	4	2	3	4	2	3	2	2	4	4	3	4	4	4	4	3	3	3	4	3	4	4	3	1	1	1	3	3	1	1	1	3	1	1	1	1	0	0	0	0
	danc	Dance	0	3	0	0	0	2	0	1	4	4	4	2	3	4	2	3	1	4	2	1	3	3	1	3	2	3	2	4	3	3	4	2	0	0	0	0	0	1	0	0	0	1	0	0	3	0	0	0
	danc	Dance	0	0	0	0	0	0	0	0	1	1	0	1	1	2	2	0	0	0	1	0	1	2	1	0	2	2	2	2	3	2	2	3	0	0	1	1	3	0	1	0	3	1	3	3	3	2	1	3
	danc	Dance	1	3	0	3	0	4	0	3	3	4	1	3	2	3	3	4	4	4	0	3	0	4	0	4	4	3	3	3	3	0	1	1	0	3	3	4	1	3	2	2	1	2	2	2	3	1	0	0
	danc	dance	0	0	0	0	0	0	0	0	0	0	0	0	0	0	0	1	0	4	4	4	3	2	2	3	3	4	0	3	1	3	2	2	4	1	0	0	4	3	2	1	0	0	0	2	2	2	1	1
	danc	dance	0	0	2	0	0	1	0	0	4	2	3	3	2	3	1	3	0	3	3	3	4	2	4	4	3	2	3	4	3	1	2	3	3	0	2	2	1	0	1	1	0	0	0	2	1	0	0	0
	danc	Dance	2	1	0	2	0	1	1	0	4	3	2	3	4	1	4	2	4	4	1	3	4	4	4	3	3	2	0	2	0	3	3	3	0	1	3	0	2	0	0	2	0	2	2	0	0	2	0	1
	danc	Dance	2	0	0	0	0	3	0	1	4	4	3	3	3	4	2	3	4	4	3	4	4	4	3	4	3	3	0	4	1	1	2	4	2	2	2	2	4	2	3	3	1	0	0	1	0	2	1	1
	danc	dance	0	0	0	0	0	0	0	0	0	0	0	0	0	0	0	0	3	4	4	4	3	4	4	2	0	0	0	0	0	0	0	0	0	0	0	0	0	0	0	0	0	0	0	0	0	0	0	0
	danc	Dance	0	1	0	0	0	0	0	0	2	1	0	0	0	0	0	0	1	1	0	1	2	1	4	2	1	2	3	4	1	2	0	0	1	1	1	2	2	0	3	0	1	0	1	0	0	0	0	0
	danc	Dance Major	2	2	0	2	0	0	1	1	2	2	2	2	0	3	1	2	3	3	4	4	4	4	4	4	3	3	2	4	2	4	2	1	0	0	3	2	2	3	0	2	2	2	2	2	0	3	2	0
	danc	dance	0	3	0	0	0	1	0	2	4	4	4	2	2	4	1	2	2	2	2	3	3	4	2	2	3	4	4	4	4	4	4	1	0	0	0	1	0	0	0	0	0	0	0	0	0	1	0	0
	danc	Dance	0	0	0	1	0	3	0	2	3	3	3	2	2	4	2	4	4	4	3	4	4	4	3	4	2	3	0	3	3	1	3	3	3	2	3	2	4	2	4	2	0	0	0	0	2	2	3	1
	danc	Dance	0	0	0	0	0	0	0	0	3	1	1	0	1	1	0	0	1	2	4	1	4	4	1	2	2	3	2	4	3	2	3	1	0	3	2	2	3	3	1	1	0	0	0	0	0	0	0	0
	danc	Dance	0	0	0	0	0	3	0	0	4	4	3	2	3	4	2	4	4	4	4	4	4	4	4	4	2	3	1	3	1	2	2	2	0	2	2	2	3	2	3	3	0	0	0	2	0	0	1	0
	danc	dance	2	0	0	0	0	0	0	0	4	2	0	0	0	0	0	0	1	4	3	1	2	1	2	1	4	0	0	4	1	2	2	0	0	0	0	0	0	0	1	0	1	1	0	1	0	0	0	0
	danc	Dance	3	2	1	0	0	1	1	0	3	4	4	1	1	4	1	3	2	4	2	2	2	3	4	3	2	4	3	4	2	2	3	3	1	3	3	2	2	2	1	2	1	1	0	2	0	2	1	1
	danc	Dance	0	2	0	2	0	0	2	2	3	2	1	2	3	1	3	2	1	2	4	3	3	1	4	2	3	3	3	4	2	2	2	2	2	3	1	3	3	4	4	0	1	3	2	2	3	2	1	2
	danc	Dance	2	2	0	1	1	2	0	0	4	2	2	2	4	2	3	1	2	4	2	1	0	3	1	3	2	3	1	3	3	3	2	1	0	0	3	1	2	0	2	0	2	3	2	3	1	3	2	2
	danc	Dance	2	2	1	2	2	1	1	1	4	3	2	3	3	3	1	2	2	2	3	3	3	3	3	3	3	3	2	4	2	2	3	2	1	2	2	2	2	3	3	2	3	2	2	2	2	2	2	1
	danc	dance	0	0	0	0	0	0	0	0	0	3	0	0	0	0	0	0	2	0	2	3	0	0	3	0	1	1	0	0	2	0	0	1	0	1	0	3	1	3	2	0	0	0	0	0	0	0	0	0
	danc	Dance	0	0	0	0	0	0	0	0	0	0	0	0	0	0	0	0	0	0	0	4	2	0	0	0	3	2	0	0	3	2	1	0	0	0	0	0	0	2	0	0	0	0	0	0	0	0	0	0
	danc	Dance	0	0	0	0	0	0	0	0	0	0	1	0	0	1	0	0	1	2	2	0	0	0	4	0	0	1	0	3	0	2	2	0	0	0	0	0	0	2	0	0	0	0	0	0	0	0	0	0
	danc	Dance	0	2	4	2	1	4	0	3	2	2	2	4	2	2	1	1	1	3	3	3	4	2	4	3	3	4	4	2	4	1	2	1	0	0	2	1	2	0	3	0	0	1	0	0	0	0	0	0
	danc academi	Dance Academy	0	2	0	2	0	1	1	0	4	3	3	2	4	3	2	2	4	3	4	3	4	4	2	4	3	3	3	4	4	2	3	2	0	0	0	1	2	0	0	1	1	1	0	1	0	0	0	0
	danc ballet	Dance Ballet	3	2	0	1	2	1	3	2	3	1	2	0	3	3	1	3	2	1	2	0	1	3	1	1	3	2	2	2	2	3	1	2	1	1	3	1	3	2	0	3	2	2	2	2	2	1	0	2
	danc busi	Dance and Business	3	1	0	3	0	1	0	1	4	1	1	3	3	0	1	0	2	4	4	3	3	0	4	4	3	4	3	4	3	1	3	0	2	0	2	2	3	0	3	0	2	2	2	3	1	0	3	2
	danc movement therapi	Dance movement therapy 	0	0	0	0	0	0	0	0	4	4	4	4	1	4	2	0	3	4	4	2	1	4	3	3	4	4	4	4	4	4	4	4	0	0	2	4	0	4	4	4	0	0	0	0	0	0	0	0
	danc perform	Dance Performance	0	0	0	0	0	0	0	0	1	0	0	0	0	0	0	0	2	2	2	2	3	0	2	0	2	2	0	3	0	2	2	2	0	2	2	0	0	2	0	0	0	0	0	0	0	0	0	0
	danc psycho	Dance, psycho	3	1	0	1	1	2	1	1	3	3	3	1	1	2	2	2	0	2	2	2	3	3	4	3	2	2	3	2	4	4	4	1	1	2	1	1	1	1	0	3	0	2	1	1	0	0	0	0
	danc therapi	Dance Therapy	0	2	0	0	0	0	0	2	3	2	3	0	0	3	0	2	2	2	3	2	3	3	2	3	3	3	3	4	3	3	3	3	0	0	1	2	0	0	2	2	1	0	0	1	0	0	1	0
	dancimg	dancimg	0	0	0	0	0	0	0	0	2	2	2	0	0	0	0	0	2	0	0	4	0	4	1	0	3	0	0	0	1	0	0	0	0	0	0	3	0	0	0	0	0	0	0	0	0	0	0	0
	danish social	Danish and Social Sciences	2	2	0	0	0	2	0	1	3	3	3	2	3	3	2	4	3	3	2	1	3	4	1	3	4	3	1	3	3	0	2	2	1	1	3	2	3	0	0	2	0	0	0	0	0	0	0	0
	dantel	dantel	1	4	4	2	3	4	3	4	2	4	4	2	2	3	2	3	4	4	4	4	4	4	3	4	2	2	2	3	1	2	1	1	2	3	2	4	1	2	3	1	1	2	1	1	2	2	3	1
	data	Data Science	3	0	1	3	1	0	2	0	2	2	1	0	1	0	1	0	0	2	3	0	0	0	0	4	3	1	1	0	2	0	2	1	2	1	3	0	2	0	0	0	2	2	4	2	3	3	2	2
	data	Data Science	1	0	0	4	0	0	0	0	4	0	0	0	0	0	0	0	0	0	0	0	0	0	0	0	0	0	0	3	0	0	0	0	3	0	0	0	3	0	2	0	3	3	4	2	4	0	3	0
	data analysi	Data analysis	3	3	2	3	3	3	3	3	1	1	1	1	0	3	1	2	0	0	0	1	1	3	4	1	3	3	1	3	1	3	3	2	1	2	2	3	3	2	1	3	1	3	2	2	2	3	1	3
	data analyt	Data Analytics	1	0	0	0	0	0	0	0	3	3	3	1	3	1	1	3	0	0	4	0	3	0	0	3	0	1	0	0	0	0	1	0	0	0	0	0	0	0	0	1	4	4	3	4	4	4	4	4
	data analyt	Data Analytics	1	2	0	2	1	2	3	0	0	2	1	2	1	1	0	0	0	3	0	1	1	0	0	0	4	4	2	3	4	3	3	2	4	3	3	3	4	3	3	2	2	3	4	3	4	3	3	3
	day care	day care	2	1	2	1	2	2	2	0	4	4	4	3	4	4	4	0	2	3	2	1	2	4	2	0	4	4	4	4	4	4	4	4	2	2	2	4	2	4	4	4	2	2	3	4	2	3	4	4
	dd	dd	3	1	1	3	3	1	1	1	1	1	1	3	1	1	2	1	2	1	1	2	1	1	2	2	2	2	3	1	1	1	3	1	1	1	3	2	3	1	1	3	3	1	3	3	3	1	3	3
	death	DEATH	0	0	0	0	0	0	0	0	0	0	0	0	0	0	0	0	0	0	0	0	0	0	0	0	4	4	4	4	4	4	4	4	0	0	0	0	0	0	0	0	0	0	0	0	0	0	0	0
	decid	Not decided 	3	1	0	4	0	2	0	0	4	2	3	2	2	1	2	1	3	1	0	2	4	4	1	2	3	2	2	1	2	3	0	3	0	0	0	0	1	0	1	4	0	3	4	0	2	4	3	1
	decid	deciding	2	0	0	0	0	0	0	0	2	0	0	0	0	0	0	0	0	0	0	0	0	0	0	0	1	4	4	4	4	4	4	3	0	1	3	0	4	1	0	1	1	0	0	2	4	3	2	0
	decid	not decided	1	0	0	3	1	2	3	0	4	3	3	3	3	3	3	3	3	3	3	2	1	4	3	2	4	3	3	3	0	4	3	3	1	0	1	2	3	3	2	0	1	3	3	3	2	3	1	0
	decid	Not decided	3	0	1	4	0	1	4	1	4	0	3	2	3	2	2	1	0	1	1	0	2	3	0	1	1	2	0	4	0	1	1	0	0	1	3	1	2	0	0	3	1	2	2	1	1	0	0	2
	decid	Not yet decided	2	2	2	2	2	2	2	2	3	3	3	3	2	3	3	3	1	1	1	2	1	2	2	2	3	2	2	1	3	2	2	2	2	2	2	2	2	2	2	2	1	2	2	2	3	3	2	2
	decor	decoration	2	1	0	0	0	0	0	0	1	1	1	1	0	1	0	0	2	3	3	3	2	3	3	3	3	2	3	3	3	3	3	2	3	2	2	2	1	1	0	3	2	1	1	2	1	1	2	1
	deisgn	Deisgn	2	1	1	3	1	0	1	0	3	3	3	2	3	3	3	1	0	1	4	2	1	2	2	4	2	2	2	3	4	0	0	2	0	2	2	3	0	1	0	3	1	2	2	0	2	2	0	2
	dekalb high	Dekalb High school 	2	2	1	1	1	2	2	0	1	4	1	1	2	1	0	1	4	3	2	2	2	1	0	1	2	1	2	2	3	3	1	2	4	4	1	2	1	0	2	2	3	2	2	2	0	1	1	2
	demographi	Demography	0	1	0	1	0	0	1	1	4	3	4	1	1	2	1	4	2	3	2	0	4	0	0	3	3	4	3	4	3	1	4	4	2	3	4	0	3	3	3	3	3	3	3	4	4	4	3	4
	demographi	Demography	1	2	0	2	0	0	2	0	4	4	4	3	4	4	2	4	4	3	3	4	3	4	0	3	3	3	0	0	1	0	0	0	0	0	0	0	1	0	0	0	0	1	0	2	4	2	0	1
	derecho	Derecho	4	0	4	3	2	0	2	0	2	2	4	2	2	2	3	3	0	4	0	1	4	2	1	1	4	3	4	4	4	0	4	1	0	0	4	0	4	2	0	2	4	4	4	4	4	4	3	3
	derecho	Derecho	2	0	0	0	0	0	0	0	4	2	4	4	4	3	3	3	2	2	2	4	4	4	3	4	4	3	4	3	4	1	2	0	2	0	3	0	4	1	2	0	0	0	0	2	0	0	2	0
	derecho	DERECHO	0	0	4	2	2	0	0	1	2	2	3	4	1	0	2	3	1	4	3	2	1	4	3	4	4	3	4	4	3	1	0	1	1	3	0	4	4	4	4	4	4	3	1	2	2	0	4	4
	dermatolog	dermatology	0	0	0	0	0	0	0	0	1	0	0	3	0	0	0	0	3	3	0	4	0	4	4	0	2	0	1	0	2	1	1	0	0	0	0	4	0	4	0	0	0	0	0	0	0	0	0	0
	dermatolog	Dermatology	4	0	2	0	0	0	3	0	4	0	3	4	4	3	4	4	4	4	3	4	4	4	3	4	3	3	3	3	3	3	0	0	4	4	3	4	3	4	0	4	1	0	0	2	0	0	0	3
	dese	desing	0	0	0	0	0	0	0	0	0	0	0	0	0	0	0	0	0	0	0	0	0	0	0	0	0	0	0	0	0	0	0	0	0	0	0	0	0	0	0	0	0	0	0	0	0	0	0	0
	desenho	desenho	3	2	3	2	2	3	2	2	3	3	3	2	3	3	2	2	1	2	3	1	3	1	1	3	3	3	3	3	3	3	3	3	2	3	3	1	2	2	3	2	1	3	3	3	2	3	2	2
	desgin	desgin	2	2	1	1	0	1	1	2	0	0	0	1	0	1	1	1	0	1	3	1	3	1	1	3	0	0	0	0	1	2	1	2	2	2	3	3	1	3	1	2	1	1	1	1	1	1	1	2
	desiel technolog	desiel tech	1	2	4	2	2	0	0	0	0	0	0	0	0	0	0	0	0	0	0	0	0	0	0	0	0	0	0	0	0	0	0	0	0	4	0	0	3	0	0	0	0	0	0	0	0	0	0	0
	desktop publish	Desktop publishing	2	1	1	2	0	1	3	1	3	2	1	1	1	0	1	1	0	0	2	2	0	0	1	1	0	1	0	0	0	0	0	0	0	0	0	0	0	0	0	0	1	4	1	3	2	4	0	3
	detect	detective	0	0	0	0	0	0	0	0	1	0	0	1	1	0	1	1	0	0	0	0	0	0	0	0	2	2	3	0	2	1	0	0	0	0	0	1	1	0	1	0	1	0	0	1	1	0	1	0
	deu	deu	0	0	0	0	0	0	0	0	0	0	0	0	0	0	0	0	0	0	0	0	0	0	0	0	0	0	0	0	0	0	0	0	0	0	0	0	0	0	0	0	0	0	0	0	0	0	0	0
	develop	Development Studies	1	2	1	2	1	2	2	2	2	1	2	2	2	1	1	2	1	1	1	1	2	2	0	3	3	3	3	2	2	0	1	0	0	2	3	0	3	0	0	1	2	2	2	1	1	2	1	2
	develop	Development	1	0	0	0	3	0	4	3	0	3	0	0	1	0	0	4	3	4	0	3	2	3	3	4	0	4	4	1	4	4	4	4	1	4	4	3	4	4	4	4	0	1	0	3	1	0	0	4
	develop	development 	0	0	0	0	0	0	0	0	2	2	2	2	2	2	2	3	0	2	2	0	0	0	0	0	2	4	2	0	2	0	2	2	0	1	2	0	3	2	0	2	2	1	1	2	3	0	1	0
	develop	Development	2	3	2	1	1	1	2	2	3	3	2	2	1	2	1	1	3	1	2	2	3	3	3	2	4	3	3	4	3	3	3	2	0	0	3	3	3	3	0	3	0	2	0	0	0	0	1	0
	develop	Development Studies	2	1	0	1	1	1	1	0	3	3	3	3	3	3	3	2	3	3	3	3	2	3	1	3	3	3	2	0	3	2	2	2	2	2	3	1	3	3	1	2	3	1	2	3	3	2	2	1
	develop	Development	0	0	0	0	0	0	2	0	0	3	3	0	0	3	0	0	2	2	2	3	2	0	3	3	2	4	3	4	4	4	3	3	0	0	4	4	4	4	0	4	2	0	2	3	2	0	0	1
	develop	Development Studies	4	3	1	0	1	1	3	1	1	3	3	1	0	1	1	0	2	4	3	3	1	4	3	3	4	4	3	3	4	3	3	3	3	3	4	3	3	3	3	1	3	1	3	3	1	3	3	3
	develop	Development studies	4	1	3	3	1	2	3	1	2	3	3	3	1	1	1	2	3	3	3	1	2	3	3	3	4	3	1	1	1	1	3	2	0	0	2	2	3	1	0	1	2	1	2	1	3	2	1	1
	develop	Development studies 	0	3	2	3	3	3	0	3	3	4	4	3	3	4	3	4	0	1	3	3	3	3	3	3	3	4	4	3	4	3	4	2	0	2	1	1	1	2	0	3	0	0	0	0	0	0	0	0
	develop	Development 	1	2	2	1	1	2	2	0	3	4	3	2	2	2	3	1	1	2	2	3	3	1	2	2	4	3	1	2	3	2	2	3	0	3	2	1	1	3	3	4	2	2	0	1	0	2	0	0
	develop	Development studies	0	1	0	0	0	1	0	0	0	3	2	3	1	4	1	3	0	0	4	4	4	4	1	2	4	4	1	1	2	4	3	2	0	3	2	1	1	2	2	2	0	1	1	0	1	2	1	1
	develop	Development	0	2	0	0	0	0	0	1	0	0	0	2	0	0	0	0	2	1	3	4	2	3	1	2	4	4	4	2	4	3	4	3	0	0	3	1	1	0	1	1	0	0	1	0	0	1	3	0
	develop	development	1	1	2	0	1	1	0	1	3	2	1	2	1	2	1	2	2	4	3	2	4	2	4	4	3	3	3	3	3	2	2	2	0	1	3	1	2	3	1	1	1	1	1	1	0	0	0	0
	develop	Development Studies	4	2	0	3	1	4	3	1	2	2	2	1	0	1	0	2	0	3	2	1	2	1	2	3	3	4	3	4	4	0	3	2	1	1	1	0	3	0	1	1	3	4	3	4	3	3	1	3
	develop	Developer	3	0	0	4	1	0	0	1	0	2	2	2	1	0	0	0	0	1	1	1	1	1	0	2	0	3	3	1	2	0	2	3	1	2	1	1	2	0	3	2	2	2	2	1	0	0	1	2
	develop communic	Development Communication	0	0	2	3	1	2	1	1	4	3	3	4	3	3	3	2	4	2	2	3	3	3	2	3	4	4	3	2	3	1	2	1	1	0	2	1	2	1	2	1	0	0	1	0	1	1	1	1
	develop communic	Development Communication	0	1	3	1	0	0	0	1	0	1	3	1	1	4	0	1	0	4	4	3	3	4	0	3	3	4	4	4	4	3	3	1	3	1	3	3	3	3	1	4	1	0	3	4	0	0	1	3
	develop plan	Development Planning	2	1	0	1	1	1	1	0	1	3	2	2	2	3	2	2	2	2	2	1	3	2	3	2	3	4	4	2	4	4	4	4	1	2	3	3	2	2	2	3	2	1	3	2	3	1	1	1
	development	Developmental Studies	2	2	0	1	0	0	0	1	1	1	1	1	1	1	1	2	2	3	4	4	4	3	0	3	2	3	2	2	2	3	2	1	2	2	2	2	2	2	0	2	2	2	1	2	0	0	2	1
	development	developmental studies	0	0	2	0	0	0	1	2	4	2	1	2	0	2	0	0	2	2	3	3	0	4	0	2	4	3	4	4	4	4	4	3	3	4	4	0	4	4	0	3	3	3	2	4	2	4	3	4
	development disabl	developmental disabilities	2	0	0	0	0	1	1	0	4	4	2	0	2	0	2	0	0	0	0	2	1	1	0	1	3	4	4	3	2	2	3	3	0	0	2	0	3	2	0	2	2	3	2	2	0	3	0	1
	di dint	i dI dint attend university 	0	1	1	0	1	1	0	1	2	3	2	3	2	4	3	0	0	4	2	3	4	4	4	4	2	2	3	3	3	3	1	0	2	3	2	0	3	4	4	3	2	1	1	3	2	0	2	0
	dickhol	dickhole	4	4	4	4	4	4	4	4	4	4	4	4	4	4	4	4	4	4	4	4	4	4	4	4	4	4	4	4	4	4	4	4	4	4	4	4	4	4	4	4	4	4	4	4	4	4	4	4
	didnt	didnt	0	0	0	0	0	0	0	0	0	2	3	0	0	4	0	2	0	0	0	0	0	0	0	0	0	0	0	0	0	0	0	1	0	0	0	0	0	0	0	1	0	0	0	0	0	0	0	0
	didnt	didnt	2	3	1	0	3	1	1	4	2	2	4	2	3	3	0	4	2	0	2	4	2	4	4	4	3	4	4	1	3	3	2	4	2	4	4	2	4	2	4	4	4	2	4	1	1	0	4	4
	didnt	didnt	2	1	0	0	0	0	0	0	3	2	2	4	1	2	1	0	0	1	0	1	0	0	0	0	1	4	4	2	4	3	2	2	1	1	1	2	0	0	1	0	0	1	0	0	0	0	0	0
	didnt	didnt 	0	0	1	1	1	0	0	0	1	1	3	1	1	1	0	0	1	0	2	1	0	0	0	0	3	0	3	3	3	3	3	3	0	1	1	1	1	0	0	0	2	1	2	1	1	0	1	0
	didnt attemnd	didnt attemnd 	2	0	0	0	0	0	0	0	0	0	0	0	0	0	0	0	0	0	4	0	0	0	0	4	0	0	0	0	0	0	0	1	0	0	0	3	0	0	0	0	0	0	0	0	0	0	0	0
	didnt still standard	didnt attend yet,still in 11 standard	3	2	3	3	2	1	0	0	2	2	2	1	2	0	0	1	4	3	4	4	4	4	4	3	1	3	4	4	3	1	3	2	1	3	3	3	3	1	1	1	1	3	4	2	0	0	0	1
	diesel	Diesel	3	2	4	2	4	3	3	3	0	1	2	0	0	1	1	1	0	0	0	0	0	2	1	0	0	0	2	0	1	1	1	2	1	1	0	0	0	0	1	0	0	2	0	2	1	2	1	3
	diesel	diesel	2	0	4	3	2	3	4	2	1	3	2	2	2	3	2	3	0	0	0	2	0	3	4	0	3	0	2	2	0	3	2	2	1	0	2	0	3	0	4	3	0	0	0	1	0	2	2	2
	diesel	 diesel	2	2	2	2	1	2	1	1	4	3	3	0	0	0	0	0	0	0	0	0	0	2	2	0	0	3	2	3	1	2	2	0	0	0	0	0	2	0	2	0	0	1	1	0	0	2	0	0
	diesel	diesel	4	0	4	2	3	1	1	0	2	1	1	0	0	0	0	0	0	1	0	0	0	0	3	0	3	2	2	0	2	0	0	3	0	0	1	0	3	0	0	0	0	1	0	0	0	0	0	0
	diesel mechan	Diesel Mechanic	4	2	3	3	2	1	3	2	0	3	3	1	1	1	2	2	0	1	2	1	1	3	2	1	4	3	4	1	3	3	3	4	1	3	1	0	2	1	2	2	2	2	1	2	1	3	1	1
	diesel mechan	diesel mechanics	0	3	2	0	3	2	1	3	0	0	0	0	0	0	0	0	0	0	0	0	0	0	2	0	0	0	0	0	0	0	0	0	0	0	2	0	2	0	0	0	0	0	0	0	0	0	0	0
	diesel mechan	diesel mechanic	4	3	4	4	3	4	3	4	1	3	4	3	2	3	2	2	0	1	2	2	2	2	4	3	3	3	3	2	3	2	3	3	2	2	1	1	3	1	2	2	2	3	2	2	2	2	1	2
	diesel mechan	diesel mechanics	2	2	0	1	2	2	2	2	0	0	0	0	0	0	0	0	0	0	0	0	0	0	2	0	2	2	0	0	0	0	1	0	0	2	0	0	2	0	0	0	0	1	0	0	0	2	0	0
	diesel mechan	diesel mechanic	2	3	2	3	3	4	3	4	2	3	2	2	3	2	3	3	0	0	0	0	0	2	4	3	1	0	0	0	1	0	1	0	0	0	0	0	2	0	0	0	1	2	0	0	1	2	3	2
	diesel mechan	Diesel mechanics 	2	2	4	2	3	3	2	3	3	2	2	2	2	2	2	0	0	0	1	0	0	0	3	0	2	3	1	3	1	2	2	2	4	1	2	2	2	0	4	1	2	2	2	2	3	1	4	2
	diesel mechan	diesel mechanic	2	2	4	0	0	0	0	4	0	0	0	0	0	0	0	0	2	0	0	0	0	0	0	0	4	4	2	0	0	2	0	0	0	0	0	2	0	0	0	0	0	0	0	0	0	2	0	0
	diesel servic	diesel services	3	2	4	0	1	2	0	3	0	1	0	4	0	4	0	2	0	3	4	2	0	4	4	2	3	1	1	4	3	3	1	1	1	2	0	0	4	0	2	1	1	2	0	0	0	2	2	0
	diesel servic	diesel service	3	3	3	2	3	2	3	3	2	3	2	1	2	2	2	3	1	0	1	1	1	0	3	1	3	3	2	3	3	2	2	3	1	2	1	0	2	1	2	2	2	1	1	2	1	2	2	3
	diesel servic technolog	Diesel Service Technology	4	2	4	3	1	3	3	3	1	1	1	0	0	2	2	3	0	0	1	2	1	2	3	0	2	0	0	2	0	0	2	0	1	0	0	0	3	0	2	1	1	2	4	3	3	2	2	3
	diesel servic technolog	Diesel Service Technology	4	3	1	3	4	4	3	3	3	1	3	1	3	3	3	4	0	0	0	0	0	1	1	3	3	3	3	1	3	1	1	1	1	1	1	0	3	1	0	3	1	3	3	3	3	3	3	3
	diesel servic technolog	Diesel Service Technology	3	3	1	3	3	3	2	3	2	3	3	3	3	3	2	3	0	0	1	1	1	2	3	1	1	3	2	2	3	0	1	1	1	1	2	1	1	0	3	0	1	2	1	1	3	2	2	2
	diesel technolog	diesel technology	2	0	2	0	0	4	3	3	2	2	3	0	0	3	0	0	0	0	0	0	0	0	0	0	2	4	3	4	3	4	4	4	0	1	0	0	0	0	0	0	0	0	0	0	0	0	0	0
	diesel technolog	Diesel Tech	4	4	3	4	4	4	4	3	1	3	1	3	2	4	2	4	3	1	2	4	2	4	4	3	4	4	4	4	4	3	4	4	2	2	2	2	4	1	3	4	1	2	3	2	2	2	3	1
	diesel technolog	diesel technology	2	4	4	0	4	4	2	4	0	3	0	0	0	0	0	0	0	0	0	0	0	0	4	0	0	2	0	0	0	0	3	0	0	0	0	0	0	0	0	0	0	0	0	0	0	0	0	0
	diesel technolog	Diesel Technician 	2	3	4	3	4	4	4	3	0	1	0	2	0	0	0	0	0	0	0	0	0	0	0	0	1	0	1	3	1	0	0	2	0	0	0	0	0	0	1	0	1	0	0	0	0	2	1	0
	diesel technolog	Diesel Technology	3	3	3	3	4	1	1	2	2	2	3	2	2	2	2	3	4	4	2	4	2	4	3	4	2	2	1	3	1	3	1	0	3	1	2	0	4	2	2	1	0	0	0	1	0	0	0	0
	diesel technolog	diesel technology	3	2	4	2	2	3	0	4	4	3	3	4	4	4	4	4	0	2	2	1	1	0	4	2	1	2	3	3	3	1	2	2	0	2	3	1	4	2	3	4	1	3	3	3	2	2	3	3
	diesel technolog	diesel technology	2	4	3	3	4	4	4	4	2	4	2	2	2	2	1	2	2	2	2	2	2	3	4	1	2	3	2	4	3	4	3	1	2	0	2	2	2	0	2	2	2	3	1	2	2	4	0	3
	diesel technolog	DIESEL TECH	3	3	4	3	4	4	4	4	3	2	4	3	3	3	1	0	1	1	0	1	0	4	3	0	3	3	2	1	0	0	0	1	1	3	1	0	4	0	4	4	2	2	1	2	0	3	1	3
	diesel technolog	diesel tech	3	0	1	2	1	1	1	1	1	3	3	0	1	2	2	2	0	0	0	1	0	0	1	0	2	0	1	1	1	0	0	0	2	3	2	0	3	1	4	0	1	2	2	0	2	1	2	2
	diesel techonolgi	Diesel techonolgy	2	2	2	2	2	2	2	2	0	0	0	0	0	0	0	0	0	0	0	0	0	0	0	0	0	0	0	0	2	0	0	0	0	0	0	0	4	0	0	0	0	2	0	2	0	2	0	2
	diesel tecnolog	Diesel Tecnology	3	3	4	1	3	3	3	3	2	2	3	1	2	1	2	3	0	0	1	0	0	2	2	1	3	3	3	3	3	3	1	3	1	2	2	0	2	2	1	4	2	1	1	2	1	2	1	2
	diesel tecnolog	Diesel Tecnology	3	3	3	0	3	4	3	4	2	3	3	1	1	1	1	3	0	0	0	1	1	3	3	1	3	4	3	1	3	4	2	3	1	2	2	0	2	2	2	4	2	2	0	2	1	0	1	1
	diet	diet	4	2	0	0	1	2	1	0	3	0	4	3	4	3	2	0	0	3	2	0	4	0	2	0	3	3	0	3	1	1	2	2	2	2	1	0	1	0	2	3	2	3	3	3	4	4	0	3
	dietet	Dietetic	3	2	1	1	2	1	2	2	3	2	2	3	3	2	3	2	2	3	2	2	3	2	4	3	4	1	3	3	4	2	4	4	1	1	3	2	2	2	1	2	2	1	2	2	2	2	1	3
	dietet	dietetic	2	0	0	0	1	2	1	0	4	4	4	3	4	3	4	0	1	1	3	4	4	4	1	2	2	3	1	2	2	2	1	2	0	0	1	1	3	1	0	1	0	0	0	2	1	2	0	0
	dietet	dietetic	2	0	0	0	0	0	0	0	2	0	1	1	3	2	3	0	0	0	0	0	0	0	0	0	3	3	2	0	2	1	3	3	0	0	0	1	0	0	0	0	1	1	1	2	1	2	2	2
	dietet	Dietetic	2	1	1	0	2	1	2	1	3	0	0	1	1	0	0	1	0	2	0	1	1	1	0	1	2	2	2	2	2	3	3	3	3	3	3	2	3	4	2	3	3	3	2	2	3	3	2	2
	dietet	dietetic	4	0	0	0	0	0	0	0	2	4	4	3	3	4	2	0	3	2	0	0	0	0	2	0	2	3	4	2	2	2	2	4	0	0	0	0	0	0	1	3	0	0	0	0	0	0	0	0
	dietet	dietetic	0	2	3	0	3	2	0	2	3	2	0	2	2	3	2	2	1	2	0	0	2	2	0	2	2	4	2	2	3	3	4	4	1	4	4	3	3	3	2	3	3	2	4	3	3	4	3	2
	dietet technolog	dietetic technology	0	0	0	0	0	0	0	0	4	4	4	3	3	3	2	3	0	0	2	0	2	0	2	2	3	3	3	3	3	2	3	1	0	0	0	0	2	0	3	0	1	1	0	0	2	2	0	0
	dietic	dietics	1	0	0	1	0	2	0	0	2	3	3	2	3	2	4	3	2	2	0	1	0	1	1	0	1	2	0	3	2	2	1	0	0	1	1	0	1	1	0	1	1	0	2	1	2	2	2	2
	dietician	Dietician	3	3	0	3	2	1	4	2	4	4	4	4	4	4	4	0	4	2	3	3	1	4	3	3	4	0	4	4	4	4	1	1	2	3	3	4	2	4	1	3	0	3	1	2	0	0	0	2
	dietion	dietion	4	0	2	1	3	2	1	0	4	2	3	4	4	4	4	0	0	3	0	0	3	1	0	2	2	4	2	2	4	4	2	4	4	2	2	2	3	1	0	2	2	2	1	4	1	0	0	2
	dietitian	dietitian	2	1	0	1	0	1	1	1	3	2	3	4	3	2	3	2	2	4	4	2	2	2	3	2	3	2	0	3	3	1	2	3	3	3	4	2	4	1	3	3	3	1	3	2	3	2	3	2
	dietitian	dietitian	3	1	0	0	0	0	1	2	1	0	1	3	3	2	1	0	3	2	0	2	4	0	3	0	4	4	1	4	2	2	2	3	1	2	3	0	2	2	0	0	1	1	3	3	0	2	0	3
	digit art	digital art	4	4	2	0	3	0	3	2	4	4	4	0	4	4	4	4	0	4	4	0	4	0	4	4	2	3	3	3	3	3	3	3	2	1	3	1	2	2	2	4	4	4	3	2	1	2	0	2
	digit art	digital arts	0	0	0	0	0	0	0	0	0	1	0	0	0	0	0	0	0	0	2	1	0	0	1	1	0	0	0	0	0	0	0	0	0	1	0	0	0	3	0	0	0	0	0	0	0	0	0	0
	digit art	Digital Art	0	0	0	2	0	0	0	0	3	4	4	4	4	4	4	2	1	2	4	4	4	3	2	3	3	2	3	2	3	0	3	1	0	0	0	1	0	0	0	0	0	0	0	0	0	0	0	0
	digit art	digital art	1	0	0	1	0	1	0	0	2	3	3	0	0	1	0	3	2	4	4	4	4	3	1	2	4	3	2	4	3	2	4	3	0	0	0	3	3	2	3	2	0	0	0	1	0	1	0	0
	digit art	Digital Arts	3	1	0	3	0	1	1	1	3	4	4	2	4	4	4	3	1	3	3	1	4	3	4	4	2	3	2	2	2	2	1	2	0	2	1	1	2	2	0	3	2	3	2	1	2	1	1	1
	digit art	Digital Arts	0	0	0	0	0	0	0	0	0	0	0	0	0	0	0	0	0	1	3	4	0	4	0	2	0	0	0	2	0	0	0	0	0	0	0	0	0	0	0	0	0	0	0	0	0	0	0	0
	digit art	Digital Art	3	1	1	2	0	1	1	0	2	3	1	0	0	1	1	0	0	1	1	0	0	0	2	0	3	0	1	0	2	0	0	0	2	2	3	0	3	3	3	4	4	3	3	4	1	1	2	2
	digit art	Digital Arts	1	1	0	1	0	1	0	0	2	3	3	1	3	3	1	1	4	4	4	4	4	4	1	3	3	2	1	1	1	0	1	0	0	2	3	2	1	1	1	3	1	0	0	3	0	1	0	1
	digit art	Digital Arts	0	2	2	2	1	2	3	3	1	1	1	2	2	1	2	2	1	2	3	4	2	2	3	3	2	4	3	3	3	3	2	3	1	1	2	2	2	2	1	2	2	2	2	2	0	3	1	2
	digit art	digital arts	0	0	0	0	0	0	0	0	0	2	0	0	0	0	0	0	0	0	3	0	0	0	2	2	0	0	0	0	0	0	0	0	0	1	0	0	0	3	0	0	0	3	0	0	0	0	0	0
	digit art	Digital Arts	0	0	0	0	0	0	0	0	0	0	0	0	0	0	0	0	0	0	2	3	0	4	0	2	0	0	0	2	0	0	0	0	0	0	0	0	2	0	0	0	0	0	0	0	0	0	0	0
	digit art	Digital art	3	2	0	0	0	0	3	0	4	3	3	2	3	3	3	3	1	1	4	0	3	1	1	3	1	2	2	0	1	3	3	3	1	1	0	0	1	1	0	0	1	2	0	1	1	1	0	0
	digit art technolog	Digital Art and Technology	3	3	3	3	2	3	3	3	3	3	3	2	3	3	3	4	3	2	4	3	3	4	4	3	1	0	1	4	2	0	1	0	0	2	1	1	1	2	0	3	1	3	3	2	3	1	0	2
	digit cinema	digital cinema	3	1	1	1	1	1	1	1	1	3	1	1	1	3	1	2	1	3	3	1	1	3	1	3	2	2	1	1	1	2	2	1	2	2	2	1	2	1	2	1	3	3	3	1	1	1	2	1
	digit communic	Digital communication	3	1	3	0	1	1	0	0	3	1	1	3	1	2	2	0	2	3	4	0	1	2	1	3	1	1	0	2	0	2	2	3	2	2	2	2	2	2	2	3	2	1	2	2	1	0	1	2
	digit concept develop	Digital Concept Development	2	3	0	1	1	3	0	0	2	4	3	3	3	3	3	3	1	3	4	3	4	4	1	4	3	3	2	4	3	1	2	1	2	3	3	1	3	3	3	2	3	3	2	3	2	3	1	3
	digit forens	Digital Forensics	0	0	4	0	0	2	0	3	1	4	4	0	1	4	0	4	0	0	4	4	4	3	4	4	1	4	4	2	4	4	4	4	0	0	0	0	4	0	4	3	0	0	3	0	4	0	3	0
	digit mark	Digital Markeing 	0	0	0	1	1	1	1	1	1	3	3	1	3	1	1	1	2	1	3	4	3	1	1	1	2	3	3	2	1	1	1	2	2	0	2	1	1	1	1	3	2	0	1	1	1	1	1	2
	digit technolog cultur	digital technology and culture	1	1	1	1	1	1	1	1	2	2	2	2	3	3	2	4	1	3	2	3	4	2	2	2	3	3	3	2	3	2	3	2	0	0	2	1	2	1	2	2	1	2	2	3	3	3	1	2
	digtal engin	Digtal engineering	4	4	3	3	1	1	0	0	2	0	3	2	0	3	2	1	2	4	2	4	0	2	1	0	3	3	3	4	3	2	4	4	1	1	0	0	2	2	0	4	0	3	0	0	1	4	0	1
	dint	I dint know 	3	0	0	1	0	1	2	2	2	2	2	0	0	0	2	1	4	3	4	4	1	2	4	4	4	1	4	2	3	3	4	0	2	2	3	4	4	4	4	4	4	3	2	0	0	1	4	1
	diplomaci	Diplomacy	4	1	0	0	0	1	0	0	2	3	4	2	2	3	0	2	4	2	4	4	2	4	3	4	3	0	3	4	2	0	0	0	2	0	4	4	3	3	3	1	0	0	0	0	2	2	0	0
	diplomaci	Diplomacy	3	1	1	0	0	3	2	2	2	0	1	1	1	3	2	2	1	1	3	2	2	3	2	1	2	1	2	1	3	1	3	3	2	0	2	0	3	2	2	1	1	3	1	1	3	2	2	1
	diplomaci	diplomacy	1	1	2	0	2	3	1	3	3	3	3	4	3	3	3	4	2	2	1	2	4	3	4	4	2	3	2	3	3	2	3	3	0	2	4	2	4	3	1	4	1	1	1	2	1	1	1	1
	diplomaci	diplomacy	0	3	2	1	2	3	0	1	3	4	3	3	3	3	3	3	3	3	3	3	3	4	3	4	3	3	2	4	3	2	1	0	3	1	2	2	3	3	3	1	0	1	1	2	2	2	1	2
	direct	directing	0	3	0	1	1	2	0	3	3	4	3	1	2	4	1	2	4	4	4	4	4	4	3	4	1	3	0	2	1	3	2	1	0	0	3	2	1	3	0	4	0	0	0	1	0	0	0	0
	direct	Directing	4	0	0	0	0	0	0	0	0	4	2	0	0	3	0	0	4	4	4	4	4	4	4	4	4	4	3	4	2	2	0	3	0	2	0	0	0	2	0	0	0	0	0	0	0	0	0	0
	director	Director	2	0	1	1	0	1	0	0	3	3	3	3	3	3	3	3	4	4	4	4	4	4	1	4	3	2	3	2	3	3	3	1	2	1	3	2	3	2	1	2	1	2	2	2	2	2	2	2
	director	director	1	1	2	2	2	0	2	1	1	3	3	2	2	3	2	2	3	3	4	3	4	3	4	4	2	2	2	2	3	2	1	2	2	1	3	1	3	3	1	2	2	1	0	2	1	1	2	2
	direito	Direito 	0	0	0	0	0	4	4	0	4	4	0	4	4	4	0	0	0	0	0	0	0	0	0	0	2	4	4	4	0	0	4	4	2	0	4	4	4	4	4	0	0	0	4	4	0	0	0	4
	direito	direito	2	1	2	2	1	0	1	0	4	3	3	4	3	3	3	2	0	3	2	1	3	2	0	1	4	4	2	2	4	2	1	1	2	1	4	4	4	3	2	4	1	2	2	2	0	3	1	2
	direito	direito	4	0	0	0	0	0	0	0	4	2	2	4	4	0	4	2	2	4	0	4	4	4	0	0	4	4	4	4	4	4	4	4	0	2	0	0	0	0	0	2	0	0	0	0	0	0	0	2
	direito	Direito	4	0	0	0	0	0	0	0	2	4	4	0	2	2	2	2	4	0	4	4	4	4	0	2	2	4	2	2	4	4	4	4	0	0	0	4	2	0	0	0	0	2	2	2	0	0	2	2
	direito	DIREITO	4	1	0	0	1	1	0	1	0	0	0	0	0	0	0	0	0	2	1	1	0	3	0	1	4	4	2	3	3	3	3	1	1	0	1	3	4	1	1	2	2	2	3	3	1	2	2	2
	direito	Direito	2	2	0	0	4	2	0	0	2	0	1	1	0	0	0	0	0	3	0	0	0	2	1	0	2	4	4	4	4	0	1	2	0	0	4	4	4	4	0	4	3	1	4	4	4	4	2	3
	direito	direito	0	0	0	0	0	0	0	0	2	0	4	0	0	0	0	0	0	0	0	0	0	0	0	4	4	0	0	4	0	0	0	0	0	0	0	0	0	0	0	0	0	0	0	0	0	0	0	0
	direito	Direito	4	0	0	0	0	2	0	0	2	0	0	0	0	0	0	0	0	2	4	4	4	4	0	0	4	4	1	1	2	0	2	0	4	1	2	4	4	4	2	0	0	0	0	2	0	1	2	0
	direito	direito	3	1	0	0	0	1	0	4	0	0	0	0	0	0	0	0	2	0	4	4	4	3	4	2	4	4	4	2	4	2	4	3	0	0	3	0	4	0	0	3	0	0	0	0	0	0	0	0
	direito psicologia	direito e psicologia	0	0	1	0	0	0	0	0	2	0	1	2	0	0	0	0	0	2	0	0	1	0	0	0	3	1	1	2	3	1	4	3	0	2	0	0	4	1	0	2	3	4	2	4	3	2	4	4
	disabl	Disability Studies	0	0	0	2	0	2	0	0	1	4	2	3	0	2	0	2	0	2	3	2	2	1	4	3	4	4	4	4	4	4	4	4	0	2	2	1	0	2	1	3	0	1	0	0	0	1	0	0
	disabl	Disability 	0	0	0	0	0	0	0	0	0	0	0	0	0	0	0	0	0	0	0	0	0	1	0	0	3	2	3	0	3	2	2	2	0	2	1	1	0	0	2	0	0	0	0	0	0	0	0	0
	disabl servic	Disabilities Services	2	0	0	3	0	0	0	0	3	4	3	0	0	1	0	2	0	0	0	1	0	1	1	0	4	0	4	4	4	3	3	3	4	0	2	3	0	0	0	0	0	2	2	4	0	4	0	0
	diseño	DISEÑO 	3	1	0	0	0	0	0	1	0	0	0	0	0	0	0	0	0	0	2	0	0	0	1	3	0	2	1	0	0	1	0	1	0	0	1	2	1	1	2	0	0	0	0	0	0	0	0	0
	divers	Diversity Studies	2	0	0	0	1	0	1	1	4	4	3	3	3	3	3	3	1	1	2	2	1	3	4	1	3	4	3	3	4	2	3	3	2	3	2	1	3	2	1	3	2	3	0	3	2	2	3	2
	divers acadm knowlag	Diverse acadmic knowlage	0	0	0	0	0	0	0	0	0	0	4	0	0	4	0	4	0	0	0	0	4	4	0	0	0	4	0	0	0	0	0	0	0	0	0	0	4	0	0	0	0	0	0	0	4	4	0	0
	divin	Divinity	0	0	0	0	0	0	0	0	4	0	0	0	0	0	0	0	0	0	0	0	0	3	0	0	4	4	4	0	4	3	4	4	0	4	3	0	4	4	0	4	0	0	0	2	0	0	0	0
	divin	Divinity	1	0	1	2	0	3	1	1	0	0	1	1	0	1	1	3	2	0	1	2	1	3	3	1	3	4	3	4	4	3	3	3	1	2	3	3	2	1	4	3	0	3	0	3	1	1	3	0
	divin	Divinity	0	2	0	1	0	2	0	0	3	3	2	2	2	3	1	1	2	3	2	4	4	3	2	2	4	4	1	3	2	4	3	3	0	0	0	2	0	1	3	1	0	0	0	0	0	0	0	0
	divin	Divinity	0	3	0	0	0	2	0	1	3	4	4	2	3	3	3	3	0	2	2	2	4	3	1	4	3	4	1	1	1	0	0	2	0	2	0	1	1	3	0	2	2	1	2	2	3	2	2	2
	dixi state	I will attend Dixi State	0	0	0	0	0	0	0	0	0	3	3	0	0	0	0	0	0	0	0	0	0	0	0	0	2	0	0	0	0	3	0	0	0	0	0	0	0	0	0	0	0	0	0	0	0	0	0	0
	dk	i dk	2	0	0	0	0	0	0	2	1	0	0	0	0	0	0	0	0	0	0	1	0	0	0	0	2	0	0	0	0	0	0	0	3	1	0	0	0	1	3	0	3	1	1	0	0	0	3	0
	dkv	DKV	3	3	1	2	2	2	2	2	3	4	3	1	3	3	3	3	2	1	4	0	0	3	0	4	4	3	4	2	4	3	3	3	1	0	1	1	1	0	0	1	1	3	2	2	0	2	1	3
	dms	DMS	2	1	0	2	0	2	2	0	1	2	0	1	0	1	0	1	0	1	1	3	4	2	3	4	2	3	1	2	1	2	3	3	3	0	3	0	1	2	1	2	2	1	2	1	2	3	0	3
	dms	D.M.S.	0	1	0	0	0	0	0	0	4	2	2	2	2	1	1	0	2	1	2	2	1	2	0	0	3	2	2	1	2	2	1	0	1	0	1	2	1	1	0	0	3	3	0	1	0	0	0	0
	dms	DMS	1	3	4	3	2	4	2	3	4	4	4	4	4	4	3	3	0	2	3	4	4	2	2	2	1	2	3	3	3	1	3	1	3	0	3	3	3	2	2	3	3	2	3	3	4	3	4	4
	dms	DMS	0	0	0	0	1	0	0	0	3	3	3	4	3	4	3	1	0	0	3	0	1	0	4	2	0	0	3	2	3	1	0	1	1	3	3	2	1	1	0	0	2	0	2	1	1	4	1	1
	dms	dms	4	0	2	2	2	2	4	2	4	0	0	4	4	0	4	4	0	0	2	0	0	0	4	2	4	2	4	4	4	0	4	4	2	4	4	2	4	4	4	4	4	4	4	4	4	4	4	4
	dms	DMS	0	0	0	1	1	2	1	1	2	1	1	3	1	1	1	0	0	0	2	0	0	0	3	3	3	4	4	3	4	2	2	4	3	2	3	3	3	2	3	2	3	1	3	3	2	1	3	1
	dms	DMS	2	0	1	0	0	2	0	1	3	1	0	1	1	2	2	3	1	1	1	0	1	0	2	2	4	2	4	4	4	3	2	2	1	1	2	1	3	1	2	1	2	2	1	3	0	0	1	2
	dms	DMS	0	0	0	0	0	0	0	0	4	3	3	2	2	3	2	1	0	0	0	0	0	0	0	0	0	1	0	0	2	0	0	0	0	0	0	0	0	0	2	0	0	0	0	0	0	0	0	0
	docter	Docter	2	2	0	0	0	0	0	3	3	1	2	4	2	3	2	1	4	0	1	2	1	4	1	1	2	4	4	2	4	3	3	4	2	2	1	4	2	3	3	1	0	0	1	1	1	1	1	1
	docter	docter	2	2	0	0	2	0	0	0	4	4	4	4	4	4	4	4	0	4	2	0	0	4	4	0	2	0	4	2	4	4	4	4	2	0	2	4	4	4	0	0	2	0	2	0	0	2	0	0
	doctor	doctoring	2	0	0	0	0	0	0	0	4	4	4	3	3	3	2	0	3	1	1	3	3	3	3	0	1	4	3	4	3	2	4	4	1	2	1	1	1	1	1	1	1	0	1	2	1	0	1	0
	doctor	doctoring	1	0	0	0	0	0	0	0	3	2	2	2	2	1	2	0	3	1	2	2	3	3	0	1	3	2	3	3	2	3	3	2	2	1	1	2	1	2	0	3	2	0	0	1	0	1	0	2
	doctor	Doctors 	0	0	0	0	0	0	0	0	4	2	0	3	2	0	3	0	0	2	0	2	2	0	0	0	3	0	4	3	4	1	1	4	0	0	0	2	0	0	0	0	0	0	0	0	0	0	0	0
	doctor	Doctoral	3	2	1	2	1	4	3	2	4	4	1	3	3	3	2	1	3	3	2	3	3	4	1	4	3	4	2	3	2	4	4	4	2	3	3	2	3	2	1	3	3	3	3	3	4	4	1	2
	dog	Dogs	0	0	0	0	0	4	0	0	4	4	4	0	4	0	0	0	0	0	0	0	4	0	0	0	0	0	0	0	0	0	0	0	0	0	0	0	0	0	0	0	0	0	0	0	0	0	0	0
	done	Not yet done	3	2	2	2	2	2	2	2	3	3	3	4	4	2	3	2	4	2	3	3	3	4	2	2	2	2	3	3	2	1	2	2	2	2	2	1	2	1	2	2	2	3	2	1	3	3	2	2
	done highschool	not done with highschool	2	1	0	0	0	1	0	0	2	3	2	1	1	3	1	0	1	2	3	0	2	3	0	2	2	3	2	0	2	3	2	2	4	2	2	2	0	1	0	1	1	1	0	1	0	1	0	2
	don´t	I don´t know	2	3	1	1	2	1	2	2	2	3	3	2	2	3	2	1	1	2	2	3	1	3	1	2	1	2	2	1	2	2	3	1	0	1	2	1	1	2	3	2	1	1	1	1	1	1	1	2
	dota	Dota	0	0	0	0	0	0	0	0	4	0	0	0	0	0	0	0	0	0	0	0	0	0	0	0	0	0	0	0	0	0	0	0	0	0	0	0	0	0	0	0	0	0	0	0	0	0	0	0
	draft	drafting	4	4	3	3	1	4	3	4	4	2	4	4	4	4	4	4	2	0	4	1	0	4	0	4	0	0	0	2	0	0	0	0	0	0	2	1	1	0	2	0	3	0	0	0	3	3	0	0
	draft	drafting 	3	4	2	4	2	2	2	4	2	2	3	3	2	3	2	4	4	2	2	4	2	4	4	4	3	3	4	2	4	2	3	3	3	2	2	2	3	2	4	2	2	4	3	3	2	3	3	3
	draft	drafting	2	0	1	0	2	1	2	0	3	2	3	2	2	3	3	3	1	0	2	3	2	3	1	1	3	3	0	1	0	1	1	1	1	0	0	0	3	1	1	1	0	0	1	1	0	2	0	2
	draft	Drafting	3	3	1	3	3	2	3	3	2	4	3	2	2	2	2	2	2	2	4	2	2	3	2	4	2	2	2	3	2	3	3	2	1	3	3	4	2	3	3	4	1	4	2	3	2	3	3	2
	draft	Drafting	1	0	1	1	0	0	0	1	2	1	1	1	0	1	1	0	1	2	3	3	0	2	2	2	1	2	1	0	1	0	1	0	1	1	1	0	2	1	0	1	0	1	1	0	0	0	0	0
	draft	drafting	2	0	3	3	2	4	3	0	0	0	1	0	0	1	0	4	0	0	0	3	0	2	0	0	0	4	0	1	0	0	4	0	0	0	0	0	0	0	0	4	0	0	0	0	3	0	0	0
	draft technolog	drafting technology	2	0	1	2	1	2	1	1	0	2	2	2	2	2	2	3	2	2	2	2	2	2	2	3	2	3	3	2	3	3	3	2	0	0	3	2	3	3	0	3	3	1	3	2	4	3	3	2
	draft technolog	drafting technology	4	3	0	0	0	2	2	3	2	3	2	0	2	3	0	0	2	2	3	2	1	2	0	4	3	1	3	3	2	3	4	4	0	0	1	2	3	2	4	2	3	0	0	1	2	2	0	1
	draw	drawing	2	0	0	0	0	1	0	0	2	1	0	0	0	1	0	0	3	2	4	3	2	3	2	3	0	0	1	1	1	0	0	0	1	2	1	0	0	3	0	3	0	0	0	0	0	0	0	0
	draw art insid video game	drawing the art inside a video game	1	0	0	2	0	1	0	2	1	2	3	1	0	2	0	0	2	3	4	3	4	4	2	2	2	2	2	1	2	2	3	1	3	2	2	0	0	1	2	1	0	1	2	0	0	0	0	1
	draw illustr	Drawing and Illustration	1	0	0	0	0	0	1	0	2	2	2	0	2	2	2	1	2	2	4	3	1	3	2	3	1	3	3	3	3	3	3	2	1	1	0	4	0	2	0	0	1	1	0	2	0	1	0	0
	draw paint	Drawing and Painting	0	3	3	1	0	1	0	0	3	4	4	0	1	4	1	2	2	1	4	2	4	0	0	3	3	4	2	3	3	1	2	2	0	0	1	0	0	0	0	0	0	0	0	0	0	0	0	0
	draw printmak	Drawing/Printmaking	4	3	0	2	3	2	2	3	4	3	4	1	3	3	2	3	2	1	4	2	1	1	3	4	1	3	2	4	2	3	2	2	0	1	2	2	0	1	0	0	2	1	2	1	2	2	1	0
	drept	Drept	0	0	0	0	0	0	0	0	2	0	0	0	1	0	0	2	0	0	1	0	2	0	2	2	0	0	1	1	1	0	0	0	0	0	0	1	3	1	0	0	0	0	1	0	0	2	2	1
	drept	Drept	4	0	0	1	0	0	0	0	4	1	1	2	2	0	2	0	0	0	3	0	0	3	0	2	2	3	3	3	4	2	3	2	0	2	4	3	4	2	3	2	2	2	4	4	4	2	3	4
	dressmak	Dressmaking	2	1	1	1	1	2	2	1	4	3	4	2	2	1	1	2	4	2	3	3	2	4	4	2	3	3	2	1	2	2	3	1	1	2	1	4	1	3	1	2	2	3	0	2	1	1	2	1
	driver bank	driver,banking	2	2	1	1	2	0	0	0	0	2	2	3	1	2	0	0	0	4	1	1	3	0	2	4	0	4	1	3	1	0	0	1	1	1	0	3	3	0	0	3	4	1	4	2	1	3	4	1
	drone	drones	4	4	4	4	4	4	4	4	4	4	4	4	4	4	4	4	4	4	4	4	4	4	4	4	4	4	4	4	4	4	4	4	4	4	4	4	4	4	4	4	4	4	4	4	4	4	4	4
	drug	drugs	1	4	2	0	0	0	0	4	0	2	2	1	0	0	0	4	0	1	4	4	0	2	4	2	2	0	2	1	3	1	0	0	3	3	3	4	2	4	2	4	0	0	1	2	0	0	1	2
	drumset perform	Drumset Performance	1	0	0	0	0	0	0	0	1	1	2	2	0	1	0	0	3	1	2	3	1	4	1	3	3	0	1	3	2	0	1	0	3	0	2	0	2	1	1	2	0	0	0	0	0	0	0	1
	duke	duke	2	1	2	0	2	3	0	0	1	1	2	2	2	2	0	2	2	2	2	2	2	2	4	0	2	2	1	2	1	2	4	3	2	1	1	2	4	2	3	3	1	1	1	2	3	1	2	3
	duno	Duno	4	2	1	1	3	0	1	1	4	4	4	4	4	3	3	2	2	1	1	0	1	1	3	1	1	4	3	2	4	0	3	4	1	2	2	1	3	2	1	3	1	2	1	2	2	1	1	1
	dutch	Dutch	1	0	0	2	0	0	0	0	1	0	0	0	0	0	0	0	1	4	3	4	4	3	1	1	4	2	1	0	3	1	1	1	0	1	1	0	0	0	0	0	0	1	0	0	0	0	0	0
	earl childhood develop	earl childhood development	0	0	0	0	0	0	0	0	2	2	2	4	0	0	0	0	4	4	4	4	4	4	0	4	0	4	4	4	4	4	4	4	0	4	4	4	4	4	4	4	0	4	4	4	0	4	0	0
	earlychildhood edu	Earlychildhood edu	2	1	0	1	0	1	2	0	4	1	2	4	3	0	4	0	4	3	4	4	4	4	1	4	4	4	4	4	4	4	4	4	0	4	4	4	4	4	3	4	1	0	1	4	2	2	0	4
	eastern	Middle Eastern Studies	1	2	1	0	1	3	0	2	4	3	3	4	3	3	3	4	2	3	3	4	4	4	4	4	0	4	4	4	1	1	4	4	0	1	3	1	3	1	0	4	0	1	0	3	2	3	0	1
	eat	eating	2	1	2	3	1	2	2	2	3	3	3	3	2	3	3	3	3	3	3	3	2	3	2	3	2	4	0	1	2	3	1	1	2	3	3	0	4	2	2	3	2	2	2	2	3	2	2	3
	ec	EC	2	0	0	2	0	0	2	1	3	0	2	3	1	2	1	1	1	0	1	1	1	1	2	1	1	0	1	2	1	1	3	1	1	0	0	0	0	1	1	1	1	0	0	0	2	1	1	1
	ece	ece	0	0	0	0	0	0	0	0	0	0	0	0	0	0	0	0	0	3	1	2	3	0	0	2	4	3	0	4	2	2	1	2	0	0	2	1	4	2	0	0	0	0	0	0	0	0	0	0
	ece	ece	0	1	1	1	1	1	1	1	2	3	3	1	1	3	2	2	1	1	3	1	2	4	3	2	2	3	3	2	3	4	4	4	1	1	1	2	1	3	2	3	1	1	1	1	1	2	1	1
	ece	ECE	2	0	0	0	0	0	0	0	2	0	0	0	0	0	0	0	0	2	0	0	3	0	0	2	2	2	1	0	2	3	3	1	0	0	0	0	1	0	0	0	0	0	0	0	0	0	0	0
	ece	ECE	0	0	0	2	1	3	2	1	2	2	2	2	2	4	3	3	4	4	1	3	3	4	1	3	4	4	3	1	4	4	4	3	0	2	2	4	4	4	4	4	2	0	2	4	2	2	3	2
	ece	ECE	2	0	0	2	1	0	0	0	4	1	2	2	4	0	3	2	0	2	3	3	4	1	0	2	4	4	4	1	4	4	4	4	4	4	4	1	4	4	4	4	4	3	2	4	4	4	0	4
	ece	ECE	2	1	0	3	2	1	2	0	1	1	3	1	1	2	1	3	2	2	4	2	2	3	2	2	3	4	2	3	3	4	3	3	2	3	4	2	4	2	3	4	3	2	3	3	4	2	3	3
	ece	ECE	4	0	0	0	0	2	2	2	1	2	3	2	0	2	0	3	4	4	2	4	3	4	4	4	4	4	2	4	3	4	4	3	2	2	4	3	4	3	2	2	2	0	1	3	0	1	2	1
	ece engin	ece engineering	4	1	1	1	1	2	1	1	2	1	1	1	0	1	1	1	4	1	4	2	1	4	4	3	2	4	4	4	3	3	2	3	3	2	3	2	3	3	1	3	0	1	0	0	0	2	0	0
	echo cardiolog	Echo cardiology 	2	1	1	2	1	1	1	1	3	3	3	1	2	3	1	3	0	0	0	1	0	1	3	1	2	2	1	4	1	3	1	1	1	1	1	1	1	1	1	2	1	1	1	1	0	1	1	1
	ecnoom	ecnoomics	2	1	0	0	0	1	2	1	2	1	1	1	0	1	1	1	0	0	1	2	2	1	1	1	4	1	1	2	2	2	1	2	0	1	2	1	3	2	1	3	2	1	2	1	3	1	2	2
	eco	Eco	1	1	3	1	0	0	1	0	3	3	2	3	2	4	3	3	2	3	2	3	3	2	4	2	2	3	1	3	2	0	1	0	2	3	3	1	3	3	4	3	2	1	1	2	1	1	2	1
	ecomom	ecomomics	0	2	0	3	2	2	2	3	4	3	3	3	3	3	3	2	3	3	3	3	3	2	1	2	4	1	4	2	4	1	3	1	2	3	2	4	2	4	2	3	0	2	0	1	2	1	1	2
	ecomomi	Ecomomy	3	1	0	2	1	2	1	0	1	2	1	1	0	2	0	3	1	1	1	2	1	2	0	2	2	2	0	3	0	1	1	2	3	2	3	2	3	2	2	2	3	2	3	3	3	2	3	3
	ecomon	ecomonics	3	3	2	3	2	2	2	2	2	1	1	2	1	1	1	2	1	0	1	1	1	2	2	3	4	2	2	4	3	2	3	2	1	3	3	1	4	3	3	3	3	4	3	3	4	4	3	3
	econ	econs	0	0	2	1	1	1	0	0	2	4	3	2	2	3	3	0	3	2	0	1	1	2	1	1	3	3	3	3	3	3	1	3	1	3	3	3	3	3	3	3	1	1	1	2	1	2	1	1
	econ	Econs	2	1	3	2	1	1	2	1	3	2	3	3	1	2	3	1	0	0	3	3	3	1	0	2	2	3	2	2	3	1	3	1	0	0	2	1	3	3	0	3	2	1	1	1	2	2	2	2
	econemi	Econemy	3	1	2	0	1	1	3	1	2	3	2	0	2	3	2	1	0	1	3	0	1	2	2	1	2	0	1	3	1	2	2	0	3	1	4	1	4	3	2	3	1	1	1	3	1	1	1	3
	econim	Econimic	2	1	2	2	2	1	1	3	0	2	1	1	0	1	0	2	0	3	2	1	1	0	0	0	3	3	3	2	2	2	3	3	2	3	4	2	3	3	2	1	3	4	2	3	3	3	3	3
	econim	econimics	4	0	0	0	0	0	2	1	2	3	4	0	0	0	0	0	1	1	2	0	2	1	0	0	4	4	4	2	4	2	2	3	3	4	2	4	4	4	0	4	2	0	3	4	0	2	0	3
	econim	Econimics	2	3	0	1	0	1	1	2	3	3	2	0	1	2	2	1	1	3	2	0	1	1	3	2	2	2	2	3	3	0	2	1	0	0	2	1	3	2	0	0	3	1	3	2	3	2	1	1
	econimc	Econimcs	2	3	1	3	3	3	2	3	3	4	3	0	4	3	3	3	1	0	3	4	2	2	1	3	3	3	3	1	3	0	1	1	1	2	3	2	3	1	2	2	1	2	3	2	4	4	3	3
	econmi	econmie	0	0	0	0	0	3	0	0	0	0	0	0	0	1	0	0	0	0	4	0	0	2	2	0	0	0	0	3	0	2	1	0	2	0	2	1	3	2	0	4	0	0	2	0	0	0	1	0
	económico	Económicos	3	2	1	1	0	0	1	1	3	3	3	3	3	3	1	4	2	4	3	4	4	1	3	4	4	4	4	2	4	2	3	2	2	0	2	1	2	1	2	1	1	0	0	0	0	1	1	2
	ect	ect	0	0	0	4	0	0	0	0	0	0	0	0	0	0	0	0	0	0	0	4	0	0	0	0	0	2	0	0	0	0	0	0	0	0	0	0	0	0	0	0	0	4	0	0	4	0	0	0
	ecu	ECU	2	2	4	3	4	3	2	3	3	3	4	2	2	3	2	2	1	2	2	4	3	2	4	2	2	3	3	4	2	4	3	4	1	1	2	1	3	3	2	3	1	2	1	2	2	2	3	2
	ecu	Ecu university	2	0	0	4	0	0	0	0	0	4	4	4	0	4	4	0	4	4	4	4	4	4	4	0	4	4	4	0	0	0	0	4	4	4	4	0	4	4	4	4	4	4	0	0	0	0	0	0
	ecu	ecu	0	0	0	0	0	0	0	0	0	0	0	0	3	0	0	0	0	0	2	2	2	0	0	0	2	2	0	0	2	2	2	2	2	2	4	2	2	3	2	0	0	0	0	2	0	0	0	0
	ed	Gen Eds	2	0	0	2	0	2	0	0	3	2	2	3	2	2	2	3	3	2	2	4	0	4	4	0	4	0	3	1	1	3	3	0	2	0	2	0	3	0	2	1	1	2	2	2	1	2	1	0
	edcat	EDCATION	4	2	2	0	2	2	2	4	2	2	2	0	2	2	2	2	2	2	0	0	2	2	4	0	2	0	2	4	0	2	4	2	2	2	4	4	2	2	4	2	0	2	0	2	2	2	0	2
	editor	Editor 	2	0	0	2	0	0	0	1	0	0	0	0	0	3	2	2	0	4	4	4	4	4	4	3	1	2	1	3	1	0	0	0	0	1	0	0	0	3	2	2	1	3	2	0	1	0	0	3
	editor	Editor	1	0	0	0	0	0	0	0	2	1	0	1	0	0	0	0	2	4	4	2	4	2	0	4	3	3	1	2	2	0	3	3	1	0	1	2	1	3	0	2	0	0	0	1	0	0	0	0
	edu ztion	Edu ztion	0	1	0	0	0	2	0	0	0	1	1	1	1	1	1	1	0	1	1	1	1	1	1	1	3	2	1	1	1	1	0	0	0	1	0	0	3	1	0	0	0	0	0	0	3	0	0	0
	eduact	Eduaction	0	0	0	0	0	0	0	0	0	0	0	1	0	0	0	0	0	0	3	0	0	0	2	0	4	0	4	2	4	3	3	0	2	2	0	3	2	3	2	0	1	0	0	0	0	0	0	0
	eduat	Eduation	0	0	0	0	0	0	0	0	3	0	0	1	0	0	0	0	0	2	3	1	2	2	0	1	4	3	3	2	4	3	4	2	0	1	3	1	3	2	2	2	1	0	2	3	0	1	0	1
	eduat	Eduation	0	0	0	0	0	3	0	1	3	3	0	0	0	2	0	2	2	2	3	2	3	2	0	0	4	3	3	2	4	3	3	1	1	2	0	2	0	2	2	1	1	0	0	1	0	2	1	0
	eec	EECS	0	0	0	0	0	0	0	0	4	2	0	2	3	2	2	3	0	2	2	3	4	2	0	2	2	2	1	2	2	0	2	2	0	0	1	0	3	0	1	0	0	0	0	0	3	0	0	0
	eet	eet	3	2	0	3	3	3	3	2	3	3	3	2	3	3	3	3	1	2	0	2	3	3	3	3	3	2	0	3	2	2	3	1	0	3	3	2	2	2	2	2	0	3	2	2	2	3	1	2
	eg	e.g	2	0	2	2	2	2	0	2	4	4	2	2	0	0	0	2	2	2	2	2	4	4	2	4	2	0	2	2	2	2	4	2	2	2	2	0	2	2	2	4	2	2	0	0	2	0	0	0
	egyptian archaeolog	Egyptian archaeology 	0	3	0	2	0	0	0	0	3	4	4	3	1	4	3	4	1	3	1	2	4	2	2	4	0	0	0	0	2	3	3	0	0	0	0	0	0	0	0	0	0	0	0	0	0	0	0	0
	eh asistido	No eh asistido	4	2	3	3	2	1	3	3	2	3	2	1	1	3	1	2	1	3	1	2	1	4	4	1	2	0	2	2	3	4	3	4	2	1	3	1	2	2	3	2	1	2	1	2	1	2	2	2
	eingeer	eingeering	1	0	0	3	1	0	1	0	0	0	1	0	0	0	0	0	0	0	4	2	2	1	4	2	2	2	2	1	3	0	2	1	1	0	4	0	4	4	4	4	4	1	2	4	2	0	4	3
	ekonomija	EKONOMIJA	3	0	1	1	1	2	2	0	3	4	4	3	3	3	3	2	2	3	2	1	1	1	1	2	2	2	2	3	3	2	2	2	2	0	3	3	3	3	3	3	3	0	3	3	2	2	3	2
	elder care	Elder Care 	0	0	0	0	0	0	0	0	3	3	3	4	3	3	3	3	2	1	1	1	1	1	0	1	4	4	4	3	4	3	3	4	1	3	2	1	3	2	1	1	2	0	0	1	0	2	1	1
	elecr	elecrical	2	2	2	4	2	2	2	0	2	2	2	4	4	2	2	1	2	2	2	4	4	2	2	0	2	2	2	4	4	2	2	2	2	2	2	4	4	2	2	0	2	2	4	4	2	2	2	1
	elect	Elective Studies	1	0	0	0	0	0	0	0	4	4	2	3	1	4	1	0	3	3	4	4	3	2	0	4	4	3	3	3	4	1	3	2	0	1	0	0	2	0	0	0	0	0	0	0	1	0	0	0
	elect power engin	electical power engineering	3	1	3	4	3	4	3	1	0	0	0	1	0	0	0	0	0	1	1	3	2	2	2	1	3	3	3	0	3	1	3	0	4	3	4	3	3	4	4	4	2	3	2	2	3	4	3	3
	electon	electonics	3	2	4	4	3	3	3	2	2	2	2	2	2	2	2	2	3	1	2	2	1	4	3	1	2	3	2	2	1	2	2	1	1	2	1	1	4	1	1	2	1	2	2	1	2	2	1	2
	electr	Electrical 	2	2	1	3	2	2	2	2	2	2	2	3	2	3	2	2	2	3	2	2	2	2	2	2	4	3	3	3	2	1	3	2	2	2	2	2	4	2	2	2	2	2	2	2	3	3	2	2
	electr	electrical	4	2	4	4	2	3	3	1	1	3	3	3	1	2	1	0	0	4	3	0	0	4	2	3	2	3	2	3	2	2	3	2	2	2	1	0	1	1	2	4	3	3	3	2	3	2	0	3
	electr	electrical	4	4	3	4	3	3	3	2	1	4	3	2	2	2	2	2	0	0	0	0	0	0	4	0	1	4	2	3	0	0	1	0	3	3	3	2	3	3	4	4	0	3	3	0	3	3	3	3
	electr	electrical 	0	4	1	4	2	4	0	4	3	3	4	4	3	4	1	4	0	2	2	0	0	3	3	4	2	4	2	3	3	4	3	3	0	0	3	3	3	1	1	4	2	0	3	2	1	3	1	1
	electr	Electrical	2	2	1	3	2	2	2	2	2	2	2	2	2	2	1	1	2	2	2	1	2	2	1	1	3	1	3	3	3	3	2	2	2	1	3	2	3	3	1	2	2	1	3	2	2	2	1	3
	electr	Electrical	2	2	1	2	2	3	3	3	2	1	2	1	3	1	1	2	3	1	2	3	3	3	1	3	3	3	3	3	3	1	3	3	1	2	1	3	1	1	1	1	1	2	2	1	2	3	1	2
	electr	Electrical	2	0	3	4	1	4	4	3	1	2	1	4	2	4	2	3	3	4	3	4	3	4	4	2	2	4	4	2	4	4	4	4	0	3	0	2	0	1	0	2	0	3	0	2	0	4	0	2
	electr	electrical	3	2	2	3	2	3	3	2	0	3	3	2	2	2	3	1	3	0	2	1	2	1	2	3	0	2	2	3	1	0	0	0	0	1	1	3	3	0	2	2	2	1	2	2	3	3	1	2
	electr	electrical	3	3	0	4	2	4	3	4	4	2	1	4	4	2	3	2	4	4	2	3	3	2	4	3	4	1	3	4	2	4	3	3	1	4	3	3	3	2	3	4	2	3	3	4	3	3	4	4
	electr	electrical	2	0	0	3	0	4	0	0	4	3	4	4	4	4	3	4	0	2	2	4	4	2	1	0	0	4	0	4	3	0	0	0	0	0	0	0	0	0	2	0	0	0	0	0	0	0	0	0
	electr	Electrical 	0	2	2	2	2	2	3	2	2	2	2	2	2	2	2	2	2	2	2	2	2	2	2	2	2	4	2	3	4	2	4	4	2	4	4	2	3	3	2	4	4	4	2	2	3	3	2	4
	electr	electrical	3	3	3	2	3	3	3	2	3	3	3	2	3	3	2	4	0	0	0	0	0	0	0	0	0	2	0	0	3	0	0	0	1	0	3	2	3	3	2	3	3	4	2	3	4	3	3	3
	electr	electrical	3	2	0	4	3	2	2	1	0	0	2	1	1	1	0	0	1	0	2	3	0	3	2	0	0	3	0	0	0	1	0	2	0	0	0	0	1	0	0	0	2	2	4	0	3	3	0	0
	electr	Electrical	3	2	3	3	1	2	0	3	4	3	4	4	3	3	1	4	2	4	3	4	4	3	3	4	4	3	2	3	3	4	4	3	0	0	2	0	4	0	0	3	1	2	1	3	1	1	2	1
	electr	electrical	2	0	1	2	3	1	3	0	0	0	1	0	0	0	1	2	0	3	0	0	1	3	0	4	4	4	3	1	4	3	4	2	2	3	3	3	4	3	4	3	4	2	3	3	0	2	4	1
	electr	electrical science	3	1	3	3	0	2	0	0	3	3	3	3	2	3	2	2	4	1	1	4	1	4	4	2	3	3	2	2	2	1	1	3	1	1	0	2	3	0	0	1	0	1	0	0	1	1	0	0
	electr	Electrical 	3	2	1	3	3	4	4	1	1	2	1	2	0	1	2	2	1	1	0	2	2	2	1	3	4	4	4	2	4	2	2	3	3	3	3	1	2	2	2	3	1	3	3	3	3	3	2	3
	electr	electrical	4	0	0	0	0	0	0	0	4	0	0	0	0	0	0	0	2	0	0	0	0	0	0	0	2	0	0	2	0	0	3	2	0	0	0	0	0	0	0	4	0	0	0	0	0	2	4	4
	electr	Electrical	3	4	4	4	3	4	4	4	1	1	1	1	1	1	1	0	1	1	1	1	1	2	3	0	1	3	1	4	1	2	0	0	2	1	1	1	1	1	1	0	1	1	1	1	1	1	0	0
	electr	electrical	0	1	0	0	0	1	1	0	2	2	2	0	1	2	2	0	3	3	1	4	4	4	0	1	4	1	4	4	4	4	4	4	0	0	0	0	0	1	0	4	0	2	2	1	0	0	0	0
	electr electron	Electrical and Electronics	3	0	2	3	3	2	4	1	1	0	1	1	1	1	1	4	0	2	2	2	2	1	0	3	1	1	0	1	0	0	1	0	2	3	2	1	3	3	1	1	2	3	3	3	4	3	2	3
	electr electron engin	Electrical and Electronic Engineering	4	1	1	4	3	1	3	1	3	3	3	3	3	3	3	3	1	4	3	1	1	3	4	1	4	3	1	3	3	4	1	1	2	2	3	1	1	2	1	1	1	4	3	1	1	3	1	1
	electr electron engin	electric and electronic engineering	2	0	0	3	0	1	1	0	3	0	0	4	2	0	4	0	0	0	1	0	1	0	0	1	4	3	2	1	3	1	3	4	0	0	3	1	3	0	0	0	2	3	3	3	4	3	3	2
	electr electron engin	Electrical and electronics engineering	2	2	3	4	2	2	2	2	4	2	2	4	2	2	4	4	4	4	4	4	4	4	2	4	2	3	2	4	2	3	3	4	4	2	4	4	4	4	4	4	2	2	2	2	2	4	2	2
	electr electron engin	Electrical and Electronics Engineering	2	0	1	2	2	2	2	1	1	2	1	2	1	1	1	1	3	2	2	2	2	3	1	2	3	2	2	1	2	2	1	2	2	2	2	1	2	2	2	2	2	2	2	2	2	2	2	2
	electr electron engin	Electrical/Electronic Engineering	3	3	4	3	3	3	3	2	2	3	3	3	2	2	2	3	2	2	4	2	2	2	1	2	3	4	2	2	1	1	2	1	2	0	3	2	4	2	2	2	4	3	4	4	4	3	2	4
	electr electron engin	Electrical and Electronics Engineering	3	2	3	4	3	4	4	2	4	4	3	4	3	3	3	3	4	4	2	3	3	4	2	4	4	4	4	4	4	4	4	3	2	1	4	1	4	2	1	2	2	3	2	3	3	4	2	4
	electr electron engin	Electrical electronics engineering	1	3	1	3	0	0	3	3	4	3	3	3	1	3	1	3	0	0	3	0	3	3	3	3	3	4	1	3	1	0	1	3	1	0	3	3	1	3	0	4	0	3	4	1	3	4	3	3
	electr electron engin	Electrical and electronics engineering	2	0	1	4	2	2	3	1	1	1	3	4	3	1	3	3	3	3	1	2	2	3	0	1	3	3	2	1	3	2	3	3	1	1	1	0	1	1	1	2	0	1	0	0	2	2	1	1
	electr electron engin	Electric and electronic engineering	2	0	0	1	1	2	1	1	0	0	0	0	0	0	0	1	0	0	0	2	2	0	0	1	1	2	2	1	1	1	0	2	0	0	0	0	0	0	0	0	0	2	0	0	2	2	0	0
	electr electron engin	Electrical and electronic engineering	3	2	3	2	2	2	2	2	3	2	3	3	3	3	3	3	0	0	0	0	0	0	0	0	0	0	0	0	0	0	0	0	0	0	3	0	3	0	0	0	3	2	3	3	3	2	2	3
	electr electron engin	Electrical and electronic engineering 	2	1	3	3	1	2	1	0	3	4	4	4	3	3	1	3	2	3	4	4	4	3	0	3	2	1	3	1	3	3	3	3	4	1	2	0	2	1	1	4	2	2	1	1	3	1	1	2
	electr electron engin	Electrical-electronic engineering	4	2	2	4	0	4	4	0	3	1	2	3	0	0	4	0	2	4	2	1	0	4	0	4	4	3	3	4	4	1	0	3	3	0	3	1	4	1	1	4	4	4	4	1	4	3	0	4
	electr electron engin	Electrical Electronics Engineering	4	2	0	4	3	0	2	0	4	2	3	4	3	2	0	2	1	0	1	4	4	4	0	4	3	3	2	3	4	2	4	2	0	3	1	1	4	2	1	1	0	4	3	3	4	0	1	1
	electr electron engin	electrical and electronics engineering	1	0	3	3	3	2	2	1	2	2	3	1	2	2	2	3	0	2	1	2	3	1	3	1	3	1	2	1	1	3	2	2	0	0	2	1	1	1	1	1	1	1	1	2	2	2	1	1
	electr electron engin	electrical electronics engineering 	2	0	2	2	1	3	2	1	4	1	1	2	2	1	1	1	1	1	3	4	3	3	0	1	2	1	3	3	2	2	1	2	2	2	3	1	3	2	2	1	2	1	2	2	1	2	1	1
	electr electron engin	electrical and electronics engineering	4	0	4	2	1	2	4	0	2	0	0	2	0	0	0	0	3	4	0	4	4	3	0	0	4	4	4	4	4	4	4	2	4	0	2	0	4	0	4	0	4	4	4	4	4	4	4	4
	electr electron engin	Electric and Electronic Engineering	3	3	4	3	2	3	2	3	2	3	3	2	2	2	2	2	3	3	2	3	2	3	2	2	3	2	2	3	2	3	2	2	4	0	3	1	2	2	2	3	2	3	3	3	3	3	0	3
	electr electron engin	electrical&electronic engineering	2	3	2	4	3	3	3	2	4	4	3	3	4	3	3	2	3	2	1	1	1	2	2	2	1	2	1	2	1	1	2	2	3	3	2	3	2	2	2	3	3	2	3	3	3	3	2	2
	electr electron engin	electrical and electronic engineering	4	2	2	4	3	2	4	3	1	1	0	2	2	1	2	1	1	1	1	1	3	2	2	1	2	3	2	3	2	2	2	1	1	3	2	2	4	1	3	2	2	0	1	3	1	2	2	2
	electr electron engin	Electrical and electronics engineering	0	0	0	2	0	0	2	1	4	4	4	2	0	1	2	1	4	4	4	4	0	3	4	3	4	2	0	4	3	0	3	0	0	0	2	0	0	0	0	3	2	2	4	2	0	3	2	1
	electr electron engin	Electrical and Electronics Engineering	1	2	0	4	2	2	3	2	3	0	0	0	0	3	0	2	3	2	2	2	0	3	0	2	3	2	2	2	3	4	4	2	2	2	4	0	2	2	4	3	2	2	2	2	2	3	3	2
	electr electron engin	Electrical and Electronics Engineering	0	1	0	0	0	3	0	1	0	0	2	2	1	2	1	2	2	2	3	3	2	3	2	2	3	2	0	4	3	3	3	0	0	1	3	2	2	2	2	3	3	2	0	2	3	2	3	3
	electr electron engin	Electrical-Electronic Engineering	4	3	4	4	3	4	4	4	0	2	2	2	0	0	0	0	1	1	1	0	0	1	2	0	2	4	3	4	3	3	3	3	0	3	1	0	4	3	1	4	1	3	4	4	2	4	3	4
	electr electron engin	Electrical and electronics engineering 	3	1	4	3	1	3	3	0	3	3	4	3	3	3	3	1	4	1	3	3	3	4	0	4	4	3	3	4	4	4	4	3	1	0	1	3	1	3	0	3	4	3	3	3	3	4	3	3
	electr electron engin	Electrical & Electronics Engineering	2	1	2	4	3	3	4	3	2	2	2	3	2	2	3	3	2	2	2	3	2	4	3	3	3	4	2	2	3	3	3	3	2	3	3	2	3	3	3	3	2	3	4	3	4	4	3	3
	electr electron engin	Electrical Electronics Engineer	3	3	3	4	3	3	3	3	3	4	4	3	4	4	4	3	2	2	3	2	3	2	2	3	4	3	2	3	3	2	3	2	1	1	2	2	3	2	1	3	2	2	3	2	4	3	2	3
	electr electron engin	Electrical and Electronic Engineering	4	0	3	4	4	4	2	4	0	2	2	0	1	0	0	2	3	4	3	0	0	2	0	2	2	3	0	0	1	3	2	0	1	2	2	2	4	2	0	2	2	4	3	2	3	4	0	1
	electr electron engin	Electrical Electronic Engineering	1	1	0	3	1	3	2	1	2	4	2	3	0	1	0	0	1	2	3	4	3	4	2	2	2	3	3	3	2	3	3	3	2	2	3	2	3	3	3	2	0	2	3	1	2	1	1	1
	electr electron engin	Electrical electronic engineering	3	2	3	3	3	3	3	3	2	2	0	0	0	1	1	1	0	1	0	2	0	2	4	1	2	3	3	4	4	3	4	4	0	2	3	1	2	2	1	1	0	1	0	3	2	3	1	1
	electr electron engin	Electrical-Electronic Engineering	4	3	2	4	3	4	4	3	2	3	2	3	2	3	1	1	0	2	0	1	1	1	3	3	3	4	4	3	4	3	4	4	2	4	2	1	4	2	2	4	1	4	1	2	2	3	2	3
	electr electron engin	Electric & electronic engineering	4	3	1	4	3	4	2	4	2	3	3	4	3	3	3	4	2	3	4	2	3	2	1	4	3	4	3	3	4	4	3	4	3	3	4	2	2	3	2	3	2	3	4	3	3	3	4	4
	electr electron engin	Electrical and Electronics Engineering	2	2	2	3	2	2	2	2	3	4	4	3	3	4	4	4	4	3	4	4	2	4	2	4	3	4	4	3	2	4	4	4	2	2	3	2	3	2	2	2	1	1	2	2	3	4	3	2
	electr electron engin	Electrical And Electronic Engineering 	2	2	3	3	2	2	2	2	4	4	4	3	4	4	4	4	3	3	3	2	3	3	3	3	1	1	3	2	1	2	2	2	2	2	2	2	0	2	1	2	2	2	2	3	1	3	0	2
	electr electron engin	electrical and electronics engineering	3	1	1	4	1	3	3	4	4	4	4	4	3	3	4	2	4	2	2	4	2	4	0	4	4	4	4	4	4	0	3	4	2	2	3	2	2	2	0	2	2	4	0	0	3	3	0	0
	electr electron engin power	Electrical and Electronic Engineering (Power 	2	1	2	3	2	3	3	0	2	2	2	1	1	2	2	3	2	1	0	0	2	1	2	1	3	0	0	0	1	0	0	1	2	0	0	0	2	0	0	1	2	3	3	1	2	3	0	2
	electr enviroment engin	electrical & enviromental engineering	4	4	2	4	2	4	2	4	4	4	4	4	4	4	4	4	2	4	4	4	4	4	4	4	4	3	2	2	3	2	4	0	0	2	2	0	4	0	0	4	2	2	2	0	4	2	0	2
	electr instal previous web desig	Electrical Installation, previously web desig	4	3	2	3	3	3	3	3	4	3	3	4	3	3	4	4	1	1	2	2	3	3	2	4	2	2	1	2	1	2	2	2	1	0	1	1	2	0	1	0	2	2	2	2	3	3	2	2
	electr mainten	Electrical Maintenance	3	3	2	3	2	3	2	2	4	3	3	1	2	3	3	2	1	1	1	1	1	2	1	1	1	3	2	1	1	3	3	2	0	3	2	2	2	2	2	3	1	1	2	2	2	3	2	2
	electr mainten	Electrical Maintenance	2	1	2	1	1	1	1	1	1	1	1	1	1	1	1	1	1	1	1	1	1	1	2	1	1	1	1	1	1	1	1	1	2	0	3	2	3	1	1	1	1	0	2	2	2	1	1	1
	electr power engin	electrical power engineering	4	2	0	3	0	0	2	2	2	2	2	4	0	0	2	2	0	2	3	0	2	2	2	2	4	4	2	4	4	1	4	0	2	2	4	0	2	2	2	2	2	0	3	0	3	2	2	2
	electr power engin	Electrical power engineering	2	3	3	4	2	3	2	2	2	4	3	3	3	3	3	3	4	1	2	3	2	4	3	2	3	2	1	2	1	1	0	0	0	0	3	1	3	1	2	1	3	3	2	1	3	2	1	1
	electrica electron	Electricaal and Electronics	2	4	1	4	4	4	4	4	2	2	4	2	2	3	1	3	0	2	2	2	3	1	1	4	3	4	2	3	3	3	4	3	1	2	2	3	1	2	2	4	2	2	2	4	4	4	2	3
	electrician	Electrician	3	2	1	3	1	1	2	2	1	2	1	1	1	2	1	1	0	0	0	0	0	1	1	0	1	2	1	0	0	1	2	1	3	2	2	0	4	2	2	2	3	2	3	2	3	4	3	2
	electrician	Electrician 	2	2	2	3	2	3	2	2	3	3	2	0	2	2	2	2	0	0	0	0	0	0	0	0	3	2	2	4	3	3	3	2	2	2	2	0	2	2	2	2	2	2	2	2	2	4	3	2
	electrician	Electrician	1	0	0	0	0	0	0	0	1	0	0	0	0	0	0	0	0	0	0	1	0	0	1	1	2	1	0	1	0	3	2	2	0	2	2	0	0	2	2	2	2	1	1	2	2	2	1	1
	electrician	Electricians	3	1	0	0	0	0	0	0	2	3	1	0	0	0	0	0	0	3	3	0	1	0	1	3	1	2	1	1	0	0	0	0	3	3	3	0	1	0	0	2	3	0	3	2	3	1	0	1
	electromechan mainten technolog	Electromechanical Maintenance Technician	4	3	0	4	3	3	2	3	1	1	1	1	1	0	0	0	0	0	0	0	0	0	4	0	2	1	0	1	1	1	0	0	0	1	0	0	0	0	0	0	0	0	0	1	1	0	0	1
	electron	Electronics	2	2	2	2	2	2	2	2	2	2	2	2	2	2	2	2	2	2	2	2	2	2	2	2	2	2	2	2	2	2	2	2	2	2	2	2	2	2	2	2	2	2	2	2	2	2	2	2
	electron	electronics	2	1	3	2	1	2	2	1	2	1	2	0	1	1	1	1	1	1	3	1	1	1	2	2	3	2	4	3	4	4	4	4	3	3	3	3	1	4	3	2	1	2	2	1	1	2	1	1
	electron	electronic	2	0	0	2	0	1	2	1	3	2	3	3	3	1	3	1	0	2	4	0	4	1	1	3	0	2	2	2	2	3	1	2	3	0	2	2	1	3	1	3	0	0	2	2	2	2	1	2
	electron	Electronics	3	2	1	4	2	4	4	3	2	2	3	1	1	2	2	1	3	3	3	1	2	2	1	2	4	3	3	1	3	2	2	2	2	1	2	1	3	2	2	1	2	2	3	3	3	3	2	1
	electron	Electronics	3	0	0	4	0	4	2	0	3	1	1	3	0	1	2	3	0	0	0	1	2	3	0	0	3	3	1	0	1	1	3	2	0	0	1	0	2	0	0	1	2	2	4	3	4	4	1	4
	electron	Applied Electronics	3	1	2	4	3	3	4	2	3	1	1	2	1	1	2	1	1	1	1	1	1	1	1	1	4	4	3	3	4	3	3	3	1	1	2	1	4	1	1	1	2	2	2	3	4	4	2	2
	electron	Electronic	3	2	1	4	2	4	2	1	4	0	1	1	1	2	0	0	0	2	0	1	4	4	0	4	3	4	4	3	4	4	4	4	3	2	3	0	3	2	0	2	4	4	4	3	3	0	0	3
	electron	Electronics	0	0	0	0	0	0	0	0	0	0	0	0	0	0	0	0	0	0	0	3	0	0	0	0	2	0	0	4	4	3	0	0	3	0	3	0	3	3	0	3	0	0	0	0	0	0	0	0
	electron	electronics	4	4	4	0	4	4	2	0	4	0	0	4	4	0	0	4	0	2	4	0	2	4	4	0	0	0	0	4	0	4	2	0	4	4	0	0	0	0	4	0	0	0	0	4	0	0	0	0
	electron	electronics	0	0	0	1	0	1	0	0	1	0	0	1	0	1	0	0	3	2	3	3	3	4	0	1	4	0	1	0	3	0	0	0	0	2	0	0	0	3	0	1	0	2	1	0	0	2	0	1
	electron	electronics	0	3	0	0	0	2	0	1	1	4	4	1	3	1	2	1	2	4	4	2	4	3	1	4	4	3	4	1	4	1	3	1	2	2	4	1	3	2	4	4	2	0	1	2	3	2	2	1
	electron	electronic	4	2	1	4	1	3	1	0	0	1	1	4	0	1	2	0	0	3	0	2	0	4	1	2	3	3	3	3	4	3	2	3	0	1	1	0	2	1	0	2	2	2	2	4	3	4	0	2
	electron	electronic	4	4	4	4	4	4	4	4	2	3	2	2	0	0	0	0	0	3	2	0	4	0	0	2	1	2	2	1	4	2	4	2	0	2	2	1	2	1	0	1	2	3	0	1	2	2	0	1
	electron	electronics	2	3	4	4	4	4	2	4	2	4	4	4	4	4	4	4	0	0	2	2	1	4	4	3	4	2	3	2	3	3	3	2	1	0	0	0	0	0	3	0	0	0	0	0	0	2	0	0
	electron	electronics	2	1	0	4	2	2	2	1	1	3	2	2	2	2	2	1	1	4	1	1	2	3	1	4	2	1	3	2	2	2	3	3	1	0	2	1	1	1	2	4	1	0	2	0	0	1	1	2
	electron	electronics	3	0	0	4	1	2	0	0	4	0	0	4	0	1	0	4	2	4	3	4	4	2	2	3	4	4	4	4	4	4	4	3	0	0	4	1	4	0	4	0	0	4	4	3	3	3	0	1
	electron	Electronic	4	1	1	0	2	3	4	2	4	4	4	1	3	3	3	1	0	2	1	1	0	3	0	3	2	0	2	1	2	3	3	1	0	1	1	0	2	1	0	4	1	3	2	2	3	4	0	3
	electron	Electronics	4	4	3	4	2	4	4	3	4	4	3	1	1	3	1	2	3	2	3	3	3	3	1	1	2	4	3	2	3	3	3	3	3	4	2	1	4	3	4	4	4	4	2	2	4	3	2	3
	electron	electronics	4	1	1	4	2	3	4	1	2	3	3	1	2	1	0	1	2	2	2	2	2	2	1	4	4	2	2	3	3	3	3	3	2	3	3	3	3	3	4	3	1	4	4	2	4	4	3	2
	electron	electronics	2	1	1	3	2	1	3	0	3	4	4	3	3	3	3	3	3	4	1	4	4	2	3	4	4	4	3	4	3	4	4	4	1	4	0	2	1	0	0	4	0	1	3	2	3	3	3	1
	electron	Electronics	1	0	0	1	0	1	0	0	3	3	1	0	1	0	1	0	0	0	3	0	3	0	0	0	4	0	4	1	4	0	0	0	1	0	3	0	0	0	3	0	3	0	1	3	3	2	0	1
	electron	electronics	1	2	1	2	1	2	3	2	2	2	1	2	3	2	2	2	3	3	3	3	3	3	2	2	3	1	2	3	3	3	3	2	3	1	2	3	2	3	3	3	1	1	2	2	1	3	2	2
	electron	electronic	3	3	3	4	3	2	3	3	3	2	2	3	4	1	3	2	2	3	3	2	3	2	2	2	3	3	2	3	2	4	3	4	4	2	3	3	3	4	4	3	3	4	3	2	3	4	3	3
	electron	Electronics	4	4	4	4	3	4	4	4	4	4	4	4	4	4	4	4	4	4	4	4	4	4	4	4	4	4	4	2	4	4	4	4	2	4	4	1	4	4	4	4	0	4	4	1	4	4	1	4
	electron	electronics	2	0	0	3	1	0	2	0	3	3	3	3	3	3	2	2	1	0	1	1	1	1	1	0	2	0	2	1	0	1	0	0	1	0	0	1	2	2	0	2	0	1	2	0	3	2	1	2
	electron	Electronics	1	2	2	2	1	3	0	1	4	3	3	3	3	3	3	3	1	2	2	3	3	3	4	2	3	2	1	3	2	1	2	1	2	1	2	1	2	1	2	1	0	0	0	0	0	2	0	0
	electron	Electronics	3	2	3	1	1	2	2	1	1	1	1	1	1	1	1	4	3	4	3	3	4	3	2	4	3	3	4	2	4	3	1	2	2	2	3	2	3	3	1	2	2	2	1	2	2	1	1	1
	electron	Electronics	4	0	2	4	1	3	2	1	4	3	4	4	4	2	4	1	2	4	2	2	2	4	0	1	2	4	3	4	3	4	4	3	0	0	1	0	4	0	1	1	1	4	3	3	4	4	4	3
	electron	Electronics	0	0	1	3	2	2	3	2	0	1	1	3	2	1	1	1	0	1	2	2	1	3	1	2	3	2	2	1	3	3	2	2	1	2	2	3	4	3	3	3	2	3	3	2	4	3	3	3
	electron	Electronics	3	0	3	4	3	0	4	0	0	3	1	1	0	0	0	2	0	2	3	0	0	0	0	2	3	1	2	0	2	0	0	0	2	0	1	0	0	0	0	0	0	0	0	0	4	3	0	0
	electron	electronics 	2	4	2	4	3	2	4	4	3	3	4	4	4	3	3	0	4	2	3	4	3	4	4	3	4	3	4	4	4	3	4	4	2	3	3	2	3	4	4	3	1	4	4	2	3	3	4	4
	electron	ELECTRONICS	4	0	4	4	4	0	4	0	4	2	4	4	4	2	4	0	2	2	4	2	4	2	0	0	4	1	0	2	4	2	3	1	0	0	3	0	4	2	0	0	2	2	4	1	4	2	2	2
	electron	Electronics	3	1	1	3	1	3	3	2	3	3	1	2	3	3	1	4	2	3	3	3	4	3	2	4	3	3	2	2	3	3	3	3	1	1	3	2	2	1	2	3	1	3	3	3	3	3	3	3
	electron	ELECTRONICS	2	2	2	2	1	2	3	0	4	3	3	2	2	0	0	0	3	4	2	1	2	0	2	0	4	3	4	4	3	3	4	3	2	2	3	0	4	2	1	0	4	2	3	3	2	2	0	2
	electron	electronics	1	2	2	1	0	1	1	1	2	2	2	2	2	2	2	3	2	2	1	3	1	3	1	1	3	3	2	2	2	1	2	1	1	0	1	1	2	1	0	1	0	1	0	1	1	2	0	0
	electron	electronics	1	1	2	2	1	2	2	1	4	4	4	3	4	1	2	1	3	1	2	2	1	3	0	1	4	2	4	3	4	2	1	3	2	2	2	1	2	2	1	1	1	2	3	1	2	2	1	1
	electron	Electronics	0	1	0	2	0	0	1	0	2	2	3	3	4	2	3	1	1	2	2	2	3	2	0	1	3	2	2	2	2	1	3	0	1	1	1	0	2	2	0	2	1	1	1	0	3	1	1	1
	electron	electronic	4	2	2	4	2	2	4	3	0	0	0	2	0	0	0	2	0	4	2	2	0	2	2	2	4	0	0	3	2	2	2	1	4	4	4	2	4	3	1	3	4	4	4	3	4	3	3	3
	electron	electronics	4	0	4	4	4	4	3	0	2	0	2	2	2	2	2	0	4	4	4	4	4	4	0	4	4	0	0	0	0	0	0	0	4	0	4	0	4	1	3	4	2	4	4	4	4	3	3	4
	electron	electronics	3	2	2	1	2	1	2	1	2	0	1	2	1	1	0	2	1	0	0	0	0	2	0	1	3	2	0	2	0	3	1	1	0	0	1	0	0	0	0	0	2	2	1	1	2	2	0	2
	electron	electronics	3	3	0	4	2	3	3	3	1	0	0	1	1	0	0	0	0	1	4	0	0	0	3	1	3	4	1	2	3	3	3	2	2	3	1	1	2	2	1	4	2	3	3	2	1	3	0	2
	electron	Electronics	2	2	0	2	2	3	1	1	2	3	3	2	1	1	1	2	2	2	1	3	2	3	1	1	2	0	2	3	2	1	2	1	1	1	3	1	3	2	1	2	0	1	1	0	2	3	0	1
	electron	ELECTRONICS	3	3	0	4	3	4	4	1	2	3	3	0	3	2	2	3	3	2	0	2	2	1	2	3	3	2	1	1	4	3	3	3	0	3	1	1	1	1	0	4	4	4	4	2	2	3	1	2
	electron	electronics	4	1	0	4	2	4	2	2	2	4	4	0	2	2	2	2	0	4	4	4	4	4	2	4	4	4	2	4	4	2	2	4	2	0	2	4	4	4	2	2	1	0	2	4	4	2	2	2
	electron	Electronics	3	2	2	2	1	2	1	1	3	3	3	3	3	2	3	3	0	0	1	3	2	3	2	2	1	3	1	2	1	0	2	0	0	1	1	0	0	0	1	1	2	1	2	1	1	0	1	0
	electron	electronics	4	3	1	2	0	3	0	2	4	4	4	4	4	4	4	3	2	3	2	3	4	3	2	2	3	3	3	3	4	3	4	3	0	0	1	1	2	1	2	3	3	0	2	3	3	3	1	1
	electron	electronics	3	2	0	4	3	2	2	2	1	2	1	0	0	0	1	0	0	4	0	0	1	1	1	2	0	1	1	2	2	1	0	3	0	0	0	0	2	1	0	1	0	2	2	2	1	3	0	1
	electron	Electronics	4	4	0	0	4	0	4	0	2	2	0	4	0	0	0	0	4	4	0	0	4	4	4	4	4	4	2	4	4	2	4	0	2	4	4	0	4	4	0	4	0	4	4	4	4	4	4	4
	electron	electronics	2	0	0	3	0	0	2	0	2	2	3	3	3	3	2	3	0	2	2	1	2	2	1	2	2	0	1	1	1	1	0	0	0	1	1	1	1	2	0	2	0	1	1	2	3	1	0	2
	electron	electronics	2	4	3	4	3	3	4	3	4	3	3	3	4	4	3	4	2	3	4	3	3	3	3	3	3	4	3	3	3	3	4	3	4	3	3	4	4	4	3	4	2	3	2	2	2	2	2	2
	electron	Electronics	4	2	1	4	1	1	3	1	3	3	1	2	1	1	1	1	1	1	1	1	1	2	1	1	2	3	2	2	2	2	2	2	2	2	1	0	3	1	1	1	2	2	2	2	2	2	2	2
	electron	Electronics	1	3	3	1	1	2	0	2	3	3	4	4	3	3	3	4	1	1	2	3	3	3	3	3	0	1	1	2	1	2	1	1	0	0	3	0	4	3	2	3	0	0	0	0	0	0	1	0
	electron	electronics	2	0	0	2	1	0	0	1	2	1	1	2	2	0	1	1	4	0	3	0	2	0	0	1	3	0	1	2	0	1	1	1	3	1	3	1	4	1	3	2	1	2	3	1	4	3	3	2
	electron	electronics	4	4	0	4	4	4	3	4	2	3	1	3	1	1	1	4	0	0	1	0	0	1	2	3	2	4	1	0	0	0	1	0	0	1	1	0	3	0	0	0	3	2	2	3	3	3	2	2
	electron	Electronics	4	0	0	3	2	2	1	0	3	3	3	0	1	4	2	0	2	2	3	1	2	4	0	1	3	4	3	4	4	3	4	3	0	2	1	0	3	2	0	2	2	1	3	1	3	3	1	1
	electron	Electronic	2	2	2	2	2	2	2	2	2	2	2	2	2	2	2	2	1	2	2	2	2	2	2	2	2	2	2	2	2	2	3	2	2	2	2	2	2	2	3	2	2	2	2	2	2	2	3	2
	electron cmmunic	Electronics & c0mmunication	4	4	3	4	3	3	4	3	1	1	3	3	3	1	1	1	3	4	1	1	4	1	0	3	4	4	4	3	4	3	3	4	4	4	4	1	4	4	4	4	4	4	4	4	3	4	4	4
	electron comm engg	Electronics & Comm Engg	4	2	0	4	0	4	4	1	4	3	4	4	0	2	2	0	4	4	4	3	4	4	3	4	4	4	3	4	3	4	4	4	3	4	4	2	4	4	2	3	3	3	3	4	4	4	2	3
	electron communic	Electronics & Communications	3	0	0	1	0	0	1	0	0	4	3	0	0	3	0	3	3	4	1	3	1	4	0	4	4	2	4	4	4	2	3	1	2	2	4	0	4	2	1	2	2	2	4	3	3	3	0	1
	electron communic	Electronics and communication 	4	0	0	4	0	2	2	2	2	0	3	0	4	1	2	1	4	0	3	2	2	3	3	1	4	0	3	4	3	2	3	1	0	0	0	0	3	3	2	2	0	2	1	0	1	2	3	1
	electron communic	Electronics and Communications	2	2	1	3	0	0	1	0	3	3	2	3	2	0	2	1	1	3	1	1	0	2	4	2	3	4	3	1	2	0	3	4	3	1	2	0	3	0	1	2	4	1	4	0	0	0	1	1
	electron communic	electronics and communication	4	2	1	3	2	3	2	0	2	1	1	3	0	2	2	2	0	3	2	3	0	3	3	1	1	4	1	1	0	1	3	3	4	4	4	0	0	2	2	0	0	1	2	0	0	3	0	0
	electron communic	Electronics & Communication	4	4	2	4	4	4	4	4	4	3	3	4	2	2	2	3	4	4	3	4	4	2	3	4	4	4	4	4	4	4	4	4	2	4	4	4	4	2	4	3	3	3	4	4	4	4	2	4
	electron communic	electronics and communication	4	3	1	4	3	4	4	4	4	4	3	3	1	4	2	4	4	3	2	2	1	4	1	3	3	4	4	2	3	4	4	2	2	2	3	1	4	3	3	2	2	2	3	3	4	3	4	4
	electron communic	electronics and communication	3	4	0	4	2	4	3	4	0	1	0	0	0	1	0	2	4	4	1	1	1	2	1	2	4	2	3	4	4	4	2	3	0	0	4	0	4	3	3	3	2	4	3	4	4	4	4	4
	electron communic engg	electronics and communication engg	4	3	2	3	3	3	4	2	4	3	3	4	3	3	3	2	2	4	2	4	4	2	2	3	2	4	3	3	3	4	4	4	3	3	4	4	4	4	4	4	3	3	3	2	3	4	3	3
	electron communic engin	Electronics and Communication Engineering	3	0	3	1	1	1	3	1	4	4	4	3	4	4	3	0	2	0	3	4	0	4	3	0	2	2	3	4	4	4	2	3	1	1	4	0	3	4	4	3	3	1	3	3	2	2	2	2
	electron communic engin	Electronics and communication engineering	2	1	2	2	1	2	2	1	3	3	3	1	1	1	1	1	2	4	3	2	2	3	2	3	4	3	1	3	2	1	2	2	1	3	3	2	2	1	2	2	0	1	1	1	1	2	1	1
	electron communic engin	electronics and communication engineering	3	0	0	0	0	3	0	4	2	4	4	0	0	4	0	4	4	0	4	4	4	4	2	4	4	4	4	0	4	4	4	4	2	4	2	2	4	4	0	4	3	4	4	0	0	4	0	4
	electron communic engin	Electronics and Communication Engineering	1	0	3	0	0	1	0	0	2	3	4	3	3	0	2	3	2	2	1	1	3	3	0	2	3	3	3	2	4	4	4	1	1	1	1	1	3	1	1	0	0	2	0	0	2	0	1	0
	electron communic engin	Electronics and Communication Engineering	4	1	3	0	0	4	0	0	4	3	4	4	3	3	3	3	1	3	3	3	1	3	3	4	3	4	3	3	3	3	3	1	2	1	3	1	3	0	1	3	1	1	0	0	1	0	0	1
	electron communic engin	Electronics & Communication Engineering	3	1	3	3	1	1	3	2	3	2	2	3	3	2	3	2	3	2	3	3	3	3	2	2	3	2	2	2	3	3	3	2	2	2	3	2	3	2	2	2	2	3	3	2	2	3	3	3
	electron communic engin	Electronics and Communications Engineering	3	1	0	3	0	3	3	0	1	3	2	1	1	2	2	0	2	1	1	2	0	3	2	1	1	4	2	2	3	4	2	2	3	3	2	0	2	2	1	1	3	4	4	1	1	4	1	2
	electron communic engin	Electronics and Communication Engineering	2	2	0	4	2	2	3	2	3	2	1	2	2	3	2	2	2	3	3	0	2	2	4	2	2	2	3	4	3	3	3	2	3	2	3	2	4	1	2	1	2	3	4	3	3	4	3	3
	electron communic engin	Electronics and Communication Engineering	3	3	3	4	1	2	4	1	4	4	4	4	3	3	3	4	2	4	4	1	3	3	2	3	2	1	2	2	2	2	2	2	1	3	3	0	3	0	1	0	2	3	4	1	3	2	0	0
	electron communic engin	Electronic and communication engineering	3	1	2	3	2	2	3	2	1	1	1	2	1	1	1	3	2	2	2	2	2	3	1	2	3	3	3	4	3	3	3	4	2	1	3	2	4	3	2	3	1	2	2	2	3	2	2	2
	electron communic engin	electronics and communication engineering	4	4	0	0	0	4	0	2	4	4	4	4	4	4	4	2	4	4	4	4	3	4	0	3	3	3	4	4	2	2	4	3	2	2	4	0	2	2	2	3	2	2	4	4	4	4	4	4
	electron communic engin	Electronics and Communication engineering	3	2	1	3	1	3	2	2	4	2	1	3	1	2	2	1	4	4	2	3	2	4	2	3	4	4	3	4	4	4	4	4	3	3	4	2	4	4	1	4	4	3	3	4	2	4	4	2
	electron communic engin	Electronics and communication engineering	3	0	0	3	0	2	0	0	4	4	4	2	3	4	3	4	0	0	0	0	0	0	3	0	2	1	2	0	1	0	1	0	0	0	0	0	0	0	0	2	0	1	2	0	0	3	0	0
	electron communic engin	Electronics and Communication Engineering	2	0	3	4	1	3	1	1	3	4	3	3	4	4	3	4	3	3	1	3	3	4	4	3	1	3	2	4	4	3	3	3	1	1	3	1	2	1	1	1	0	1	2	0	3	2	3	2
	electron communic engin	Electronic and communication engineering 	2	1	0	2	0	2	0	1	2	1	0	1	1	0	1	3	3	4	3	3	3	3	2	3	4	2	4	0	4	3	4	3	3	2	3	0	3	2	0	2	0	1	0	0	0	4	0	1
	electron communic engin	Electronics and communications engineering	3	2	1	2	1	2	3	1	2	2	1	2	2	1	3	2	4	3	2	3	2	4	1	3	2	4	3	4	2	3	2	2	2	2	3	2	3	2	2	2	2	3	2	3	3	2	2	2
	electron communic engin	electronics and communication engineering	4	3	2	4	2	4	4	3	4	4	4	4	3	4	3	2	3	2	4	3	1	3	3	2	3	4	3	3	3	4	3	2	3	2	3	2	3	3	3	3	2	3	3	2	3	4	2	3
	electron communic engin	Electronics and communication engineering 	4	3	1	4	0	2	1	2	4	4	2	2	1	3	1	2	2	4	3	3	4	4	1	4	3	4	1	1	3	3	4	3	4	3	4	0	4	2	1	2	3	4	4	2	3	1	2	1
	electron communic engin	Electronics and communication engineering	1	2	0	4	1	2	3	1	2	3	2	1	2	0	2	1	0	4	3	0	2	2	4	3	4	1	1	2	1	3	1	4	4	4	1	1	4	4	1	4	3	1	4	1	1	4	2	1
	electron communic engin	Electronics & Communications Engineering	4	0	1	1	0	0	0	0	1	1	3	0	0	1	0	0	2	2	3	2	3	2	0	2	3	1	0	1	3	4	1	1	4	3	3	1	4	2	3	3	3	3	4	3	1	0	3	3
	electron communic engin	Electronics and communication engineering	2	0	1	4	0	1	3	0	1	0	2	2	2	3	3	3	1	1	3	2	3	3	0	2	0	1	2	2	1	2	0	2	1	1	3	2	4	2	0	3	1	2	4	3	3	4	0	2
	electron communic engin	Electronics and Communication Engineering	0	0	0	0	0	0	0	0	1	1	1	0	0	0	0	0	3	3	2	4	4	4	0	3	3	1	1	3	3	2	2	1	1	2	4	4	3	3	1	2	0	0	0	0	1	2	0	0
	electron communic engin	Electronics and communication engineering	3	0	2	4	2	1	0	0	1	0	2	1	2	1	1	0	4	0	2	1	2	1	1	0	4	2	2	1	2	1	1	0	4	4	4	1	4	4	1	4	4	4	4	4	4	4	3	4
	electron communic engin	Electronics & Communication Engineering	2	0	1	2	0	0	2	3	3	3	4	2	2	4	1	4	2	1	4	0	0	2	0	3	2	4	2	2	3	3	3	2	3	3	4	0	3	3	3	3	3	3	3	2	3	2	2	2
	electron communic engin	electronics and communication engineering 	0	0	1	4	0	0	2	0	2	0	3	0	0	0	0	0	0	0	0	0	0	0	0	0	4	0	3	0	0	3	4	1	3	2	4	0	3	3	0	0	3	3	3	4	4	4	4	4
	electron communic engin	electronics and communication engineering	4	4	4	4	4	4	4	4	4	4	4	4	4	4	4	4	4	4	4	4	4	4	4	4	4	4	4	4	4	4	4	4	4	4	4	4	4	4	4	4	4	4	4	4	4	4	4	4
	electron communic engin	Electronics and communication engineering	4	0	2	4	3	2	4	0	1	2	0	1	0	1	0	3	2	1	3	2	2	2	0	2	3	3	2	3	2	3	3	3	0	1	1	0	3	1	0	0	0	3	3	2	3	4	0	2
	electron communic engin	Electronics and Communication Engineering	0	0	0	2	0	3	0	3	0	0	0	0	0	1	0	4	0	0	3	3	4	3	0	4	0	4	3	2	3	0	3	4	0	0	1	0	1	0	0	0	0	0	3	0	1	2	0	0
	electron communic engin	electronic and communication engineering	0	0	0	4	2	0	0	3	2	4	4	0	0	4	0	0	4	4	0	0	0	3	0	3	2	0	0	2	2	3	2	3	0	0	0	0	4	0	0	0	2	3	4	4	3	3	2	3
	electron communic engin	Electronics Communication Engineering	1	2	1	1	1	2	1	0	0	2	1	0	3	3	3	3	0	2	2	3	4	3	2	3	0	2	3	2	3	2	3	2	0	0	3	0	4	3	1	3	2	1	1	3	2	2	2	3
	electron communic engin	Electronics and Communication Engineering	4	2	1	2	2	2	2	2	2	3	2	2	1	2	1	1	1	3	3	2	3	4	3	3	3	3	3	3	4	2	3	3	2	2	2	1	3	4	2	4	2	2	3	2	2	2	2	2
	electron communic engin	electronics and communications engineering	2	1	0	2	2	2	2	2	1	2	2	2	2	2	2	2	1	3	2	3	2	2	2	2	3	3	2	3	2	3	4	2	1	0	3	2	4	3	2	3	3	3	3	3	3	3	3	3
	electron communic engin	Electronics and Communication Engineering	4	0	0	4	3	3	4	4	3	4	3	0	3	4	0	4	2	0	0	0	2	1	0	1	3	2	0	2	3	2	2	4	0	0	2	0	4	1	0	0	0	4	4	3	4	4	4	4
	electron communic engin	Electronics & Communication engineering	4	0	0	0	0	0	0	0	4	0	0	0	0	0	0	0	2	0	0	0	0	0	0	0	4	0	0	0	4	0	4	0	2	0	0	0	0	0	0	0	4	0	0	4	0	4	0	4
	electron communic engin	Electronics and communication engineering	3	1	2	4	2	2	4	3	3	3	4	4	4	3	4	3	3	3	3	2	2	3	2	2	4	2	3	2	2	3	4	3	2	2	3	2	3	3	4	2	3	2	4	2	3	4	3	3
	electron communic engin	electronics and communication engineering	4	2	2	4	0	1	4	1	3	3	3	3	3	4	4	4	4	3	4	4	2	4	1	4	2	4	0	4	0	4	2	3	4	0	4	0	4	3	0	4	1	2	3	2	3	3	3	2
	electron communic engin	electronics and communication engineering	4	0	0	0	0	4	0	0	4	4	4	4	0	2	0	0	0	4	4	4	4	4	0	4	4	4	0	4	4	0	2	3	4	0	4	3	2	3	1	3	0	0	0	0	0	3	0	0
	electron communic engin	Electronics and communication engineering	4	4	0	3	0	4	4	4	4	3	1	2	0	0	2	2	2	0	1	2	0	2	0	1	3	4	2	3	3	4	4	4	1	4	3	3	4	4	4	4	3	2	2	4	2	4	4	4
	electron communic engin	Electronics and communication engineering 	4	3	4	3	1	1	3	2	0	1	1	1	3	1	1	2	2	4	2	2	3	2	4	3	4	4	4	3	3	3	4	3	4	4	4	2	3	3	4	3	4	4	3	2	3	3	3	3
	electron communic engin	Electronics and Communication engineering	3	2	1	3	3	3	3	1	1	1	3	3	2	2	1	3	1	1	3	2	3	3	1	1	2	1	1	3	1	2	1	1	1	1	2	3	3	2	1	3	2	3	3	2	3	3	1	1
	electron communic engin	Electronics and communication engineering	4	0	0	0	0	0	0	0	2	2	0	2	0	0	2	0	4	4	4	2	4	4	2	4	4	4	3	2	4	4	4	4	2	2	3	2	4	2	0	2	4	2	2	4	0	0	0	2
	electron communic engin	electronics & communication engineering	1	0	2	4	1	0	0	0	3	3	3	4	4	4	3	3	3	3	3	3	4	4	3	3	3	3	3	1	3	3	3	3	0	0	3	0	4	2	2	0	0	2	4	0	1	0	1	1
	electron communic engin	electronics and communication engineering 	2	0	1	3	1	1	1	0	0	0	1	0	0	1	0	0	0	0	0	0	0	0	0	0	2	0	0	0	0	0	1	1	0	0	0	0	0	0	0	0	0	2	1	0	2	0	0	0
	electron communic engin	Electronics and communication engineering	3	0	2	4	1	2	3	1	3	0	2	1	2	2	2	1	1	1	1	0	1	1	0	1	3	2	2	1	3	2	2	3	1	2	1	1	3	2	1	2	3	3	3	3	4	3	2	3
	electron communic engliah	Electronics And Communication Engliah	3	0	3	3	3	3	3	0	0	0	0	0	0	0	0	0	2	0	3	0	0	0	0	3	3	0	3	0	0	3	0	0	0	0	3	0	3	3	0	0	0	3	1	2	3	0	0	3
	electron engineerig	electronic engineerig	2	3	2	3	3	3	2	1	2	3	1	4	1	2	1	4	2	0	3	4	4	3	0	0	1	3	4	2	3	3	3	0	1	2	3	0	4	1	2	3	1	3	3	0	2	3	2	3
	electron engineerin	electronic engineerin	4	2	0	4	1	2	1	0	4	4	4	4	4	4	3	4	4	3	3	4	2	4	0	2	4	3	3	4	3	3	4	2	0	0	0	0	1	0	0	2	0	1	0	0	4	2	0	1
	electron instrument engin	Electronics and Instrumentation Engineering	4	2	4	4	3	2	3	1	4	3	2	1	1	3	2	2	2	1	2	2	1	3	0	1	3	4	3	4	3	3	3	3	2	1	2	1	4	1	0	4	0	3	1	3	0	3	0	3
	electron instrument engin	Electronics and Instrumentation Engineering	1	2	3	3	1	4	2	2	3	1	1	2	1	2	2	3	4	3	1	3	2	4	3	2	3	4	3	3	3	3	4	2	1	1	3	1	2	1	0	2	1	3	2	1	1	3	1	1
	electron instrument engin	Electronics and instrumentation engineering	3	2	1	0	0	2	2	2	3	2	0	0	0	2	0	1	3	3	1	1	4	4	1	2	4	4	2	0	4	4	4	4	4	2	1	2	4	4	3	4	1	0	0	1	2	4	1	3
	electron instrument engin	Electronics and Instrumentation Engineering	2	2	3	4	4	4	4	3	1	1	1	1	0	1	1	1	3	3	2	3	2	4	1	3	3	3	2	2	3	3	2	2	1	1	3	2	4	3	1	2	2	3	2	3	2	3	1	2
	electron system	A.S. electronic systems 	2	0	0	0	0	0	0	0	4	0	0	0	0	0	1	0	0	0	0	0	3	3	0	0	2	2	2	2	2	0	2	2	0	0	0	0	0	0	0	0	0	0	0	2	1	1	0	0
	electron system engin	electronic system engineering	3	0	0	4	0	0	0	0	4	4	3	0	4	0	4	0	4	4	0	0	0	4	0	2	2	2	2	4	3	4	2	2	0	0	0	4	0	0	0	4	0	0	0	0	0	0	0	0
	electron system engin	Electronic System Engineering	3	1	1	2	1	2	2	1	2	4	4	2	2	4	2	3	3	3	4	4	3	4	2	3	0	2	0	2	0	1	0	1	1	2	2	2	1	4	3	4	1	2	1	1	1	2	1	2
	electron system engin	Electronic System Engineering	4	2	4	3	3	3	3	1	3	2	2	2	2	2	2	2	1	3	2	2	3	2	2	3	2	2	0	3	3	2	3	4	3	2	2	2	3	3	2	2	3	2	2	2	3	3	1	2
	electron system engin	Electronic system engineering	4	2	4	4	4	2	4	1	0	0	0	2	1	0	1	2	2	2	0	3	2	2	3	1	4	4	4	4	4	3	2	3	2	0	3	2	3	3	1	3	2	2	2	0	2	2	2	3
	electron system engin	Electronic Systems Engineering	4	2	4	4	3	3	4	2	3	3	2	3	2	2	3	3	1	1	2	2	1	2	2	1	3	2	2	2	3	2	3	2	2	2	1	1	2	1	2	2	2	2	3	2	2	3	2	2
	electron system technolog	Electronic systems technology	4	3	2	4	2	3	4	3	4	3	3	2	3	3	3	3	3	1	0	1	0	3	3	1	2	3	2	3	2	3	3	3	0	0	1	0	1	1	2	2	0	1	0	0	0	2	2	1
	electron telecom engin	Electronics & Telecom Engineering	4	4	0	4	0	3	2	0	4	2	4	4	4	0	4	0	2	4	4	4	4	4	4	2	4	4	2	4	4	4	3	4	2	0	2	0	4	0	0	4	4	4	3	4	4	2	4	4
	electronicengin	ElectronicEngineering	1	1	0	4	0	1	0	1	3	3	3	3	1	3	1	1	3	1	1	3	3	3	0	1	2	4	1	1	1	0	2	0	0	0	2	0	3	0	0	0	0	1	1	0	3	3	0	1
	electroniqu	Electronique	4	2	2	0	0	4	4	4	4	0	0	0	0	0	2	0	0	2	0	0	0	0	0	0	4	4	4	0	4	4	0	4	0	4	0	4	4	4	2	4	0	2	0	2	0	4	0	2
	electryc electron engin	Electryc and electronic engineering	4	2	3	4	3	4	2	2	4	3	4	3	4	4	4	3	2	3	1	1	1	1	1	1	3	2	1	2	2	2	1	0	4	4	2	3	2	3	4	1	4	4	2	3	1	3	2	1
	elektrik	elektrikal	3	2	3	0	3	3	2	1	1	0	1	0	0	1	1	0	1	2	2	0	4	1	1	2	3	1	1	1	3	3	2	2	1	1	3	0	4	0	2	1	2	1	1	4	2	1	1	4
	elemetari	Elemetary	0	0	0	2	0	0	0	3	2	2	1	4	0	2	0	0	0	0	0	0	0	0	0	0	4	2	4	3	4	4	4	3	0	2	2	3	2	3	2	0	2	2	2	2	1	0	0	2
	eletron	Eletronic	0	2	4	4	3	3	3	1	2	3	4	3	3	2	3	2	0	1	3	0	0	2	1	2	1	3	0	1	1	2	4	1	1	2	2	1	1	1	1	4	1	2	1	2	1	1	0	2
	elictricit	elictricitly	0	1	0	4	1	2	0	2	2	0	0	2	0	0	1	0	0	0	0	0	0	0	4	0	2	0	0	0	0	0	1	0	2	2	1	2	4	2	3	0	3	3	3	2	2	3	3	2
	em	ems	0	0	0	0	0	0	0	0	0	4	4	0	0	0	0	0	0	0	0	0	0	0	0	0	0	0	0	0	0	0	0	0	0	0	0	0	0	0	0	0	0	0	0	0	0	0	0	0
	em	EMS	0	1	0	0	1	0	0	0	2	2	0	2	1	2	1	1	0	0	1	1	0	2	2	0	2	3	3	2	2	2	1	0	0	1	0	2	2	2	2	1	1	0	1	1	0	0	1	0
	em	ems	0	0	3	0	0	2	0	0	4	2	3	3	1	1	0	0	0	0	0	0	0	0	0	0	2	2	2	0	2	1	0	0	0	0	0	0	0	0	0	0	0	0	0	0	0	0	0	0
	em paramed	EMS Paramedic	1	2	0	0	2	3	2	2	4	3	2	3	1	3	2	3	2	3	3	3	2	2	4	4	2	3	2	3	1	2	0	1	1	1	1	3	0	1	0	0	1	1	0	0	0	0	1	0
	emerg servic	emergency services	0	0	0	0	0	0	0	0	4	0	0	4	0	0	0	0	0	0	0	0	0	0	0	0	0	0	0	0	0	0	0	0	0	0	0	0	0	0	0	0	0	0	0	0	0	0	0	0
	emerg servic	emergency services 	1	1	2	0	0	0	1	1	3	2	2	3	1	2	2	1	0	0	0	2	4	1	4	1	1	2	3	3	3	2	1	3	0	2	1	2	0	2	1	1	1	1	0	1	0	0	2	0
	emerg servic paramed	Emergency Services (paramedic)	0	3	0	0	0	3	0	3	4	2	3	4	0	3	0	0	4	1	2	4	0	4	2	1	1	3	4	4	0	0	3	2	0	0	0	0	0	0	0	0	0	0	0	0	0	3	0	0
	emgin	emgineering	4	4	4	4	0	3	4	0	4	4	4	4	4	4	4	2	4	4	4	4	4	4	3	0	4	4	4	4	2	4	4	2	4	4	4	4	2	4	2	1	4	4	4	4	4	4	4	4
	empresa	Empresas	4	3	1	4	3	2	4	3	1	2	2	4	2	2	2	2	3	2	2	2	3	2	0	2	1	4	4	3	4	3	3	3	0	3	4	4	4	4	3	4	4	4	4	4	4	4	3	4
	emt	Emt	2	0	0	2	4	4	4	2	4	4	4	4	4	4	4	4	2	2	4	2	0	4	4	2	4	4	4	4	4	4	4	4	4	4	4	4	4	4	4	4	4	4	4	4	0	2	4	4
	emt	EMT	1	1	0	1	0	2	0	1	2	4	4	1	0	4	3	3	0	2	0	1	0	4	4	3	2	3	0	4	0	0	0	3	1	1	0	1	0	0	2	2	0	0	0	0	0	0	0	0
	emt	EMT	1	2	1	1	1	2	2	2	3	1	1	2	2	1	3	1	0	0	1	2	0	0	1	1	1	2	2	1	2	2	1	2	0	1	1	1	0	1	1	1	1	1	2	1	0	0	1	1
	emt	EMT	2	1	2	3	1	3	1	1	4	4	4	4	3	4	3	1	0	0	0	0	0	0	3	0	3	3	3	3	2	0	0	0	0	1	0	0	0	0	0	0	0	2	0	0	0	0	0	0
	emt	Emt	4	2	2	4	0	4	4	4	4	4	4	4	4	4	4	4	2	4	4	2	2	4	4	4	4	4	4	4	4	4	4	4	4	4	4	4	4	4	4	4	4	4	4	4	4	4	4	4
	endocrinolog	endocrinology	1	0	0	0	0	0	0	0	2	4	4	4	1	3	1	0	0	0	0	0	0	0	0	0	1	4	2	2	0	2	4	3	0	0	0	1	0	0	1	0	0	1	0	0	0	0	0	0
	energi	Energy	4	2	0	0	4	0	4	4	4	4	4	0	4	4	4	4	1	2	4	0	4	4	4	4	2	0	0	0	0	0	0	0	2	4	0	4	4	0	4	0	0	0	0	0	4	4	0	4
	energi	Energy	2	0	4	2	0	4	1	3	4	4	3	4	3	4	4	3	2	3	4	0	3	2	2	3	4	4	4	1	3	1	1	2	2	3	4	2	4	3	4	4	0	2	1	1	1	1	0	0
	energi engin	energy engineering	3	0	2	3	3	4	0	1	1	2	1	3	4	3	3	1	2	1	1	1	1	3	1	0	3	0	3	0	2	1	3	0	4	0	1	0	4	2	2	4	4	3	2	1	4	3	1	2
	energi engin	Energy Engineering	3	2	2	0	0	1	1	1	4	3	3	4	4	2	4	4	2	4	4	4	3	4	4	3	3	4	1	0	2	0	1	1	2	0	2	0	3	1	0	0	0	0	0	0	3	2	0	0
	energi engin	energy engineering	0	0	3	2	1	1	1	1	4	1	2	3	2	2	2	2	4	3	3	4	3	4	4	4	3	4	2	3	2	3	3	2	2	1	1	1	2	1	0	2	0	2	1	2	1	1	0	3
	energi engin	energy engineering	3	3	2	2	3	3	3	3	3	3	3	3	3	3	3	3	1	3	1	2	3	2	2	3	3	3	2	3	2	3	3	3	2	2	3	3	3	3	2	3	3	3	3	3	3	3	3	3
	energi intuit train	Energy and intuition training	3	2	1	1	1	2	1	1	4	3	3	4	3	2	3	1	2	2	3	4	4	3	1	2	4	4	3	4	4	2	4	3	1	1	1	1	4	1	1	1	2	1	1	2	2	2	2	2
	energi system engin	energy systems engineering	2	3	2	1	1	2	2	3	4	3	3	2	1	1	1	2	2	1	1	4	3	3	3	2	3	4	3	3	3	4	4	3	1	1	3	0	3	1	0	2	0	0	1	2	2	1	0	1
	eng	Englis	0	0	0	0	0	0	0	0	2	2	2	2	2	3	2	3	2	3	3	3	4	3	0	3	4	3	3	3	4	3	4	3	0	0	3	0	3	3	2	0	0	0	0	0	0	0	0	0
	eng	ENGLIS	2	0	0	0	0	0	0	0	1	2	0	0	0	0	0	3	3	3	1	1	1	4	1	0	4	0	3	0	3	2	4	4	0	0	0	0	1	2	0	0	0	0	0	0	0	0	0	3
	eng	englis	3	3	0	2	2	2	3	3	1	4	3	2	4	3	3	2	0	3	4	1	4	3	2	4	2	4	3	3	3	4	4	4	4	3	2	2	4	4	3	4	0	4	3	3	3	2	2	3
	eng	Englis	2	0	0	2	0	0	0	0	3	3	3	1	3	4	3	1	3	2	4	2	4	3	4	4	3	1	2	1	2	1	2	1	1	0	2	1	2	1	2	2	0	1	1	1	2	1	0	2
	eng art	englis, science,art	2	0	1	2	2	2	2	0	1	4	4	2	2	2	2	2	4	4	4	4	3	4	4	3	2	1	4	3	3	2	4	2	1	1	4	3	2	4	2	3	2	1	2	2	2	3	2	2
	engeen	engeenering	4	0	4	1	3	3	3	2	0	4	4	1	1	4	2	2	4	2	4	4	2	2	3	1	0	2	2	4	2	3	2	2	4	2	4	0	4	4	3	3	4	4	4	2	4	2	3	3
	engen	Engeneering 	0	1	3	2	2	2	2	1	2	4	3	2	2	4	4	3	2	2	4	1	2	2	4	4	1	3	0	1	1	2	1	1	3	0	4	1	3	3	1	3	0	0	0	1	2	2	0	0
	engen	Engeneering	2	0	0	3	0	0	1	0	0	0	0	2	0	0	0	0	0	0	0	0	0	0	0	0	0	3	0	0	0	0	0	0	0	1	2	0	4	0	0	0	0	1	0	0	3	3	2	0
	engen	Engeneering	3	0	1	3	1	0	0	0	4	3	2	4	4	2	4	0	1	3	4	3	4	3	0	0	4	3	2	4	4	4	1	1	0	2	3	3	4	4	1	4	2	2	3	2	3	0	2	2
	engen	engeneering	2	0	0	0	0	0	0	0	0	2	0	0	0	2	0	0	0	0	0	0	0	0	0	0	0	0	0	0	0	0	0	0	0	0	0	0	0	0	0	0	0	0	0	0	1	0	0	0
	engen	engeneering	1	4	3	3	3	4	2	3	3	4	3	1	3	4	3	3	3	3	4	4	4	4	3	4	1	2	3	2	3	3	2	2	0	0	2	3	2	0	0	2	1	3	1	1	3	1	0	2
	engen	engeneering	0	2	2	3	1	3	0	3	3	1	1	2	1	1	1	2	2	2	0	2	2	2	1	1	4	3	2	3	4	2	2	3	2	1	2	2	4	2	1	3	0	0	0	1	1	2	0	1
	engenharia	engenharia	3	0	3	4	2	2	3	0	4	3	2	3	4	3	1	1	3	3	2	3	3	3	0	4	4	4	2	3	4	1	3	2	1	2	3	2	4	1	3	3	2	2	2	2	4	3	1	3
	engenharia eletrica	engenharia eletrica	3	1	2	4	0	2	1	0	3	2	2	0	1	2	1	1	2	2	3	0	0	2	1	0	1	1	1	2	3	2	1	1	1	1	3	0	4	2	1	2	2	2	1	3	4	4	3	3
	engenharia mecatronica	engenharia mecatronica	4	2	4	4	1	2	4	1	2	2	4	4	4	2	3	1	2	2	4	1	2	4	0	2	4	4	4	4	3	3	3	3	4	0	4	3	4	4	2	3	0	2	3	2	4	4	2	2
	engenharia química	engenharia química	3	3	4	2	1	1	2	1	4	2	4	2	4	2	4	1	1	3	4	2	1	3	1	2	2	3	2	3	2	4	3	3	3	2	4	3	4	2	2	2	0	2	3	2	4	3	2	1
	engenir	engeniring	3	2	2	4	2	3	2	2	2	1	2	2	1	2	2	2	1	1	4	2	1	2	4	2	3	3	3	3	3	2	2	2	3	4	3	2	3	3	2	3	3	4	4	3	4	4	3	4
	enger	engereering	2	2	1	1	2	1	1	1	2	2	4	1	2	1	0	1	2	2	3	2	2	2	1	1	2	2	2	2	3	3	1	1	0	3	2	3	1	0	1	4	1	2	2	2	1	1	1	2
	engg	engg	4	0	0	4	2	2	0	0	4	2	4	4	4	4	4	4	0	2	4	4	4	2	4	4	4	4	2	2	2	0	0	0	2	0	4	2	4	2	0	0	0	2	4	4	2	2	0	2
	engg busi	engg,mba	2	1	1	1	1	3	1	1	3	2	2	3	3	2	2	3	2	3	2	3	3	3	2	3	3	3	3	3	3	3	3	3	2	2	3	3	3	3	2	3	1	1	1	1	3	1	1	1
	engieer	engieering	3	2	0	1	1	1	2	0	4	3	2	1	1	1	2	0	1	0	0	1	3	3	1	0	2	2	2	3	2	0	2	2	3	1	1	0	3	1	0	2	1	3	1	2	4	3	0	2
	engin @ oregon	engineering @ Oregon	1	3	2	0	2	0	1	2	2	3	4	0	1	0	2	2	1	0	3	0	2	0	1	3	2	0	2	0	0	2	2	2	2	1	2	1	0	4	3	4	2	2	0	0	0	1	1	0
	engin admin	engineer/admins	0	4	3	2	3	3	3	4	2	4	2	0	4	0	3	4	2	3	2	0	2	4	2	4	1	3	2	3	0	3	2	3	3	2	3	1	1	1	2	2	3	3	3	1	2	3	3	3
	engin aerospac	Engineering in Aerospace 	0	0	0	0	0	0	1	0	2	0	0	0	0	0	0	0	2	0	0	3	0	3	0	0	0	4	0	2	0	2	0	0	2	2	3	2	3	2	2	0	4	0	3	2	3	4	4	2
	engin ambient	Eng. Ambiental	2	0	0	2	0	2	2	0	0	2	4	2	4	4	4	4	0	0	0	0	0	0	0	0	0	2	2	2	2	0	2	2	0	2	2	0	0	0	2	0	0	2	2	0	2	2	2	0
	engin art	Engineering, Art	0	1	0	0	0	0	0	1	0	0	0	0	0	1	0	0	0	0	4	0	2	2	1	4	0	4	1	1	0	0	2	2	0	0	0	0	0	0	0	2	0	0	0	0	0	0	0	0
	engin automot manufactur	engineering,automotive manufacturing	4	3	3	4	4	2	4	2	2	4	2	1	2	2	2	2	0	0	1	0	0	0	3	0	2	2	2	0	2	1	1	1	2	3	3	0	3	1	1	1	4	2	1	0	1	2	0	1
	engin bit	Engineering bits of	4	3	4	4	4	4	4	3	2	3	3	3	4	2	1	2	2	4	1	1	3	1	1	4	1	4	2	3	2	3	3	3	2	2	1	4	4	3	1	3	0	2	2	3	4	3	2	2
	engin busi	Engineering and business 	0	0	0	1	0	0	0	0	0	1	0	0	0	2	0	2	1	4	3	3	4	1	0	2	3	2	0	1	0	1	2	0	1	0	0	0	4	2	0	3	0	0	0	0	3	1	0	0
	engin busi	Engineering & MBA	0	0	0	0	0	0	0	0	4	1	2	4	4	2	3	1	2	1	2	2	2	1	1	1	4	3	2	2	3	0	1	1	2	2	1	1	3	3	1	1	1	1	1	1	2	2	1	1
	engin busi	engineering, business	3	3	0	2	0	3	3	2	1	1	1	1	0	0	0	3	0	3	1	1	4	2	0	1	3	3	0	3	2	0	1	0	1	3	3	0	3	1	0	3	3	2	3	3	3	4	3	3
	engin busi	engineering and business	2	3	3	2	2	3	2	3	2	3	3	3	2	3	2	3	2	3	3	3	3	3	3	3	3	3	2	3	2	2	3	2	3	3	3	2	3	2	2	3	2	2	2	2	3	2	2	2
	engin busi	Engineering and Business	0	2	0	0	0	0	0	0	4	1	1	3	1	1	0	3	2	2	3	1	1	2	0	2	3	2	0	4	0	0	1	0	0	2	3	0	2	3	0	0	0	0	0	0	2	2	0	0
	engin busi busi	engineering, MBA, Phd in business	2	0	0	1	0	0	1	0	4	4	2	4	3	2	2	2	1	4	2	2	2	2	0	2	4	3	2	2	3	1	2	2	0	0	3	1	3	2	0	2	0	0	1	1	1	2	0	0
	engin car technit	Engineering/Car technition	1	2	1	3	4	0	3	0	0	0	0	1	2	0	2	0	0	0	3	0	0	0	3	0	1	2	0	0	0	0	0	2	0	0	0	0	3	0	0	0	0	2	1	2	2	2	0	2
	engin communic	ENGINEERING/COMMUNICATIONS 	3	1	0	3	3	1	3	1	1	1	1	3	3	0	3	2	1	1	0	3	3	4	4	1	2	1	1	1	3	1	2	2	2	3	3	1	3	2	4	2	3	3	3	3	3	4	3	3
	engin culinari	Engineering and Culinary	3	3	0	4	3	3	4	3	2	3	2	0	1	2	3	0	3	4	4	4	3	4	0	4	1	3	0	3	0	0	1	1	1	1	3	2	2	2	0	0	3	2	0	1	3	4	0	0
	engin cybernet	engineering cybernetics	1	0	0	1	0	1	1	1	2	2	3	2	3	1	3	2	1	0	3	3	3	3	0	2	2	2	1	0	3	3	3	0	1	0	0	0	2	1	2	2	1	0	0	0	3	2	1	1
	engin electron	Engineering (electronics)	4	2	2	2	2	2	3	1	3	4	3	1	3	3	2	4	3	3	3	2	3	1	3	2	4	4	2	2	4	1	2	2	2	3	2	3	3	3	1	2	4	4	1	3	3	3	3	2
	engin electron	Engineering in Electronics	0	3	0	4	1	3	0	2	3	3	0	4	0	4	0	4	4	4	4	4	4	4	1	4	4	4	4	1	4	4	4	4	3	2	3	2	4	1	1	4	0	1	0	0	1	2	1	1
	engin electron	Engineering electronics 	3	0	3	4	3	2	1	0	3	4	4	4	4	4	4	3	0	1	3	3	3	2	3	3	3	0	2	2	2	2	2	1	0	0	0	0	0	0	0	0	0	0	0	0	2	2	0	0
	engin eletr	engineering eletric	3	1	1	3	2	3	3	1	1	2	1	3	1	1	1	1	0	0	0	0	0	1	0	1	4	4	3	3	4	3	3	3	2	1	3	0	2	1	2	2	1	1	2	0	3	2	1	1
	engin game	engineering/gaming	2	2	0	4	2	1	3	1	1	1	1	1	1	0	1	0	0	0	0	0	1	0	0	1	1	2	3	2	2	1	2	0	0	0	1	0	1	0	0	0	0	2	0	1	2	4	0	1
	engin graphic	Engineering Graphics	0	0	1	0	0	1	0	0	4	3	3	3	3	3	2	3	2	1	2	2	3	1	2	3	4	2	3	3	3	4	3	1	1	1	3	1	2	2	1	2	0	1	1	0	1	0	0	0
	engin orbit mechan	Engineering, or Orbital Mechanics	2	3	2	4	2	4	2	3	2	2	3	2	3	3	3	1	0	0	4	2	3	2	2	3	1	3	3	1	2	2	2	2	1	1	1	0	1	1	1	1	0	0	1	1	3	3	1	1
	engin strateg	Engineering and Strategic Studies	3	3	0	3	1	3	3	1	4	3	4	4	4	3	4	1	1	1	3	3	3	1	0	1	4	3	3	3	3	4	3	3	3	3	3	3	3	3	0	3	1	3	3	1	4	3	3	1
	engin system	Engineering Systems	4	4	4	4	4	4	4	4	2	3	3	3	3	2	3	1	0	4	3	1	1	0	3	4	3	2	2	2	1	2	3	2	0	0	1	0	4	1	1	3	1	3	3	2	2	3	1	2
	engineeg	engineeging	0	1	4	1	1	0	0	1	2	2	3	4	1	1	1	3	0	3	0	1	4	0	3	3	4	4	0	3	1	1	2	2	3	0	4	1	4	2	1	3	0	1	1	1	3	2	2	1
	engineerig	engineerig	3	0	0	4	0	3	0	2	4	0	0	3	0	4	0	2	4	4	0	4	4	4	4	3	4	0	4	4	4	4	4	4	0	0	4	0	4	0	0	0	0	3	4	4	4	4	2	3
	engineerign	ENGINEERIGN	0	0	0	3	0	4	2	2	2	2	0	3	4	0	2	0	0	0	0	0	2	0	3	0	4	0	0	3	3	4	4	0	3	0	3	0	3	3	3	4	0	0	0	0	4	4	0	0
	engineerimg	engineerimg	4	4	2	4	3	3	2	2	0	0	0	2	0	0	0	1	2	2	0	0	0	2	2	1	2	1	0	2	0	0	2	1	0	0	0	1	0	0	0	1	0	1	0	1	2	4	0	0
	engineerin	Engineerin	1	1	0	1	1	2	1	1	2	1	1	3	2	2	2	1	1	1	3	3	3	1	1	2	4	3	2	3	3	3	3	2	3	1	3	1	4	3	2	2	1	1	1	2	2	1	1	1
	engineerinf	engineerinf	2	1	2	1	3	2	0	0	3	2	1	1	2	1	3	0	0	0	0	2	0	0	0	0	0	0	0	0	0	0	1	0	0	0	0	1	0	0	0	0	0	0	0	0	2	2	0	0
	engineeromg	engineeromg	2	0	4	3	0	0	3	0	2	3	4	4	4	4	4	4	0	0	1	1	3	3	1	1	0	4	1	0	1	0	2	3	1	2	0	0	3	2	2	2	0	4	4	1	4	4	2	3
	engineert	Engineerting	3	3	3	1	2	2	1	3	3	3	3	3	3	3	3	2	2	1	1	1	1	4	1	1	2	4	4	3	3	3	3	4	0	0	3	1	3	2	0	2	2	2	2	1	3	2	0	1
	enginer	Pre Enginerering	2	1	0	3	0	3	1	2	3	4	2	1	1	2	1	1	2	1	2	2	2	2	2	2	4	2	2	3	3	3	3	2	2	0	2	2	2	2	2	2	0	0	2	0	3	3	2	2
	enginir	enginiring	0	0	0	3	3	4	3	4	0	0	0	0	0	0	0	0	0	0	0	0	0	0	4	0	0	0	0	0	0	0	0	1	0	0	2	0	3	0	0	0	0	0	0	0	0	0	0	0
	enginn system	enginnering of system	3	1	2	3	4	1	1	4	1	4	4	4	4	3	4	4	3	3	2	4	3	4	4	4	0	0	4	2	4	4	4	3	4	1	1	1	4	3	1	4	2	4	4	4	4	4	4	4
	engneer	Engneering	2	1	3	3	3	3	4	4	3	1	0	1	1	0	3	0	0	4	2	0	0	0	1	0	1	2	0	1	0	0	0	0	0	2	2	2	0	2	2	0	4	2	4	2	4	4	4	4
	engneer	engneering	2	2	0	4	2	4	2	2	0	3	2	3	2	4	2	1	2	4	3	4	4	3	2	4	3	4	1	2	2	3	3	2	2	0	4	3	4	1	3	1	4	1	4	4	4	4	2	3
	engrr	ENGRR.	2	0	0	4	0	4	4	0	0	1	3	3	0	0	0	0	4	1	0	1	1	4	3	0	4	3	4	4	4	3	0	0	1	3	0	0	4	0	3	0	0	1	4	0	4	1	1	1
	enign	enigneering	0	0	0	4	0	4	2	2	3	2	2	4	2	2	2	4	3	2	2	2	2	4	3	2	4	2	0	3	3	3	3	2	2	0	0	0	3	0	0	3	0	0	4	0	4	4	0	0
	enlish communic	Enlish and Communications	1	0	0	2	0	1	1	1	2	4	4	1	3	4	2	0	1	2	2	2	3	3	2	4	1	2	1	1	2	1	1	2	2	1	3	1	4	2	2	2	0	0	1	1	1	1	1	1
	enolog	enology	1	0	0	0	0	1	0	0	1	3	0	0	0	0	0	0	2	1	3	2	1	3	2	2	2	3	1	3	1	2	1	2	3	3	4	1	3	2	1	3	2	3	3	4	2	3	3	4
	enolog viticultur	Enology and Viticulture	0	0	0	0	1	1	0	1	2	4	3	2	1	4	0	2	0	2	2	1	1	1	2	1	1	2	1	1	1	1	2	1	0	2	1	1	4	1	2	2	0	2	1	1	1	1	1	1
	enrin	enrineering	3	2	2	2	2	2	2	2	3	4	3	1	2	2	2	2	1	2	1	2	2	2	2	2	4	1	2	3	2	2	2	2	2	3	3	2	2	2	2	2	1	2	2	2	2	2	2	2
	enrol engin	Currently enrolled in engineering	2	2	3	2	1	1	2	1	4	4	4	3	4	4	4	2	1	0	1	1	2	1	1	0	2	1	0	4	1	0	0	0	0	1	1	0	2	0	1	0	1	3	2	1	2	2	0	1
	enter	Did not enter university	2	2	3	2	1	1	2	0	1	2	3	2	3	1	1	1	1	1	4	2	1	3	4	0	2	2	3	1	1	3	2	3	3	3	4	0	2	3	4	1	1	1	2	0	0	1	1	0
	enter	not yet entering college	0	1	0	0	0	0	0	0	3	0	0	0	3	0	3	0	4	4	2	4	3	4	3	3	2	4	3	1	2	1	4	1	1	3	4	3	4	4	1	1	2	1	1	2	2	4	3	0
	enterpreneurship	Enterpreneurship	4	1	1	1	0	2	0	1	3	2	2	4	2	2	2	2	4	3	4	4	4	4	4	3	3	4	3	4	3	4	4	3	1	2	2	3	2	4	4	3	2	2	2	3	2	4	4	3
	enterpris develop	Enterprise Development	3	3	3	3	2	4	1	4	4	4	4	4	3	4	3	4	4	3	4	4	4	4	4	3	3	3	2	4	1	2	4	3	1	0	3	3	3	1	3	2	2	1	3	3	4	2	2	3
	enterpruneur	enterpruneur	0	0	0	0	0	0	0	0	0	0	0	0	0	0	0	0	0	2	0	0	0	0	0	0	4	1	0	0	3	0	0	0	0	0	4	3	4	4	0	0	0	0	0	0	0	0	0	0
	enterpur	enterpural	4	4	4	4	4	4	4	4	4	0	0	4	4	0	4	0	4	4	4	4	4	2	4	4	4	2	4	4	4	4	4	4	4	4	4	4	4	4	4	4	4	4	4	4	4	4	4	4
	entertain	Entertainment	1	0	0	0	0	0	0	0	0	2	0	0	0	1	0	0	1	3	1	3	4	3	2	2	3	1	0	0	0	0	0	0	1	2	0	0	2	2	0	0	0	0	0	0	0	0	0	0
	entertain	entertainment 	2	1	2	2	2	2	3	1	1	1	1	1	1	1	1	3	3	2	4	4	2	3	1	2	3	0	2	1	2	2	2	1	2	2	3	2	3	2	2	3	2	2	3	3	2	1	3	3
	entertain	entertainment	3	0	0	0	0	0	0	4	0	3	1	0	0	0	0	0	0	4	4	4	4	0	4	4	4	0	4	0	4	0	0	0	4	4	4	4	4	4	4	4	0	0	0	4	0	0	0	0
	entertain	Entertainment	2	0	0	0	0	0	0	0	1	2	0	0	0	1	0	0	3	3	2	4	4	3	2	3	2	1	0	2	1	1	0	0	0	2	0	0	0	3	0	0	0	0	0	0	0	0	0	0
	entertain industri	Entertainment Industry Studies	1	1	0	1	0	1	1	1	1	2	1	1	1	2	1	1	3	3	2	4	3	4	2	2	2	2	3	1	3	2	3	2	1	1	1	1	2	1	1	2	0	0	0	0	0	1	0	1
	enthusiast	Enthusiastic 	4	2	3	3	1	2	2	0	4	3	2	2	1	3	1	0	2	3	1	4	1	4	3	2	4	1	0	4	2	2	2	0	2	1	0	2	2	0	2	1	2	2	0	1	0	0	0	0
	entomolog	Entomology	2	1	0	0	0	0	1	0	3	4	4	1	4	3	4	1	0	1	3	3	3	1	0	3	3	3	1	1	1	0	0	2	0	0	1	0	0	0	0	0	0	1	0	0	2	2	0	0
	entp lol	Entp dont know lol. 	0	2	3	0	1	3	0	1	2	3	4	4	4	4	3	1	1	3	3	2	3	1	0	3	3	3	3	1	2	1	0	1	1	1	0	0	3	1	0	3	0	0	0	1	0	0	0	0
	entrepeneur	Entrepeneur	3	2	1	2	2	2	2	2	2	2	1	2	0	3	2	0	2	1	1	3	2	4	4	2	3	4	2	4	1	4	4	4	4	4	4	4	4	4	4	4	3	3	3	1	4	3	4	4
	entrepernuership	Entrepernuership 	3	0	0	0	0	0	1	0	1	1	0	0	0	0	0	0	3	2	3	3	2	4	4	2	2	3	1	2	1	1	1	2	1	2	1	0	3	0	3	1	2	1	0	3	0	2	0	0
	entrepreneur	entrepreneur	0	2	2	2	2	0	0	2	4	3	3	3	3	2	2	2	0	0	2	0	2	0	0	3	3	3	1	3	2	4	4	3	2	0	0	0	3	0	0	1	0	1	0	0	0	0	0	3
	entrepreneur	Entrepreneur	2	1	0	1	3	1	3	1	3	0	1	1	1	0	0	0	2	2	3	2	1	3	1	2	2	3	1	3	2	3	3	3	4	3	4	4	3	3	3	4	4	1	4	3	3	1	3	2
	entrepreneur	Entrepreneur	0	0	0	0	0	0	0	0	1	2	0	0	0	0	0	0	0	4	0	4	4	3	0	2	4	0	0	0	3	3	2	0	4	2	2	0	4	0	4	0	0	4	0	2	0	0	0	0
	entrepreneur	Entrepreneur 	0	0	0	0	0	0	0	0	0	0	0	0	0	0	0	0	0	0	0	1	3	0	0	0	0	0	0	0	0	0	0	0	0	0	0	0	0	0	0	0	0	0	0	0	0	0	0	0
	entrepreneur	Entrepreneur	4	0	0	0	4	0	2	0	0	0	0	2	0	0	0	0	0	0	0	0	0	3	0	0	2	0	2	2	2	2	0	3	3	4	4	4	4	4	4	4	0	2	0	0	1	2	2	3
	entrepreneur	Entrepreneur	0	0	0	0	1	0	0	1	3	1	2	2	2	3	3	4	1	0	3	3	0	0	0	4	2	3	2	1	3	0	0	2	2	1	2	1	4	3	4	1	1	1	1	1	2	0	3	0
	entrepreneur	Entrepreneurer	3	0	0	1	2	1	0	0	4	0	0	3	2	3	3	0	4	3	3	4	4	3	0	3	4	4	4	4	4	4	4	4	0	0	4	2	1	2	4	3	2	0	1	0	1	2	1	1
	entrepreneuri	Entrepreneurial Studies	0	3	0	0	0	0	1	1	2	4	4	0	3	4	2	1	1	4	4	3	4	4	2	4	0	3	0	0	0	1	2	0	3	3	4	4	3	4	1	4	2	3	2	2	3	2	1	3
	entrepreneuri	Entrepreneurial Studies	2	1	0	0	1	1	0	1	3	3	0	0	0	0	0	0	0	3	0	3	4	3	3	2	4	4	3	0	3	2	4	2	4	2	4	4	4	4	4	4	4	1	3	4	0	1	4	2
	entrepreneurship	Entrepreneurship	3	0	3	0	4	1	3	1	1	1	1	1	1	3	1	3	3	4	4	4	4	2	4	4	3	4	3	4	3	3	3	4	3	2	2	3	2	3	4	4	0	0	0	2	1	1	1	1
	entrepreneurship	entrepreneurship  	2	0	0	2	0	0	2	0	0	0	0	0	0	0	0	0	0	0	0	0	0	0	0	0	3	0	0	0	0	0	0	0	4	4	3	0	4	0	4	4	3	2	3	3	3	3	3	4
	entrepreneurship	Entrepreneurship	2	0	0	0	0	0	0	0	1	0	0	0	0	0	0	0	0	0	0	0	0	0	0	0	2	1	1	0	1	0	0	0	1	2	3	1	2	0	2	0	1	0	0	1	0	0	0	0
	entrepreneurship	Entrepreneurship 	3	0	1	0	0	0	1	1	3	3	2	2	2	2	3	2	1	1	2	2	1	4	1	2	2	3	1	2	2	4	3	2	2	3	3	2	4	4	1	3	3	3	3	3	3	3	2	3
	entrepreneurship	Entrepreneurship	2	0	2	1	2	0	0	0	2	4	3	0	0	3	2	2	3	3	4	3	2	4	3	2	3	4	3	4	4	4	3	3	4	3	3	4	3	4	2	3	1	2	2	2	0	0	1	2
	entrepreneurship	Entrepreneurship	4	4	0	4	4	1	1	4	4	4	4	4	4	4	4	1	4	4	4	4	4	4	4	4	4	4	1	4	4	4	4	4	4	4	4	4	4	4	1	4	4	0	4	4	4	4	1	4
	entrepreneurship	Entrepreneurship	2	1	1	1	1	1	2	1	1	2	2	2	2	2	2	2	1	1	2	3	1	2	3	1	3	1	2	3	2	2	1	1	3	2	2	1	3	2	2	2	2	2	3	1	3	2	2	1
	entrepreneurship	Entrepreneurship	0	1	1	1	0	1	0	0	3	3	3	4	4	3	2	3	4	3	3	4	4	4	3	3	2	2	2	4	3	1	2	2	4	0	4	3	2	2	3	2	0	0	0	0	1	0	0	0
	entrepreneurship	Entrepreneurship	0	1	0	0	0	1	0	0	3	4	3	3	2	3	0	1	1	2	3	2	2	1	1	3	4	4	3	3	4	2	3	2	3	2	4	1	3	1	3	1	0	0	0	1	0	0	0	0
	entrepreneurship	entrepreneurship 	4	1	0	2	1	1	4	1	0	0	0	0	0	0	0	0	0	2	2	2	3	2	2	0	3	1	2	1	1	1	2	3	4	4	3	2	2	3	3	3	2	1	4	2	0	3	2	3
	entrepreneurship	entrepreneurship 	0	0	0	1	0	0	1	0	0	0	0	0	0	0	0	0	0	0	0	0	0	0	0	0	3	0	0	0	0	0	0	0	4	4	3	0	4	3	3	4	3	1	3	3	4	3	3	3
	entrepreneurship	entrepreneurship	1	1	1	2	1	2	3	1	3	2	4	3	4	2	3	3	2	3	4	1	4	2	1	3	2	4	2	2	2	3	3	1	0	1	3	4	4	2	0	2	0	0	0	0	2	2	0	0
	entrepreneurship	entrepreneurship	1	0	0	0	0	0	0	0	1	2	0	0	0	0	0	0	3	4	3	2	4	4	2	2	4	4	4	0	4	2	4	4	4	3	4	1	4	4	3	2	3	2	1	0	0	0	1	1
	entrepreneurship	ENTREPRENEURSHIP	4	1	4	0	1	1	1	2	4	4	4	4	2	4	1	3	4	4	3	4	3	4	4	3	4	4	4	4	4	4	2	3	2	3	3	4	3	2	3	4	2	1	2	2	3	1	3	2
	entrepreneurship	Entrepreneurship	4	0	0	4	3	0	4	0	0	4	1	2	3	4	4	0	0	0	3	0	0	0	0	0	1	2	0	1	0	1	2	4	0	3	2	0	1	2	1	4	0	4	4	0	4	4	2	4
	entrepreneurship	Entrepreneurship	2	0	2	3	2	2	2	0	4	3	4	2	4	3	3	2	0	4	4	3	4	3	2	4	3	2	0	2	3	1	2	1	4	1	2	1	1	2	2	2	0	0	1	0	2	3	0	0
	entrepreneurship	Entrepreneurship	3	2	0	2	1	2	2	2	2	2	2	1	1	1	1	1	1	1	2	1	1	2	1	1	1	3	1	1	1	1	1	1	2	2	2	1	2	3	3	2	1	3	4	1	2	3	2	2
	entrepreneurship	Entrepreneurship	1	0	0	1	0	1	0	1	2	2	1	2	0	1	0	0	4	0	3	3	3	3	3	2	4	4	4	4	4	2	4	2	3	2	3	2	3	2	3	1	1	2	2	3	3	3	4	3
	entrepreneurship	Entrepreneurship	3	0	3	4	3	0	3	2	3	1	0	3	3	1	3	1	1	0	1	2	0	1	2	0	3	2	1	3	3	0	2	0	1	2	3	2	4	2	4	0	1	2	2	4	4	1	3	3
	entrepreneurship	Entrepreneurship	4	4	0	2	0	0	0	2	2	2	3	0	0	0	0	2	2	0	0	0	2	2	0	1	4	0	2	3	2	1	2	1	2	0	0	0	4	0	3	0	0	0	0	0	3	1	0	0
	entrepreneurship	Entrepreneurship	0	0	0	3	0	3	1	0	2	3	3	0	0	2	0	0	0	0	3	0	0	2	4	3	0	3	0	4	0	0	0	2	2	1	3	0	2	2	2	2	2	1	2	1	2	2	2	2
	entrepreneurship	Entrepreneurship	1	3	3	3	0	3	3	3	2	2	1	1	1	3	1	4	3	2	4	3	4	4	2	2	4	3	4	2	3	1	4	3	1	1	1	2	1	1	0	2	0	2	3	1	1	2	0	1
	entrepreneurship	entrepreneurship 	1	0	0	3	0	0	1	0	1	4	3	2	1	2	0	1	4	3	4	4	4	4	1	4	1	3	1	4	2	4	4	2	4	4	3	4	4	4	2	3	4	4	3	2	3	2	2	3
	entrepreneurship	Entrepreneurship	2	0	0	0	1	0	0	0	3	3	3	2	3	3	3	4	1	3	2	2	2	2	0	4	1	3	1	0	3	0	0	2	0	2	2	3	4	2	4	0	0	0	1	2	2	2	4	2
	entrepreneurship	Entrepreneurship	3	3	3	0	3	1	0	3	3	4	1	1	1	3	2	0	3	4	2	2	2	3	4	2	4	4	3	4	3	3	4	1	4	4	2	3	0	1	0	4	1	2	1	1	1	3	1	1
	entrepreneurship	Entrepreneurship	0	0	0	1	0	0	0	0	1	2	1	0	1	3	1	3	3	4	1	4	4	4	1	3	4	1	4	1	4	3	2	1	0	1	1	1	2	1	0	1	2	2	1	3	2	2	3	2
	entrepreneurship	Entrepreneurship	0	0	0	0	0	0	0	0	0	0	0	0	0	0	0	0	0	2	0	0	0	0	0	0	2	2	1	4	1	0	2	0	1	2	3	0	3	3	3	0	0	0	0	0	0	0	0	0
	entrepreneurship	Entrepreneurship	1	3	0	3	0	3	0	3	3	4	3	3	3	4	4	3	1	0	2	3	1	2	1	3	3	3	2	1	3	2	2	3	3	0	2	2	3	1	1	1	2	2	1	1	2	2	1	1
	entrepreneurship	Entrepreneurship	0	0	4	0	0	0	0	0	4	4	4	4	4	4	4	4	0	0	4	4	4	4	4	0	4	4	0	0	4	4	0	0	0	0	4	0	4	4	4	4	0	0	0	4	0	0	4	0
	entrepreneurship	eNTREPRENEURSHIP	4	2	1	4	0	3	2	3	3	2	3	4	3	2	1	2	0	4	1	2	2	2	0	2	4	3	3	4	4	3	4	4	4	2	4	0	4	2	4	3	3	4	4	2	3	3	4	2
	entrepreneurship	Entrepreneurship	3	0	0	0	0	0	1	0	1	1	1	0	1	1	1	0	0	1	3	2	0	1	1	3	2	2	1	1	1	1	1	0	2	3	0	2	2	4	3	0	2	1	1	1	2	2	1	3
	entrepreneurship	Entrepreneurship	0	0	0	0	0	3	0	0	3	1	0	2	0	0	0	0	0	3	0	1	4	4	0	0	3	4	1	0	3	3	4	2	0	0	3	0	0	0	3	2	1	1	2	3	0	2	0	0
	entrepreneurship	entrepreneurship	4	0	0	0	0	0	0	1	4	4	4	4	4	4	3	4	3	4	4	4	3	3	3	3	3	4	3	2	3	2	4	3	1	0	0	3	2	1	0	0	0	1	1	0	1	0	0	1
	entrepreneurship	Entrepreneurship	2	3	0	2	0	3	1	3	3	1	1	1	1	2	1	1	0	3	4	1	3	0	2	4	4	4	2	3	2	3	2	4	1	2	3	2	3	3	3	4	3	3	3	2	2	3	2	3
	entrepreneurship	entrepreneurship	3	2	2	3	4	2	2	2	3	4	4	3	4	4	3	3	3	3	4	4	4	4	4	4	4	4	3	4	4	4	4	4	2	4	2	4	4	4	2	4	1	2	4	4	2	2	2	3
	entrepreneurship	entrepreneurship	4	1	0	2	0	2	2	0	3	4	4	3	3	1	2	2	1	0	4	0	0	0	2	1	3	3	4	3	4	0	1	3	0	2	0	1	2	4	3	1	0	1	0	0	2	3	1	1
	entreprenu	entreprenuer	2	2	1	3	3	3	2	1	2	3	1	1	1	3	1	3	1	3	3	4	2	4	2	2	1	4	1	1	2	4	4	1	3	2	3	2	3	4	3	4	3	2	2	2	1	2	1	2
	entreprenuership	Entreprenuership	2	3	2	2	2	2	2	2	3	4	4	2	2	3	2	2	3	4	2	3	4	2	4	3	3	3	2	2	3	3	2	3	2	2	3	2	4	2	2	4	2	3	1	2	1	2	2	2
	entreprenuership	Entreprenuership 	0	0	0	0	0	1	3	0	0	0	0	0	0	0	0	0	2	4	2	3	3	2	3	3	4	4	4	3	4	3	3	3	3	4	4	2	3	3	2	3	4	4	4	0	4	2	4	3
	entreprenuership ict	Diploma entreprenuership and ICT	2	2	0	4	2	2	2	2	2	2	4	2	2	4	4	4	4	2	4	2	2	4	4	4	4	4	4	4	4	4	4	4	2	2	4	4	4	4	4	4	2	4	4	4	4	4	4	4
	entreupenur	entreupenur 	2	0	0	2	0	0	3	0	0	0	0	1	0	0	0	0	0	0	1	0	0	1	0	0	4	1	0	3	0	0	1	0	4	3	3	0	4	3	4	4	4	1	1	3	4	3	3	4
	envi	envi studies	0	1	0	1	0	1	0	0	3	3	4	2	4	3	1	3	1	2	2	2	4	2	1	2	3	4	2	1	4	3	2	1	0	0	1	0	2	1	0	0	1	0	1	0	2	1	0	0
	enviei mentira engin	enviei mentira engineering	0	0	0	0	0	0	0	0	1	0	0	0	0	0	0	0	1	0	0	0	0	0	0	0	0	0	0	0	0	0	0	0	0	0	0	0	0	0	0	0	0	0	0	0	2	2	0	2
	enviornment health	enviornmental health	2	0	0	0	0	0	0	0	4	3	2	1	3	3	2	0	0	2	2	0	2	2	2	2	1	0	0	1	0	0	0	0	0	0	0	0	0	0	0	0	0	0	0	0	0	2	0	0
	envireo	Envireoment	0	0	0	0	2	1	2	0	4	4	2	2	3	3	3	0	2	2	2	2	4	2	3	0	2	2	2	4	4	3	2	3	0	1	2	2	1	2	2	2	2	1	2	2	1	2	2	2
	enviro	Enviroment	4	0	3	0	0	1	1	1	2	2	4	2	3	2	2	2	0	0	3	0	0	1	0	0	0	3	0	3	1	0	1	1	0	0	1	2	2	0	0	0	1	2	1	2	0	1	2	2
	environ	Environment	3	3	3	3	1	3	3	1	4	3	4	3	4	4	4	3	1	2	3	4	4	1	3	2	4	4	3	2	3	2	3	3	2	2	2	1	1	1	1	4	4	3	3	1	2	3	1	2
	environ	Environment	1	3	2	3	2	3	1	3	2	3	2	3	3	3	1	2	3	3	1	3	3	3	3	1	4	3	3	4	4	3	4	3	1	2	2	2	2	2	2	2	1	3	2	2	1	3	3	2
	environ	environment	1	0	0	0	0	0	0	0	3	1	1	0	2	2	0	2	2	2	2	3	3	3	1	2	1	0	0	0	0	0	0	0	1	0	1	1	2	0	0	3	0	0	0	0	0	0	0	0
	environ	Environment studies	0	3	0	0	0	3	0	0	3	2	3	0	1	4	0	3	2	3	4	3	4	4	4	3	3	4	2	2	1	3	3	2	0	0	3	2	3	1	1	2	0	0	0	0	0	0	0	0
	environ	environment	3	0	0	1	0	1	3	0	2	0	1	1	1	0	1	1	0	4	1	0	1	2	0	3	3	1	3	4	3	1	1	3	0	4	2	0	3	2	2	2	2	3	4	4	2	0	4	4
	environ	Environment 	0	2	0	0	0	2	0	2	3	4	4	3	2	3	2	3	3	3	4	4	4	4	3	4	4	4	4	3	4	2	4	4	0	0	1	1	0	0	1	2	0	0	0	1	0	0	0	0
	environ	Environment	2	0	0	0	0	0	0	0	0	4	2	2	0	2	0	0	2	4	4	4	2	2	0	2	2	4	2	0	2	0	2	2	0	0	0	0	0	0	0	0	0	0	0	0	0	2	0	0
	environ	Environment	1	0	0	0	0	0	0	0	0	1	1	3	0	1	0	1	0	0	0	0	0	2	0	0	1	4	4	2	3	2	2	1	1	2	3	3	2	2	1	2	2	2	0	3	3	0	2	3
	environ	Environment	0	3	0	2	0	2	1	2	2	2	3	1	4	2	2	3	3	4	3	1	3	2	4	4	3	4	2	3	2	3	2	1	0	0	3	2	3	1	0	2	0	0	0	0	0	0	0	0
	environ	Environment science	2	0	0	0	0	0	1	0	0	4	3	1	1	2	1	2	1	1	1	1	1	2	1	2	3	4	1	1	2	2	2	2	2	2	4	2	1	2	1	2	3	2	2	2	1	2	2	2
	environ	Environment	2	3	4	3	1	1	0	1	4	4	4	4	4	3	3	2	4	4	4	4	4	4	4	4	4	4	3	4	3	3	3	4	3	3	3	3	2	2	4	4	1	3	3	1	3	3	2	4
	environ	Environment	2	3	3	2	0	3	1	3	3	3	3	4	3	3	3	4	1	1	2	3	2	4	3	2	3	3	1	3	3	3	3	3	0	1	0	0	1	1	0	2	0	1	1	0	1	3	1	0
	environ	environment	2	1	0	2	1	2	1	2	3	4	3	2	3	3	3	2	1	2	3	2	3	3	3	3	1	3	2	3	3	1	1	1	2	0	3	2	3	1	1	3	3	1	2	2	2	1	3	2
	environ	environment	3	2	2	3	1	4	3	1	4	3	3	2	2	3	3	3	1	2	4	3	2	3	4	3	2	2	0	3	0	1	2	1	1	1	3	1	1	1	2	2	1	1	1	1	1	1	1	1
	environ	environment	0	0	0	0	0	0	0	0	3	3	3	3	3	3	3	3	2	4	2	3	4	2	3	3	2	2	1	3	0	0	1	0	1	0	0	0	0	1	3	3	0	0	0	0	0	0	0	0
	environ	environment	0	0	0	0	0	0	0	0	3	3	4	0	3	4	0	3	0	3	4	3	3	3	3	2	2	4	2	3	2	2	2	3	0	0	3	0	0	0	0	2	0	0	0	0	0	0	0	0
	environ	Environment	3	3	1	2	1	3	2	3	3	3	4	3	3	4	3	4	2	3	0	2	3	4	2	3	2	4	2	2	2	3	3	1	0	2	2	1	3	2	0	1	1	2	1	1	3	2	0	1
	environ	environment	0	0	0	0	0	0	0	2	2	4	0	0	4	0	2	0	4	4	0	2	4	2	0	2	4	4	4	4	4	4	4	4	4	2	4	4	4	4	2	4	4	2	0	4	2	2	2	0
	environ	environment	3	1	1	1	1	2	0	1	3	3	2	1	0	4	1	3	1	3	3	2	2	3	0	2	4	2	1	1	4	2	3	1	3	3	3	2	3	4	0	2	0	0	2	0	1	1	1	1
	environ develop	Environment and Development	2	1	0	2	1	2	1	1	3	4	4	2	4	4	2	3	0	2	3	1	4	1	4	2	2	3	3	4	2	3	2	2	2	2	2	1	3	2	1	3	1	1	1	1	2	1	1	1
	environ develop	Environment and Development	3	1	0	1	1	1	1	1	2	0	0	0	1	0	0	1	0	0	3	2	3	3	1	1	3	4	3	1	3	3	1	1	0	3	2	1	3	3	1	1	2	2	2	3	3	3	2	2
	epidemiolog	Epidemiology	2	2	1	1	0	1	1	1	3	4	4	4	3	4	3	4	3	3	4	4	4	4	2	4	4	4	4	2	4	2	2	1	0	0	0	1	0	0	0	1	0	0	1	0	2	2	0	0
	epidemiolog	Epidemiology	0	0	0	0	0	0	0	0	3	4	3	2	2	3	1	2	0	2	2	3	3	1	0	1	4	3	3	2	2	2	2	2	1	3	2	1	2	2	4	2	1	1	2	0	2	2	1	1
	epidemiolog	Epidemiology	2	3	0	2	3	2	2	0	4	4	3	3	4	4	4	3	1	1	0	0	0	2	2	1	3	3	4	1	3	0	4	4	0	3	1	0	2	2	0	1	0	2	0	2	1	2	0	1
	epidemiolog	Epidemiology	1	1	0	1	0	0	0	0	3	3	3	4	4	3	3	3	0	0	0	0	0	0	0	0	3	3	3	2	4	0	2	2	0	0	0	0	2	0	0	0	2	2	2	1	4	3	0	1
	epidemiolog	Epidemiology	4	4	4	1	1	4	1	1	3	3	4	4	4	4	3	3	1	1	1	2	2	2	0	1	3	4	2	3	3	3	2	3	0	0	2	1	1	2	0	1	2	2	0	2	3	0	0	3
	epidemiolog	Epidemiology	2	3	0	3	0	3	0	3	4	3	3	3	3	3	3	3	2	1	3	3	3	3	0	3	2	0	1	3	1	0	0	0	0	0	1	1	3	1	0	3	2	0	1	2	3	3	0	2
	epidemiolog	Epidemiology	1	1	0	1	1	1	1	1	2	3	2	1	2	1	0	1	1	1	3	2	2	2	0	1	3	1	1	2	3	2	3	1	2	2	3	2	2	2	3	2	1	2	1	2	3	2	1	2
	epidemiolog	epidemiology	0	0	0	0	0	0	0	0	4	3	3	0	0	3	0	2	4	2	4	3	3	4	0	2	2	3	2	3	2	4	4	2	0	0	0	0	0	0	0	0	0	0	0	0	2	0	0	0
	epidemiolog	Epidemiology	2	4	2	4	3	4	3	4	3	3	3	2	3	2	3	2	2	0	4	1	1	3	0	3	0	3	1	0	0	0	1	0	0	1	1	1	1	1	0	1	3	3	3	3	3	3	2	3
	epistemolog	epistemology	4	0	3	1	0	0	0	0	4	4	3	3	3	3	3	4	0	2	4	3	4	2	2	4	4	3	3	2	2	1	2	2	0	0	1	0	3	0	0	2	0	0	2	2	2	0	0	0
	equestrian	Equestrian studies 	2	3	1	4	2	4	4	4	3	4	4	1	4	4	4	1	1	0	0	1	1	3	4	1	1	3	0	3	3	4	4	4	2	2	1	1	0	2	2	3	0	2	0	2	0	2	1	2
	equin	Equine Sciences	1	2	0	3	2	2	1	1	2	4	4	0	4	4	4	4	4	4	4	4	4	4	4	4	4	3	1	4	2	1	2	0	3	1	1	4	0	0	1	4	0	2	0	3	0	0	0	0
	equin	Equine Studies	2	0	0	3	3	3	3	0	3	4	4	3	3	4	4	4	0	3	1	3	3	4	4	0	3	3	1	3	3	3	4	0	0	0	1	1	0	0	3	0	3	3	3	3	3	0	0	1
	equin busi mgt	equine business mgt	0	0	0	0	0	0	0	0	3	4	3	2	1	4	1	0	3	3	3	3	2	4	3	3	4	3	4	4	4	2	2	2	1	0	2	3	0	1	2	1	1	0	1	1	0	0	0	1
	equiti divers	Equity and Diversity	2	0	0	0	0	0	0	0	2	2	0	1	1	1	1	0	1	2	2	1	2	2	1	1	3	3	3	2	3	2	3	3	0	0	1	0	0	0	0	0	1	0	0	2	0	0	0	0
	ergonom	ergonomics	2	0	0	1	0	3	1	2	3	2	3	1	2	3	2	2	0	0	2	2	2	1	2	1	2	2	2	2	2	1	2	3	0	2	0	0	0	1	0	1	0	1	0	0	2	2	0	2
	ergonom	Ergonomics	3	2	2	3	2	1	2	1	3	1	2	3	1	1	1	2	2	2	2	1	1	1	2	2	3	2	2	3	3	2	2	2	2	2	1	1	2	2	1	3	2	3	2	2	2	2	1	2
	esl	ESL	3	3	0	1	1	0	0	0	3	3	3	3	3	3	3	3	0	0	4	2	1	3	3	3	3	4	2	3	3	3	3	0	1	3	0	1	4	4	0	0	0	1	0	0	1	2	0	0
	esl	ESL	1	2	1	1	1	1	1	1	2	4	2	2	1	1	1	1	1	1	1	3	2	1	3	2	4	1	4	4	3	2	2	1	2	1	2	1	1	2	1	2	1	1	1	2	2	1	1	1
	est mst hvacr	EST/MST/HVAC?R	3	4	3	3	3	3	3	3	4	4	4	3	4	3	4	3	1	1	1	3	1	3	4	3	3	3	0	3	1	1	3	3	0	1	4	1	1	1	1	3	3	3	1	3	3	3	1	3
	esthet	Esthetics	0	0	1	1	1	1	1	0	2	3	3	4	2	2	2	1	0	3	3	4	3	2	4	4	4	3	4	4	4	3	4	3	0	1	2	3	2	3	2	2	2	1	1	2	1	1	2	1
	esthet	Esthetics	0	0	0	0	0	0	0	0	0	2	0	0	0	0	0	0	2	3	4	1	2	3	1	2	3	3	4	3	4	4	4	4	3	3	0	4	0	2	3	2	0	0	2	2	0	2	2	0
	esthetician	Esthetician	3	1	1	1	1	1	1	1	3	3	3	3	3	3	2	3	3	2	3	4	3	3	3	3	3	2	3	3	2	2	2	2	1	2	2	3	2	2	1	1	1	1	1	1	1	2	1	1
	esuc	Esucation	0	0	0	0	0	0	0	0	4	3	2	4	3	3	4	2	2	3	3	3	3	4	4	2	2	2	1	1	3	0	4	2	0	0	3	0	3	0	0	0	0	0	0	1	0	3	4	0
	et	et	2	1	1	3	2	4	1	2	1	3	3	4	3	3	2	3	2	3	2	3	3	3	1	2	3	1	2	3	2	3	2	2	0	2	1	2	1	1	0	1	1	2	2	2	2	2	1	2
	ethic	ethics	0	0	0	3	0	0	0	0	4	4	2	4	1	4	3	3	1	2	4	4	4	4	4	2	0	1	4	4	4	2	2	2	0	1	2	1	3	2	1	2	0	4	0	0	0	2	0	1
	ethic	Ethic Studies	1	3	0	0	0	3	2	3	2	2	3	1	2	3	3	3	0	3	3	2	2	1	2	3	3	4	1	3	3	3	2	1	0	3	1	3	2	3	0	1	1	1	1	2	1	2	0	2
	ethnic	Ethnic Studies 	0	0	0	0	0	0	0	0	0	4	2	0	0	4	0	0	3	4	0	0	0	2	1	0	4	4	0	0	0	0	0	0	2	1	4	0	4	0	0	0	0	0	0	0	0	0	0	0
	ethnic	Ethnic Studies	1	0	0	3	1	0	1	0	3	2	3	4	3	3	2	3	2	3	4	2	4	1	1	4	4	4	4	3	4	4	4	1	1	2	3	2	4	1	0	1	2	1	2	2	4	2	1	1
	ethnic	Ethnic Studies	1	0	1	0	0	0	1	0	4	2	2	3	3	1	2	3	3	2	4	4	4	3	1	3	3	3	3	3	3	3	3	2	0	3	2	3	1	4	0	3	0	1	1	1	0	2	2	1
	ethnic	ethnic studies	3	1	0	2	1	2	1	1	3	1	1	2	1	1	1	1	0	1	1	1	3	2	0	1	4	4	3	1	3	0	2	3	0	0	0	1	2	0	1	0	1	1	1	1	3	4	1	1
	ethnic	Ethnic Studies	2	1	0	2	0	2	1	1	3	4	4	3	2	4	1	3	4	3	2	3	2	4	2	4	3	4	4	3	3	4	4	4	3	3	2	2	4	3	2	3	1	1	2	2	1	2	2	2
	ethnolog	ethnology	2	1	0	1	1	1	0	0	4	4	4	2	3	4	4	1	1	0	1	2	3	3	0	0	2	2	1	3	2	2	1	1	3	1	2	1	1	1	3	1	0	1	0	0	0	0	0	0
	ethnolog	ethnology	3	3	3	1	0	2	0	0	2	3	3	0	3	3	0	3	0	1	2	0	0	0	0	0	1	1	0	0	0	0	0	0	0	1	0	0	0	0	0	0	0	3	2	0	3	3	0	2
	etholog marin mammal	Ethology -marine mammals	1	1	3	1	0	2	1	2	3	4	4	3	3	4	3	4	2	3	3	3	3	4	4	4	2	2	2	3	1	3	3	1	0	2	1	3	0	3	0	3	0	1	0	1	0	1	1	0
	eudcat	Eudcation	0	0	0	0	1	0	4	4	4	0	2	2	0	0	3	1	4	0	3	2	4	0	3	1	4	2	4	4	4	4	4	1	4	4	4	4	4	4	4	4	4	4	0	3	3	4	4	3
	eudcat	Eudcation	0	3	0	0	0	3	0	0	2	0	0	0	0	0	0	0	4	4	4	4	4	4	1	4	4	4	3	3	4	4	4	4	0	1	2	2	2	3	0	0	2	1	1	2	0	0	1	1
	european	European Studies	0	0	1	0	0	2	0	0	3	0	1	0	0	0	0	0	2	2	4	3	4	4	3	3	4	3	4	3	4	4	4	1	4	1	4	4	1	4	0	2	0	1	0	0	2	0	0	0
	european	european studies	0	2	0	1	0	0	1	1	2	2	2	3	4	2	2	3	0	0	1	0	3	0	0	3	3	2	0	1	0	0	1	0	1	0	4	3	4	4	0	4	0	1	2	2	1	3	1	1
	european	European Studies	2	0	0	0	2	0	1	0	1	2	2	1	2	2	2	3	4	4	2	4	4	4	4	4	2	4	3	3	3	2	3	4	3	2	2	1	2	2	3	3	0	1	0	2	0	1	0	2
	european	European Studies	0	0	0	0	0	0	0	0	0	3	1	2	0	0	0	0	0	0	0	2	2	2	1	0	3	2	0	2	2	2	2	2	0	2	2	0	2	1	0	2	0	0	0	0	0	0	0	0
	european	European studies	0	1	0	1	0	1	1	3	1	4	2	1	0	3	3	1	0	2	3	0	3	0	3	3	0	4	1	0	2	2	4	2	0	0	1	0	2	0	1	1	1	2	1	0	0	2	1	1
	european	European studies	2	0	0	0	0	1	0	0	3	3	0	2	1	2	0	0	2	0	0	3	4	2	0	1	4	4	4	3	4	2	3	3	0	0	0	0	0	0	0	1	2	1	0	2	1	2	0	2
	european	European studies	0	2	0	1	0	2	0	1	1	4	3	3	1	1	0	0	1	3	0	1	2	2	0	3	4	4	4	4	4	3	4	3	0	1	4	3	3	3	2	3	0	0	1	1	2	1	1	0
	european	European Studies 	0	2	0	2	0	1	1	0	0	1	1	0	0	0	0	0	0	2	0	0	2	0	0	0	0	4	1	0	1	1	1	1	0	0	2	0	1	0	0	1	1	2	2	1	2	1	0	0
	european	European studies	1	1	0	0	0	1	0	0	1	1	0	0	0	0	0	0	1	2	1	2	4	1	0	0	4	4	4	4	4	4	4	4	1	0	3	0	3	2	0	2	0	0	0	0	0	0	0	0
	european	European Studies	0	0	0	0	0	0	0	0	1	3	0	3	3	3	3	0	1	3	3	3	3	0	1	3	4	3	1	3	3	3	3	1	3	0	0	0	0	0	3	0	0	0	0	0	0	0	0	0
	european	european studies	3	1	1	0	0	0	0	0	1	0	1	0	0	0	0	0	0	0	1	3	0	0	0	0	3	1	1	2	0	0	0	0	2	1	3	0	3	3	2	0	2	1	1	2	2	1	1	1
	european busi	European Business Studies	2	3	0	0	0	2	0	2	4	2	1	0	0	0	0	2	1	0	4	3	2	3	0	0	1	4	0	2	0	2	4	2	0	0	1	0	0	0	3	0	4	4	3	4	4	3	2	3
	european cooper	European Cooperation	2	0	1	2	1	1	1	1	4	4	4	4	4	4	3	4	4	3	2	4	4	4	1	2	2	2	3	3	4	3	3	3	1	1	1	1	3	1	1	2	1	3	2	1	2	1	1	2
	event	events	0	0	0	0	0	1	0	0	4	4	4	4	4	4	4	4	3	4	4	4	4	4	4	4	4	4	4	4	4	4	4	4	4	0	3	0	4	1	0	1	0	0	0	3	1	3	0	1
	event	event	0	2	1	2	1	1	2	1	2	1	1	1	1	2	1	1	1	2	3	3	2	3	3	2	1	3	2	1	2	3	3	2	2	2	1	1	1	2	1	3	1	3	1	1	1	1	1	2
	event	Event	1	0	0	2	0	2	0	0	3	3	3	2	3	3	2	2	3	3	3	1	1	4	2	2	4	3	0	1	1	2	3	2	4	3	4	3	3	3	4	2	0	1	0	0	0	4	0	1
	event	Events	0	0	1	0	0	1	0	0	1	1	0	0	0	0	0	0	0	2	4	2	2	3	1	4	2	0	0	2	2	3	0	1	0	2	3	2	3	3	2	4	0	0	0	0	0	0	0	0
	event	event	4	4	3	4	4	4	4	4	4	4	4	4	4	4	4	4	2	4	4	2	4	4	4	4	4	4	2	2	4	4	4	3	4	4	4	3	4	3	2	4	4	4	4	4	4	3	3	4
	event mnagement	Event Mnagement	2	0	0	0	0	2	1	0	1	2	2	0	0	1	0	3	3	3	3	4	3	4	3	3	4	4	1	3	3	3	3	2	3	2	3	0	2	3	1	3	0	2	0	0	0	1	0	0
	event plan	Event planning	0	2	0	0	1	1	0	1	0	3	3	1	1	2	0	1	2	4	4	1	1	1	3	4	2	3	3	4	3	3	3	1	3	2	3	3	4	2	3	3	2	3	1	1	0	0	1	0
	event planner	Event planner	1	0	0	0	0	0	0	0	2	2	0	0	0	0	0	0	1	2	0	0	0	1	2	0	2	2	3	0	4	2	3	0	2	3	2	2	0	3	0	3	0	0	0	0	0	2	0	0
	everygreen valley	everygreen valley	4	2	0	0	0	0	0	0	2	0	0	0	0	0	0	0	0	0	0	4	0	0	0	0	3	0	0	4	0	0	4	0	0	0	4	4	0	0	0	0	0	4	4	4	0	0	0	0
	everyth	Everything	1	2	1	2	0	3	2	3	3	4	4	4	4	4	4	3	0	4	4	4	4	0	3	4	0	3	0	4	0	3	2	0	2	0	3	2	4	3	2	2	0	1	0	0	0	0	0	2
	everyth	Everything	0	0	0	0	0	0	0	0	0	0	0	0	0	0	0	0	0	0	0	0	0	0	0	0	0	0	0	0	0	0	0	0	0	0	0	0	0	0	0	4	0	0	0	0	0	0	0	0
	evonom	Evonomics	0	0	0	0	0	0	0	0	0	0	2	0	2	0	2	0	0	0	0	2	2	3	0	0	3	2	0	0	2	0	0	0	0	0	0	0	3	0	0	0	3	0	3	2	3	3	3	2
	ex phys	ex phys	3	3	0	3	1	3	1	3	4	1	0	3	3	1	2	1	1	0	0	1	0	3	0	0	1	3	3	3	3	3	4	2	0	1	0	1	1	1	1	3	0	2	0	2	2	3	0	1
	execut leadership	Executive Leadership	2	1	2	1	1	2	1	1	2	2	1	4	3	2	3	2	2	2	1	4	3	3	4	2	4	4	2	4	3	4	4	4	4	4	3	2	4	4	4	4	2	2	2	2	2	2	1	2
	execut secretari	Executive Secretary	1	0	0	0	1	0	1	0	0	0	2	1	0	0	1	1	3	2	2	3	2	4	2	2	0	4	0	2	2	4	4	3	0	0	2	1	0	3	1	2	0	1	0	3	0	0	1	2
	exersic	Exersice Science	1	1	0	0	0	1	0	0	4	2	1	2	3	0	2	0	0	0	0	0	0	0	1	0	0	1	0	4	0	0	0	1	0	1	0	0	0	0	0	0	0	0	0	0	0	0	0	0
	exersic	exersice science	4	0	4	0	0	0	0	0	2	4	4	4	4	4	3	0	0	0	0	4	4	4	4	0	4	4	4	4	2	4	4	4	2	2	4	0	4	0	2	0	0	0	0	0	0	3	0	0
	exploratori	Exploratory	1	0	0	0	1	0	3	0	3	2	0	0	1	2	0	0	0	2	0	2	2	4	3	0	2	0	4	2	4	0	0	0	0	0	0	1	1	1	2	0	0	4	0	1	1	2	0	2
	exploratori	Exploratory 	3	1	3	2	1	0	1	0	2	3	3	3	3	4	1	1	0	1	0	1	1	3	3	0	2	3	3	4	4	4	3	3	0	2	1	1	1	1	0	1	0	1	0	1	2	2	0	0
	exploratori	exploratory	2	0	1	1	1	0	0	0	3	3	1	1	1	1	1	0	1	1	1	2	3	0	0	1	3	2	3	3	3	1	1	1	3	2	3	1	3	1	1	1	3	2	2	1	1	0	1	1
	exploratori	Exploratory	2	0	1	2	0	0	1	0	0	2	2	0	0	1	0	0	0	0	2	1	0	1	2	0	1	3	2	3	3	2	1	2	1	3	1	0	2	2	2	2	1	2	0	0	1	1	1	1
	exploratori	Exploratory	0	0	0	0	0	0	0	0	1	2	0	0	0	0	0	0	0	0	0	0	0	0	0	0	3	4	3	0	3	2	2	1	1	0	1	0	3	0	0	0	3	2	1	3	3	2	1	2
	exploratori	exploratory	1	0	0	0	0	0	0	0	4	3	2	3	3	3	3	2	2	0	1	2	1	4	2	0	4	3	3	3	3	3	3	2	3	1	3	0	3	3	3	2	3	1	1	3	2	3	1	2
	explos engin	Explosives Engineering	1	2	3	2	1	3	1	1	2	1	3	3	3	3	3	3	1	1	1	1	1	1	4	2	1	2	1	3	0	0	2	0	1	1	1	1	1	0	1	1	1	1	1	1	2	2	1	1
	express art therapi	Expressive Arts Therapy	3	3	0	1	1	3	1	3	2	2	2	3	1	2	2	1	4	2	2	4	3	4	2	3	3	3	3	3	3	3	2	2	1	1	2	2	2	2	2	2	0	1	0	2	1	2	1	1
	f b	F& B	2	2	0	0	1	0	0	1	2	2	1	0	2	0	0	1	0	3	1	0	0	0	0	1	2	3	3	0	3	0	2	2	3	3	2	0	0	0	1	2	3	0	2	2	0	0	1	2
	fag	Fag	0	2	0	3	1	2	3	4	4	0	0	4	2	0	3	1	2	1	3	4	1	0	2	1	2	0	0	2	2	0	0	0	1	0	0	1	2	0	0	0	1	2	1	1	1	3	4	1
	far	general studies so far	2	2	1	1	1	1	1	1	3	3	4	2	3	3	3	2	3	3	2	3	3	3	3	3	3	4	3	2	3	2	3	2	2	2	2	3	1	2	1	3	1	1	1	2	1	2	1	1
	farm equip	Farm equipment	3	2	4	1	1	3	2	1	4	1	3	3	1	1	1	3	3	1	4	1	1	2	1	3	3	3	1	3	1	2	3	2	2	4	3	2	2	3	3	3	1	3	1	1	2	2	1	2
	farmacia	Farmacia	3	0	0	1	1	1	1	0	2	1	3	3	1	2	3	2	2	1	1	3	4	2	3	2	4	4	4	2	4	4	3	2	1	1	1	2	1	2	1	2	0	1	1	1	1	1	0	1
	farmer	farmer	2	3	0	1	2	2	0	2	1	3	3	0	2	3	2	1	0	1	1	2	0	2	1	0	2	2	2	1	1	1	1	0	1	0	0	0	0	1	0	1	0	0	0	0	0	2	0	0
	fashiom merchandis	fashiom merchandising	0	3	0	0	0	2	1	2	3	4	0	1	2	3	1	1	2	2	3	2	2	3	0	0	2	4	0	3	1	0	0	2	2	3	1	2	0	2	2	1	1	1	1	1	1	2	2	1
	fashion	Fashion	3	0	1	2	1	0	1	0	1	2	1	1	1	3	0	1	4	1	3	4	2	4	3	4	2	3	2	4	2	3	4	3	3	1	2	2	2	3	3	3	1	1	1	1	1	1	1	1
	fashion	Fashion	0	0	0	2	0	1	1	1	0	1	1	4	1	1	1	1	1	2	4	2	2	2	4	4	4	4	4	2	4	1	4	2	4	1	4	2	4	1	4	1	2	2	2	4	2	2	2	4
	fashion	Fashion	1	2	0	1	1	1	1	2	3	4	3	4	3	2	2	2	2	4	3	4	4	1	1	3	3	3	4	2	4	2	3	3	2	1	3	3	2	1	3	1	1	0	1	2	1	2	1	1
	fashion	fashion	4	0	0	0	0	0	0	0	2	1	2	3	0	0	1	0	2	1	3	4	1	4	0	2	4	4	4	4	4	3	2	4	1	0	2	3	2	3	4	2	2	1	1	4	1	1	1	2
	fashion	Fashion 	0	2	0	0	0	0	2	0	2	0	3	0	0	0	0	0	1	0	2	0	0	0	2	0	0	2	1	0	2	4	0	2	0	4	3	3	4	4	0	0	3	2	4	0	1	3	3	1
	fashion	fashion	0	3	0	2	0	0	2	0	4	4	3	3	2	2	2	3	3	4	4	3	4	4	3	4	4	4	3	4	4	4	2	4	2	2	4	4	2	4	3	3	2	1	0	0	0	0	0	0
	fashion	fashion	0	0	0	0	0	0	0	0	3	1	1	0	0	1	0	1	2	4	4	4	4	4	2	4	3	1	4	4	4	2	3	2	1	3	3	3	3	3	3	3	0	0	0	2	0	0	0	0
	fashion	Fashion	0	0	0	0	0	0	0	0	3	0	0	3	0	0	0	0	0	0	0	2	3	0	3	3	0	3	0	0	0	0	0	0	4	4	4	0	3	4	4	4	0	0	0	0	0	0	0	0
	fashion	Fashion	0	0	0	0	0	0	0	0	0	0	0	0	0	0	0	0	0	0	3	0	0	0	4	0	0	0	0	2	0	0	0	0	0	0	2	2	3	3	0	0	0	0	0	0	0	0	0	0
	fashion	fashion	0	1	0	0	0	1	0	0	2	2	2	2	1	2	1	0	2	3	4	4	4	3	3	4	3	4	3	4	4	4	3	3	1	4	3	4	4	4	3	1	1	1	0	1	1	1	0	0
	fashion	fashion	0	0	2	0	0	0	0	0	0	0	1	0	0	0	0	0	2	3	4	1	3	3	1	4	3	3	2	3	3	4	4	3	3	3	3	4	3	4	3	4	4	2	3	3	4	3	3	1
	fashion	fashion	0	0	0	0	0	0	1	0	2	2	2	1	1	2	1	2	0	3	3	2	1	2	2	2	3	4	2	3	3	2	2	2	2	3	2	1	3	3	1	2	1	0	2	1	0	1	1	0
	fashion	Fashion	0	2	1	1	0	1	0	0	2	2	1	2	2	1	0	0	1	2	4	4	4	2	4	2	4	4	4	4	4	3	3	2	2	3	2	4	4	4	2	2	1	1	1	2	0	1	0	0
	fashion	Fashion	0	2	0	0	0	1	0	0	3	0	0	0	0	0	0	0	0	3	4	3	4	2	0	4	3	2	0	2	2	1	3	2	0	1	2	2	3	1	2	2	0	1	2	2	0	2	1	0
	fashion	Fashion	0	0	0	0	0	0	0	0	2	3	3	0	0	3	0	2	2	4	4	4	4	4	4	4	2	4	1	2	3	2	3	3	0	1	0	4	0	3	3	4	0	0	0	0	0	0	0	0
	fashion	fashion	2	2	3	1	0	1	2	0	4	3	2	4	0	1	2	0	2	3	4	0	3	1	1	3	4	2	3	0	3	1	4	4	1	1	3	4	4	1	0	3	2	2	1	3	1	0	0	4
	fashion	fashion	0	0	0	0	0	0	0	0	2	3	3	1	1	4	1	1	1	2	3	1	2	1	2	1	1	2	0	0	2	1	1	0	1	1	0	0	1	1	0	0	1	0	0	0	0	0	0	0
	fashion	fashion	3	0	0	0	0	0	0	0	2	3	2	0	0	3	0	4	0	4	4	4	4	4	4	4	3	3	0	1	2	2	3	1	1	1	1	0	2	2	3	0	0	0	0	0	0	0	0	0
	fashion	fashion	0	0	0	0	0	0	0	0	0	3	0	0	0	0	0	0	3	4	4	4	3	4	4	2	1	0	0	0	0	0	0	0	0	1	0	2	1	3	0	0	0	0	0	0	0	0	0	0
	fashion	fashion	0	3	1	1	0	0	0	0	3	3	2	1	1	3	1	3	3	4	4	3	3	3	3	4	1	4	2	2	2	2	3	2	1	0	2	2	2	2	2	3	0	1	0	0	0	1	1	0
	fashion	fashion	4	3	0	0	0	4	1	1	3	0	1	0	3	1	2	4	3	1	1	2	3	3	0	2	4	4	3	4	4	1	4	3	0	0	2	1	1	1	0	0	1	0	3	1	2	4	0	2
	fashion	fashion	2	3	0	1	0	3	2	2	1	2	2	2	2	2	2	2	0	4	4	3	4	3	3	4	2	1	1	3	1	1	1	1	2	4	3	2	1	2	3	2	2	2	2	1	0	1	1	1
	fashion	Fashion	2	0	0	1	0	1	2	1	2	1	1	2	1	1	2	3	3	2	4	3	3	3	0	3	4	1	2	3	3	2	3	3	1	1	1	2	2	3	1	3	0	0	0	0	0	1	1	0
	fashion	Fashion	4	1	2	1	2	3	3	2	2	0	1	1	1	1	2	2	1	1	2	0	0	0	3	2	3	3	2	4	2	3	2	1	3	0	1	4	2	3	3	2	0	1	0	1	0	1	1	0
	fashion	fashion	3	0	1	3	1	2	1	2	1	0	1	0	0	1	1	0	1	3	1	1	2	1	2	0	2	4	2	4	4	3	4	4	1	0	0	4	2	4	0	2	0	3	2	3	0	3	2	2
	fashion	Fashion	1	1	0	0	0	1	0	1	0	3	2	0	0	3	0	2	0	1	3	0	0	1	3	3	2	4	3	4	4	3	2	0	1	1	2	2	2	1	4	0	0	0	0	1	0	0	0	0
	fashion	Fashion	4	1	1	2	1	3	2	1	2	3	1	2	3	3	1	2	2	3	4	1	3	1	4	3	3	3	2	3	3	3	4	1	3	4	4	3	4	4	4	2	4	4	4	3	4	4	4	3
	fashion	Fashion	2	2	0	2	2	2	2	2	3	2	2	0	2	0	2	2	0	0	3	0	1	0	0	3	3	0	3	0	3	2	2	3	1	1	3	3	3	1	1	2	1	2	0	1	0	0	1	2
	fashion	Fashion 	0	0	0	1	0	1	2	0	3	3	3	3	3	3	1	2	3	3	4	4	3	3	3	4	3	2	2	0	2	1	1	0	3	0	1	3	1	1	3	1	0	1	0	0	0	0	0	0
	fashion	Fashion	4	3	0	3	0	3	2	3	2	3	3	3	2	3	2	3	1	4	4	2	1	1	3	4	3	4	3	1	3	4	4	3	0	2	3	4	2	4	2	3	0	3	2	2	2	2	2	1
	fashion	Fashion 	4	0	0	0	0	0	0	0	0	1	1	0	0	0	0	1	2	3	4	3	3	2	2	4	3	4	0	0	1	1	2	0	0	4	1	2	4	4	0	1	4	4	4	4	4	4	3	2
	fashion	Fashion	1	0	0	0	0	0	0	0	0	0	0	0	0	0	0	0	0	1	3	0	0	0	0	1	3	3	0	2	3	2	2	1	0	4	2	1	4	4	1	1	3	4	2	4	1	1	4	3
	fashion	fashion	0	0	0	0	0	0	0	0	1	3	0	2	3	0	2	0	0	0	4	2	3	0	0	0	2	3	4	0	3	2	3	2	0	0	0	3	0	2	0	0	0	0	0	3	0	0	0	2
	fashion	Fashion	0	0	0	0	0	0	0	0	0	2	0	0	0	0	1	0	0	0	2	0	4	1	0	4	0	3	0	0	0	0	2	2	0	1	4	3	2	3	0	4	0	0	0	1	0	0	0	0
	fashion	Fashion	2	3	0	4	0	2	1	1	2	3	3	4	3	3	4	3	1	2	3	2	1	2	0	2	3	2	4	1	2	0	1	1	2	0	3	1	2	2	3	2	3	2	2	1	2	2	2	2
	fashion	Fashion	0	1	0	1	0	1	1	2	3	2	1	0	0	2	1	3	2	3	4	3	4	4	2	4	3	3	1	2	3	2	1	1	2	3	1	3	4	4	2	3	0	1	0	2	2	2	2	1
	fashion	Fashion 	2	0	0	0	0	0	0	0	0	4	4	0	0	3	0	0	0	0	4	0	3	0	0	3	3	0	0	0	2	0	2	0	3	4	0	0	2	4	2	0	0	3	0	0	0	0	0	0
	fashion	Fashion	1	1	0	0	0	0	0	0	1	1	0	0	0	0	0	0	0	0	0	0	0	0	0	0	4	4	2	0	2	3	3	4	0	0	2	2	0	0	0	0	2	0	0	0	0	0	0	0
	fashion	Fashion	3	0	0	0	0	0	1	0	2	2	2	0	0	2	0	1	0	0	4	0	0	0	0	3	0	3	1	0	1	0	0	1	0	3	0	0	2	2	0	1	0	1	1	0	0	0	0	0
	fashion	Fashion	0	0	0	0	0	0	0	0	0	0	0	0	0	0	0	0	0	0	4	0	1	2	0	2	4	3	1	0	4	2	1	2	0	1	0	0	0	0	0	1	0	0	0	0	0	0	0	0
	fashion	Fashion	0	0	0	0	0	0	0	0	0	3	3	0	0	0	0	0	0	3	0	4	0	4	0	3	0	4	0	0	0	4	0	0	0	0	0	4	0	4	0	0	0	0	0	0	0	0	0	0
	fashion	fashion	2	1	0	1	0	1	0	1	2	2	3	1	4	4	4	2	1	2	4	4	4	4	1	4	1	2	0	0	1	0	1	1	0	4	1	0	2	4	0	1	0	2	0	0	0	0	0	0
	fashion	Fashion	2	0	0	0	0	0	0	0	1	0	0	1	0	0	0	0	0	1	3	0	2	2	3	2	3	3	2	0	2	4	0	0	0	4	0	3	3	4	1	1	0	0	0	0	0	0	0	0
	fashion	Fashion	1	0	0	1	0	0	0	0	1	3	2	1	1	2	0	1	0	1	3	1	1	1	1	2	2	1	0	2	1	1	1	1	2	2	1	2	2	1	2	1	3	1	1	1	2	1	2	2
	fashion	Fashion	3	0	0	2	0	0	0	1	2	1	1	1	1	0	0	1	4	2	3	1	1	1	0	0	4	3	3	3	2	2	2	1	4	3	4	3	3	3	3	2	2	2	2	2	0	1	2	3
	fashion	fashion 	3	0	0	3	0	0	3	0	3	3	3	4	2	3	1	0	0	0	2	2	3	3	2	4	3	2	2	4	4	4	3	2	0	0	0	1	3	4	2	2	2	1	3	1	3	1	3	2
	fashion	fashion	3	3	1	0	1	3	1	2	3	3	3	2	2	3	1	3	2	1	3	1	1	2	0	2	2	1	2	2	3	1	0	1	2	1	2	3	2	2	3	1	0	0	1	0	0	1	1	1
	fashion apparel	Fashion Apparel	3	3	0	0	0	0	3	3	1	0	0	0	0	0	0	0	2	4	4	4	4	4	0	4	0	4	4	3	4	4	3	3	3	4	2	3	3	4	2	3	0	2	2	0	0	0	0	4
	fashion apparel	fashion apparel	0	0	0	0	0	0	0	0	0	0	0	0	0	0	0	0	0	4	4	4	4	4	0	4	0	4	0	0	0	0	0	0	0	4	0	0	0	4	4	0	0	0	0	0	0	0	0	0
	fashion busi	Fashion, Business	3	0	1	2	1	1	1	0	3	2	1	1	1	1	1	1	2	1	2	1	2	3	0	1	3	0	0	1	1	2	3	0	1	1	1	2	2	1	1	1	3	2	2	2	3	3	2	3
	fashion desighn	Fashion Desighn	0	0	0	0	0	0	0	0	0	0	1	0	0	0	0	0	0	0	3	0	0	0	0	1	4	0	2	2	2	0	0	0	2	3	1	2	2	4	2	1	0	0	0	0	0	0	0	0
	fashion merchandis	Fashion&merchandising	0	0	0	0	0	0	0	0	0	0	0	0	0	0	0	0	0	2	1	0	2	0	1	2	2	3	3	2	3	2	3	2	3	4	1	1	2	4	1	1	0	1	0	1	0	0	0	0
	fashion merchandis	Fashion Merchandising	3	1	1	2	2	1	2	0	3	1	1	3	1	1	1	0	0	1	3	2	1	1	3	0	0	3	3	2	2	2	1	1	0	4	1	2	4	4	0	1	2	1	1	3	2	2	0	3
	fashion merchandis	fashion merchandising 	4	0	0	0	0	0	0	0	0	0	0	0	0	0	0	0	0	0	0	4	0	4	0	0	2	4	0	0	4	0	2	2	1	0	0	4	0	4	4	0	0	3	0	4	0	0	0	0
	fashion merchandis	Fashion Merchandising 	0	0	0	1	1	0	0	1	3	3	3	1	1	3	3	1	2	3	4	3	4	3	3	3	3	3	3	3	3	3	3	1	1	3	1	1	4	3	3	1	1	3	1	1	1	3	1	1
	fashion merchandis	fashion merchandising	3	0	0	0	0	1	0	0	0	0	0	0	0	0	0	0	0	0	2	2	0	0	3	3	2	4	3	0	3	3	3	3	0	4	0	0	3	4	0	2	2	4	0	2	1	2	0	3
	fashion merchandis	Fashion merchandising 	2	0	0	1	0	0	2	0	1	0	0	0	0	0	0	0	2	2	1	2	2	3	0	0	1	2	2	1	4	3	0	2	1	4	2	1	4	4	0	1	1	3	1	2	2	3	0	1
	fashion merchandis	Fashion merchandising	0	0	0	1	0	1	0	1	2	0	2	1	1	0	0	1	0	0	4	3	1	2	2	2	1	0	2	1	3	3	2	0	1	2	1	1	3	3	3	2	1	2	3	0	2	2	3	0
	fashion merchandis	Fashion Merchandising	3	1	1	2	0	0	0	1	1	3	2	0	0	2	0	1	2	2	4	2	2	2	1	3	4	2	1	2	3	2	2	1	2	4	3	3	4	3	2	3	4	3	3	3	3	3	3	3
	fashion merchandis	Fashion Merchandising	2	0	0	0	0	0	0	0	0	0	0	0	0	0	0	0	0	0	0	0	0	0	0	0	3	4	0	0	0	0	0	0	2	4	1	0	3	3	0	0	2	3	0	1	0	0	0	0
	fashion merchandis	fashion merchandising	0	0	0	1	1	0	1	0	0	1	0	0	1	0	0	0	0	1	2	0	0	1	1	0	0	4	2	3	3	1	1	1	3	4	4	0	3	4	0	1	2	2	2	2	1	2	1	1
	fashion merchandis	fashion merchandising	3	0	3	0	0	0	0	0	1	2	0	1	1	0	2	3	0	0	0	0	0	0	0	1	2	4	0	3	2	3	2	0	0	4	3	0	4	4	4	0	3	2	0	4	3	4	3	4
	fashion merchandis	fashion merchandising	0	0	0	0	0	0	0	0	0	2	0	0	0	0	0	0	0	1	0	1	2	1	0	0	0	2	1	0	0	0	0	2	0	4	3	2	3	4	3	0	0	0	1	0	0	1	0	0
	fashion merchandis	Fashion Merchandising	1	0	0	0	0	0	3	1	1	4	3	1	0	3	0	0	0	3	4	1	1	3	0	3	3	4	3	1	3	4	3	4	1	4	4	1	3	4	3	4	2	3	0	1	0	0	0	0
	fashion merchandis	Fashion Merchandising	2	0	0	0	2	0	2	0	1	0	0	0	0	0	0	0	3	1	0	2	2	2	3	0	1	3	2	0	4	0	1	1	1	3	2	3	2	4	1	2	0	3	1	3	0	4	1	2
	fashion merchandis	Fashion Merchandising	0	1	0	0	0	0	1	0	3	3	3	3	0	2	3	2	1	3	2	3	2	3	1	2	1	0	3	4	3	4	4	0	2	3	3	4	1	4	2	4	2	0	1	1	0	2	1	0
	fashion merchandis	Fashion Merchandising 	0	0	0	2	0	0	0	0	3	3	1	0	0	3	0	2	0	0	3	2	0	4	0	3	4	4	3	3	1	3	1	0	0	1	3	3	3	3	3	4	0	0	0	0	0	0	0	0
	fashion merchandis	fashion merchandising	2	2	0	1	0	1	3	3	4	2	3	1	0	2	0	2	0	1	4	0	0	0	2	4	0	2	1	3	2	2	2	0	2	4	2	2	2	3	3	1	0	2	1	0	0	3	1	1
	fashion merchandis	fashion merchandising	3	4	1	3	1	2	1	4	4	2	2	2	1	1	2	2	2	2	4	2	1	4	4	4	3	4	2	4	3	3	4	2	1	3	3	4	3	4	4	2	2	2	4	4	4	4	4	3
	fashion merchandis	Fashion Merchandising	0	0	0	0	0	0	0	0	4	2	0	0	0	0	0	0	4	0	4	4	2	4	4	4	4	4	2	2	4	0	0	0	2	4	0	0	0	4	4	0	0	0	0	0	0	4	0	0
	fashion merchandis	Fashion Merchandising 	0	0	0	0	0	0	0	0	0	0	0	0	0	0	0	0	0	0	0	0	0	0	0	0	2	4	2	1	2	1	3	2	0	1	0	1	1	1	0	0	0	0	0	0	0	1	0	0
	fashion merchandis	Fashion merchandising 	3	0	0	1	1	3	2	0	0	0	0	0	3	3	3	3	3	1	1	3	3	3	2	3	3	2	2	0	3	1	3	2	0	3	1	1	0	3	1	3	3	3	3	1	0	3	1	2
	fashion merchandis	Fashion Merchandising	2	0	0	0	0	0	1	0	2	2	2	0	0	1	0	0	2	2	4	4	0	4	4	3	1	3	0	0	2	3	2	2	2	3	0	4	2	3	1	3	0	3	1	2	1	1	0	2
	fashion merchandis	fashion merchandising	3	0	0	0	0	0	2	0	1	2	3	0	1	2	1	1	0	1	4	1	1	0	1	3	1	2	2	0	2	1	2	2	0	4	2	1	3	4	1	0	0	0	1	0	2	1	0	2
	fashion merchandis	Fashion Merchandising	4	0	0	0	0	0	0	0	0	4	0	0	0	0	0	0	0	2	4	0	0	0	0	0	0	4	3	2	2	4	0	3	0	4	3	3	4	4	0	3	4	4	3	3	0	0	2	3
	fashion merchandis	fashion merchandising	0	0	0	0	0	0	0	0	4	4	4	4	4	4	4	0	0	0	0	0	0	0	0	0	4	4	4	4	4	4	4	4	4	4	0	4	4	4	4	2	4	0	2	4	0	0	4	0
	fashion merchandis	fashion merchandising	0	0	0	0	0	0	0	0	2	4	4	2	2	0	4	0	0	0	0	0	0	0	0	0	4	4	2	2	4	2	3	4	4	4	0	0	4	2	4	3	2	0	0	0	0	0	4	0
	fashion merchandis	Fashion Merchandising 	3	0	0	0	1	0	2	0	0	2	0	0	0	1	0	1	0	4	4	1	3	2	4	4	2	4	2	3	2	2	1	0	2	4	0	4	4	4	4	2	1	3	3	3	3	3	2	3
	fashion merchandis	Fashion Merchandising	3	2	1	1	1	2	3	2	3	1	2	2	1	2	1	2	2	2	3	2	2	2	2	3	2	3	3	3	2	3	4	3	1	3	3	2	3	3	2	2	4	3	3	3	1	3	2	1
	fashion merchandis	Fashion Merchandising	1	0	0	0	0	0	0	0	0	1	0	0	0	0	0	0	2	4	4	2	1	2	0	4	2	3	2	2	2	3	3	2	1	3	2	3	3	3	1	2	1	2	1	0	1	1	1	1
	fashion merchandis	Fashion Merchandising	0	0	1	0	0	1	1	0	3	3	4	4	0	4	3	3	3	4	4	4	4	3	2	3	3	3	2	1	2	1	4	3	1	1	3	2	2	3	3	2	3	1	2	3	2	1	1	2
	fashion merchandis	fashion merchandising	2	0	0	0	0	0	0	0	0	1	0	1	1	1	0	0	0	0	4	0	0	0	3	3	1	4	3	3	3	0	3	4	3	4	3	3	4	4	3	3	0	4	0	0	0	2	0	0
	fashion merchandis	Fashion Merchandising	0	1	0	0	0	0	0	1	0	1	0	0	0	0	0	0	0	2	4	1	1	1	1	4	2	2	1	2	1	0	0	0	1	4	0	2	4	3	2	0	1	3	1	2	2	1	2	3
	fashion merchandis	Fashion merchandising 	4	0	0	3	2	0	4	0	2	0	0	1	2	0	0	0	1	0	4	0	1	1	0	3	4	2	1	1	4	3	3	2	0	3	0	4	4	4	1	1	1	1	3	4	1	1	0	1
	fashion merchandis	Fashion merchandising 	0	0	0	1	0	0	0	0	0	0	0	0	0	0	0	0	0	0	3	1	0	0	0	2	4	1	1	3	0	0	0	0	2	2	3	4	4	4	3	0	2	2	1	3	2	1	3	2
	fashion merchandis	fashion merchandising	0	0	0	0	0	0	0	0	0	0	0	0	0	0	0	0	0	0	1	0	1	0	0	0	2	3	0	2	1	0	1	0	0	0	1	0	0	0	1	0	0	0	0	0	0	1	0	0
	fashion merchandis	Fashion merchandising	0	0	0	0	0	0	0	0	0	0	0	0	0	0	0	0	0	0	0	0	0	0	0	0	0	0	0	0	0	0	0	0	0	2	0	1	0	0	0	0	0	0	0	0	0	0	0	0
	fashion merchandis	Fashion Merchandising	0	0	0	0	0	0	0	0	0	1	0	0	0	0	0	0	0	2	4	1	1	2	1	4	2	2	1	2	1	1	0	1	2	4	0	3	4	4	2	1	1	3	0	0	1	2	1	4
	fashion merchandis	fashion merchandising 	1	0	0	0	0	0	0	0	4	2	2	0	0	0	0	0	0	3	2	0	0	2	2	1	4	3	1	0	3	0	0	0	0	4	0	2	4	4	3	2	0	4	0	2	0	0	1	3
	fashion merchandis	Fashion Merchandising 	1	0	0	0	0	0	1	0	1	1	1	1	1	1	1	0	1	3	1	1	1	1	3	2	3	3	3	2	3	2	3	2	3	3	3	2	3	3	3	3	3	3	2	3	0	3	2	3
	fashion merchandis	fashion merchandising	2	2	0	2	2	3	1	0	1	3	1	0	1	3	1	3	3	4	3	1	1	0	2	3	2	4	2	2	2	3	2	1	0	3	2	1	1	4	1	4	1	3	1	1	2	3	1	2
	fashion merchandis	Fashion Merchandising	2	3	2	4	4	2	3	2	3	2	3	2	1	2	0	2	1	2	4	0	1	3	2	4	4	4	3	1	2	4	4	4	4	4	2	4	3	4	3	4	4	4	4	4	2	3	3	4
	fashion merchandis	Fashion Merchandising.	2	2	2	2	2	2	2	2	2	2	2	2	2	2	2	2	2	2	2	2	2	2	2	2	2	2	2	2	2	2	2	2	2	2	2	2	2	2	2	2	2	2	2	2	2	2	2	2
	fashion merchandis	Fashion Merchandise	1	0	0	1	0	0	1	1	1	0	0	1	0	0	0	0	2	3	4	4	4	3	4	4	1	2	2	3	3	4	2	0	2	4	1	4	2	4	1	2	1	3	1	2	0	1	1	1
	fashion merchandis	Fashion Merchandising	4	0	0	2	0	0	0	0	2	0	0	3	2	0	0	0	1	1	4	1	1	2	2	2	3	4	3	3	4	1	3	3	2	2	3	0	4	3	3	2	4	2	4	4	3	3	3	0
	fashion merchandis	Fashion Merchandising 	4	0	0	1	0	0	0	1	2	2	1	1	0	1	1	1	1	2	3	0	0	1	1	4	2	4	2	1	2	2	2	3	0	4	2	3	3	4	3	1	2	3	2	3	3	3	2	3
	fashion merchandis	fashion merchandising	2	0	0	0	0	0	0	0	0	3	0	0	0	1	0	0	0	2	2	2	0	2	0	2	2	4	2	2	2	0	3	2	0	0	2	2	2	0	0	0	0	0	0	2	0	2	0	0
	fashion merchandis	fashion merchandising	2	2	0	0	0	0	1	1	3	3	2	0	0	3	0	1	1	2	4	1	1	2	3	4	1	1	3	3	1	1	0	0	1	4	1	4	3	4	3	4	0	3	0	1	0	0	0	0
	fashion merchandis	Fashion Merchandising	4	4	1	3	2	3	4	3	4	4	4	4	2	4	4	2	4	4	4	4	4	4	2	4	4	4	4	4	3	2	3	3	3	4	4	4	3	3	4	2	3	4	3	3	3	4	2	2
	fashion merchandis	Fashion Merchandising 	3	0	0	0	0	0	0	0	2	0	0	0	0	0	0	0	1	0	2	0	1	1	0	1	4	4	3	1	3	3	3	2	1	3	2	1	3	2	2	1	1	3	1	3	2	2	2	3
	fashion merchandis	Fashion Merchandising	0	1	0	0	0	0	0	0	0	3	2	1	0	3	1	1	0	0	3	0	0	0	0	2	0	3	3	0	3	2	3	2	0	3	2	1	3	3	3	1	0	1	1	1	0	1	0	1
	fashion merchandis	Fashion merchandising 	0	2	0	0	0	0	0	0	3	0	2	3	3	0	0	0	0	2	2	3	3	0	0	0	2	2	1	4	2	0	0	0	0	4	1	2	0	3	2	0	0	2	0	0	0	0	0	0
	fashion merchandis	Fashion merchandising	3	0	1	0	0	0	0	0	1	1	2	0	0	2	0	0	1	0	3	0	2	1	3	0	3	4	1	3	1	2	1	0	3	3	0	3	3	3	2	0	2	1	0	0	1	0	1	0
	fashion merchandis	Fashion Merchandising	2	0	1	1	1	0	1	0	1	1	1	3	3	1	2	0	0	0	1	0	0	0	0	0	2	1	0	0	0	0	0	0	0	2	3	0	3	2	0	2	3	3	4	4	4	4	3	3
	fashion merchandis	Fashion Merchandising	0	0	0	0	0	0	0	0	1	0	0	0	0	0	0	0	0	0	1	1	0	0	3	0	3	1	0	0	1	0	3	0	1	1	3	1	4	3	2	0	0	0	1	1	0	1	0	0
	fashion merchandis	Fashion merchandising	1	0	0	1	0	3	2	1	3	2	2	0	0	1	1	0	4	4	4	3	0	3	4	4	4	4	3	4	3	4	4	4	2	4	3	3	3	3	4	2	1	1	1	2	0	2	2	1
	fashion merchandis	fashion merchandising 	0	0	0	0	0	0	0	0	0	0	0	0	0	0	0	0	0	0	2	0	0	0	0	0	0	0	0	0	0	0	0	0	0	3	0	0	2	1	0	0	0	0	0	0	0	0	0	0
	fashion merchandis	fashion merchandising	3	2	0	1	0	0	1	0	4	4	3	2	3	2	2	1	3	2	3	2	2	3	2	1	3	3	2	4	3	2	1	2	0	0	2	1	2	2	1	1	0	2	1	2	2	1	1	2
	fashion merchandis	Fashion Merchandising 	2	0	1	0	0	0	0	0	1	0	1	0	0	0	0	0	0	0	2	0	0	0	0	0	1	0	0	0	0	0	0	0	2	4	0	0	1	4	0	0	1	2	0	0	0	2	0	0
	fashion merchandis	Fashion Merchandising	1	0	0	0	0	0	0	0	3	0	0	1	2	3	0	3	3	4	4	4	4	3	1	4	0	3	1	2	0	1	1	0	1	2	1	3	3	3	1	2	0	1	0	1	1	0	0	1
	fashion merchandis	Fashion Merchandising	0	0	0	0	0	0	3	0	0	1	1	0	0	0	0	0	0	0	4	0	0	0	0	4	1	2	2	2	3	2	2	2	4	4	3	4	4	4	3	4	2	1	2	3	3	2	3	4
	fashion merchandis	Fashion Merchandising	2	0	0	0	0	0	2	0	2	0	0	0	0	0	0	0	3	4	4	3	2	4	3	4	3	3	3	2	3	2	2	2	2	4	2	3	4	4	3	2	3	4	3	3	3	2	3	3
	fashion merchandis	Fashion Merchandising 	2	2	0	0	0	0	1	0	1	1	2	0	0	1	1	0	2	1	4	3	1	2	0	3	3	2	4	3	3	2	1	2	0	3	2	2	1	2	0	3	0	2	0	1	1	1	0	1
	fashion merchandis	Fashion Merchandising	4	4	1	3	3	3	3	3	4	4	4	4	4	4	4	2	4	4	4	4	4	4	2	4	4	3	4	4	4	2	3	3	3	2	4	4	4	3	4	3	3	4	3	3	3	3	3	4
	fashion merchandis	fashion merchandising	2	4	0	0	0	0	3	1	0	0	0	0	0	0	0	0	0	3	4	0	3	0	4	3	4	1	3	0	4	4	4	1	3	3	4	4	4	4	3	4	3	0	3	3	0	3	3	3
	fashion merchandis athlet train	Fashion Merchandising, Athletic Training 	0	2	2	0	2	0	2	2	0	1	0	0	0	0	0	0	2	0	2	3	3	4	0	2	0	1	1	3	2	0	0	1	1	0	0	0	0	0	0	0	0	0	0	0	0	0	0	0
	fashion merchandis retail	Fashion Merchandising and Retail	2	3	0	1	0	1	1	1	3	3	0	0	0	0	0	0	1	2	3	1	1	0	3	3	3	3	0	2	3	3	2	2	2	3	3	1	3	2	2	3	3	3	1	3	0	2	3	2
	fashion merchandisng	Fashion Merchandisng	3	1	2	1	2	2	2	2	3	2	2	2	1	2	1	3	1	2	3	3	2	3	2	4	3	3	4	3	3	4	4	4	1	2	3	2	2	3	1	3	2	2	2	4	1	3	2	2
	fashion merchandisng	Fashion merchandisng 	4	0	0	0	0	0	0	0	2	0	0	0	0	0	0	0	4	4	4	4	2	2	2	4	4	4	2	4	4	4	4	4	2	4	0	4	4	4	0	3	2	2	0	2	0	0	0	2
	fashion merchandisong	fashion merchandisong	0	1	0	0	0	1	0	0	1	1	0	1	0	1	0	1	0	0	3	1	0	1	3	1	1	1	0	0	0	0	3	0	3	3	3	3	4	3	2	0	1	0	0	0	0	0	1	0
	fashion merchands	Fashion Merchandsing 	2	0	0	0	0	0	1	1	2	1	2	0	0	0	1	0	0	0	2	0	0	0	1	4	2	3	3	2	2	0	3	2	0	4	4	4	4	4	3	4	1	2	4	4	3	1	3	4
	fashion merchendis	fashion merchendising	2	0	0	0	0	0	0	0	3	2	1	2	1	2	1	1	2	3	3	1	2	1	2	3	3	3	4	3	3	1	2	2	1	3	3	2	3	3	3	3	1	2	2	3	1	2	3	1
	fashion technolog	Fashion Technology	0	2	0	1	0	0	0	0	4	4	4	4	4	4	4	4	3	3	2	3	4	3	3	1	0	3	4	4	4	0	2	2	0	1	1	1	1	3	0	0	1	3	3	1	3	1	0	1
	fashion textil	fashion textiles	3	3	2	2	2	3	3	2	3	3	3	1	1	3	1	3	3	1	3	3	1	3	1	3	1	3	2	2	3	3	3	2	3	1	1	3	1	3	1	3	1	3	1	1	1	3	1	1
	fashion textil	Fashion and Textiles	1	2	1	3	3	2	3	1	4	4	4	2	4	3	3	2	0	3	3	3	1	4	2	2	2	3	2	3	2	3	0	1	1	1	2	1	3	3	1	3	3	2	2	4	3	3	1	2
	fasion	Fasion	0	1	0	1	0	2	0	2	3	4	4	2	0	2	1	3	2	2	4	4	3	3	2	4	3	3	2	2	3	2	2	2	2	2	2	2	2	2	2	1	0	1	0	2	0	0	0	1
	fasion	Fasion	3	4	3	2	1	2	1	0	4	3	4	3	0	4	3	4	2	4	4	3	4	2	3	4	2	1	2	4	2	4	3	1	1	1	4	4	2	4	0	3	1	2	2	1	1	4	0	2
	fbi	FBI	1	2	0	0	0	0	0	2	1	2	2	1	1	2	0	0	2	0	2	0	0	2	2	0	1	2	1	2	1	1	2	2	0	0	0	0	0	2	0	0	0	0	0	0	0	0	0	0
	fbi agent	FBI Agent 	2	2	2	1	2	2	2	2	1	4	4	3	2	2	3	1	2	3	2	1	0	2	3	2	4	3	4	2	4	3	2	3	3	2	2	4	3	4	4	4	3	2	1	1	3	2	2	3
	fcs	FCS	0	0	0	0	0	0	0	0	2	2	2	1	1	3	0	2	0	0	1	0	0	0	0	0	3	3	4	4	4	4	3	4	1	0	2	0	2	1	4	2	1	0	1	1	1	0	0	0
	femin	Feminism	2	2	3	3	2	1	2	0	2	1	3	3	3	2	3	2	0	0	0	0	0	0	2	0	1	0	3	3	2	1	4	0	3	2	3	0	3	1	0	1	1	3	1	2	3	1	2	2
	ferment scient	Fermentation Scient	2	3	1	1	1	3	2	1	3	4	4	3	4	4	3	1	4	3	2	4	3	4	0	2	3	2	2	0	3	0	1	1	1	1	3	0	2	0	3	4	2	1	2	3	2	3	2	3
	fetac	FETAC 6 + 5	2	3	0	2	1	3	2	3	0	2	0	0	0	0	0	0	3	3	3	3	3	3	2	3	4	3	3	2	4	3	2	2	0	3	2	0	2	2	3	3	0	3	0	2	0	2	0	2
	ffhhff	Ffhhff	2	1	4	3	0	4	1	0	3	2	4	2	1	3	4	0	2	1	0	4	3	2	0	0	1	3	4	4	3	2	0	0	2	4	0	0	1	3	0	0	0	1	0	2	4	3	0	0
	fianac	fianace	0	0	0	0	0	0	0	0	0	0	0	0	0	0	0	0	0	0	0	0	0	0	0	0	2	4	3	0	4	2	1	0	0	1	0	0	3	1	3	0	2	2	0	2	0	2	2	0
	fianac	Fianace	3	0	3	1	1	1	1	0	3	3	1	3	3	2	1	0	1	1	4	1	3	3	0	2	3	2	2	3	3	1	3	2	3	1	3	4	3	4	3	3	0	1	2	1	1	3	3	2
	fibr art	Fibre Art	0	0	0	0	0	1	1	1	3	4	4	1	1	3	1	1	1	1	4	2	1	2	1	2	2	2	2	3	1	2	1	1	0	2	1	2	2	2	0	2	1	3	1	1	1	2	1	1
	fiction	Fiction 	2	2	0	2	0	1	2	2	1	3	4	4	4	4	4	3	0	0	4	4	4	4	4	3	2	3	4	0	4	0	3	2	1	4	2	3	4	0	2	4	3	0	0	0	1	3	1	0
	fiction write	Fiction Writing	0	2	1	1	1	2	0	2	4	4	3	3	3	2	2	2	2	3	3	2	4	2	1	3	3	2	2	0	3	0	0	0	0	1	2	1	0	0	0	2	0	1	1	0	0	2	0	0
	figur	Figuring that out now	2	1	0	0	0	1	1	2	1	2	1	2	2	3	2	1	0	1	1	3	2	3	1	2	2	4	1	2	2	4	2	3	0	0	0	1	1	0	3	2	1	2	0	0	1	1	2	2
	filipino	Filipino	4	3	0	2	0	0	0	0	4	4	4	3	3	3	3	1	2	4	4	4	4	4	0	4	4	4	4	4	4	4	4	3	0	3	3	4	2	3	2	2	4	2	2	3	1	0	3	2
	filipino	Filipino	3	4	0	3	0	1	4	1	1	0	2	3	0	2	2	4	4	0	4	1	4	4	1	4	3	4	2	3	3	4	4	3	1	0	1	0	4	3	2	3	4	0	3	3	4	4	4	4
	filipino	Filipino	1	1	1	0	0	1	0	2	1	2	2	4	1	0	0	0	0	2	2	4	4	4	4	4	2	3	4	4	4	4	4	2	2	0	1	1	1	1	0	0	1	1	1	1	1	4	0	1
	filipino	Filipino	1	0	2	0	0	1	0	1	2	1	2	1	2	1	1	0	4	1	4	4	4	4	4	4	2	1	4	1	4	4	4	4	2	2	1	1	0	2	1	0	1	1	0	1	0	4	0	1
	filipino	filipino	2	1	0	3	0	1	1	1	4	3	1	1	2	1	2	0	4	4	4	4	2	4	4	4	3	3	3	4	4	3	3	3	2	4	2	4	3	4	2	2	2	3	2	3	2	1	4	1
	filipino	Filipino	4	2	1	1	1	1	1	1	2	2	1	1	2	1	2	1	3	4	2	3	3	3	4	2	2	4	2	4	3	3	4	2	0	3	2	2	2	1	1	1	3	2	2	2	2	2	2	2
	filipino	Filipino	1	4	0	0	0	0	0	0	3	1	0	0	0	0	0	0	0	4	4	2	4	3	4	4	0	4	3	1	2	2	4	2	3	0	1	4	0	1	0	0	4	0	0	1	0	0	0	0
	filipino	Filipino	1	1	1	2	1	1	2	1	2	2	1	2	1	2	1	1	3	3	2	3	3	3	2	4	2	4	4	4	3	4	4	3	2	2	3	2	3	3	1	2	1	2	3	2	1	2	1	1
	filipino	filipino	4	2	3	0	1	4	3	1	3	3	4	3	3	3	4	1	2	3	3	3	3	3	3	3	3	4	3	3	4	3	4	4	1	1	3	1	2	3	0	1	1	3	1	1	0	1	0	3
	filipino	Filipino	4	3	0	0	0	0	0	0	2	0	0	0	0	0	0	0	0	3	4	0	4	0	0	4	0	3	4	1	4	3	4	3	0	0	3	3	0	0	0	0	0	0	0	3	0	0	0	0
	filipino	Filipino	4	2	2	0	2	0	3	2	3	3	3	1	1	0	2	0	1	3	4	2	3	2	2	4	4	2	4	4	4	4	4	4	3	4	4	2	2	4	2	3	3	3	3	3	1	4	3	1
	filipino	Filipino 	1	1	0	2	0	3	1	1	4	2	3	4	3	2	2	3	4	4	3	4	4	4	2	4	2	4	3	2	4	3	4	4	1	2	3	1	3	2	2	2	0	0	0	0	3	1	1	1
	filipino	Filipino	3	1	1	1	1	0	3	0	3	3	3	1	1	3	1	0	4	3	1	4	4	4	3	0	4	4	4	3	4	4	4	4	1	1	3	3	3	3	0	3	3	1	3	3	1	1	3	3
	filipino	Filipino Major	2	2	2	0	2	2	2	0	2	3	3	2	2	0	1	0	2	3	4	2	3	2	3	3	3	2	3	4	3	3	4	3	2	2	3	3	1	2	2	2	2	3	3	3	3	4	2	2
	filipino	Filipino	1	1	1	2	2	1	2	3	0	4	4	0	2	4	2	4	4	3	4	4	4	4	4	4	3	4	3	4	3	4	4	4	2	2	3	3	3	4	2	4	2	1	2	2	2	2	2	2
	filipino	Filipino	1	3	0	0	0	0	3	1	0	1	0	1	0	0	0	0	1	1	4	3	4	3	1	3	4	3	4	0	4	4	4	1	4	3	1	0	1	3	3	4	3	0	4	3	3	3	3	3
	filipino	Filipino	0	0	0	0	0	0	0	0	1	1	1	1	2	2	1	1	3	4	1	4	4	3	4	3	3	3	3	4	3	3	3	3	1	1	2	1	1	1	0	1	2	1	2	1	1	1	1	2
	filipino	Filipino	3	2	3	3	4	2	3	2	4	4	4	4	4	4	4	4	0	4	4	4	4	4	4	4	4	4	4	4	4	4	4	4	3	3	3	4	4	4	2	4	3	3	3	3	4	4	3	2
	filipino	FILIPINO	2	1	1	1	1	1	1	0	3	2	2	2	2	2	1	2	2	2	3	3	4	3	2	1	4	3	3	2	4	2	3	2	3	2	2	3	2	2	2	3	2	2	1	2	1	1	1	2
	filipino	Filipino	2	2	4	3	4	4	3	4	2	2	2	3	2	3	2	3	1	0	3	0	0	1	0	1	2	1	1	0	1	1	1	2	3	2	2	2	2	3	4	4	1	3	2	2	2	2	3	4
	filipino	Filipino	4	2	2	1	1	2	1	1	4	4	3	2	2	4	3	0	2	4	4	4	3	4	3	4	2	3	3	3	4	4	4	4	0	1	3	1	1	3	2	2	2	3	2	2	1	2	1	1
	filipino	Filipino 	1	0	0	0	0	1	0	0	2	1	1	0	1	1	2	0	2	4	3	4	3	4	2	4	4	3	2	3	4	4	3	3	0	1	1	0	0	2	1	1	1	1	1	0	0	0	0	0
	filipino	FILIPINO	2	2	2	2	2	1	2	1	3	3	3	3	3	3	3	3	2	2	3	3	4	3	2	3	3	3	4	2	3	4	4	3	2	2	2	0	2	2	2	2	2	2	2	2	2	1	2	1
	filipino	Filipino	2	0	0	1	0	0	3	0	1	1	3	4	0	2	2	0	0	0	0	3	3	3	0	0	3	0	3	4	3	2	3	3	4	4	4	2	3	2	4	2	0	2	1	2	0	3	2	1
	filolog	filology	2	1	1	2	1	1	1	1	1	3	3	3	3	3	3	4	3	3	3	3	4	3	1	4	3	4	1	2	4	3	3	3	1	0	3	1	2	1	2	3	0	1	1	2	3	1	2	2
	filolog	Filology	2	2	1	2	1	3	1	3	4	4	4	3	3	4	3	3	3	3	3	4	4	4	3	3	1	2	2	3	2	3	4	2	0	0	2	3	1	3	0	4	0	1	1	1	1	3	0	4
	filosophi	Filosophy	3	2	1	1	2	2	2	2	2	4	4	2	3	4	3	4	1	3	3	3	3	3	3	2	1	4	3	3	1	3	3	4	2	2	2	2	3	2	2	4	1	1	1	2	2	2	2	2
	finacn	Finacne	0	0	0	0	0	0	0	0	0	0	0	0	0	2	0	1	2	3	0	0	2	3	0	0	4	4	0	0	1	1	3	1	0	1	2	0	2	1	2	0	3	2	3	2	3	3	3	0
	fine machineri	Fine machinery	3	1	3	4	3	4	0	2	2	2	2	2	2	2	3	3	2	3	1	2	4	3	4	3	4	3	2	1	3	2	3	2	0	1	3	0	2	2	0	2	2	2	2	2	2	2	2	3
	fine rt itt	Fine rt  nd ITT	3	2	1	3	1	2	3	1	2	2	1	1	1	2	1	2	2	2	4	2	4	3	1	4	2	2	2	3	2	3	3	2	1	2	1	1	2	2	1	3	1	3	4	2	3	3	2	3
	finnish	Finnish	1	0	0	0	0	0	0	0	0	0	0	1	0	0	0	0	1	1	3	3	4	4	1	1	3	3	3	2	3	1	2	1	2	0	3	3	4	3	1	2	0	0	0	0	0	1	0	0
	finnish	Finnish	2	3	2	1	1	2	3	3	3	2	2	1	1	3	1	3	0	3	3	3	4	3	4	3	2	2	3	4	3	3	4	3	0	1	3	1	2	3	3	1	2	2	3	2	2	2	3	2
	fire	fire science	0	2	0	0	0	2	0	2	3	0	0	0	0	0	0	0	0	0	0	0	0	0	3	0	1	2	2	2	2	3	2	2	0	2	1	0	2	0	0	0	0	0	0	0	0	0	0	0
	fire	Fire Science 	2	2	2	2	2	2	2	2	3	3	2	3	2	2	2	2	2	3	3	2	3	3	2	2	3	3	3	1	3	2	2	3	2	2	2	2	2	0	2	2	2	2	2	2	2	2	2	2
	fire	fire science	3	0	0	0	0	3	0	3	0	3	3	0	0	2	0	0	0	0	0	0	0	0	0	0	0	0	4	0	1	0	0	0	0	0	0	0	0	0	0	0	0	0	0	0	0	0	0	0
	fire	Fire Science	4	3	4	1	2	3	2	3	2	2	2	1	2	3	1	3	1	0	1	2	2	3	3	3	3	3	3	1	2	1	1	1	0	0	2	1	3	1	0	1	0	1	1	2	1	1	1	1
	fire	Fire Science	2	3	3	2	2	2	2	3	1	1	1	0	0	1	0	1	0	0	0	2	0	0	2	0	1	2	2	2	0	0	0	0	1	1	1	1	2	0	2	1	0	2	1	1	1	2	0	2
	fire	Fire science 	1	0	1	1	0	0	0	0	3	1	1	1	2	2	2	1	1	1	2	1	3	2	2	1	3	3	2	3	3	2	2	1	2	1	2	1	3	2	3	2	2	0	1	1	1	1	2	1
	fire	fire science	2	3	3	2	1	2	2	3	2	2	1	2	2	1	1	2	1	2	1	2	1	2	2	1	2	3	3	3	2	1	2	2	2	2	1	2	2	1	1	1	2	1	1	1	2	1	2	1
	fire	fire	2	2	0	0	1	0	0	0	4	0	0	4	0	0	0	0	0	0	4	0	0	2	4	0	2	0	0	2	0	3	1	0	2	0	0	0	0	0	0	4	1	4	0	0	0	0	0	0
	fire	Fire Science	2	3	3	3	2	4	1	3	4	4	4	4	3	4	3	4	0	2	0	3	1	3	4	3	4	4	2	4	3	4	4	2	2	0	2	3	2	1	3	1	0	1	0	0	0	1	0	0
	fire	Fire Science	3	3	3	0	3	2	2	3	3	0	0	2	0	0	0	0	0	0	0	0	0	0	4	0	2	3	3	3	2	0	2	2	0	0	0	0	0	0	0	0	0	0	0	0	0	0	0	0
	fire	Fire Science	3	2	3	0	4	3	2	2	3	1	0	1	0	0	0	0	2	1	0	0	0	2	4	0	3	1	1	3	1	3	1	1	2	2	2	1	3	1	1	3	0	2	0	2	1	2	0	2
	fire	Fire Science	2	2	0	3	3	3	3	3	4	1	0	3	0	0	0	3	1	2	2	3	3	3	3	3	3	3	2	3	0	3	4	3	0	0	0	0	3	0	0	1	0	0	0	0	0	1	0	0
	fire fight	Fire Fighting 	3	2	3	3	3	3	3	3	2	3	3	2	3	4	3	1	0	0	1	0	0	0	4	0	4	4	3	2	3	4	1	4	2	3	2	0	2	2	2	3	3	3	3	2	2	3	2	2
	fire technoligi	AS Fire Technoligy	4	3	4	4	4	4	3	3	3	4	4	3	2	3	0	4	0	0	1	3	0	0	4	3	2	4	2	4	2	4	2	1	2	2	1	0	2	1	1	3	1	1	0	0	0	0	0	1
	fire technolog	Fire Technology 	2	2	1	2	2	2	1	1	2	2	2	2	2	2	2	2	1	1	1	1	1	1	3	1	2	2	2	2	2	2	2	2	2	1	2	2	3	1	3	2	2	2	2	2	3	3	3	2
	fire technolog	fire tech	2	2	2	3	3	4	3	3	3	2	2	3	2	2	2	0	2	2	2	1	1	3	3	1	3	4	4	4	4	3	4	4	1	2	2	2	2	2	2	2	2	2	2	2	2	3	1	2
	fire technolog	fire tech	1	1	1	1	1	1	1	1	2	2	1	1	2	2	2	2	2	2	2	3	2	2	2	1	3	3	3	2	3	3	2	2	1	1	1	3	1	2	2	2	1	1	1	2	1	2	1	1
	fire technolog	Fire science technology	2	2	2	3	0	3	1	0	3	4	2	2	1	3	1	1	0	1	1	1	2	3	4	2	3	4	1	3	2	1	3	2	0	2	2	1	3	1	1	2	1	0	2	1	0	2	2	1
	fire technolog	Fire Technology	3	0	0	1	3	0	1	0	2	0	0	1	0	0	0	0	1	0	2	2	0	0	0	0	2	0	2	1	2	0	0	0	1	3	0	0	0	2	0	0	1	0	2	0	0	0	0	0
	fire technolog	fire technology 	4	2	0	1	2	2	2	2	2	0	0	2	0	0	0	0	0	0	0	1	0	0	3	0	4	4	3	3	4	3	2	4	0	0	0	2	3	0	0	2	0	0	0	0	0	0	0	0
	fire technolog	Fire technology 	2	4	0	2	2	3	3	2	3	2	1	3	1	1	0	3	1	3	2	4	0	4	4	1	3	3	3	4	3	1	3	1	2	2	3	0	3	2	3	2	3	3	3	3	0	4	3	3
	fire technolog	Fire science technology 	3	1	2	4	0	2	3	2	3	1	1	3	3	3	3	3	2	1	2	2	2	4	3	2	3	1	3	3	3	2	2	2	3	0	3	2	4	3	3	0	2	0	3	2	3	3	4	1
	fire technolog	Fire Technology	4	3	3	0	3	3	0	2	2	0	0	3	0	0	0	0	0	0	0	0	0	0	4	0	4	3	3	3	3	0	2	2	0	0	0	0	0	0	0	0	0	0	0	0	0	0	0	1
	firefight	firefighter 	3	1	2	4	2	2	3	2	3	2	2	3	2	2	3	1	1	1	1	2	1	4	4	0	2	2	3	1	3	3	2	3	1	3	3	1	2	2	1	3	0	3	2	2	3	2	1	2
	firefight	firefighting	4	3	0	2	2	0	0	3	2	4	4	1	3	4	4	0	0	2	0	0	0	0	4	4	2	3	3	2	3	2	4	4	2	3	4	0	2	3	2	2	1	4	0	3	1	0	0	0
	firefight	firefighting	0	0	0	2	2	0	0	0	1	0	0	0	0	0	2	0	0	0	0	0	0	0	0	0	1	1	1	3	0	2	3	3	0	0	0	0	0	0	0	0	0	0	0	0	0	0	0	0
	fireman	fireman	0	0	0	0	0	0	0	0	0	0	0	0	0	0	0	0	0	0	0	0	0	0	0	0	0	0	0	0	0	0	0	0	0	0	0	0	0	0	0	0	0	0	0	0	0	4	0	0
	first peopl	First Peoples Studies	2	0	1	1	1	1	1	0	0	3	2	2	1	1	0	0	0	1	2	1	3	1	1	1	2	3	2	3	2	3	3	2	0	2	3	2	2	2	2	2	2	1	3	2	1	2	1	1
	fish wildlif	Fish and Wildlife	2	0	0	1	0	0	0	0	1	4	3	0	3	4	0	3	1	3	3	3	3	3	0	2	2	2	2	2	2	1	2	2	0	0	1	2	1	0	0	0	0	0	1	0	0	0	0	0
	fisheri	Fisheries 	2	4	3	3	4	3	3	3	1	3	2	1	2	4	3	3	1	2	1	2	1	2	2	2	3	2	2	3	1	2	2	2	2	2	0	2	2	2	1	1	2	1	0	2	0	1	2	1
	fisheri	Fisheries	2	0	3	1	0	0	0	0	4	3	4	3	4	4	4	4	4	4	2	3	4	3	3	3	4	3	2	3	3	3	3	3	3	2	1	2	3	2	2	2	2	3	2	3	3	3	2	2
	fisheri wildlif	Fisheries and Wildlife	2	3	1	3	2	3	2	2	4	4	4	3	3	4	4	3	0	0	2	0	0	0	0	3	2	4	0	2	0	2	0	0	0	2	1	1	1	1	0	1	0	2	2	2	3	3	1	2
	fisheri wildlif	fisheries and wildlife	4	0	0	1	0	1	2	0	3	4	4	1	4	4	4	4	0	0	0	0	0	0	1	0	0	4	1	2	1	4	4	4	0	1	1	0	3	0	1	1	2	3	2	2	3	3	2	2
	fisica	fisica	3	0	1	3	1	2	2	1	2	1	1	2	3	2	2	2	2	1	0	2	0	1	1	0	0	3	2	2	2	2	2	2	1	2	1	0	2	0	2	1	0	3	3	1	3	4	2	2
	fisioteraphi	Fisioteraphy	0	0	0	0	1	1	0	0	3	4	4	3	3	3	3	3	4	2	3	4	4	4	3	3	4	0	1	3	2	4	4	4	4	2	2	4	1	2	0	4	0	2	3	0	1	0	2	2
	fisioterapi	Fisioterapy	3	0	2	2	0	0	2	0	4	3	3	3	4	4	3	0	2	2	3	3	2	4	2	3	3	4	3	4	4	4	4	2	3	3	4	4	4	3	2	4	2	2	4	4	3	3	2	4
	fit	fitness	2	2	1	2	2	1	2	1	3	2	2	2	1	2	2	2	2	2	2	1	2	2	2	2	3	3	2	4	2	2	3	3	2	2	2	2	2	2	2	2	1	2	2	2	1	2	2	2
	fit	fitness	0	0	0	2	0	1	0	0	1	2	0	1	0	0	0	1	3	2	2	4	2	4	2	1	3	0	3	3	4	0	1	3	0	0	1	2	0	0	0	0	1	1	0	1	0	3	0	0
	fit	Fitness	2	2	3	1	1	2	1	1	4	1	1	3	2	0	1	1	4	3	4	4	4	4	4	4	2	2	0	3	0	0	0	0	1	3	1	1	2	3	3	4	3	3	3	2	3	2	3	2
	fit	Fitness 	2	1	0	2	2	2	2	2	0	4	2	0	0	2	0	0	1	0	0	4	0	0	4	0	0	0	2	3	3	4	0	2	0	0	0	2	1	0	0	2	0	2	1	2	0	0	0	0
	fit person train busi fina	Fitness and personal training & business fina	1	2	1	2	1	1	1	3	4	3	2	2	1	3	2	3	3	4	4	3	3	3	4	4	4	3	4	4	4	1	3	3	1	2	3	2	3	3	3	4	0	1	0	2	1	0	3	1
	fit train	Fitness training	3	3	3	2	3	3	3	3	3	2	3	2	2	3	2	2	1	3	2	2	2	2	3	2	4	1	3	3	4	4	4	2	3	0	3	3	3	4	3	4	3	2	3	3	2	2	3	3
	fit train	Fitness Training	4	4	4	4	4	3	3	2	4	4	4	4	4	3	3	2	4	4	4	4	4	2	4	3	4	4	4	4	4	3	4	3	4	4	4	4	3	2	3	4	4	4	4	4	4	2	3	4
	flight	Flight	3	2	1	3	2	2	2	1	2	2	1	1	1	1	0	0	1	1	2	1	2	0	0	0	1	2	1	2	1	0	0	0	0	0	1	1	0	0	0	0	0	2	1	1	2	2	0	0
	flight attad	flight attadant 	4	0	1	0	1	1	2	0	3	1	0	1	2	3	0	0	1	1	0	3	0	1	1	0	4	3	4	2	3	3	3	3	3	2	0	3	2	3	0	0	3	2	3	2	1	0	2	1
	flight attend	Flight attendant	2	1	0	1	0	0	1	0	2	1	1	1	0	2	0	0	1	4	3	4	2	4	3	3	3	2	2	4	1	4	3	3	2	1	1	3	2	3	0	3	1	0	3	2	1	1	0	2
	flight attend	flight attendant	2	2	0	4	2	2	2	3	2	2	1	4	2	2	2	1	2	4	4	4	4	4	2	3	4	1	3	4	4	4	3	4	2	0	4	3	4	2	2	3	3	2	4	4	4	4	4	3
	flight attend	Flight Attendant	3	1	0	0	0	0	2	0	1	0	1	3	1	0	0	0	0	4	3	4	3	3	1	3	4	3	4	1	4	3	3	3	1	2	3	2	2	4	1	4	2	1	1	2	1	2	0	2
	flight attend	flight attendant	1	1	1	1	0	1	0	1	3	2	1	0	1	1	0	0	2	2	1	2	0	3	3	2	0	1	4	2	4	1	3	1	1	1	2	0	1	1	2	2	1	1	1	2	1	0	1	1
	flight attend	Flight attendant	2	1	0	0	1	1	1	1	1	1	1	0	0	2	1	1	1	1	2	4	0	1	4	1	2	2	2	4	3	2	2	1	1	2	2	3	1	2	1	1	1	1	0	1	1	1	1	1
	flight attent	Flight attented 	1	1	0	1	0	1	0	1	1	1	1	2	0	0	0	0	3	3	1	3	0	4	2	1	2	3	4	2	4	2	2	3	1	0	1	0	0	3	3	1	1	0	1	1	0	0	1	1
	flim	FLIM	0	0	1	1	0	0	1	0	2	0	0	1	0	0	0	0	4	4	4	4	4	4	4	4	3	2	0	1	1	4	4	1	3	3	0	3	3	4	0	0	1	2	0	1	0	0	0	0
	flim	Flim	1	0	0	1	1	0	0	1	1	2	2	1	0	1	0	0	3	3	4	4	3	3	4	4	4	3	4	4	4	2	2	3	4	3	4	4	3	3	3	4	3	1	1	3	1	1	2	2
	flim	flim	0	1	1	2	0	0	0	0	3	2	0	1	2	2	2	2	1	4	3	3	4	4	4	2	1	3	1	1	2	0	2	0	1	0	1	1	1	0	2	1	0	1	1	1	0	0	0	0
	flimmak	Flimmaking	0	2	0	2	0	2	2	0	1	1	2	2	2	0	2	0	0	4	1	3	4	4	4	4	1	1	1	2	0	0	3	2	2	4	1	0	2	0	1	4	0	1	2	0	1	2	0	1
	florida institut technolog	Florida Institute of Technology	0	0	0	0	0	0	0	0	4	0	0	2	0	2	0	2	3	0	0	1	0	0	0	0	2	3	2	4	2	0	0	0	0	0	4	0	4	4	4	0	0	0	0	0	0	0	3	3
	florist	floristic	2	2	3	3	0	3	2	4	4	4	4	4	4	4	4	1	3	2	4	3	4	4	2	0	3	3	4	4	4	4	4	4	3	1	4	2	4	4	1	2	3	1	3	4	2	1	2	3
	fluid dynam	fluid dynamics	1	0	0	3	1	0	1	0	3	2	3	4	4	3	3	1	0	0	0	0	0	0	0	0	0	0	0	0	0	0	0	0	2	0	1	0	2	0	2	0	2	1	1	0	2	0	1	0
	folklor	Folklore	2	0	0	4	3	4	3	1	2	3	3	2	2	4	3	3	0	0	4	4	4	4	1	3	0	3	3	2	3	2	2	2	0	3	2	2	2	2	2	4	0	4	2	2	3	2	2	2
	folklor	folklore	4	3	2	1	3	2	1	0	4	3	3	1	2	4	1	0	4	1	3	3	4	4	1	4	2	4	0	3	3	3	4	0	0	3	2	3	1	3	0	4	1	3	1	2	0	4	0	2
	folklor	folklore	1	0	0	0	0	0	0	0	1	3	1	0	0	2	0	2	3	4	3	3	4	1	0	3	4	0	2	2	2	1	2	1	0	1	3	3	3	2	0	2	1	1	0	2	0	1	0	0
	folklor	Folklore 	2	3	2	3	2	3	3	3	3	4	3	3	2	3	3	2	2	3	3	3	3	3	4	3	4	3	1	2	3	0	0	1	2	0	3	1	3	1	0	1	0	2	1	1	0	0	0	1
	folklor	Folklore	0	1	0	0	0	1	0	0	2	1	0	1	0	1	0	0	3	3	0	3	2	4	0	2	4	4	2	3	4	3	3	3	0	0	2	0	2	1	1	1	2	0	0	0	1	2	1	1
	folkor	Folkore	0	2	0	0	0	0	0	0	2	0	0	2	0	0	0	1	3	2	0	3	3	4	0	1	4	4	2	3	3	3	3	3	0	2	2	0	2	0	1	2	2	0	2	2	2	2	1	1
	footbal	Football	0	0	0	0	0	0	0	0	0	0	0	0	0	0	0	0	0	0	0	0	0	0	4	0	0	0	0	0	0	0	0	0	0	0	0	0	0	0	0	4	0	0	0	0	0	0	0	0
	footbal busi	Football studies and Business	3	2	0	3	3	2	2	2	1	0	0	1	0	0	0	0	0	0	2	2	0	0	3	0	3	2	2	3	3	2	3	2	3	3	3	3	4	3	3	2	3	3	4	3	2	2	4	2
	foreins	Foreinsic science	2	1	0	2	1	0	1	2	1	1	0	2	1	1	1	2	2	1	4	1	1	3	3	2	3	2	2	2	2	2	2	2	2	2	3	2	2	4	3	2	2	3	3	3	2	2	3	2
	forenisc investig	Forenisc investigation 	0	0	0	0	0	0	0	0	0	0	0	0	0	0	0	0	0	0	0	0	0	0	0	0	0	0	0	0	0	0	0	0	0	0	0	0	0	0	0	0	0	0	0	0	0	0	0	0
	forens	Forensic Science	2	1	2	3	1	0	1	0	4	3	3	0	4	1	1	3	0	0	0	0	1	1	1	0	0	2	4	2	3	1	2	2	0	1	1	0	3	1	0	0	1	1	1	2	3	3	0	1
	forens	Forensics	0	0	0	0	0	0	0	0	4	4	3	1	3	4	4	0	1	1	3	1	1	2	1	0	3	2	4	4	4	1	2	2	0	0	0	0	0	1	3	0	0	0	0	0	0	2	0	0
	forens	forensics	1	1	0	1	4	0	1	1	3	2	2	3	0	3	4	3	0	0	3	0	2	0	3	1	0	3	2	3	1	2	0	1	0	2	1	3	0	3	3	1	0	1	1	1	0	1	0	1
	forens	forensic 	0	0	0	0	3	2	3	1	2	1	3	1	4	2	3	0	4	0	2	3	0	1	4	2	4	4	4	4	4	4	4	4	3	4	3	4	3	4	3	4	3	3	2	2	3	4	1	3
	forens	forensic science 	1	0	0	0	0	0	0	0	1	2	2	3	3	3	3	1	0	1	4	2	2	4	0	4	1	4	2	1	2	2	2	1	0	1	0	0	0	0	1	1	0	0	0	0	0	1	0	0
	forens	forensics	2	0	0	2	0	0	0	0	4	3	3	3	4	3	4	0	0	0	0	0	0	0	1	0	0	3	0	0	0	0	0	0	0	0	0	0	0	0	0	0	0	0	0	0	3	0	0	0
	forens	Forensics	0	0	0	0	0	0	0	0	4	2	2	3	3	2	4	0	3	0	2	2	4	0	1	0	3	4	4	3	4	3	3	2	1	1	2	0	3	0	0	0	2	0	1	1	1	2	0	0
	forens	forensic science	3	0	0	0	0	1	0	3	4	4	4	4	3	4	4	1	3	4	2	3	1	4	0	2	4	3	4	4	4	4	4	2	1	1	0	4	3	1	4	0	3	2	3	2	0	3	3	4
	forens	Forensic	3	1	1	2	1	2	1	1	3	3	3	2	3	3	3	2	2	1	3	2	3	3	1	3	3	3	3	2	3	3	3	3	2	2	2	2	1	3	1	3	2	2	2	1	2	1	2	2
	forens	forensic science	1	0	1	1	1	1	1	1	1	0	1	3	1	1	3	1	3	1	3	4	3	4	3	3	4	1	3	1	3	1	1	1	1	1	3	3	4	3	1	3	3	1	3	3	4	3	3	3
	forens	forensics	1	1	0	1	0	3	1	1	4	4	2	4	4	4	4	4	0	4	2	2	3	3	1	3	4	4	4	4	4	3	3	2	0	0	2	0	4	0	1	1	3	1	3	3	4	2	2	3
	forens	Forensic Science	2	1	1	1	1	0	1	0	3	3	3	4	3	3	3	2	2	2	2	2	2	2	1	1	3	4	3	2	3	2	3	2	2	2	1	1	2	2	2	1	2	1	1	2	2	2	1	1
	forens	forensic science	3	3	1	2	3	3	3	3	2	4	4	1	2	4	3	3	1	1	1	2	2	0	4	2	3	2	3	4	2	2	1	3	0	2	2	2	1	1	2	3	2	3	1	2	2	2	0	2
	forens	Forensics 	3	0	0	1	0	1	0	1	4	3	3	3	3	3	4	3	1	1	2	1	1	2	1	3	2	3	0	4	0	1	2	2	2	3	3	1	3	3	3	1	3	2	3	3	4	3	4	2
	forens	Forensic Science	0	0	0	0	0	0	0	0	0	0	0	1	0	0	0	0	0	0	0	0	0	0	0	0	4	1	4	0	4	2	1	4	0	0	0	4	4	0	0	0	2	2	2	2	0	2	0	2
	forens	forensic science 	0	0	0	0	0	0	0	0	4	2	2	1	4	0	4	0	0	0	0	0	0	0	0	0	1	1	1	0	2	0	3	2	0	0	0	0	0	0	0	0	0	0	0	0	0	2	0	0
	forens	Forensic Science	0	1	0	1	1	2	0	1	4	3	3	4	3	1	3	0	0	1	1	0	1	0	3	0	2	3	2	4	1	1	1	1	1	2	2	1	3	1	1	0	1	2	1	2	1	3	1	1
	forens	Forensic Science	4	1	0	0	0	2	0	1	4	4	4	1	3	4	4	0	3	2	4	3	2	4	1	1	2	4	4	0	4	0	3	3	0	2	0	2	0	1	1	0	0	0	0	2	2	3	0	0
	forens	Forensic science 	3	2	2	3	2	2	1	2	4	3	3	3	4	4	3	2	4	3	4	3	3	4	3	4	1	3	2	3	2	3	3	2	1	2	2	3	3	3	1	3	2	2	2	3	2	2	2	2
	forens	forensic science	0	0	0	1	0	0	0	0	2	0	3	3	4	3	4	3	0	0	2	1	0	2	2	2	0	2	0	0	0	0	0	0	1	2	0	2	0	2	2	0	1	1	1	1	3	2	2	0
	forens	forensic science	2	0	0	1	0	1	0	0	4	2	2	2	4	2	4	2	0	0	0	0	0	0	0	0	3	3	3	2	3	2	3	3	0	1	2	0	4	1	2	1	3	1	1	3	3	3	2	2
	forens	Pre-Forensic Science	2	1	0	2	0	1	2	2	3	3	3	3	4	3	4	3	2	2	3	1	1	4	0	3	2	4	1	1	1	3	3	3	3	3	2	1	2	3	2	2	2	4	2	2	3	3	2	3
	forens	Forensics 	0	0	0	0	0	0	0	0	3	0	1	3	3	1	2	0	1	2	0	0	2	2	3	2	1	2	2	1	2	3	2	2	0	0	2	2	2	2	0	0	2	0	0	1	0	1	2	0
	forens	forensic	0	0	0	0	0	0	0	0	3	0	0	0	3	1	4	0	0	0	4	3	0	0	0	3	1	3	0	1	4	0	1	1	0	0	0	4	0	0	0	0	0	0	0	0	0	0	0	0
	forens	forensic science	2	2	3	1	0	3	1	3	3	0	0	3	3	2	3	3	2	3	4	0	4	4	4	4	2	4	2	1	3	2	3	2	1	0	1	2	2	2	2	4	0	0	0	0	0	1	0	0
	forens	Forensics	1	0	0	2	1	2	0	0	3	3	3	3	3	3	3	1	0	0	3	1	1	0	1	1	1	1	1	1	0	0	0	0	1	2	2	3	0	3	1	3	2	3	2	3	3	2	1	3
	forens	forensic	2	2	2	2	1	2	0	2	4	3	4	3	4	4	3	2	3	3	3	2	4	4	3	2	4	3	1	3	3	4	4	4	0	0	1	3	0	1	0	3	2	1	2	2	4	3	2	2
	forens	Forensic 	3	3	1	1	1	3	1	3	4	3	3	3	1	3	3	3	0	1	3	4	4	4	4	3	3	3	4	4	3	3	1	3	1	1	3	3	3	1	1	3	3	2	3	1	3	1	1	3
	forens	Forensic Science	2	1	0	2	2	2	2	4	4	2	3	4	3	3	4	3	4	3	4	3	4	4	4	4	2	2	4	3	4	3	4	2	3	3	4	2	3	4	3	4	2	2	3	2	2	3	2	2
	forens	science forensic	4	1	0	0	0	3	2	0	4	2	3	3	3	4	3	0	1	2	0	0	0	0	0	0	3	4	0	0	1	4	1	1	0	0	0	0	0	0	1	0	0	4	3	0	2	0	0	0
	forens	forensic science	2	3	0	3	0	3	1	3	4	4	4	3	4	4	4	4	3	3	3	3	3	4	4	2	0	3	0	4	0	2	3	1	2	0	4	2	0	0	0	2	0	0	0	0	0	0	0	0
	forens	Forensic Science 	3	0	0	2	1	1	1	1	4	4	3	3	3	2	2	2	1	2	2	3	2	2	1	1	3	4	3	3	2	2	1	2	2	3	1	1	2	2	1	2	4	3	3	3	3	3	2	3
	forens	forensic science	0	0	0	0	0	0	0	0	2	0	0	4	4	0	4	0	0	0	0	0	0	0	0	0	2	2	4	0	2	2	2	4	0	0	0	0	0	0	0	0	2	0	0	2	2	0	0	0
	forens	forensic science	1	2	0	1	2	4	3	2	4	3	3	4	3	4	3	4	0	1	3	0	4	0	2	2	2	3	2	3	4	0	1	2	1	1	2	1	4	0	1	3	1	1	1	2	3	2	1	1
	forens	forensic 	2	2	1	4	4	4	0	4	4	1	1	4	4	4	4	0	3	3	1	3	3	4	0	0	3	3	1	0	2	2	0	2	1	2	3	0	4	2	0	0	2	2	2	1	4	1	0	0
	forens	SCIENCE IN FORENSIC	3	0	2	2	0	0	0	0	4	4	4	4	3	4	4	1	2	3	3	2	2	3	2	2	3	2	3	3	3	4	4	3	1	2	3	2	3	2	1	2	3	3	3	3	3	1	2	2
	forens	Forensics	3	1	0	4	1	1	1	1	2	1	3	3	3	3	2	3	0	0	4	0	0	0	2	1	1	2	1	1	1	2	2	1	0	3	2	0	2	1	1	3	2	4	3	2	3	1	1	2
	forens	Forensic Science	2	2	2	3	0	3	2	3	4	4	4	4	4	4	4	4	4	2	3	2	4	4	2	4	3	1	2	0	4	1	1	2	0	0	0	0	0	0	2	3	1	3	0	3	3	2	0	3
	forens	forensic	2	0	1	4	0	1	0	0	1	4	4	1	1	0	1	0	0	4	0	0	2	0	0	0	2	1	1	0	1	0	0	0	3	0	1	0	0	0	1	1	1	1	1	0	1	2	0	0
	forens	Forensics	3	3	2	2	2	3	2	1	2	4	3	2	1	3	3	3	2	3	3	3	4	3	3	2	3	2	1	2	3	1	1	1	2	1	1	2	2	1	1	2	2	2	2	2	2	3	1	2
	forens	forensic	3	1	2	2	2	2	2	1	4	4	3	1	4	4	4	1	1	3	1	4	1	3	1	1	1	2	3	2	3	4	3	3	2	2	1	2	1	3	1	3	1	1	2	3	3	3	2	3
	forens	Forensics	2	3	4	3	2	2	2	2	3	4	4	3	3	3	2	3	4	2	3	4	4	4	4	3	3	3	1	4	1	2	1	0	3	2	1	1	2	2	1	2	1	3	2	1	2	2	2	2
	forens	Forensic science	3	0	0	0	0	0	2	0	3	2	2	1	2	3	3	0	0	0	2	0	0	1	4	0	2	4	3	4	4	4	4	4	1	4	2	4	4	4	3	4	0	4	0	3	2	0	3	3
	forens	Forensics	4	0	0	3	0	3	1	0	4	3	3	3	3	3	3	2	2	3	4	4	3	3	1	4	2	4	3	1	4	0	3	1	0	0	0	0	0	0	0	1	0	0	0	0	2	3	0	0
	forens	Forensic science	1	0	0	3	4	0	4	0	4	3	4	4	4	2	4	0	2	0	0	4	4	2	0	0	3	4	4	0	4	0	2	2	0	0	0	0	4	0	2	0	0	0	0	0	4	4	0	0
	forens	forensic	3	2	1	0	3	2	3	1	4	4	3	3	3	3	4	0	1	2	0	0	2	1	1	0	3	4	4	3	3	3	4	4	1	1	2	3	2	3	0	1	2	1	1	3	4	4	3	2
	forens	Forensics	3	4	1	3	1	4	1	4	3	3	3	3	3	4	3	3	3	3	4	3	4	4	3	4	1	4	3	3	3	3	4	3	0	0	1	3	1	1	1	1	3	1	1	1	1	3	1	1
	forens	forensic science	4	4	4	4	4	4	0	4	1	4	0	0	0	0	4	4	0	0	0	0	0	0	4	1	0	4	0	4	4	0	1	1	0	0	4	0	4	0	4	1	0	0	4	4	0	0	1	4
	forens	forensic science	2	1	0	2	0	1	1	0	3	3	3	3	2	2	2	2	1	3	0	1	0	1	1	0	2	3	1	1	1	2	0	1	3	1	0	0	1	1	1	0	2	1	1	1	1	1	1	0
	forens	Forensics	3	3	3	4	1	3	1	2	4	4	3	3	3	3	4	4	2	1	4	1	0	3	2	2	3	4	2	3	3	3	3	2	1	3	1	0	2	0	1	2	3	4	3	3	3	3	3	3
	forens	forensics	2	0	0	0	0	0	0	0	3	4	3	2	0	2	0	0	1	0	1	4	2	0	3	0	3	1	3	1	4	4	2	3	3	2	2	3	0	4	2	1	0	0	0	0	0	0	1	1
	forens	Forensics 	2	0	2	4	1	4	3	0	4	3	3	3	1	0	3	0	2	0	2	1	2	0	0	0	3	2	4	2	4	0	1	1	3	3	4	0	2	2	2	1	2	2	4	3	2	2	3	1
	forens	Forensics	1	0	0	3	0	2	0	2	4	0	2	3	4	3	4	4	0	0	1	0	0	2	3	0	0	3	2	2	1	2	3	2	0	2	1	2	1	2	1	1	2	2	2	2	1	3	2	2
	forens	forensics	2	2	0	2	2	0	1	1	3	2	1	1	2	0	1	0	0	0	0	0	0	0	2	0	1	0	2	0	0	0	0	0	0	0	0	0	0	0	0	0	0	3	1	0	0	0	1	1
	forens	Science Forensic	2	0	0	4	2	2	4	0	4	4	4	0	2	2	0	3	3	4	4	4	4	4	0	4	0	4	4	0	4	1	0	4	2	2	3	4	4	4	4	4	0	4	2	4	0	0	0	2
	forens	forensics	0	0	0	0	0	0	0	0	4	4	4	2	1	4	2	0	2	2	4	4	3	4	3	0	3	3	3	2	3	1	1	3	0	0	2	2	0	1	3	0	0	0	0	1	0	0	3	0
	forens	Forensic science	2	2	2	0	0	1	0	1	4	4	4	3	4	3	4	3	0	3	0	2	3	2	3	2	0	3	0	0	0	0	0	0	0	0	0	0	0	0	0	0	0	0	0	0	2	0	0	0
	forens	Forensic	1	0	2	2	0	2	2	1	3	4	4	4	4	4	4	4	3	4	3	3	3	4	1	4	3	3	2	2	3	4	3	2	2	0	1	0	2	2	1	3	2	2	3	1	2	4	2	2
	forens	forensic science	3	0	0	3	1	0	3	0	3	3	1	3	2	0	3	0	0	3	3	1	0	0	1	0	0	4	4	2	2	4	4	4	0	2	2	0	1	3	1	2	1	2	1	2	2	2	2	2
	forens	Forensics	1	0	0	1	0	0	1	0	3	3	4	1	4	3	4	2	1	2	2	2	2	3	3	3	2	4	1	0	1	3	2	1	1	2	0	0	0	3	0	1	0	1	0	1	0	1	0	0
	forens	Forensic Science	0	1	1	1	0	1	1	1	3	3	3	3	3	3	4	1	1	0	0	1	1	0	3	1	2	2	3	1	1	2	0	0	0	2	2	2	1	1	3	0	1	1	2	2	1	2	2	2
	forens	forensics	4	1	1	3	1	3	3	2	4	4	4	4	4	4	4	4	0	0	2	4	4	4	2	1	3	4	4	4	4	3	4	4	2	2	4	4	4	3	3	4	4	2	3	3	2	4	4	3
	forens	Forensic	3	1	0	3	0	3	3	2	3	2	0	2	3	2	2	1	0	4	4	3	4	4	4	4	2	4	2	4	3	1	4	4	2	3	2	2	3	2	4	3	3	3	3	2	3	3	2	3
	forens	Forensics	2	0	0	2	2	2	3	0	3	3	3	3	4	3	4	2	4	4	2	2	4	4	4	3	2	3	1	0	4	4	3	2	0	3	4	4	4	4	2	4	2	2	2	3	3	4	2	2
	forens	forensics	3	0	1	2	1	0	3	2	4	3	4	3	4	4	4	4	3	2	2	3	1	4	1	2	0	2	3	2	1	2	2	2	0	0	0	0	2	0	3	2	0	2	1	1	2	3	1	2
	forens	Forensic Science	1	0	0	0	0	0	0	0	4	3	3	4	4	2	4	0	3	2	2	2	3	3	1	2	1	3	1	1	2	1	1	1	1	2	1	1	1	2	1	0	0	1	0	0	3	2	0	0
	forens	Forensic Science	2	3	1	2	2	3	2	3	3	1	2	2	3	2	3	1	1	1	2	3	2	4	3	1	2	4	2	3	3	4	4	4	1	3	3	3	3	3	2	4	2	3	2	3	2	3	2	3
	forens	Forensic 	1	1	1	2	2	0	0	0	4	3	3	4	4	3	4	3	0	1	3	0	2	1	4	3	0	1	2	0	2	2	1	2	1	2	0	0	2	2	0	0	1	2	0	1	1	0	0	0
	forens	Forensic science 	1	0	0	0	0	1	2	0	2	2	2	2	1	2	1	1	0	0	3	0	1	1	3	1	0	2	1	1	0	0	2	0	0	0	0	0	0	0	0	0	0	0	0	0	0	0	0	0
	forens	Forensics	2	1	0	0	0	1	1	0	1	2	2	1	2	0	0	0	2	3	2	3	3	3	3	3	1	3	0	1	2	2	2	3	2	1	1	0	1	1	0	3	1	1	1	1	0	2	0	1
	forens	Forensics	0	0	0	4	0	0	0	0	4	4	4	4	4	4	4	4	2	2	4	4	4	3	4	4	0	0	0	4	0	0	0	0	0	0	0	4	0	0	0	0	0	3	0	0	4	4	0	0
	forens	Forensic Science	3	4	0	3	1	3	3	4	4	3	1	2	2	1	3	1	3	2	2	3	2	4	1	4	3	3	1	2	3	2	2	2	0	1	2	2	4	2	3	1	3	3	4	2	3	2	2	3
	forens	Forensics	0	3	0	1	0	3	1	3	3	1	1	1	0	1	3	1	0	0	3	1	3	3	3	3	3	3	2	3	3	3	3	3	0	0	1	1	0	1	1	3	0	0	1	1	0	1	0	1
	forens	Forensic Science	1	1	0	0	0	0	0	0	2	1	1	1	1	1	1	0	2	1	2	1	1	2	0	1	1	3	2	0	1	1	0	1	0	2	1	0	1	2	1	0	2	1	1	0	1	2	1	1
	forens	Forensics	3	0	0	3	0	2	0	0	4	2	2	3	3	2	2	2	0	1	4	1	1	3	2	4	0	0	0	2	0	0	0	0	2	0	0	0	0	0	1	0	0	1	1	1	1	3	2	0
	forens	forensic science	0	2	0	0	0	2	0	0	3	3	4	3	3	4	2	3	2	2	1	2	2	2	1	2	3	3	2	3	3	1	3	3	0	0	2	2	1	1	2	2	0	0	0	1	2	1	2	0
	forens	Forensic Science 	2	0	0	0	0	0	0	0	3	0	0	3	2	0	4	0	0	0	0	0	0	0	0	0	0	2	0	0	0	2	0	0	0	0	0	0	0	0	0	0	0	0	0	0	0	2	0	0
	forens	Forensics	0	0	0	0	0	1	0	0	4	4	4	0	4	4	4	4	4	4	4	4	4	4	4	4	2	4	2	0	2	0	4	3	0	2	3	0	2	0	1	4	0	2	0	0	1	0	0	1
	forens	forensics	0	0	1	3	0	0	0	0	4	3	2	3	2	4	3	2	1	3	3	3	4	4	3	3	2	4	3	3	3	3	1	3	2	2	1	3	4	3	0	3	3	3	2	3	3	2	1	1
	forens	forensics	1	2	0	0	0	0	0	0	3	2	2	2	2	2	4	0	0	0	2	0	0	0	0	0	0	4	2	0	1	0	0	0	0	0	0	0	0	0	0	0	0	0	0	0	3	2	0	0
	forens	Forensics	2	0	2	2	0	1	1	1	3	2	2	2	1	3	1	3	0	3	4	2	0	0	2	4	1	1	3	2	3	2	3	3	2	3	4	3	3	1	2	1	1	3	1	0	2	2	1	3
	forens	FORENSICS	4	0	0	0	0	0	0	0	4	4	4	4	4	3	4	1	4	0	3	4	0	4	2	4	2	4	0	2	0	0	0	2	0	0	0	0	0	2	0	0	0	0	0	0	0	0	0	0
	forens	forensic	4	4	1	4	4	4	4	4	4	4	4	4	4	4	4	2	2	2	2	3	3	4	4	4	4	4	4	4	4	4	4	4	1	4	2	3	3	3	1	3	1	4	2	3	3	4	2	4
	forens	forensic science	4	4	4	4	4	3	4	1	4	4	4	4	4	3	4	3	1	1	1	0	0	3	4	1	3	3	2	3	3	1	0	3	1	0	3	1	3	1	0	1	0	3	0	0	1	1	0	0
	forens autopsi	Forensic autopsy	0	0	0	0	0	0	0	0	2	2	0	2	0	2	0	0	0	0	0	0	0	0	0	0	0	0	2	0	0	0	0	0	0	2	0	2	0	2	0	0	0	0	0	0	0	0	0	0
	forens investig	Forensic Investigations	3	1	1	2	1	3	1	2	3	3	3	1	3	3	3	2	1	1	2	3	2	3	1	3	1	2	2	2	2	2	1	2	2	2	1	3	2	1	1	3	2	2	2	2	2	3	2	2
	forens investig	forensic investigation 	0	0	0	0	0	0	0	0	2	0	0	1	0	0	1	1	0	0	0	0	0	0	0	0	0	0	1	0	0	0	0	0	0	0	0	0	0	0	0	0	0	0	0	0	0	0	0	0
	forens investig	Forensic Investigation	0	0	0	0	0	0	0	0	3	2	1	0	1	0	1	0	0	0	0	0	0	0	0	0	0	0	0	0	1	0	0	1	0	0	0	0	0	0	0	0	0	0	0	0	0	0	0	0
	forens investig	Forensic Investigation	2	0	0	0	0	0	0	0	4	0	0	2	4	0	4	0	0	0	4	2	4	4	2	2	2	4	4	4	4	4	4	2	0	2	4	2	4	4	0	4	0	0	0	0	0	4	0	0
	forens investig	Forensic Investigation	0	0	0	0	0	0	0	0	3	2	1	0	0	0	1	0	0	0	0	0	0	0	0	0	2	1	0	0	1	0	0	1	0	0	0	0	0	0	0	0	0	0	0	0	0	0	0	0
	forens patholog	Forensic Pathology	4	0	0	0	0	0	0	0	4	4	4	4	4	4	4	4	1	1	4	2	0	3	3	2	2	1	4	2	0	0	3	3	4	2	1	3	0	3	2	3	0	0	0	0	0	0	0	0
	forens patholog	Forensic Pathology	2	0	0	0	0	0	0	0	4	4	3	3	4	4	4	3	0	4	4	4	4	2	4	4	0	2	0	0	2	0	3	1	2	2	2	0	0	1	1	1	0	0	0	0	0	2	0	0
	forens patholog	forensic pathology	4	3	0	1	2	0	0	0	4	4	4	4	4	3	4	0	0	2	0	1	3	1	3	0	1	4	4	2	2	0	2	3	1	1	1	3	0	0	0	0	1	1	1	3	0	0	0	0
	forens physcolog	Forensic Physcology	0	4	1	0	0	0	1	3	2	4	2	1	2	2	1	2	4	4	4	4	4	4	4	4	4	1	0	3	3	4	3	3	2	2	3	4	3	4	4	2	3	4	1	2	1	3	4	1
	forens scien	Forensic Sciene 	0	3	0	0	0	0	0	0	4	4	2	4	4	2	4	2	2	3	2	4	2	4	2	1	0	2	2	2	0	1	1	2	0	1	0	2	0	0	0	0	0	0	0	0	0	0	0	0
	forens scinc	forensic scince	3	2	3	0	2	1	2	0	4	4	4	4	4	4	4	3	2	2	1	2	2	4	1	3	4	3	3	2	2	3	4	3	2	2	3	3	4	2	2	3	3	1	4	4	2	2	2	4
	forens technolog	Forensic Science Technician	2	2	1	3	3	2	2	3	4	3	3	4	4	3	3	1	0	0	0	2	0	4	1	0	2	4	4	2	3	1	1	2	0	1	1	0	1	1	0	0	1	2	0	1	1	0	0	1
	forens technolog	FORENSICS TECHNICIAN	3	0	0	2	0	0	3	0	4	0	0	2	4	4	4	0	0	0	0	0	0	0	4	0	0	3	2	2	4	4	0	3	3	4	1	4	4	2	3	2	2	4	2	0	4	2	0	0
	foresn	foresnic science	3	2	1	3	1	4	2	2	1	1	1	3	1	1	2	0	0	0	3	0	0	0	1	4	2	1	4	1	4	4	1	2	1	2	2	2	2	2	1	1	2	3	2	2	4	2	1	1
	foresn	Foresnic science	1	0	1	0	0	0	0	0	4	1	3	4	4	2	4	0	0	1	3	0	0	1	2	0	3	0	2	0	2	1	0	0	1	0	0	0	0	0	1	0	0	1	0	0	0	0	0	0
	forest engin	Forest Engineering	2	0	0	1	0	2	0	1	3	4	4	2	4	4	3	3	1	3	1	3	3	3	3	2	2	2	1	1	2	1	1	0	0	2	3	1	3	2	2	2	1	2	0	1	1	1	0	1
	form engin	Form of Engineering 	2	2	2	3	2	3	3	2	2	0	0	2	2	0	0	0	0	0	0	1	0	4	0	0	0	2	2	0	3	2	1	2	0	2	2	0	3	2	0	2	0	2	2	0	2	3	2	2
	forsen	Forsenic Science	3	3	0	1	1	3	1	1	3	2	2	2	3	1	3	1	3	2	2	2	4	1	1	1	4	4	4	2	3	4	4	4	4	1	1	1	1	1	1	1	2	4	1	2	0	3	1	1
	forsens	Forsensics Science	1	3	1	4	3	1	3	3	3	4	4	1	4	3	4	2	0	0	1	0	0	1	1	1	1	3	1	3	1	4	3	3	1	2	0	1	3	3	2	2	3	1	2	1	4	4	3	3
	foundat	foundation science	3	1	0	0	0	0	3	0	0	1	0	0	0	0	0	3	4	3	2	0	3	0	0	3	4	4	2	1	4	1	1	3	4	4	3	3	3	4	4	4	2	2	2	1	4	0	4	3
	foundat	Foundation in science	4	2	4	3	1	2	2	0	4	4	4	4	4	4	4	3	2	3	2	4	4	2	2	2	2	4	2	4	2	4	3	4	1	1	3	1	3	2	0	0	4	3	4	4	4	4	0	3
	foundat	Foundation in science	2	2	2	3	2	3	3	1	3	4	3	3	3	3	4	2	2	3	2	1	3	2	3	2	4	3	3	3	4	4	3	4	2	4	3	3	2	3	1	1	3	2	3	2	4	4	2	4
	foundat	Foundation Diploma	2	0	0	0	1	0	0	0	0	0	0	0	1	0	0	0	0	0	0	0	0	0	0	3	2	4	0	0	0	4	4	4	1	0	3	0	0	0	0	0	2	1	1	4	4	0	1	1
	foundat	foundation	0	0	2	1	3	0	1	0	4	3	4	4	4	4	4	2	2	0	2	0	2	0	1	2	4	2	4	4	4	4	3	3	0	1	2	0	3	2	0	0	2	2	3	3	3	1	2	3
	foundat	Foundation in science	4	1	1	3	0	2	0	0	4	3	4	4	4	3	4	3	2	1	2	2	2	3	3	2	3	3	3	2	3	2	3	4	2	1	2	1	2	0	0	0	2	1	1	2	3	3	0	1
	foundat	Foundation in science 	2	2	1	1	1	1	0	1	4	1	1	2	2	2	3	0	2	1	1	1	1	3	4	1	2	2	1	1	3	3	3	1	1	1	2	1	2	2	1	2	1	0	2	1	1	1	0	2
	foundat	foundation in science	3	2	4	4	4	3	2	0	4	4	4	4	4	4	4	4	4	4	0	1	0	1	0	1	4	4	2	4	4	3	3	4	0	0	1	2	2	3	0	2	3	2	2	3	4	4	4	2
	foundat art	foundation in arts	3	1	1	1	2	3	2	1	1	0	0	0	1	1	1	0	4	3	4	1	2	3	4	3	4	3	2	3	4	4	4	4	2	1	3	1	4	3	2	2	1	2	3	2	3	4	2	3
	foundat art	foundation in arts	2	4	0	2	2	0	2	2	0	0	0	0	0	0	0	0	0	0	0	0	0	0	1	0	4	4	4	4	4	4	2	4	4	4	4	0	4	0	3	2	2	0	0	3	2	0	4	2
	foundat asasipintar	FOUNDATION ASASIPINTAR	4	3	4	4	2	2	3	3	4	4	4	4	3	3	4	4	3	3	3	3	2	2	0	2	3	4	0	0	1	1	2	4	4	4	0	0	3	3	3	3	4	0	3	3	4	3	3	1
	foundat technlog	foundation in science and technlogy	2	0	2	2	3	0	3	0	4	4	3	4	4	4	4	0	1	2	0	0	0	3	0	2	3	3	1	2	4	3	3	4	0	2	1	0	3	2	0	0	4	1	2	2	1	2	2	2
	four	a four year Bachelor degree	0	2	2	0	0	2	1	0	4	1	1	3	2	0	2	0	0	0	0	0	0	0	2	0	2	0	3	4	2	1	0	1	1	0	1	0	2	0	1	0	0	1	0	0	4	0	0	0
	franch	Franch	1	2	0	1	0	1	0	0	3	2	1	4	2	1	0	0	2	3	4	4	3	3	1	3	4	4	1	3	3	2	2	2	3	2	3	2	4	3	2	3	0	1	0	1	1	0	0	0
	front offic	front office	4	2	0	0	0	0	1	0	2	3	2	0	0	4	0	2	0	3	0	0	0	0	2	0	2	2	4	2	2	0	0	3	0	2	0	0	2	2	2	1	0	2	4	4	1	2	2	2
	fruit	Fruit Science 	4	0	0	0	0	4	0	0	2	4	4	1	2	3	2	0	0	0	0	2	0	2	3	2	4	4	4	0	4	4	4	4	0	0	0	0	2	0	3	3	0	0	0	0	0	2	2	0
	fu	Fu	2	2	0	2	2	0	2	0	2	2	0	2	2	0	2	0	2	2	0	2	2	0	2	0	2	2	0	2	0	0	2	0	2	2	0	2	0	2	2	2	2	2	0	2	0	2	0	2
	full	FULL	0	1	1	0	0	0	0	1	2	2	0	0	1	2	1	0	2	1	0	0	0	4	1	1	4	1	0	0	0	0	0	1	1	2	2	3	0	3	0	3	4	3	0	1	1	0	2	1
	fundament	Fundamental science	4	0	3	3	0	0	0	1	1	4	3	0	3	4	2	4	3	4	2	0	0	2	3	0	2	4	1	3	0	4	0	1	0	4	4	1	0	4	3	4	1	2	3	1	0	4	0	0
	funer servic	Funeral Service	3	1	0	0	1	0	0	0	4	3	3	3	3	3	3	2	0	2	3	1	0	0	0	2	3	3	2	3	3	3	4	3	0	2	0	0	0	0	1	0	0	0	0	0	0	0	0	0
	funer servic technolog	Funeral Service Technology	2	2	1	2	1	3	3	3	3	2	2	2	1	2	3	3	2	3	3	2	3	3	3	3	4	3	3	4	3	4	4	4	0	1	3	2	3	4	3	4	4	4	4	4	2	4	4	4
	furnitur engin	furniture engineering	2	2	2	2	2	2	2	3	1	3	3	2	2	2	2	2	1	3	4	2	2	1	2	3	2	2	1	3	2	3	2	2	2	3	3	3	2	3	3	3	3	3	2	3	3	3	2	2
	fyc	FYCS	2	0	0	0	0	0	1	0	4	2	3	1	3	3	3	2	4	4	4	3	4	4	1	4	3	4	3	0	4	4	3	1	1	3	3	0	2	2	1	1	1	2	0	0	1	2	0	0
	física	Física 	3	0	3	3	0	0	0	0	4	3	4	4	4	3	4	3	1	0	1	0	3	4	0	0	4	4	3	2	3	1	3	1	0	0	3	4	4	1	0	3	0	3	3	1	3	1	0	1
	física psicologia	Física e Psicologia	1	1	1	1	1	1	1	1	1	3	0	0	0	3	0	0	1	2	3	3	3	3	0	1	3	1	1	0	1	0	1	0	0	1	0	1	0	0	0	1	0	0	0	0	0	0	0	0
	gallaudet	Gallaudet University 	4	0	0	1	0	2	0	1	4	2	1	4	3	2	2	2	2	0	0	3	3	2	3	1	3	3	2	2	2	4	4	1	0	0	3	1	2	1	1	0	0	0	1	0	2	1	1	0
	game	gaming	4	0	0	4	4	0	2	0	0	2	0	0	0	0	0	0	0	0	0	0	0	2	0	2	4	0	0	0	0	2	0	0	2	0	0	0	4	0	3	4	4	4	4	0	4	0	0	0
	game art	Game Art	1	0	0	0	0	0	0	0	3	3	3	1	2	3	2	0	3	2	4	3	4	4	3	3	3	3	3	2	3	2	2	1	0	3	1	3	0	1	0	3	0	1	0	0	0	2	0	0
	game desgin	Game desgin	3	0	0	2	1	1	1	1	1	1	1	2	1	1	0	0	0	2	2	2	2	3	0	2	3	2	2	1	0	2	2	1	0	1	1	0	0	1	1	1	1	1	2	1	0	4	0	0
	game desigin	game desigin	2	3	1	3	0	3	3	0	1	3	2	4	2	1	2	2	4	2	4	3	2	4	4	3	2	2	4	3	4	2	3	2	1	3	3	4	3	1	4	4	4	4	1	2	2	2	0	3
	game develop	Game Development	3	0	1	4	2	1	1	0	3	3	3	4	4	3	3	4	1	3	4	3	4	4	4	4	0	1	0	0	0	0	0	0	0	0	2	0	3	3	0	3	2	3	4	3	4	3	3	3
	game develop	Game development	4	3	3	4	2	3	3	1	0	0	0	0	0	0	0	3	0	0	0	0	0	4	3	0	2	2	0	0	0	0	0	0	0	0	0	0	0	0	0	0	2	0	3	0	0	0	0	0
	game develop	Game Development	1	0	0	0	0	0	0	0	0	2	0	0	0	0	0	1	0	0	2	2	2	2	0	1	0	0	0	0	0	0	0	0	0	0	0	0	0	0	0	0	0	0	0	0	0	1	0	0
	game develop	Game Development	2	1	0	1	3	3	3	0	4	4	4	3	4	3	4	0	3	3	3	4	4	4	3	2	4	4	3	4	3	3	4	4	2	3	2	3	2	4	3	0	2	1	0	4	2	4	1	2
	game develop	Game Development	3	0	0	2	1	1	1	0	3	3	4	1	3	4	3	4	1	1	3	2	2	3	0	1	1	3	2	1	0	1	1	0	1	1	1	1	3	1	1	2	0	2	1	1	3	3	0	1
	game develop	Game developer	3	2	2	3	2	2	2	2	3	3	4	3	3	4	3	3	3	3	4	3	4	4	3	3	2	3	2	1	2	2	2	2	1	2	1	2	1	1	1	4	1	4	3	2	2	2	0	2
	game develop game art	Game Development and Game Art	2	0	0	1	0	2	2	0	3	3	1	1	2	2	1	0	1	3	4	4	3	2	0	4	3	2	4	0	3	3	3	2	2	2	2	1	4	2	3	3	1	3	3	3	0	0	2	2
	game engin	game engineering	4	2	2	4	3	3	2	3	3	1	2	3	3	2	3	1	1	1	1	0	2	3	3	2	2	0	3	3	3	1	3	1	0	2	2	1	2	3	3	3	0	3	3	2	3	4	3	2
	game engin	Game engineering	3	2	1	4	0	2	3	0	1	3	3	0	0	2	0	4	4	4	4	4	4	4	4	4	1	3	2	2	2	2	3	3	1	0	0	0	1	0	2	3	3	3	4	0	3	2	0	2
	game program	Games Programming	0	1	1	4	1	3	2	1	4	4	3	3	4	3	3	3	3	3	1	3	3	4	3	2	3	3	3	1	2	0	1	1	0	0	1	1	1	0	1	3	0	0	1	1	2	3	1	1
	game program	Game programming 	4	0	0	3	0	4	1	0	2	2	2	1	1	2	2	0	0	1	0	3	0	4	0	1	3	1	1	0	3	2	2	2	3	3	2	0	4	3	3	1	4	3	1	0	0	1	0	0
	game program	Game Programming	3	3	0	3	1	1	1	0	3	3	3	3	3	3	2	4	0	0	3	3	0	3	3	2	0	2	0	3	0	2	4	1	0	0	0	0	0	0	0	3	0	0	1	0	4	3	0	0
	game program	Game programming	2	0	0	1	1	0	0	0	3	0	3	2	3	0	2	0	0	0	0	3	2	0	3	0	4	3	4	4	4	2	2	1	2	2	3	0	3	4	3	2	1	2	2	2	1	2	0	1
	game program	game programming	3	3	2	3	4	3	3	2	2	4	4	3	2	3	3	1	3	2	3	3	2	4	3	3	4	2	1	4	3	3	4	4	1	2	3	3	3	2	1	3	2	2	3	3	2	3	2	3
	game program	Games Programming	3	2	2	4	3	3	2	2	3	3	3	3	3	3	3	3	1	1	0	2	3	3	3	2	0	2	1	3	1	0	1	1	1	1	1	1	1	1	0	1	2	3	4	2	4	3	1	2
	gamer	Gamer	0	2	1	2	1	1	1	1	2	3	1	3	1	1	1	1	1	2	1	1	1	3	3	2	1	1	3	2	3	1	1	2	1	1	1	1	2	1	1	1	1	2	2	2	2	1	1	1
	gas fitter	gas fitter	4	2	1	3	2	2	3	3	3	3	3	3	3	3	3	3	3	1	2	1	2	1	1	1	2	2	2	3	2	2	2	3	2	2	1	1	3	2	3	3	2	2	2	2	2	3	2	3
	gb	gb	2	0	2	0	1	0	0	1	0	1	0	0	0	0	0	0	0	0	0	1	0	1	0	0	1	2	0	0	0	0	0	0	1	0	0	0	0	0	1	0	2	0	0	0	0	0	0	0
	ge	ge	3	1	1	3	1	1	3	1	1	1	3	1	2	1	2	1	1	0	1	0	3	3	0	1	2	2	3	0	4	1	1	1	4	2	4	2	3	1	2	4	3	3	3	2	3	4	3	4
	ged	GED	1	4	1	1	2	3	4	4	4	4	4	3	3	4	3	2	3	4	1	4	2	0	1	4	3	3	2	2	4	4	4	4	3	2	4	4	2	3	4	4	0	1	0	2	0	2	0	0
	geiunfornat	geiunfornatics	3	0	0	0	0	1	1	0	2	0	0	0	0	0	0	0	0	2	1	0	0	0	0	2	2	4	1	1	4	2	3	4	0	1	1	0	2	1	0	3	0	2	0	0	1	1	0	1
	gender	gender	0	0	0	0	0	2	0	0	2	0	2	0	0	2	2	0	3	3	1	4	4	4	1	3	4	3	3	0	4	0	2	1	0	0	2	2	0	0	0	2	0	0	0	0	0	2	0	0
	gender	gender studies	4	4	4	4	4	4	4	4	4	4	4	4	4	4	4	4	4	4	4	4	4	4	4	4	4	4	4	4	4	4	4	4	4	4	4	4	4	4	4	4	4	4	4	4	4	4	4	4
	gender	gender studies	0	0	0	0	0	1	0	0	3	4	3	0	1	3	0	1	0	3	4	3	3	1	1	3	3	3	3	1	4	1	1	0	3	0	3	3	3	3	3	0	0	0	0	0	0	1	0	1
	gender	Gender Studies	3	0	0	2	0	0	0	0	3	0	1	3	0	2	0	1	2	3	4	4	4	3	0	3	4	2	2	1	4	2	2	2	1	3	1	3	2	3	1	2	0	2	0	2	0	2	0	1
	gender	Gender studies 	0	2	0	1	0	0	0	0	4	4	4	0	4	4	4	4	1	2	4	2	3	3	0	4	4	4	1	2	4	0	3	3	0	0	0	0	3	2	3	0	3	2	3	3	1	3	0	3
	gender	Gender Studies	1	0	0	0	0	0	0	0	2	2	2	1	2	2	2	1	1	3	0	3	2	2	0	3	2	2	1	0	2	0	0	0	0	0	2	0	0	1	2	0	2	1	2	2	2	1	1	2
	gender art	Gender studies and Art	0	0	0	0	0	0	0	0	3	4	3	3	3	3	2	3	4	4	4	4	4	4	4	4	3	4	4	3	3	3	4	3	0	2	2	2	0	0	0	0	0	0	0	0	0	0	0	0
	gender divers	gender and diversity 	3	3	0	2	0	3	2	2	4	2	2	3	2	2	1	3	1	4	1	1	3	4	4	4	4	3	3	3	4	3	3	0	0	0	0	2	2	1	0	1	2	3	1	3	3	3	1	0
	general	Generals	2	2	3	3	3	3	2	0	4	4	4	4	4	4	4	4	4	3	2	4	2	4	4	4	1	4	0	3	2	4	2	1	0	0	0	0	0	2	0	3	2	2	0	1	0	1	0	0
	general	Generals	0	0	0	0	0	2	0	2	3	2	1	2	1	1	0	0	0	0	0	2	1	0	0	0	1	3	3	2	3	4	3	3	3	2	2	1	1	2	4	2	0	0	0	1	0	1	2	1
	general	Generalize	2	2	2	4	4	4	4	4	2	3	2	4	4	4	4	4	2	2	2	4	4	4	4	4	4	2	2	4	4	4	4	4	4	2	4	4	4	4	4	4	4	2	4	4	4	4	4	4
	genereal	Genereal Studies	3	3	2	2	3	3	2	3	3	3	3	2	3	3	2	3	1	1	0	1	0	2	3	1	2	2	1	2	1	3	2	1	2	0	3	3	3	1	2	1	2	1	2	3	2	2	2	2
	genral	genral studies	0	0	0	0	0	3	0	3	4	4	1	4	0	4	3	0	0	0	0	3	0	4	4	3	4	4	4	4	4	4	4	4	0	2	1	4	4	4	4	4	0	2	0	2	2	4	2	0
	genreal	Genreal	1	0	0	0	0	0	0	0	4	0	0	2	2	0	2	0	0	0	4	0	0	0	0	2	3	3	4	2	4	2	3	1	0	2	1	3	1	3	2	0	2	1	2	3	1	1	3	0
	geodesi	geodesy	2	2	3	1	0	0	0	2	3	3	3	3	3	4	3	4	3	3	3	3	3	3	4	4	1	3	2	2	1	0	1	0	1	1	1	2	1	0	0	1	1	2	1	1	2	3	1	2
	geodesi	Geodesy	1	2	1	3	1	2	1	2	3	4	3	3	3	3	2	4	3	0	0	3	3	4	0	0	0	2	0	0	0	0	3	0	0	0	0	0	0	0	0	0	0	2	0	0	4	4	0	0
	geodet engin	Geodetic Engineering	2	2	0	1	1	2	2	3	3	3	3	1	2	3	1	2	4	4	4	4	4	4	2	4	2	2	3	3	2	3	2	1	1	1	4	2	2	2	2	2	1	2	3	3	1	2	2	2
	geodet engin	Geodetic Engineering	3	0	0	1	1	0	1	1	3	1	1	1	1	3	2	1	0	2	2	0	2	3	1	2	2	2	2	3	3	1	2	2	1	3	3	4	3	3	2	3	3	3	2	3	1	2	2	3
	geodet engin	Geodetic engineering	1	0	0	3	0	0	3	1	1	0	0	3	0	1	1	3	4	3	3	4	4	4	0	4	4	4	4	1	4	1	1	1	3	1	3	3	1	3	0	4	0	0	0	1	0	3	1	1
	geolgi	geolgy	4	0	4	3	3	3	2	4	2	4	4	3	3	3	3	4	1	4	4	2	3	3	0	1	3	4	3	3	3	2	3	4	2	2	2	1	4	2	0	1	3	0	2	2	4	4	3	1
	geomat	Science Geomatics	2	0	1	1	2	0	1	0	1	1	1	1	1	1	0	2	0	2	1	1	1	0	0	0	1	2	2	1	0	1	2	0	1	3	1	1	0	2	0	1	1	1	1	2	2	2	0	1
	geomat	Geomatics	3	3	0	3	1	1	0	1	3	3	4	3	3	4	3	4	4	1	4	4	1	4	3	3	1	3	3	3	3	0	3	3	3	1	1	1	0	0	3	3	3	3	3	3	3	3	3	3
	geomat	geomatics	2	0	0	1	0	1	0	0	3	2	4	4	2	3	2	3	3	1	2	2	3	1	0	2	2	2	1	3	3	3	2	1	1	0	2	1	3	1	2	2	4	1	1	2	1	0	0	2
	geomat	Bsc. Geomatics	4	3	2	4	4	3	4	0	4	4	4	2	4	1	3	4	2	4	4	0	4	4	0	4	4	4	4	3	4	4	4	4	2	0	2	1	4	1	1	2	4	4	2	4	4	4	0	2
	geomat engin	Geomatic engineering	4	4	2	4	2	4	3	3	4	3	0	2	3	2	1	3	0	3	0	0	3	3	0	2	4	0	2	4	4	3	4	3	3	0	3	1	3	1	2	4	4	4	4	4	4	4	3	3
	geometri	Geometry	4	0	0	0	0	0	0	0	0	0	0	0	0	0	0	0	0	4	0	0	0	0	0	0	0	3	0	0	0	0	4	4	0	0	0	0	0	0	0	0	0	0	0	0	4	4	4	4
	geophys	geophysics	3	4	2	1	2	2	1	3	4	4	4	4	4	3	4	4	2	2	2	2	4	4	2	2	0	4	1	2	2	2	2	1	0	2	1	0	4	2	2	3	0	0	0	0	1	2	1	0
	geophys	Geophysics	2	2	2	1	1	2	2	3	2	3	3	1	3	3	3	3	3	3	2	3	3	3	2	3	3	3	2	2	2	3	3	2	1	1	2	2	2	1	1	2	2	2	2	2	3	3	2	2
	geophys	geophysics	4	2	0	4	2	2	0	2	4	3	3	3	1	2	0	2	0	0	2	0	0	3	0	0	4	0	0	4	2	2	2	0	0	0	0	0	2	2	1	0	0	1	4	0	3	2	1	2
	geophys	Geophysics	1	3	1	3	0	4	0	2	2	3	3	4	3	3	1	4	2	3	4	4	3	3	1	3	3	3	0	4	1	2	2	0	0	0	0	1	2	0	0	3	0	0	2	0	0	3	0	0
	geophys	Geophysics	4	0	0	0	0	0	0	0	4	2	0	2	2	4	3	0	4	0	0	0	0	4	0	0	2	2	4	2	3	4	3	3	0	0	0	0	0	0	0	0	0	0	0	2	0	0	0	0
	geophys	Geophysics	3	0	0	1	0	0	0	0	0	2	0	0	0	3	0	4	0	0	0	0	0	3	0	0	0	3	0	1	0	0	2	2	0	0	2	0	3	0	0	0	2	0	4	2	4	4	3	3
	geophys	Geophysics	3	2	4	0	1	1	2	2	2	2	1	1	0	0	1	1	0	2	0	0	1	0	0	0	1	4	2	1	1	1	1	2	2	3	3	0	3	2	2	2	2	0	0	1	0	2	2	1
	geophys	geophysics	3	1	3	1	2	0	3	0	3	3	3	0	2	2	2	3	0	4	1	0	0	2	0	1	2	3	0	1	0	3	1	0	0	0	0	0	2	1	0	2	2	3	1	2	3	3	1	2
	geophys	Geophysics	2	2	3	2	0	3	0	1	4	4	3	3	3	4	2	3	0	0	4	1	4	1	1	4	3	3	3	1	4	1	3	3	0	2	1	3	2	0	0	3	2	1	0	0	2	1	1	0
	geophys	geophysical Sciences	1	0	0	0	1	1	0	0	4	1	2	2	4	3	3	0	2	2	2	3	2	4	0	0	3	3	2	3	2	1	0	3	0	1	2	1	2	0	1	3	0	0	1	1	2	2	0	1
	geophys	Geophysics	0	1	3	3	0	3	1	3	3	2	3	3	2	2	3	3	4	4	4	4	4	4	3	4	3	3	3	4	3	4	2	1	0	1	0	3	3	0	1	3	0	0	0	0	1	1	0	1
	geophys	Geophysics	3	2	3	2	1	2	3	2	4	3	4	3	4	4	3	3	1	1	0	0	0	2	1	0	2	2	2	2	2	2	0	2	1	1	1	1	2	1	2	1	0	2	0	1	0	2	0	1
	geophys	geophysics 	2	0	3	1	2	1	2	1	4	4	4	3	3	4	4	4	0	0	1	0	1	1	0	0	0	4	0	1	0	0	0	1	2	1	2	1	2	1	1	1	2	2	2	2	3	2	1	1
	geophys	Geophysics	3	0	1	3	0	0	0	0	4	3	4	4	4	4	4	4	4	0	3	3	1	3	0	0	3	0	0	0	0	0	0	0	0	0	0	0	1	0	0	0	0	0	1	0	3	1	0	0
	geophys	geophysics	2	2	4	3	1	3	0	3	1	2	1	0	1	3	0	4	0	2	0	0	1	0	2	1	2	0	0	0	0	0	0	0	0	0	2	0	2	0	3	1	0	1	3	1	3	3	1	1
	geophys	geophysics	1	3	0	3	3	3	2	3	3	4	4	2	4	4	3	4	1	1	2	1	3	2	2	1	3	3	0	3	0	1	1	1	0	1	1	1	3	0	1	1	0	2	1	1	4	1	1	1
	geophys	Geophysics	3	2	3	3	2	3	3	3	3	3	4	3	4	4	3	4	1	1	1	1	2	2	2	2	3	3	2	2	2	3	2	2	2	2	2	1	2	1	2	2	0	1	0	2	0	3	1	1
	georg mason	George Mason university 	4	0	0	1	2	2	1	1	4	0	0	0	1	0	0	0	4	4	2	3	2	0	0	0	4	4	4	4	2	3	0	3	0	2	1	0	3	3	2	2	0	2	2	3	3	1	3	3
	geriatr	geriatrics	1	2	0	0	3	2	0	0	0	2	4	3	2	3	0	4	0	2	2	0	0	1	2	0	2	3	3	2	4	2	2	4	2	2	4	1	4	2	3	4	4	2	4	1	4	3	1	4
	germanistik	Germanistik	3	2	1	3	0	1	1	1	3	3	2	1	2	3	3	2	2	1	4	1	2	3	0	0	4	2	2	2	4	4	4	4	2	1	4	4	3	4	3	3	1	3	4	3	2	2	3	4
	germanistik	Germanistik	2	2	1	1	1	1	1	1	2	4	3	1	2	2	1	3	4	3	4	2	3	4	0	3	3	3	1	3	4	3	3	2	1	1	2	1	1	2	1	3	1	1	1	1	1	2	0	1
	gerontolog	Gerontology	0	4	0	0	0	0	0	0	4	0	4	0	0	0	0	0	0	0	0	0	0	0	0	0	0	4	4	4	4	0	0	4	0	0	0	0	0	0	0	0	0	0	0	0	0	0	0	0
	gerontolog	Gerontology	3	4	3	3	4	4	3	4	1	2	1	1	1	2	1	1	3	1	2	2	2	4	2	3	2	3	2	3	3	1	1	4	0	1	2	2	1	2	0	1	1	2	1	1	0	1	1	0
	gerontolog	gerontology	1	1	0	2	1	1	1	1	3	4	4	4	4	3	3	3	1	1	2	1	1	0	0	3	4	4	4	3	4	3	3	4	0	2	1	0	2	3	1	3	2	3	2	3	4	4	2	3
	gerontolog	gerontology	2	2	1	1	1	1	1	0	3	4	3	1	1	2	1	0	0	2	2	1	1	1	2	0	3	3	2	2	2	3	3	2	3	2	3	1	3	3	0	1	2	1	2	1	1	1	0	2
	gerontolog	Gerontology	0	1	0	1	0	0	0	0	2	3	2	3	1	2	0	0	1	3	2	4	2	2	0	1	1	3	3	3	3	1	2	4	1	0	0	1	3	0	2	1	2	0	1	3	3	1	0	1
	gerontolog	Gerontology	3	2	2	4	4	4	4	3	4	1	2	3	3	2	4	4	2	2	1	0	0	0	3	2	0	1	3	1	0	0	0	0	1	1	0	0	0	0	0	2	2	3	1	1	3	4	4	2
	gerontolog	Gerontology	0	0	0	0	0	0	0	0	0	0	0	0	0	0	0	0	0	0	0	0	0	0	0	0	3	2	0	0	0	0	0	0	0	0	0	0	0	0	0	0	3	0	3	4	4	2	2	4
	gerontolog	Gerontology	2	0	0	0	0	0	0	0	4	4	4	4	4	4	4	1	0	1	3	1	1	0	0	0	3	4	4	3	4	2	4	4	0	1	0	0	2	0	0	0	2	1	0	0	0	0	0	0
	gerontolog	Gerontology	1	0	1	0	0	0	1	0	4	0	0	3	4	0	1	0	1	3	3	3	4	4	0	3	4	3	4	0	4	1	3	4	0	1	3	0	1	1	0	1	2	1	1	3	1	1	0	2
	gerontolog	gerontology	0	2	0	1	0	1	1	2	3	1	1	2	2	1	2	1	3	3	3	2	4	2	0	3	3	2	1	2	0	2	3	0	1	3	3	1	1	3	2	2	0	3	0	0	0	2	0	3
	gerontolog	Gerontology 	2	0	0	0	0	0	0	0	2	4	4	0	4	4	3	2	0	0	1	0	1	0	0	0	2	2	3	2	3	0	0	4	0	2	3	1	4	1	2	0	2	0	1	1	2	1	2	1
	gerontoloy art	gerontoloy/art	4	3	0	1	2	3	1	1	4	4	4	4	4	4	3	4	2	2	3	2	4	3	1	4	4	3	3	2	3	1	2	2	0	0	0	0	2	0	0	0	3	2	2	3	3	3	0	3
	gestão	gestão	4	2	1	2	1	1	1	1	2	0	3	3	1	1	1	1	4	4	2	1	2	3	1	1	4	4	2	3	2	2	2	1	3	2	4	2	4	3	1	2	2	2	3	1	2	2	2	2
	gestão	gestão	2	2	1	3	2	3	2	1	2	2	1	1	1	1	0	1	2	3	1	0	0	0	0	1	3	3	3	3	3	3	3	1	3	3	3	2	3	1	1	2	3	3	3	2	3	2	2	3
	gestão	Gestão 	2	2	2	2	2	2	2	2	2	2	2	1	2	2	2	2	0	0	0	0	0	0	1	0	2	2	1	2	1	2	1	1	3	2	2	0	2	2	2	2	2	1	1	1	0	1	1	2
	gestão	gestão	0	1	0	0	1	1	1	1	2	2	3	1	1	1	1	0	3	2	3	1	3	3	0	2	2	3	3	1	4	1	2	4	1	3	3	1	2	1	1	1	2	2	1	1	0	1	1	1
	ggg	ggg	2	0	0	1	0	0	0	0	4	4	3	4	4	3	4	3	0	1	2	3	3	2	0	0	0	1	0	3	1	0	0	0	0	0	0	0	0	0	0	0	1	0	0	2	3	0	0	0
	gis	GIS	0	0	0	3	1	2	0	3	2	3	4	2	2	4	3	4	4	2	4	4	3	4	4	3	0	1	2	1	2	2	2	0	0	0	2	2	0	0	0	0	0	2	1	1	0	0	0	0
	gis	GIS	2	3	1	3	1	4	3	3	2	3	3	3	2	3	2	3	0	1	2	0	2	2	3	2	2	3	1	3	0	2	3	2	0	0	0	2	2	0	2	1	0	3	0	2	2	2	0	1
	gis	GIS	4	3	3	3	3	2	2	2	2	2	2	1	2	2	1	3	0	2	1	0	1	1	3	1	1	2	3	2	3	3	2	2	2	1	2	1	2	1	2	3	2	2	3	3	3	3	2	3
	giurisprud	Giurisprudence 	0	1	3	0	1	0	1	1	4	3	2	4	3	0	3	0	2	4	4	4	3	3	4	4	1	3	4	2	4	4	4	4	4	3	4	4	4	4	4	3	3	1	0	0	3	0	4	1
	giurisprudenza	Giurisprudenza	4	0	2	0	2	0	0	0	2	1	0	1	0	2	0	0	2	3	0	3	3	3	2	0	4	3	3	0	4	3	4	2	3	0	2	0	2	0	4	0	2	0	0	0	0	0	2	0
	glassmak	glassmaking	1	1	0	0	0	2	0	0	4	3	3	3	3	4	0	3	2	2	2	4	3	3	0	4	0	2	2	2	0	0	3	2	1	0	1	0	0	0	1	0	0	0	0	0	0	0	0	0
	global	Global Studies	0	0	0	0	0	0	0	0	1	3	3	2	1	3	2	3	3	4	3	4	4	4	3	3	2	4	1	3	1	4	3	1	0	2	2	1	3	3	1	2	0	1	0	0	1	2	0	0
	global	Global Studies	0	2	0	1	0	2	1	2	3	4	3	1	3	3	3	0	3	2	2	4	4	2	1	1	2	3	1	0	1	2	2	1	1	2	1	1	2	2	1	1	0	2	0	1	1	0	0	0
	global	Global Studies	0	0	0	0	0	0	0	0	0	1	1	0	0	0	0	0	0	2	1	2	3	1	2	0	2	3	3	3	3	1	2	0	0	1	2	0	1	0	0	0	2	0	1	2	2	2	2	0
	global	Global Studies	2	3	0	1	0	0	1	0	4	4	4	2	2	4	1	4	2	2	3	3	3	3	3	1	4	3	4	4	4	2	3	4	2	2	3	0	0	2	0	0	3	1	3	3	3	3	0	0
	global	Global Studies	1	2	3	3	0	3	2	2	4	4	4	4	4	4	4	4	2	3	4	4	4	4	4	4	3	3	4	3	1	3	3	1	0	0	3	2	3	2	1	3	0	2	1	1	3	3	2	1
	global	Global Studies	0	1	0	0	0	1	0	1	4	3	3	1	3	3	2	3	3	3	3	4	3	3	4	3	2	3	1	4	2	1	2	1	0	1	0	0	0	0	0	0	0	0	0	0	0	0	0	0
	global	global studies	0	0	0	0	0	0	0	0	2	2	3	2	1	3	2	2	3	3	3	3	3	3	2	2	3	3	3	0	3	0	2	1	1	0	2	0	2	0	2	0	0	0	0	0	1	1	1	0
	global	Global Studies	1	0	0	0	0	0	0	0	0	0	0	0	0	0	1	0	3	3	3	1	2	2	0	3	4	3	3	0	3	3	2	1	2	2	4	3	3	2	0	1	3	1	2	3	1	2	1	1
	global	Global Studies	2	2	1	2	2	2	1	0	3	3	3	3	2	1	2	1	2	3	1	3	2	3	2	2	4	3	3	4	4	3	4	4	3	3	2	1	4	2	3	1	4	3	2	2	3	2	3	2
	global	Global Studies	2	0	0	0	0	0	2	0	1	3	1	3	3	2	3	0	1	3	3	3	0	0	4	3	4	2	3	0	4	2	1	0	0	0	3	0	4	4	0	3	0	0	0	3	1	0	0	3
	global	Global Studies	2	2	2	1	2	3	2	2	1	2	2	1	2	2	2	1	1	3	2	2	3	2	3	3	3	3	1	3	1	1	2	1	2	1	2	2	3	1	3	2	1	1	1	2	1	1	1	1
	global	Interdisciplinary Studies -- Global Studies/T	1	3	0	1	0	1	1	3	2	1	1	1	1	3	1	2	3	3	3	3	4	3	2	3	3	4	3	3	4	4	4	3	1	3	1	1	2	1	1	2	0	1	0	1	1	1	2	1
	global	Global studies	0	0	0	0	0	0	0	0	0	3	3	0	0	0	0	0	0	0	3	0	0	0	0	0	4	2	2	0	3	0	2	0	0	1	2	0	3	3	0	0	0	3	2	4	0	0	2	2
	global	Global Studies	2	0	1	1	1	1	1	1	0	4	3	1	1	3	1	2	1	1	3	2	2	3	3	1	3	4	3	3	3	3	3	2	2	3	2	1	2	3	3	2	2	1	1	2	1	1	2	2
	global	Global Studies	1	0	1	1	1	1	2	1	3	2	2	3	2	3	2	3	4	4	4	3	4	3	3	3	4	4	3	4	4	2	3	2	1	0	1	4	4	2	0	3	0	1	0	1	1	2	0	1
	global affair	Global Affairs	3	0	0	0	0	0	0	0	1	3	3	0	0	4	0	0	2	3	2	0	3	2	4	3	4	0	0	3	0	1	0	0	2	2	3	3	3	3	3	2	0	1	0	2	0	0	0	1
	global affair	Global Affairs	0	2	0	0	0	2	1	2	4	4	3	1	2	3	1	2	3	3	3	2	3	3	4	4	2	2	2	2	3	3	3	1	1	1	2	3	2	2	2	1	1	1	0	2	0	2	0	1
	global affair	global affairs 	3	1	0	0	0	3	3	1	3	3	3	3	4	3	1	1	0	3	1	3	4	4	4	1	4	4	4	4	4	4	4	3	1	1	2	3	4	1	1	3	3	3	2	3	0	3	0	1
	global affair	Global Affairs	0	1	0	0	0	3	0	2	2	4	3	1	3	3	0	3	2	4	2	0	4	3	2	4	2	4	3	3	3	2	1	0	0	0	2	0	3	0	0	0	0	0	0	0	3	0	0	0
	global busi	Global Business	3	1	0	0	0	0	0	0	4	2	2	3	2	2	2	1	4	2	2	2	2	3	1	1	4	2	2	3	3	3	4	3	4	2	4	2	4	3	3	2	2	1	1	3	2	2	3	2
	global busi	Global Business	3	0	1	3	2	0	2	1	1	1	1	2	1	1	2	0	4	1	1	2	0	3	1	2	3	3	2	3	3	3	3	3	3	3	4	3	4	4	3	3	3	2	3	3	3	2	3	3
	global busi	Global business 	1	1	1	1	1	1	1	1	3	2	1	1	1	1	1	2	3	4	3	1	3	4	3	4	4	2	2	1	3	3	3	2	3	3	4	3	3	4	2	2	3	1	2	2	2	1	3	2
	global busi	Global Business	1	3	0	4	0	2	0	2	3	3	2	3	3	2	2	3	2	3	1	4	2	4	4	3	2	4	4	4	3	3	3	2	3	1	4	4	4	2	3	2	1	1	2	2	3	3	2	1
	global busi	Global business	3	0	2	1	0	0	1	2	0	2	3	3	0	1	1	3	2	2	3	2	1	4	2	2	2	3	1	3	1	3	4	3	1	2	3	3	2	2	2	4	2	3	2	2	1	2	2	2
	global busi	Global Business	3	0	1	1	1	0	2	1	1	0	0	2	1	1	2	1	3	1	0	1	0	2	1	3	3	4	2	2	3	3	3	2	3	3	4	3	4	3	3	3	3	1	2	3	3	2	3	3
	global busi	Global Business	3	0	0	3	0	1	2	0	0	0	0	0	0	0	0	1	0	0	0	0	0	0	1	0	4	0	0	0	0	0	0	0	4	4	4	0	4	0	4	4	4	4	4	4	4	4	4	4
	global bussi	global bussiness	2	3	0	1	1	3	1	2	3	3	3	2	2	2	3	1	1	2	2	0	3	1	2	2	2	2	3	1	3	3	4	2	2	3	3	3	3	2	2	2	2	2	3	3	3	1	3	2
	global china	Global China studies	0	0	0	0	0	0	0	0	0	4	0	4	2	2	0	4	2	4	0	3	2	4	2	3	2	2	2	0	2	2	2	0	4	2	4	4	3	3	2	2	0	2	2	0	0	0	2	0
	global creativ industri	Global Creative Industries	2	2	1	1	1	0	1	1	3	1	1	1	1	1	1	2	4	2	3	2	2	3	3	2	3	3	2	3	3	2	4	2	3	1	4	1	4	2	2	3	4	1	2	3	2	2	1	2
	global develop	global development	0	3	0	2	0	0	2	1	3	3	3	3	2	3	1	2	2	3	3	2	4	4	3	3	3	4	4	2	4	2	3	2	0	2	0	1	0	2	0	1	0	0	0	0	1	1	0	0
	global develop	Global Development	3	3	2	3	0	3	0	1	3	3	3	3	2	2	2	2	1	2	1	1	3	2	0	1	1	3	1	0	1	1	1	0	0	1	0	0	3	0	0	0	0	0	0	2	1	2	0	0
	global health	global health	2	2	1	1	2	2	1	2	3	3	3	3	3	3	3	1	2	3	3	3	4	4	3	2	3	3	3	3	3	4	3	3	1	3	2	3	2	2	2	3	1	1	2	1	2	2	2	1
	global polici	Global Policy	1	0	0	0	0	0	0	0	0	4	2	2	1	2	0	3	3	3	4	4	3	4	1	4	1	3	2	2	2	4	3	2	3	2	3	2	3	4	3	1	1	1	1	1	2	2	1	1
	global suppli chain	Global Supply Chain	0	0	3	0	0	0	0	0	0	0	0	0	0	0	0	0	0	0	2	0	0	0	0	0	2	0	0	2	0	0	0	0	2	2	4	4	4	3	4	4	3	1	3	3	4	0	4	4
	global suppli chain mangement	Global Supply Chain Mangement	0	2	0	1	0	3	0	3	2	0	0	3	1	0	0	0	3	4	4	4	3	2	4	4	4	3	3	3	4	3	3	1	1	1	4	0	3	3	0	3	0	1	1	2	1	0	0	0
	go	have yet to go to college 	0	2	0	2	0	0	0	0	3	0	3	0	0	0	3	3	4	0	2	3	0	0	0	0	2	2	3	0	0	0	0	3	1	0	0	0	0	0	0	0	0	0	0	0	0	0	0	0
	go	going to college	2	2	1	2	2	2	2	2	2	3	2	2	2	2	2	2	2	4	2	3	2	3	4	3	2	2	0	2	2	2	2	2	2	2	2	2	2	3	2	2	3	2	2	2	2	2	2	2
	go	That is what I am going through: Science or S	0	1	0	1	2	2	0	1	4	3	3	2	2	3	3	4	1	0	0	3	2	4	2	0	3	3	3	4	4	1	1	1	0	1	2	0	3	0	0	0	0	0	0	1	0	0	0	0
	go coll	i dont what to go in to colling  	2	0	2	2	1	1	1	0	0	2	1	1	1	2	1	2	2	1	1	1	2	1	1	0	2	1	0	1	2	1	2	1	1	1	2	2	1	1	1	0	1	0	1	1	1	1	1	1
	go cyber secur	Currently going to college for cyber security	3	2	2	3	3	2	2	2	2	3	2	1	1	1	1	1	3	2	0	2	2	3	2	1	2	3	3	1	3	1	1	2	3	3	3	1	3	3	3	3	3	3	3	3	3	3	3	3
	gold engin	Gold engineering 	3	0	0	0	0	0	0	0	2	1	2	0	0	2	1	2	3	4	1	2	2	3	1	2	3	3	3	3	3	2	2	3	0	1	0	1	0	0	1	0	0	2	0	1	1	1	0	0
	golf	golf	4	3	2	3	2	3	1	1	3	3	3	2	3	3	3	3	0	1	3	1	1	1	3	1	3	4	2	3	3	3	3	3	2	4	4	1	4	4	4	4	2	3	3	4	4	4	1	3
	gone	i have not gone to college	4	2	1	3	1	1	1	1	3	4	4	3	4	4	4	4	2	2	3	2	3	3	2	3	2	2	3	2	3	2	2	2	2	1	2	1	2	1	2	2	1	1	2	2	0	1	1	2
	good	Good	2	0	0	1	0	0	0	0	0	0	0	3	0	0	0	0	0	0	1	2	0	2	0	0	2	3	2	2	4	0	4	2	0	1	3	1	3	4	1	3	3	0	3	1	0	0	4	1
	good question	Good question	1	2	1	1	1	1	1	2	1	1	1	1	1	1	1	1	2	1	1	1	1	1	1	1	2	4	3	2	4	4	4	4	1	1	1	2	1	1	1	1	1	1	1	1	1	1	1	1
	grade	Grade 12	3	2	1	2	3	2	2	1	3	3	2	3	2	4	2	4	4	3	3	2	3	3	3	4	4	3	2	2	4	4	4	4	3	2	3	3	3	4	2	3	4	2	3	2	1	2	3	3
	graduat	Undecided, have not yet graduated	3	0	0	0	0	0	2	1	4	4	4	2	1	3	1	1	4	2	1	4	4	4	0	0	4	4	4	4	4	3	4	3	3	3	2	1	3	3	4	0	3	1	1	2	2	3	2	2
	graduat	I have not graduated college	2	1	0	3	1	1	1	0	4	3	3	1	2	3	2	2	3	4	4	2	4	4	4	4	2	3	3	1	3	3	3	3	1	1	2	3	0	0	1	2	1	1	1	2	1	0	0	0
	graduat clinic mental health cou	Graduate School in Clinical Mental Health Cou	1	0	2	0	0	1	0	0	2	2	2	1	1	2	0	2	3	3	3	3	2	2	4	3	4	4	3	3	3	4	3	3	1	1	1	1	1	2	2	4	0	0	0	1	0	0	0	1
	graphic	Graphics 	0	2	0	1	0	2	0	0	3	3	2	1	1	1	1	1	0	1	4	3	3	4	4	3	4	4	1	4	2	4	3	1	0	2	2	1	3	2	2	2	0	1	0	0	0	2	1	1
	graphic	Graphics	0	0	0	1	1	0	1	0	2	3	3	1	1	2	1	1	1	0	4	1	1	2	0	2	2	1	0	1	1	2	3	1	0	1	0	1	2	1	0	2	0	2	1	2	2	2	1	1
	graphic	graphic	2	1	0	0	0	0	0	1	3	1	0	0	0	0	0	0	0	1	3	1	0	3	0	2	1	2	3	1	3	3	2	1	1	3	2	0	2	2	2	0	2	2	2	1	2	2	1	1
	graphic	GRAPHICS	2	4	2	0	0	0	1	3	4	0	2	0	2	0	3	0	2	4	4	4	4	3	4	4	4	4	4	4	4	3	2	4	3	2	0	2	3	3	4	2	0	0	0	0	0	2	0	1
	graphic	graphic	2	0	0	1	0	0	0	0	3	2	1	1	0	1	0	0	4	3	4	4	4	4	4	3	2	3	2	2	3	3	2	2	1	0	2	2	1	1	0	1	1	3	3	3	3	0	0	1
	graphic	Graphics 	3	3	0	3	3	3	3	4	2	3	3	2	2	3	2	2	0	3	4	2	2	4	2	4	0	2	2	3	1	1	2	2	0	0	0	0	2	0	2	1	2	3	2	2	2	2	2	3
	graphic	graphic	2	0	0	0	0	0	0	0	3	3	4	3	2	0	0	0	1	4	4	2	4	3	0	3	3	1	1	1	0	0	0	0	1	0	0	0	0	0	0	0	0	0	0	0	0	0	0	0
	graphic	Graphic	2	2	1	0	1	1	3	0	1	2	2	2	0	1	0	0	1	2	4	1	3	4	2	1	1	1	2	3	2	2	2	2	1	1	2	4	1	2	0	4	2	1	2	1	1	0	0	1
	graphic	Graphics	2	2	0	0	0	0	0	0	2	4	4	0	0	4	0	2	0	0	2	2	4	0	0	0	4	2	4	2	4	0	0	2	0	0	2	2	4	0	0	0	1	0	0	4	2	2	0	0
	graphic	graphic	2	0	0	0	0	0	0	0	0	0	0	0	0	0	0	0	2	2	2	0	0	0	0	2	2	2	2	2	2	2	2	2	1	1	0	0	2	2	0	0	2	2	2	2	2	0	2	2
	graphic art	Graphic arts	3	2	2	3	2	2	3	2	4	4	4	4	3	4	4	4	4	4	4	4	4	4	4	4	3	2	3	3	2	3	1	3	3	4	3	2	3	3	2	4	2	3	2	1	1	2	1	1
	graphic art	Graphic Arts	4	2	0	3	2	3	2	2	4	4	4	1	4	4	3	3	3	2	4	4	4	4	1	4	1	2	0	0	0	0	0	0	0	1	0	1	2	1	2	3	0	2	1	2	0	2	0	2
	graphic art	Graphic arts	2	1	0	1	0	0	1	1	2	3	3	1	0	3	3	1	2	1	4	2	2	2	2	2	3	2	2	2	2	3	3	2	1	2	2	2	2	2	2	1	1	2	1	2	2	2	2	1
	graphic art	Graphic Art	4	0	0	4	3	3	4	0	4	2	0	4	4	2	4	4	0	0	4	4	4	4	4	4	3	0	2	4	2	1	3	3	4	0	3	4	1	0	0	1	4	2	4	4	4	4	0	4
	graphic art	Graphic Art	0	0	0	0	0	0	0	0	1	4	4	0	4	3	4	2	2	3	4	3	4	2	0	1	2	3	3	3	1	0	0	0	2	0	0	3	0	0	2	0	1	4	2	2	2	0	2	2
	graphic art	Graphic art	3	1	0	3	1	0	3	0	3	1	3	4	3	0	3	3	3	3	4	4	4	2	2	3	2	2	2	2	3	0	2	2	3	3	1	2	3	3	0	3	2	3	2	2	3	3	2	2
	graphic art	graphic arts 	3	0	0	2	0	2	2	0	1	0	0	0	0	0	0	1	1	0	3	3	2	2	1	3	1	2	1	1	0	1	2	2	2	2	3	1	0	2	2	1	3	3	3	3	3	2	3	3
	graphic art	Graphic Arts	4	3	1	3	2	3	3	3	3	4	3	2	3	4	3	4	1	3	4	3	3	2	3	3	4	4	4	2	4	4	2	2	2	2	3	0	3	2	2	2	1	3	2	2	2	3	2	2
	graphic art	graphic arts	0	0	0	0	0	0	0	0	0	2	2	0	1	2	0	2	3	3	4	4	3	4	1	4	2	1	1	2	2	0	1	0	1	0	0	0	0	0	0	0	0	0	0	0	0	0	0	0
	graphic art	Graphic Arts	1	0	0	2	2	1	2	0	4	4	4	2	2	2	4	4	0	4	2	1	1	1	0	1	3	4	4	4	4	4	4	4	4	4	3	4	4	4	4	4	4	4	3	4	4	4	4	4
	graphic art	Graphic arts	3	3	3	4	3	3	3	3	4	2	3	3	3	2	3	4	4	3	4	4	2	3	3	4	3	3	4	4	3	3	2	3	3	4	3	2	2	3	2	3	2	1	2	2	3	2	3	1
	graphic art	graphic arts	0	0	0	0	0	0	0	0	4	0	0	0	0	0	0	0	4	4	4	4	4	4	4	4	0	0	0	0	0	0	0	0	0	0	0	0	0	0	0	0	0	0	0	0	0	0	0	0
	graphic art	graphic art	4	0	0	0	0	0	0	0	2	0	0	4	4	0	4	0	4	0	4	4	0	4	4	0	0	0	0	2	0	4	0	0	0	2	0	0	0	4	0	0	4	2	4	0	0	0	0	0
	graphic art art	Graphic Arts & AA Degree	2	3	2	2	2	2	2	3	3	4	3	1	3	3	1	3	2	3	3	3	4	4	3	3	4	4	4	3	4	4	4	4	2	2	2	2	3	3	2	2	2	2	2	3	2	2	1	1
	graphic communic	Graphic Communication	0	0	0	0	0	1	0	0	3	0	1	0	0	0	0	3	4	4	4	4	4	2	0	1	4	3	3	3	4	3	4	3	0	1	3	3	4	0	0	0	3	0	3	3	0	2	0	0
	graphic communic	Graphic Communications	1	0	0	0	0	0	0	0	0	4	3	0	0	3	0	0	2	0	4	0	4	2	1	4	3	2	4	2	4	0	0	1	0	0	2	1	1	1	1	3	2	0	0	1	0	0	0	0
	graphic communic	Graphic Communications	0	0	0	0	0	0	0	0	1	1	0	1	0	0	0	0	0	2	4	2	2	2	0	1	1	3	2	1	2	2	2	2	0	2	1	0	0	0	0	0	2	2	2	2	1	2	1	2
	graphic communic	graphic communications 	0	3	0	1	0	2	0	2	0	0	0	0	0	0	0	0	2	2	4	2	2	1	1	3	0	3	2	3	2	0	0	1	2	4	3	1	4	4	4	0	2	3	2	2	1	0	3	2
	graphic communic	graphic communications 	4	2	0	0	0	2	0	2	1	0	0	0	0	0	0	0	4	4	4	3	4	2	2	3	2	4	4	3	3	3	0	3	1	2	2	3	2	3	3	0	1	2	0	0	0	0	0	0
	graphic communic	Graphic Communication	3	2	1	2	1	1	2	0	2	2	1	2	1	1	0	3	2	2	4	2	3	1	1	1	3	3	3	3	3	1	3	1	2	3	2	2	4	2	1	1	3	3	2	2	2	2	1	2
	graphic communic	graphic communications	1	0	0	0	0	0	1	1	2	0	0	0	0	0	0	0	4	0	4	4	3	4	0	4	1	4	0	4	0	2	1	0	0	2	0	4	0	3	2	3	1	3	2	2	2	2	2	2
	graphic communic	Graphic communications 	1	2	3	1	2	3	2	3	2	3	3	2	2	4	0	4	0	1	3	3	3	2	4	3	0	3	3	3	3	3	3	2	0	1	1	1	1	1	2	3	0	0	0	0	0	0	0	0
	graphic communic	Graphic Communication	4	4	4	4	4	4	4	4	4	4	4	0	0	4	0	4	2	0	0	4	4	4	0	4	0	4	0	0	0	0	0	0	0	0	0	0	0	0	0	0	0	0	0	0	0	0	0	0
	graphic communic	Graphical Communication	1	2	0	1	1	2	1	2	2	1	3	3	3	3	2	3	1	1	4	2	2	2	0	3	1	2	1	2	1	1	1	1	0	1	2	1	2	3	0	1	1	2	2	1	3	3	1	1
	graphic communic	Graphic Communications 	2	1	0	1	1	1	0	2	3	2	2	1	0	1	0	1	4	3	4	3	1	4	1	4	4	4	3	3	4	4	4	2	2	2	2	2	4	2	3	2	1	2	1	3	2	4	2	2
	graphic communic	Graphic Communications	1	2	1	3	1	3	0	3	1	3	2	2	2	4	2	4	3	4	4	3	4	2	3	4	2	4	3	2	3	4	3	2	1	3	2	1	2	3	3	3	0	3	1	1	1	3	1	1
	graphic comun	Graphic Comunications	2	1	2	1	1	0	1	1	1	3	3	1	2	4	1	2	1	1	3	3	0	3	1	2	0	2	2	1	1	2	1	1	2	1	3	1	2	2	2	1	0	2	1	1	1	1	1	1
	graphic softwar	graphics software	2	0	0	0	0	0	0	0	1	4	2	2	2	2	2	0	2	4	3	3	4	0	0	3	0	2	3	2	3	3	3	3	0	0	4	2	4	1	0	2	0	4	2	3	1	2	2	3
	greek	Greek	1	0	0	0	0	0	0	0	2	2	2	3	2	2	2	2	3	3	3	4	3	4	3	1	4	0	4	1	3	1	2	2	4	3	3	3	3	4	3	2	1	0	1	1	0	1	3	1
	greek	Greek	4	1	1	3	0	4	3	3	0	1	2	0	0	3	0	1	4	4	1	3	3	4	0	4	4	1	1	4	0	2	3	0	1	3	3	4	2	1	4	4	0	1	0	0	0	0	0	0
	greek roman	Greek and Roman Studies 	0	1	0	0	0	1	2	0	3	1	0	3	1	1	0	1	1	1	0	2	2	2	1	2	2	3	3	4	3	3	4	2	0	1	0	0	1	0	0	3	2	3	3	2	3	3	0	3
	gregorian chant	Gregorian Chant	2	2	1	2	2	3	2	2	3	2	2	2	2	2	2	2	4	3	2	4	3	3	2	4	3	3	1	3	2	3	3	2	1	1	3	2	3	3	3	1	1	1	2	2	3	3	2	1
	gs	GS	1	2	2	2	2	3	2	4	2	3	2	1	2	2	2	2	3	3	2	0	1	2	2	3	3	3	1	2	2	2	4	2	2	3	2	2	2	1	3	1	2	3	4	2	3	1	2	2
	guidanc	Guidance	0	2	2	2	0	3	0	3	2	4	2	3	1	3	2	3	1	2	3	2	3	2	2	4	4	1	2	3	4	4	2	3	1	2	3	2	3	4	3	3	2	3	3	4	3	3	3	3
	guidanc	guidance	0	0	0	0	0	0	0	0	2	2	2	2	2	0	0	0	0	2	2	3	3	1	2	1	4	3	2	3	3	3	4	2	2	3	3	0	4	2	2	2	1	2	2	3	0	0	0	0
	guidanc councel	GUIDANCE AND COUNCELING	2	2	2	2	2	0	2	2	4	4	4	2	2	2	0	2	4	2	2	4	4	4	4	2	4	2	3	4	4	4	4	4	2	2	2	4	2	2	2	2	2	2	3	3	2	2	2	2
	guidanc councel	guidance and counceling	4	2	1	1	1	2	4	2	1	1	1	1	1	1	1	1	3	2	4	2	4	3	3	4	2	3	3	2	2	3	4	3	1	4	3	4	1	4	1	4	3	3	3	4	4	3	4	4
	guidanc councel	guidance counceling	0	2	1	1	0	2	1	1	4	4	3	3	3	2	3	2	2	3	3	4	4	4	0	3	4	3	3	2	3	3	4	2	0	0	3	1	2	2	0	2	0	0	2	3	3	3	1	1
	guidanc council	Guidance counciling	0	0	0	0	0	0	0	0	0	2	0	0	0	0	0	0	2	0	0	2	2	4	0	0	2	4	2	4	4	0	4	4	0	0	0	4	0	4	0	0	0	0	0	0	0	0	0	0
	gunsmith	gunsmithing	3	0	2	0	0	2	0	0	2	0	0	0	0	0	0	0	2	0	0	0	0	4	0	0	0	4	2	0	0	0	0	2	2	0	0	0	0	0	0	0	0	0	0	0	0	0	0	0
	gymnast	gymnastics	1	1	0	1	0	1	0	0	4	0	0	0	0	0	0	0	0	1	1	1	3	0	0	0	4	4	4	4	4	4	4	4	3	3	3	3	3	3	3	4	1	3	1	1	1	1	0	0
	génie énergétiqu	génie énergétique	3	0	3	1	2	3	2	2	0	0	2	2	3	2	3	0	0	0	1	0	2	2	0	0	4	4	2	3	3	0	2	0	0	0	1	0	3	0	0	0	0	1	1	0	3	2	0	0
	hacker	Hacker	4	4	3	4	4	4	4	4	2	2	2	2	2	1	2	1	1	3	2	1	1	2	1	2	2	3	2	2	4	4	4	4	3	3	4	3	3	4	3	4	4	4	4	3	4	4	3	4
	hair beauti	hair and beauty 	2	2	1	2	2	0	1	1	1	4	3	4	4	4	1	2	3	2	1	2	2	0	2	2	4	2	4	2	4	3	2	4	0	1	1	4	3	2	2	2	0	1	1	2	2	0	1	1
	hair style	Hair styling	0	0	0	0	0	0	0	0	0	0	0	0	0	0	0	0	2	4	4	4	0	4	4	3	2	0	2	0	0	0	0	0	0	0	0	4	0	4	0	0	0	0	0	0	0	0	0	0
	hair sytl	hair sytles	0	3	3	1	1	1	1	2	2	2	1	3	1	2	2	1	0	1	2	1	3	1	1	2	1	2	2	2	2	2	2	1	3	0	1	1	1	1	1	2	2	2	4	3	3	0	0	0
	hair sytl	hair sytles	0	0	0	0	0	0	0	0	0	0	0	0	0	0	0	0	0	0	0	0	0	0	0	0	0	0	0	0	0	0	0	0	0	0	0	0	0	0	0	0	0	0	0	0	0	0	0	0
	hairdress	Hairdressing	0	3	0	2	1	2	2	2	3	3	4	1	2	2	3	2	1	3	4	4	4	4	3	4	2	3	3	1	3	3	0	3	0	0	0	4	0	1	0	4	1	3	2	1	4	2	2	3
	hairdress	Hairdressing	1	0	0	2	0	0	0	0	2	2	3	2	2	2	1	3	3	3	2	4	4	4	4	3	3	4	4	3	3	4	4	4	1	1	3	4	2	4	0	2	0	2	0	3	0	0	0	2
	hairdress	hairdressing	0	0	0	1	1	0	1	0	2	0	0	2	1	0	1	0	2	3	3	3	3	3	3	3	2	0	3	2	2	2	1	1	2	2	2	4	2	3	2	2	0	1	1	1	1	1	1	1
	hairstyl	hairstyles	4	2	2	2	4	0	0	0	0	0	4	4	4	4	0	0	4	2	4	4	4	4	4	0	2	4	4	4	4	0	4	4	4	0	4	4	0	4	4	4	0	0	4	0	4	4	0	4
	hairstylist	Hairstylist	1	1	0	1	0	1	1	2	0	3	3	1	0	1	0	1	1	1	3	0	0	1	2	1	3	2	3	1	3	3	3	0	1	1	1	3	0	1	1	1	2	2	2	2	1	2	1	1
	hand thing	hands on things	2	2	0	1	1	1	2	2	1	3	3	2	2	3	2	3	0	2	0	0	0	0	1	0	2	1	1	1	1	1	1	1	0	1	2	0	1	1	2	1	3	1	1	1	1	1	1	1
	happi	happy	2	2	2	2	3	0	4	1	2	2	2	2	3	2	4	4	2	2	2	2	1	2	4	1	2	2	2	2	2	2	4	4	2	2	2	2	2	4	4	2	2	2	2	2	2	4	0	3
	hardwar engin	Hardware engineering	3	2	0	2	0	0	1	0	0	1	0	1	0	1	0	1	2	2	1	0	1	4	0	2	1	3	3	1	4	2	2	1	0	0	3	1	4	2	0	4	0	0	2	1	3	1	1	1
	hardwar engin	hardware engineering	2	2	1	2	1	2	2	1	4	4	4	3	4	4	3	2	4	4	4	4	4	4	3	4	4	3	3	4	3	3	3	2	2	1	1	3	2	3	2	3	0	1	1	1	1	2	1	1
	harvard	harvard 	0	4	1	4	4	0	4	0	4	4	4	4	4	4	4	4	4	4	4	4	4	4	4	4	4	4	4	4	4	4	4	4	4	1	3	4	4	4	4	4	4	1	1	0	4	4	0	4
	harvard	Harvard	4	4	4	4	4	4	4	4	4	4	4	4	4	4	4	4	4	4	4	4	4	4	4	4	4	4	4	4	4	4	4	4	4	4	4	4	4	4	4	4	4	4	4	4	4	4	4	4
	hate jew nazi	I hate Jews and nazis	4	4	4	4	4	4	4	4	4	4	4	4	4	4	4	4	4	4	4	4	4	4	4	4	4	4	4	4	4	4	4	4	4	4	4	4	4	4	4	4	4	4	4	4	4	4	4	4
	havent	i havent	0	0	4	1	2	1	1	0	2	4	3	1	2	4	1	0	0	3	4	3	3	4	1	0	3	3	4	3	4	4	4	4	0	2	2	3	2	3	0	2	0	4	0	3	2	4	0	0
	havent	havent 	1	0	0	0	0	0	0	0	4	3	3	4	3	4	3	2	0	3	3	3	3	3	3	3	0	3	3	3	3	3	3	1	0	0	1	0	3	1	0	1	0	0	0	1	0	0	0	0
	havent	Havent been to college yet	0	0	0	0	0	0	0	0	3	4	4	1	4	4	1	2	0	0	0	0	0	0	0	0	1	0	0	0	1	0	1	0	0	1	0	0	0	1	0	0	0	0	1	0	0	0	0	0
	havent attend	havent attended 	0	0	0	0	0	2	0	0	0	2	2	0	0	2	0	1	0	3	2	4	0	4	3	0	0	0	0	4	4	1	4	3	0	0	0	0	0	0	0	3	0	0	0	0	0	1	0	0
	havent attend	havent attended college 	0	3	4	3	4	3	2	3	0	2	1	1	0	2	0	2	0	4	1	2	0	0	4	1	2	2	0	1	1	3	0	0	1	2	0	0	0	0	2	2	0	1	0	0	0	1	0	0
	havert	Havert	3	1	1	0	3	2	4	3	3	1	1	0	3	1	0	3	3	4	3	1	2	4	4	4	2	2	3	3	1	0	4	3	3	3	4	0	4	3	3	0	3	2	3	3	2	4	4	0
	hawaiian	Hawaiian Studies	0	0	0	0	0	0	0	0	0	0	0	0	0	0	0	0	0	0	2	2	2	2	0	1	2	2	0	1	2	1	2	0	0	0	0	0	2	0	0	0	1	0	0	0	0	0	0	0
	hawaiian cultur	hawaiian culture 	1	1	1	2	1	0	1	2	1	1	2	1	1	2	0	1	2	2	2	2	1	2	0	1	2	2	3	1	2	1	2	2	1	2	1	1	2	1	1	1	1	2	1	1	0	0	1	1
	hca	HCA	4	1	0	0	0	1	0	1	2	1	1	3	0	0	0	0	1	1	1	0	0	0	2	0	3	3	3	3	3	4	3	3	2	3	3	2	3	4	1	2	4	3	2	4	4	4	2	4
	hdfs	HDFS	0	2	0	0	0	1	0	0	2	3	1	0	0	2	0	3	2	2	2	3	3	2	2	0	4	2	2	1	4	0	3	1	1	0	0	1	1	0	0	2	0	0	0	0	0	0	0	0
	hdfs	HDFS	0	0	0	0	0	0	0	0	4	3	2	3	2	1	2	0	0	0	0	0	0	0	4	0	1	4	1	4	3	1	2	1	0	2	2	2	1	1	2	0	0	0	0	0	0	0	0	0
	hdfs	HDFS	4	4	0	2	0	2	0	0	0	0	0	0	0	0	0	0	1	0	0	0	0	3	0	0	4	2	4	2	4	3	3	2	0	0	0	0	2	0	0	0	4	1	2	4	4	4	0	0
	hdfs	HDFS	2	0	0	1	1	0	2	0	2	4	1	2	1	2	0	1	1	0	2	1	1	0	0	0	4	4	4	2	4	4	4	4	2	1	2	1	2	1	1	1	2	1	1	1	0	0	0	1
	hdfs	HDFS	2	0	0	0	0	0	1	0	2	3	2	2	0	2	1	2	0	0	2	0	0	0	0	0	4	4	4	2	4	4	4	4	1	1	1	1	1	1	1	2	0	1	0	0	0	0	1	0
	health alli	health allied	2	0	0	0	0	0	0	0	4	2	4	4	4	0	4	0	3	2	3	3	4	4	2	3	3	4	3	0	3	2	3	2	2	0	0	2	2	3	0	2	0	1	0	0	0	2	0	0
	health alli	Health Allied	4	3	1	0	1	4	2	4	4	0	3	3	4	4	4	3	2	2	3	0	3	3	2	4	4	3	4	2	4	4	4	4	4	2	2	1	2	2	2	4	2	1	1	1	1	1	1	3
	health alli	Health Allied	4	4	3	4	1	4	4	3	4	3	3	4	3	4	4	2	2	4	3	0	3	3	4	4	4	2	4	2	3	2	3	4	2	0	3	0	2	3	1	3	1	2	1	1	2	4	1	2
	health allianc	Health alliance	0	0	0	1	0	0	0	0	3	2	1	4	3	2	2	2	2	4	4	4	4	3	4	4	4	4	4	4	4	3	3	2	1	2	2	3	3	3	4	3	2	2	3	3	3	2	3	2
	health behavior	Health Behavior	0	2	2	0	0	3	0	2	4	2	2	0	0	4	0	2	0	3	2	2	3	3	3	3	0	2	0	4	0	2	2	3	0	1	0	1	0	0	3	0	0	0	0	0	0	0	0	0
	health busi	health science/business	0	0	0	1	1	1	1	2	3	2	2	3	2	2	2	1	0	2	2	1	2	1	1	1	3	2	2	2	2	2	2	2	2	2	2	1	3	2	2	1	2	2	2	2	2	2	2	2
	health care	Health Care Studies	0	0	0	0	0	0	0	0	4	4	4	4	4	0	4	0	0	0	2	4	4	0	0	0	3	4	4	4	4	1	2	0	0	2	4	3	3	2	0	0	0	2	0	0	2	0	0	0
	health care	Health care	2	2	2	2	2	3	3	2	3	3	3	2	2	3	3	2	2	2	2	2	2	2	2	2	3	3	3	3	3	4	3	4	1	2	1	2	3	2	2	4	1	2	2	2	2	3	2	2
	health care	Health Care	0	0	0	2	0	0	0	0	0	0	0	2	0	0	0	0	0	1	0	0	0	0	2	0	2	2	3	1	4	4	2	0	1	2	2	0	4	2	2	1	1	2	2	3	0	0	3	1
	health care	health care	4	2	1	4	2	2	4	0	4	3	2	4	2	2	2	0	2	4	2	3	3	2	2	2	4	4	4	4	4	4	3	4	2	4	2	2	4	2	2	1	2	4	2	4	4	4	2	4
	health care	health care	0	0	0	0	0	0	0	0	4	4	2	2	0	0	0	2	2	2	4	2	0	2	0	4	4	4	4	0	4	4	2	4	0	0	0	0	0	0	0	0	0	0	0	0	0	0	0	0
	health care	Health Care	0	0	0	0	0	0	0	0	0	0	0	0	0	0	0	0	0	0	0	4	0	0	0	0	0	2	0	0	4	0	2	4	0	4	0	0	0	0	0	0	0	0	0	0	0	4	0	0
	health care	Health care	0	0	0	0	0	0	0	0	0	2	0	0	0	0	0	0	0	0	0	0	0	0	0	0	2	2	3	2	3	2	2	2	0	0	0	0	0	0	0	0	0	0	0	0	0	0	0	0
	health care	health care	3	0	4	1	0	2	0	0	3	1	3	4	1	3	1	3	4	4	0	4	0	4	0	0	4	4	4	4	4	2	2	4	0	0	4	4	3	4	2	0	4	0	4	4	0	4	3	3
	health care	Health Care	3	1	0	4	2	2	4	0	4	0	0	4	0	0	0	0	0	0	0	0	1	2	2	2	4	2	4	3	4	3	4	3	2	3	3	3	4	4	3	3	4	4	4	3	3	3	4	4
	health care	health care	2	0	0	1	0	4	0	0	4	4	3	3	3	4	4	2	3	3	2	3	3	4	0	3	4	2	2	4	3	3	4	0	1	0	1	0	3	1	2	1	0	0	1	0	0	2	0	1
	health care	Health Care	2	0	0	0	0	0	0	0	2	0	2	3	0	0	3	0	2	0	0	2	0	2	1	0	2	3	4	4	3	2	2	3	0	0	2	0	3	0	2	2	3	0	2	3	0	2	2	2
	health care	Health care	3	3	3	3	1	3	1	3	3	2	2	3	3	2	3	3	0	0	0	3	3	3	3	3	3	0	2	3	2	3	3	3	1	0	2	3	3	1	3	3	0	3	2	2	1	2	1	2
	health care	Health care 	2	2	0	3	0	2	0	0	3	1	2	3	4	0	0	0	0	0	0	0	0	0	0	1	4	3	0	3	0	0	3	2	0	0	0	0	0	0	0	0	0	0	0	0	2	2	0	1
	health care	Health Care	2	2	1	1	1	2	1	1	4	3	3	4	3	2	3	1	3	4	4	3	3	3	3	4	2	4	2	2	1	3	2	4	2	2	2	2	1	1	2	1	3	3	4	1	2	2	3	1
	health care	health care 	0	0	0	0	0	1	0	0	3	1	0	3	1	0	2	0	0	0	0	0	0	0	0	0	4	4	3	3	4	3	1	3	0	0	0	0	0	0	0	0	0	2	0	0	0	1	0	0
	health care	health care	2	3	0	0	1	3	1	0	3	4	4	2	2	3	1	0	1	4	1	4	4	4	3	3	2	4	4	4	4	3	4	4	1	3	1	0	2	1	2	1	1	3	0	4	1	3	0	2
	health care	health care	0	0	0	0	0	0	2	0	4	0	0	4	0	0	0	0	2	0	0	2	0	0	0	0	2	2	4	2	4	2	2	4	2	2	4	2	2	2	0	2	4	2	4	4	2	2	0	4
	health care	health care and science	2	3	0	0	0	1	0	2	4	4	4	4	4	4	4	4	2	4	4	4	4	3	4	2	2	4	3	4	4	4	4	2	2	3	2	2	4	4	0	3	2	2	1	1	2	2	0	1
	health care	Health Care	2	0	0	0	0	0	2	0	4	1	1	3	2	1	3	1	1	1	2	1	1	3	0	0	3	2	3	2	3	2	2	3	2	2	2	1	3	1	3	2	1	1	2	1	2	3	2	1
	health care	health care	0	0	0	0	0	0	0	0	4	4	2	4	4	4	4	0	0	1	0	1	2	1	2	0	2	2	3	3	3	0	2	1	1	1	3	0	2	0	3	0	0	0	0	0	1	2	0	0
	health care	Health Care	4	1	0	4	0	0	0	0	4	4	4	4	4	4	4	2	4	4	4	4	0	4	4	4	4	4	4	2	4	4	4	3	0	0	2	1	0	2	0	0	0	0	2	0	0	0	0	0
	health care	Health care	4	0	0	0	0	2	1	1	3	0	0	1	0	0	1	1	0	0	0	0	0	0	0	0	1	3	4	1	3	2	1	3	0	4	3	0	2	2	1	2	1	3	3	1	2	4	1	1
	health care	Health Care	2	2	2	2	2	2	2	2	2	2	2	2	2	2	2	2	2	2	2	2	2	2	2	2	2	2	2	2	2	2	2	2	2	2	2	2	2	2	2	2	2	2	2	2	2	2	2	2
	health care	Health Care	0	0	0	0	0	0	0	0	2	3	1	1	0	3	0	0	4	4	4	3	1	2	0	4	4	4	4	0	4	4	4	4	3	0	4	4	3	1	3	2	3	4	3	3	1	0	3	2
	health care	health care	1	1	0	1	0	1	1	0	3	3	2	2	2	4	2	2	0	1	1	0	0	1	1	1	2	3	3	2	3	3	2	3	2	2	2	2	1	3	2	3	2	1	1	2	1	1	1	1
	health care	Health care	3	1	0	3	1	3	1	1	4	3	3	4	3	3	3	3	3	2	3	2	2	4	1	2	3	3	3	3	2	1	2	3	1	1	2	1	2	1	1	2	1	2	2	2	2	2	1	1
	health care	Health Care Studies	3	1	1	2	1	1	2	0	4	2	2	4	1	1	2	1	2	1	1	1	1	0	1	1	4	4	4	4	4	3	4	4	2	2	3	2	3	1	3	1	4	4	4	4	4	3	4	4
	health care	health care	2	0	0	3	2	3	4	3	4	2	2	4	4	2	4	3	3	3	4	4	4	4	4	4	4	4	2	4	2	4	4	4	0	4	3	4	4	4	4	4	0	4	2	2	3	4	2	2
	health care	Health Care	4	2	3	4	3	4	4	1	4	2	2	4	4	4	4	1	2	3	2	1	1	1	4	2	4	4	4	4	4	4	4	4	2	4	4	4	4	4	4	4	4	4	4	4	4	4	0	4
	health care adminstr	health care adminstration	0	0	0	0	0	0	0	0	4	0	0	4	0	0	4	0	0	0	0	0	0	0	0	0	4	4	4	0	4	2	0	4	0	0	0	0	4	0	0	0	4	0	2	4	4	3	2	3
	health communiti	Health and Community studies	3	3	0	2	0	3	0	2	3	1	0	2	1	1	0	0	2	1	1	1	0	2	0	0	4	4	3	0	3	3	3	2	3	2	3	0	3	3	3	2	3	1	2	3	3	3	3	1
	health fit	health and fitness	3	3	2	1	1	2	2	4	2	3	2	2	1	2	1	2	1	3	2	3	3	4	4	2	2	1	3	4	3	4	4	4	3	3	3	3	3	3	3	3	2	2	3	3	3	2	3	1
	health fit	health and fitness	2	3	1	1	2	2	3	1	4	4	3	3	2	3	3	3	2	3	3	4	3	4	3	3	2	3	2	4	1	3	3	3	3	2	3	3	2	3	2	3	1	1	1	2	1	2	2	2
	health fit	Health and Fitness	2	0	0	0	0	0	0	0	4	2	4	4	4	3	2	0	0	1	4	2	4	0	0	0	2	4	4	4	4	4	4	0	0	0	0	2	2	2	2	0	2	0	3	4	4	2	0	2
	health fit	Health and Fitness	0	0	0	0	0	2	0	0	4	2	4	4	4	4	2	2	2	2	4	2	4	2	0	0	3	4	0	4	4	4	4	0	2	2	2	3	2	0	2	0	4	2	4	4	4	3	0	4
	health ibnformat	Health Ib=nformatics	4	0	0	0	0	0	4	0	0	3	0	3	0	0	3	0	0	0	0	0	0	0	0	0	1	3	3	0	4	3	3	4	0	0	0	0	3	0	0	0	1	4	3	4	4	4	0	0
	health nutrion	Health or Nutrion	0	1	1	0	1	1	1	1	2	1	1	2	2	1	1	1	1	1	3	1	4	2	1	2	1	3	3	1	2	2	3	1	3	1	2	3	2	2	1	1	1	1	1	1	1	1	1	1
	health occup	Health Occupations	1	0	0	0	0	1	0	0	4	4	3	4	3	4	4	2	0	1	2	2	2	2	2	0	2	2	3	2	3	2	3	2	0	0	0	0	1	1	1	1	1	2	1	0	1	2	1	1
	health pe	Health and PE 	3	2	2	4	4	4	4	2	3	1	2	3	2	3	2	3	0	0	1	3	0	2	4	3	0	4	4	4	2	0	4	1	0	2	1	2	1	0	0	4	0	0	0	1	3	4	0	0
	health physcial edu	Health and Physcial Edu	0	1	0	0	0	0	0	1	4	3	1	3	0	3	2	1	1	1	2	0	2	1	3	1	4	4	4	4	4	4	3	3	1	2	2	2	3	1	2	2	2	0	0	2	2	1	1	1
	health polici	health policy	0	0	3	0	0	3	0	1	4	4	4	4	4	4	4	4	0	3	4	3	3	2	3	4	4	4	3	3	3	1	3	1	2	1	3	1	4	1	4	1	0	0	2	0	4	2	2	0
	health polici	health policy	3	0	0	0	0	0	0	0	4	0	1	3	3	0	3	0	0	0	0	0	0	0	0	0	1	3	3	3	3	2	3	4	0	0	1	0	3	0	0	0	0	0	0	0	1	0	0	0
	health polici	Health Policy	0	0	0	0	0	0	0	0	3	1	0	1	1	1	1	0	1	2	0	0	0	0	0	1	3	3	2	3	3	2	1	3	0	2	2	0	3	2	1	2	1	1	0	2	1	0	1	2
	health polici	Health Policy Studies	0	0	0	0	0	0	0	0	0	2	1	1	1	1	0	0	4	2	1	3	3	3	1	1	3	4	2	2	2	0	2	2	3	1	2	1	3	1	1	1	3	2	1	4	3	1	2	2
	health profess	health professions	2	2	0	0	1	2	1	0	4	4	2	3	1	2	1	0	0	2	2	1	3	2	1	3	2	3	3	2	3	2	4	2	1	2	2	3	3	3	2	3	3	1	2	2	3	3	0	3
	health profession	Health, Pre-professional	2	1	0	3	0	1	1	1	4	1	3	4	3	2	3	1	1	1	2	0	1	1	2	2	3	2	4	2	4	2	2	4	0	2	1	2	2	2	2	2	0	2	1	2	2	2	2	1
	health promot	Health Promotion	1	1	0	2	1	0	1	1	4	4	4	4	3	4	4	4	0	0	0	1	1	1	0	0	1	4	4	4	3	1	4	2	1	2	1	3	3	1	1	1	3	1	2	3	4	3	3	3
	health promot	health promotion	2	1	3	1	0	3	2	1	4	3	1	2	0	0	2	0	2	3	0	0	2	1	3	1	4	3	3	1	1	0	3	0	0	2	1	0	2	2	3	0	3	3	3	2	1	3	3	2
	health promot	Health promotion	2	0	1	1	1	1	1	1	3	0	1	2	1	1	1	1	1	0	3	0	1	1	1	1	3	4	3	2	3	3	3	3	0	1	1	0	1	1	1	1	2	1	1	1	1	1	1	1
	health promot	health promotion	0	0	0	0	0	0	0	0	4	0	0	3	1	0	1	0	0	0	0	0	0	0	1	0	3	1	2	2	1	0	0	0	0	1	0	0	2	0	0	0	1	0	1	0	0	3	0	0
	health promot	health promotion	0	1	0	0	0	0	0	0	3	3	4	2	1	3	3	1	2	2	3	3	2	3	3	3	3	2	4	4	4	3	4	2	2	1	3	1	2	2	3	3	0	0	0	0	0	0	0	0
	health promot	Health Promotions	0	0	1	1	1	1	1	1	3	2	2	2	2	2	2	1	0	0	0	0	0	1	1	1	2	2	3	4	4	2	3	4	0	1	1	1	1	1	1	1	3	1	1	1	1	1	1	1
	health promot	health promotion	0	1	0	1	0	0	0	0	2	2	2	2	2	2	2	1	3	3	2	4	4	4	0	1	3	3	2	1	3	2	3	1	0	1	1	2	2	2	0	1	1	0	1	3	2	2	1	0
	health promot	Health Promotions	4	2	0	0	0	0	0	1	3	4	2	4	2	1	2	0	1	0	1	3	0	4	1	0	4	4	3	3	3	1	3	1	0	0	0	1	4	1	2	0	3	2	3	4	1	2	0	0
	health promot	Health promotion	1	3	1	3	3	2	3	3	3	2	1	3	2	0	2	0	0	2	0	0	0	0	3	1	1	1	2	2	1	1	0	1	1	1	2	2	1	2	2	1	3	2	3	3	3	2	3	2
	health promot	Health Promotions	2	3	2	3	3	1	2	3	3	4	3	2	2	3	2	2	2	3	1	3	3	0	3	2	3	3	3	4	4	4	2	3	1	2	3	2	3	2	2	3	2	1	1	0	0	2	1	2
	health promot	Health Promotion	2	3	0	0	0	0	0	3	3	4	4	4	3	4	2	4	3	1	3	4	3	4	2	0	3	4	4	4	4	4	4	4	2	3	0	3	1	3	3	1	1	0	0	1	0	2	0	1
	health promot	Health Promotion	0	0	0	0	0	2	0	0	4	0	0	0	0	0	0	0	2	3	2	2	2	0	2	2	4	4	4	4	4	4	2	3	4	4	0	4	4	4	2	0	0	0	1	0	0	3	1	0
	health promot	health promotions	2	1	0	1	0	0	1	0	3	2	2	1	3	2	2	2	0	0	2	0	1	2	2	2	1	2	2	2	2	2	1	2	2	2	1	1	1	2	1	1	1	1	0	0	0	2	1	0
	health promot diseas prevent	Health Promotion & Disease Prevention	0	4	0	0	0	0	0	0	4	2	4	4	4	4	4	0	1	2	3	0	0	2	2	0	4	4	4	4	4	1	4	4	0	0	4	3	3	1	1	2	4	2	4	3	2	4	4	1
	health promot euduc	Health Promotion and Euducation	0	1	0	0	0	1	0	3	4	2	0	2	0	3	3	3	0	0	0	2	2	3	3	1	3	4	4	4	4	4	3	3	0	0	2	0	2	0	0	0	0	0	0	2	2	2	0	0
	health psycholgi	Health Studies and Psycholgy	0	3	0	1	0	3	0	2	4	3	2	4	3	2	2	1	1	1	3	2	1	1	3	1	3	3	4	2	4	3	2	2	1	1	0	1	0	1	3	1	2	0	0	0	0	0	0	0
	health recreagt	Health and Recreagtion	2	2	1	2	2	2	3	2	3	1	1	1	1	1	2	1	4	3	2	4	2	3	1	1	4	4	3	4	4	3	3	4	2	2	2	2	2	1	2	1	2	1	1	2	1	2	1	1
	health rehabilit	Health and Rehabilitation Sciences	2	1	0	1	0	1	0	0	4	3	3	3	3	2	3	2	1	1	1	1	1	2	1	1	3	4	3	2	4	4	2	3	1	1	1	1	2	1	1	1	1	1	1	1	2	2	1	0
	health safeti	Health and Safety	1	2	3	0	0	2	0	1	3	3	3	4	4	4	2	4	0	2	3	3	2	2	4	3	4	3	4	3	4	4	3	2	1	1	3	0	4	3	2	3	2	0	1	1	1	0	1	0
	health safeti	health & safety	0	1	0	0	0	3	0	3	2	3	3	3	3	3	2	3	0	1	2	3	2	2	0	2	3	4	1	2	3	2	3	2	0	0	0	0	0	0	0	0	0	0	0	1	0	1	0	0
	health safeti	health and safety 	4	4	4	4	3	4	4	3	4	4	4	3	3	4	3	2	3	1	2	1	1	4	0	0	1	3	3	1	2	3	1	3	0	0	1	1	0	0	0	0	1	2	2	1	0	1	0	1
	health scien	Health Sciene	2	0	0	0	0	0	0	0	4	4	3	2	3	4	2	0	0	0	0	0	0	0	0	0	2	3	0	4	3	0	0	0	0	1	0	2	0	2	2	0	0	0	0	0	0	0	0	0
	health scienc	Health scienced	0	0	0	0	0	0	0	0	4	2	3	4	4	2	4	1	2	0	2	4	4	3	2	1	0	3	2	3	4	4	4	3	0	0	2	3	1	0	0	0	2	0	1	2	0	0	2	1
	health scienc	Health Scienc	4	2	1	1	1	2	2	3	4	2	1	2	2	1	3	0	4	1	3	3	1	4	1	4	3	4	3	4	3	2	2	3	2	3	2	4	2	2	4	2	2	4	3	0	0	4	1	0
	health scientist	health sciences or scientist	0	0	0	0	0	0	0	0	0	4	4	4	4	0	4	0	0	0	0	0	0	0	0	0	0	0	0	0	4	0	0	2	0	0	0	0	0	0	2	0	0	0	0	0	0	0	0	0
	health scinc	health scinces	2	2	3	1	1	1	0	2	4	1	2	4	2	0	3	0	1	1	0	2	1	1	3	1	1	3	1	4	2	2	2	1	1	1	1	1	1	2	2	0	2	1	1	1	1	0	2	0
	health social care	Health and social care	3	2	0	2	2	2	0	2	2	2	2	2	2	2	2	2	1	2	3	3	3	3	3	3	3	3	3	2	4	1	0	4	0	0	1	0	3	0	2	1	0	0	1	2	3	3	2	1
	health system mgmt	Health Systems Mgmt	4	4	2	2	3	3	3	3	3	3	3	1	1	3	1	1	0	0	0	1	0	0	3	3	3	4	4	4	3	0	1	1	2	0	3	1	4	0	3	0	4	4	4	3	1	3	3	4
	health technolog	health technology	4	0	0	4	0	1	4	2	4	0	1	4	1	1	4	1	0	1	4	4	0	0	4	0	1	4	4	4	4	4	4	4	0	4	2	4	1	4	4	4	0	4	4	2	4	4	1	4
	health technolog	Health Technology	3	2	0	4	1	1	3	1	2	2	2	3	3	2	3	2	1	1	1	1	0	1	1	1	4	2	4	2	4	1	1	4	3	2	3	4	4	3	2	2	3	3	3	3	4	3	4	4
	health variant	Health studies variants	2	0	3	4	0	1	0	3	4	2	2	4	4	0	4	3	2	0	4	0	0	2	0	0	4	0	0	2	4	0	0	1	0	0	0	4	0	0	3	0	0	0	0	0	4	0	0	0
	health well	Health and Wellness	2	0	0	0	0	0	0	0	4	2	2	2	2	2	2	0	2	3	2	3	3	4	1	2	4	2	4	4	3	3	4	3	0	3	2	0	2	0	0	0	0	0	0	0	0	0	0	0
	health well	Health and wellness	2	1	0	1	1	1	1	0	4	2	1	2	2	2	2	1	1	1	0	1	1	2	0	0	4	3	2	3	3	4	4	4	0	0	2	1	3	0	2	2	1	3	1	3	0	1	1	1
	health well	Health and Wellness	0	0	0	0	0	0	0	0	3	2	1	2	2	3	0	0	0	0	2	0	0	0	0	0	3	2	3	4	3	3	3	3	0	3	2	1	1	3	3	0	0	1	0	0	0	0	0	0
	health well	Health and Wellness	0	0	0	0	0	0	0	0	4	1	1	4	3	1	3	0	0	0	0	2	0	0	2	0	1	2	3	2	1	1	1	2	0	0	0	1	0	2	0	0	0	0	0	0	0	0	0	0
	health well	health and wellness	0	0	0	0	0	0	0	0	4	0	0	2	0	0	0	0	0	0	0	0	0	0	0	0	4	4	4	4	4	2	3	4	0	1	0	0	0	1	2	0	0	0	0	0	0	0	0	0
	health well	health and wellness	0	0	0	0	0	0	0	0	4	3	3	3	3	3	2	3	0	0	0	0	0	0	1	0	0	3	0	4	0	2	0	2	0	0	0	0	0	0	3	0	0	0	0	0	0	0	0	0
	health well	Health and Wellness	2	0	0	0	0	0	0	0	4	4	3	3	2	1	2	0	1	0	0	0	0	2	0	0	3	4	3	4	3	2	2	4	1	1	0	0	1	0	0	0	1	0	0	2	0	1	0	0
	health well	Health and Wellness	4	1	0	0	0	0	0	0	4	2	1	4	3	0	2	0	0	0	0	0	0	0	0	0	2	3	2	4	3	2	2	2	0	0	0	0	2	0	0	0	0	0	0	0	0	2	0	0
	health well	Health and Wellness 	1	0	0	1	0	1	0	0	4	2	2	3	3	1	3	0	1	2	1	1	1	0	0	0	3	3	3	3	3	3	3	4	0	2	1	1	2	1	0	2	0	1	1	1	2	3	1	1
	health well	Health and Wellness	0	1	0	1	0	2	1	3	4	4	2	4	0	3	0	1	1	3	3	4	3	3	4	4	2	2	3	4	3	4	4	4	1	3	3	3	3	3	2	3	0	1	0	0	1	0	0	0
	health well	Health & Wellness	0	3	0	2	0	2	0	3	4	4	4	3	3	4	2	3	3	3	2	4	3	4	4	4	2	3	3	4	4	3	4	1	0	0	0	1	0	0	0	0	0	2	0	0	2	3	0	0
	health well	health and wellness	0	1	0	0	0	0	0	0	4	1	3	3	1	3	3	2	0	0	1	0	0	0	0	0	3	3	0	4	0	2	0	1	0	0	0	0	0	0	1	0	0	0	0	0	0	0	0	0
	health well	health and wellness	0	0	0	0	0	0	0	0	0	0	0	0	0	0	0	0	0	0	0	0	0	0	0	0	2	0	0	0	1	0	0	2	0	0	0	0	0	0	0	0	0	0	0	0	0	1	0	0
	healthcar	Healthcare	4	4	3	2	0	0	3	0	4	1	2	0	0	1	1	0	3	4	1	2	4	4	4	4	3	2	0	1	0	0	4	4	0	0	0	3	0	0	0	0	0	3	0	1	0	0	0	1
	healthcar	healthcare	3	1	0	0	3	0	3	0	3	0	0	4	3	0	3	0	0	0	2	0	0	0	3	0	3	3	2	3	3	2	3	2	4	3	1	1	3	3	4	0	4	3	3	4	3	2	4	4
	healthcar	Healthcare	3	2	0	0	0	0	0	1	4	4	1	4	4	0	1	3	1	3	0	1	2	1	1	2	4	4	3	4	3	1	3	2	0	0	3	0	2	0	1	1	0	0	0	3	2	2	1	0
	healthcar	Healthcare 	2	1	1	1	0	0	0	0	3	3	2	2	2	2	2	0	1	2	1	1	2	2	2	0	3	3	3	4	2	2	2	2	0	2	1	0	0	0	0	0	1	1	1	0	0	0	0	0
	healthcar	Healthcare	2	4	1	2	1	3	1	2	3	4	3	3	3	3	3	0	1	2	2	2	2	2	3	3	4	4	4	4	3	3	3	3	2	3	2	1	1	1	2	1	3	0	1	3	3	3	1	1
	healthcar	Healthcare	1	0	0	0	0	0	1	1	4	3	3	3	1	3	3	1	1	3	1	3	1	3	1	1	4	4	3	3	3	4	4	4	1	1	3	1	4	3	3	3	3	0	3	3	3	3	3	3
	healthcar	healthcare	2	3	2	2	0	3	2	2	4	4	1	3	1	3	1	4	0	3	3	1	2	0	3	4	3	2	0	3	4	0	3	4	1	1	3	2	3	2	4	0	2	2	3	2	1	2	0	2
	healthcar	Healthcare	0	0	0	0	0	0	0	0	0	0	0	0	0	0	0	0	0	0	0	0	0	0	0	0	0	1	0	0	0	0	0	0	0	0	0	0	0	0	0	0	0	0	1	0	0	0	0	0
	healthcar	Healthcare/Science	0	0	0	0	0	0	0	0	3	3	3	4	4	4	4	4	1	4	4	0	4	0	4	4	4	2	0	3	1	0	4	4	0	1	1	4	4	0	0	0	3	1	0	4	2	3	1	0
	healthcar	Healthcare	2	1	2	2	1	2	1	1	3	2	3	3	1	3	2	1	2	3	2	2	2	2	3	1	3	2	3	3	2	1	2	2	2	1	1	1	1	1	1	1	1	2	2	2	1	1	1	2
	healthcar	Healthcare Science	4	0	1	2	0	0	0	0	4	4	4	4	4	4	4	3	0	2	3	0	2	3	0	0	2	4	3	0	1	1	1	0	0	1	0	0	0	1	0	0	3	1	0	2	0	0	0	0
	healthcar	healthcare	4	4	4	4	4	4	4	4	4	4	4	4	4	4	4	4	1	4	4	1	1	1	4	4	4	4	4	4	4	4	4	4	1	4	4	1	4	4	4	4	4	4	4	4	4	4	4	4
	healthcar	HealthCare	1	0	0	0	0	0	0	0	4	0	0	4	0	0	2	0	0	0	0	0	0	0	0	0	3	2	4	0	3	1	3	3	0	0	0	0	0	0	0	0	0	0	0	0	2	2	0	0
	healthcar	Healthcare	2	2	0	2	0	4	1	3	4	3	2	4	3	2	3	1	1	1	3	2	2	1	2	2	3	4	1	3	3	1	2	2	1	3	3	1	4	2	2	3	3	3	4	3	4	4	2	3
	healthcar	Healthcare	0	0	0	0	0	0	0	0	1	2	3	0	2	0	3	0	0	0	0	2	3	0	0	0	2	4	4	3	3	2	3	3	0	0	0	0	0	0	3	0	0	0	0	0	0	0	0	0
	healthcar	Healthcare	0	2	0	0	0	0	0	0	4	2	2	4	1	2	2	3	2	1	3	4	1	3	3	0	4	4	4	4	4	4	4	4	0	0	2	2	0	1	2	0	0	0	0	0	0	2	0	0
	healthcar	healthcare	2	0	1	3	0	4	1	2	4	2	2	4	2	2	3	1	0	2	1	1	0	1	0	1	3	3	3	3	4	0	2	4	3	0	4	0	4	1	3	3	3	3	3	1	2	1	2	3
	healthcar	Healthcare	2	3	0	0	1	3	2	2	1	2	2	0	0	0	0	2	0	0	1	3	2	2	0	1	3	1	0	0	1	1	1	1	1	1	0	0	0	1	0	3	2	2	0	1	3	2	0	2
	healthcar	Healthcare	3	2	0	3	2	2	2	2	3	2	2	3	3	2	2	1	1	1	3	3	3	2	1	1	3	2	3	3	3	3	2	3	1	2	1	2	2	1	1	2	1	2	1	2	2	2	1	1
	healthcar	Healthcare Studies	0	3	3	0	1	0	0	0	4	4	4	3	3	4	3	3	2	3	3	3	4	4	3	4	2	4	3	2	3	4	1	3	0	3	1	4	0	3	0	4	0	3	0	0	0	0	0	0
	healthcar	healthcare	2	0	0	0	0	0	1	0	4	2	3	4	4	2	4	0	2	2	2	4	4	0	0	4	4	4	4	4	4	4	2	4	1	2	2	4	2	4	0	2	2	2	3	2	1	2	2	2
	healthcar	healthcare	2	1	0	0	2	1	2	1	3	3	2	4	3	4	2	2	1	0	1	2	1	3	3	1	4	4	2	4	3	2	3	2	3	4	2	4	3	3	4	3	2	3	3	3	2	3	2	2
	healthcar	Healthcare	4	0	0	2	0	4	0	0	4	4	4	4	4	4	4	0	4	4	4	4	4	4	4	4	4	4	4	4	4	4	4	4	2	4	4	4	4	4	4	4	2	4	2	4	4	4	2	4
	healthcar	healthcare	4	4	4	4	4	4	4	4	4	4	4	4	4	4	4	4	0	0	4	0	0	0	4	0	4	4	4	4	4	4	4	4	4	4	4	0	4	4	4	4	4	4	4	4	4	4	4	4
	healthcar	Healthcare	1	1	0	1	1	1	1	1	4	2	2	4	3	1	3	1	1	0	1	2	1	1	1	1	2	3	3	1	3	3	3	2	1	1	1	1	1	1	1	1	1	1	1	1	1	1	1	1
	healthcar	healthcare	2	0	1	1	0	1	0	0	1	1	2	4	2	0	1	2	0	1	2	3	3	2	1	4	3	3	0	2	3	2	1	1	1	1	1	2	0	1	2	3	1	1	1	0	1	2	1	1
	healthcar	Healthcare	1	3	4	1	1	3	3	4	4	4	4	4	4	4	1	2	4	3	1	1	1	3	3	3	4	4	4	4	4	4	4	4	1	4	4	2	4	4	1	4	4	4	4	4	2	2	3	4
	healthcar	Healthcare	0	0	0	0	0	0	0	0	0	0	0	0	0	0	0	0	0	0	0	1	1	0	0	0	2	2	1	0	2	1	1	2	0	0	2	0	2	0	0	1	1	1	2	1	1	2	1	1
	healthcar	Healthcare	4	0	0	1	0	0	0	0	3	0	2	3	2	2	2	4	0	0	4	0	2	0	0	3	1	4	1	2	1	2	2	2	0	2	2	1	4	2	2	2	0	2	2	2	2	2	2	2
	healthcar	Healthcare	2	1	1	1	0	2	1	1	4	2	2	3	3	2	3	1	2	1	1	1	1	1	1	1	2	2	2	1	2	1	2	2	1	1	1	0	2	1	1	1	1	1	1	0	2	1	1	1
	healthcar	healthcare	2	2	0	1	2	1	3	3	4	0	0	1	0	0	0	0	0	0	0	1	0	1	3	0	2	2	1	3	2	3	2	4	0	0	3	2	1	2	3	1	2	4	4	2	0	2	2	2
	healthcar	Healthcare	0	3	0	2	1	3	2	3	3	3	3	4	4	4	3	3	3	3	2	4	4	4	0	3	3	4	3	3	4	2	4	3	0	0	0	2	0	0	0	2	0	2	0	1	2	3	1	0
	healthcar	Healthcare	2	2	0	0	0	0	0	0	2	2	2	0	0	0	0	0	1	2	0	0	0	0	0	0	3	2	3	0	3	0	3	3	2	3	2	0	3	3	2	0	2	3	3	2	2	0	0	1
	healthcar	healthcare	1	0	0	1	0	0	0	0	4	1	2	2	3	1	2	0	0	0	2	0	0	0	0	0	1	2	3	1	2	2	2	3	0	0	1	0	3	0	0	0	2	2	3	3	3	3	3	3
	healthcar	healthcare	0	0	0	2	2	0	2	0	4	0	2	4	4	0	2	0	2	0	2	0	0	2	0	0	2	4	4	0	4	4	4	4	0	0	4	2	2	2	0	2	4	4	4	4	2	2	0	4
	healthcar	Healthcare 	0	1	0	0	0	0	0	0	3	2	2	4	2	2	1	0	2	4	4	4	4	2	4	1	2	4	0	0	4	2	3	1	0	3	0	0	2	2	3	1	3	2	1	2	1	4	1	1
	healthcar	Healthcare	3	1	0	1	0	1	0	1	4	0	0	3	3	0	1	0	2	0	0	2	2	0	0	0	4	1	2	2	3	0	0	4	1	1	0	3	3	1	2	1	2	1	2	3	2	3	2	1
	healthcar	HEALTHCARE SCIENCE	0	0	0	0	0	0	0	0	2	0	0	2	0	0	0	0	3	0	0	3	0	2	0	0	3	1	3	3	3	2	4	0	1	0	0	0	4	0	0	0	2	3	3	4	0	3	3	4
	healthcar	Healthcare Studies	0	1	0	2	0	3	1	2	4	3	3	4	3	2	3	1	0	0	3	2	0	2	0	2	3	2	2	3	3	1	4	4	2	4	3	1	2	2	4	1	3	1	2	2	0	1	3	1
	healthcar	HEALTHCARE	2	2	2	3	3	3	4	2	3	4	4	4	3	2	4	3	2	4	4	4	3	3	3	4	2	4	4	3	3	2	4	3	3	2	3	3	3	0	3	4	2	2	3	3	2	3	4	4
	healthcar	healthcare studies	0	1	0	3	0	2	1	2	4	3	3	3	3	3	3	2	2	3	3	3	3	2	4	2	3	4	2	3	3	3	4	1	1	3	1	0	1	2	1	3	0	1	1	0	0	0	1	1
	healthcar	Healthcare	2	2	2	2	2	3	2	2	4	3	2	3	2	3	2	2	2	1	0	2	0	2	2	0	3	1	3	2	3	0	0	2	0	1	2	0	3	0	0	0	0	2	2	2	3	3	2	2
	healthcar	healthcare	1	4	1	0	0	4	0	4	2	4	2	4	0	0	2	0	4	4	4	4	4	2	0	4	2	1	0	3	3	4	4	2	2	4	2	0	4	3	4	4	0	4	3	3	3	2	2	2
	healthcar leadership	Healthcare Leadership	3	2	2	2	2	2	2	1	2	2	1	3	0	3	2	0	2	2	0	2	4	3	3	0	4	2	3	2	3	0	2	2	2	1	2	1	2	1	1	0	3	2	2	2	2	1	1	2
	healthcar mangement	healthcare mangement	2	4	0	4	4	4	0	2	4	2	0	3	2	0	4	0	3	4	0	4	4	2	0	0	4	4	4	1	4	4	3	4	1	0	3	1	4	2	0	4	4	1	4	4	2	4	1	4
	healthcar mangement	healthcare mangement	0	4	0	0	0	3	0	3	2	4	0	3	0	3	0	2	2	0	0	3	0	4	0	3	2	4	0	2	4	0	2	3	0	1	4	3	3	3	3	3	4	2	4	3	1	0	3	3
	healthcar mgmt	Healthcare mgmt	0	2	0	0	0	3	0	3	4	2	2	3	3	0	3	2	2	1	2	1	0	0	1	0	3	3	1	3	2	0	1	2	1	2	2	0	3	2	2	3	3	2	3	3	3	4	2	2
	healthcar profession	healthcare professional	2	0	0	0	0	0	0	0	4	4	4	4	3	4	4	0	1	3	4	4	4	4	3	2	1	0	2	4	2	0	1	2	0	0	0	1	0	0	0	0	0	0	0	3	0	2	0	0
	healthcat	Healthcate	0	0	0	0	0	0	0	0	3	0	0	4	0	0	2	0	4	0	0	4	0	4	0	0	4	2	4	0	4	0	0	4	0	0	0	0	4	0	0	0	3	0	4	4	4	4	0	4
	healyh safeti	Healyh & Safety	2	3	4	2	3	4	3	4	3	3	3	2	2	3	2	3	1	4	1	1	3	2	4	3	4	4	3	3	4	3	2	4	1	1	3	2	4	2	1	3	0	2	1	2	2	2	1	2
	hear	Hearing Science	2	1	2	1	1	1	1	1	3	1	2	2	2	1	2	2	2	1	1	2	2	2	1	1	3	2	2	1	2	2	2	2	1	2	2	1	2	1	1	1	2	2	2	2	2	2	2	2
	heat power	Heating power	4	1	0	1	1	1	1	1	3	0	1	2	1	1	0	0	3	0	0	2	1	4	0	0	3	1	0	0	2	0	0	0	1	3	1	0	3	2	3	0	4	3	4	2	4	3	2	2
	heath servic adminstr	Heath Service Adminstration	2	0	0	1	0	1	1	0	3	0	1	2	0	0	1	0	2	4	3	1	2	2	0	3	4	4	3	1	4	4	4	4	2	2	3	2	2	4	3	4	2	2	0	3	1	2	4	4
	heavi diesel technolog	heavy diesel tech 	4	3	3	3	3	3	3	3	3	1	3	3	3	3	2	2	0	0	3	3	2	3	2	1	2	2	2	3	2	0	2	2	3	2	3	1	3	1	2	1	0	4	3	3	2	2	1	3
	heavi equip	heavy equipment	2	2	3	0	3	2	2	3	1	0	0	0	0	1	0	1	0	0	0	0	0	0	2	0	1	2	0	0	0	0	0	2	1	1	1	0	1	0	1	1	1	1	1	1	1	1	1	1
	heavi equip technolog	Heavy Equipment Technician 	0	2	3	4	4	3	1	4	1	3	1	3	3	2	2	1	1	0	3	3	3	2	0	4	0	0	0	0	1	1	3	0	0	0	0	0	0	0	1	1	2	1	3	3	1	3	1	3
	hebrew	Hebrew studies	3	0	0	1	1	3	3	0	4	2	3	3	3	1	4	1	1	3	4	3	3	3	2	3	4	1	2	2	3	0	1	1	0	0	1	0	3	1	1	1	1	0	1	1	3	3	1	3
	heidi	heidi	2	0	1	3	3	0	1	0	1	1	2	3	0	1	2	1	2	2	1	1	0	2	1	3	1	2	0	2	1	3	1	2	0	1	2	2	1	2	0	1	0	0	1	1	0	2	1	0
	help	Helping	2	0	2	2	2	2	2	2	2	4	4	2	2	4	2	4	2	2	2	2	2	3	2	2	4	4	4	4	4	4	4	4	4	4	4	1	3	2	2	4	3	4	3	2	2	3	4	3
	help hand	Helping hand	4	4	4	4	3	3	4	4	3	3	3	4	4	4	3	3	4	4	4	3	3	3	4	4	3	3	3	4	4	4	3	3	4	4	4	3	3	4	4	4	3	3	3	4	4	3	3	3
	hemotolog	Hemotology	0	0	0	0	0	0	0	0	4	3	3	4	3	2	4	1	2	2	1	2	1	2	0	0	1	1	1	2	1	0	3	2	0	0	0	0	0	0	0	0	0	0	0	0	2	0	0	0
	herbtolog	herbtology	1	0	0	0	0	0	3	0	1	4	3	1	2	3	3	0	0	0	0	0	0	0	0	0	0	0	2	0	1	1	0	2	1	0	0	1	0	0	0	3	0	0	0	0	0	0	0	1
	heritag protect restaur	heritage protection and restauration	0	2	3	1	1	1	0	2	3	4	3	2	2	3	1	3	1	3	3	3	4	4	1	4	3	3	3	4	3	2	3	3	0	1	1	2	1	1	2	3	0	0	0	1	0	0	0	0
	hes	HES	0	3	0	1	1	3	2	2	4	2	2	3	1	3	1	2	0	3	4	0	3	3	3	4	4	3	3	4	3	1	1	0	2	0	3	3	3	3	3	2	2	3	1	2	1	1	1	2
	high	In high school 	2	0	0	0	0	0	0	0	0	3	1	0	0	0	0	0	0	2	4	1	1	2	0	3	3	2	0	0	2	0	2	1	0	0	0	2	2	2	1	0	0	0	0	0	0	0	0	0
	high	high school	4	3	0	4	3	4	3	3	0	0	0	0	0	0	0	0	0	0	1	0	0	0	1	0	0	0	0	0	0	0	0	0	0	0	0	0	1	0	3	0	0	0	0	0	0	0	0	0
	high	In high school	0	0	0	0	0	0	0	0	3	4	3	3	3	2	3	3	2	3	3	4	4	3	2	2	3	3	3	1	4	1	3	1	1	1	0	1	0	0	2	1	0	0	0	2	0	0	1	0
	high	high school	2	0	0	0	0	0	1	2	4	1	0	3	4	0	2	0	1	0	0	1	0	0	1	0	3	2	3	2	3	1	2	2	2	2	2	1	1	2	2	1	1	1	1	1	0	3	0	1
	high	High school	2	0	4	0	0	0	0	0	2	4	0	4	0	0	0	0	0	0	0	0	0	0	0	0	3	0	0	0	0	0	0	0	0	0	0	0	0	0	0	0	0	0	0	0	0	0	0	0
	higher coach pyscholog	Higher Diploma in Coaching Pyschology	4	0	0	0	0	0	0	0	2	3	1	0	0	1	0	0	3	2	2	4	2	4	0	2	4	3	4	2	3	4	2	2	0	0	3	0	0	0	0	0	2	0	2	1	1	1	0	0
	highschool	Currently in Highschool	3	2	2	2	2	2	2	2	2	2	2	2	2	2	2	2	0	0	1	1	1	2	2	1	2	2	2	0	2	2	2	2	3	2	2	1	3	2	3	2	3	3	2	2	3	3	3	2
	highschool	highschool	4	4	3	4	2	4	3	3	3	3	3	3	3	4	4	3	0	2	0	0	0	1	3	3	2	1	1	2	2	0	2	2	0	0	0	0	0	4	2	3	3	1	3	0	2	3	2	4
	highschool	Currently in Highschool	3	2	1	2	2	2	1	1	2	2	1	1	1	2	2	1	0	0	1	1	1	1	1	2	1	1	2	1	2	2	2	2	2	1	1	1	2	1	2	1	3	1	2	2	2	2	2	2
	hindi	hindi	2	0	0	4	4	0	0	0	2	4	0	0	0	4	0	0	4	4	4	0	0	0	0	4	4	4	2	0	2	4	4	4	0	0	0	4	4	4	0	4	4	0	4	4	4	4	0	4
	hindi	Hindi	2	2	2	2	2	2	3	2	2	2	2	4	2	2	3	2	2	3	3	3	3	2	3	3	3	2	2	3	3	3	4	4	2	1	3	3	3	2	2	4	3	2	3	3	2	2	3	3
	hispan	Hispanic Studies	2	0	0	0	0	2	0	0	3	2	1	0	0	0	0	2	2	3	0	3	4	3	0	3	4	4	2	1	4	4	4	0	0	0	0	0	2	2	0	3	0	0	0	1	2	1	0	1
	hispan	Hispanic Studies 	1	2	0	0	0	2	1	2	3	3	3	0	2	2	2	2	0	0	2	1	2	3	3	2	4	4	3	3	3	1	3	4	0	2	3	0	2	2	2	0	2	0	2	2	2	2	3	3
	hispan	Hispanic Studies	0	0	0	0	1	0	0	0	3	3	3	2	3	2	3	2	1	2	1	1	4	2	1	0	1	2	1	2	0	0	0	0	0	0	0	0	2	0	0	0	0	0	0	1	3	3	2	1
	histolog	Histology	0	0	2	4	4	2	4	0	2	2	2	2	2	4	4	0	0	0	0	0	0	0	2	0	2	2	4	0	2	0	2	4	0	2	2	0	0	2	0	0	0	4	4	4	4	4	2	4
	histor conserv	Historic conservation	2	3	0	1	0	3	0	0	4	4	4	1	0	3	1	2	2	2	3	3	2	3	1	3	2	3	4	2	3	2	2	1	2	0	0	0	1	0	0	1	2	1	0	0	0	0	0	0
	histor preserv	Historic Preservation 	0	2	0	2	0	2	0	0	2	4	4	1	3	2	3	0	0	0	2	2	2	2	2	2	0	2	0	4	1	0	2	0	0	4	0	0	1	4	3	0	2	3	2	3	4	2	2	0
	histor preserv citi plan	Historic preservation and city planning 	0	2	1	2	1	2	3	2	2	3	2	1	3	1	3	2	0	1	3	1	1	1	2	2	2	3	4	3	4	4	3	4	2	3	1	3	3	3	4	2	3	1	3	2	2	3	3	3
	histor preserv danc	Historic Preservation / Dance	0	0	0	0	0	0	0	0	3	1	1	0	0	0	0	1	1	3	3	1	0	1	2	2	2	2	2	4	1	2	2	1	0	0	0	0	0	1	0	0	0	0	0	0	0	0	0	0
	histor preserv danc	Historic Preservation / Dance	0	0	0	0	0	2	0	0	2	1	1	0	1	1	0	0	2	3	3	3	2	2	2	3	2	3	2	4	2	2	2	2	0	2	0	2	1	2	0	0	0	0	0	0	0	0	0	0
	historyczn art	historyczne of art	0	0	0	0	0	0	0	0	2	3	3	3	1	2	1	2	3	3	3	4	3	3	0	3	4	2	1	3	2	0	1	2	0	0	0	0	0	3	0	3	0	0	0	0	0	0	0	0
	histoy	Histoy	2	2	0	0	1	1	0	1	4	3	4	4	3	3	3	2	4	3	4	3	3	3	2	3	4	4	3	3	4	2	4	2	0	2	0	2	2	2	3	1	0	0	0	0	1	0	1	0
	histoy	Histoy	2	4	0	3	3	3	3	3	4	4	4	3	4	4	4	4	3	2	4	2	2	3	3	4	4	4	4	3	4	3	3	3	0	2	1	2	3	2	2	1	2	4	1	2	3	3	3	3
	histroy	histroy	2	3	2	1	2	2	3	2	3	4	3	1	1	1	1	1	0	1	1	2	3	3	4	2	3	2	3	4	4	0	1	2	2	2	3	0	4	2	3	1	2	3	1	3	2	3	2	3
	história	história	2	0	0	0	0	0	0	0	1	1	1	0	0	0	0	0	1	0	3	1	1	2	1	0	2	3	3	1	3	3	4	3	0	0	0	0	0	2	0	2	0	1	0	0	0	1	0	0
	história	História	3	0	1	1	1	1	2	0	1	0	0	1	0	0	0	1	0	2	0	0	0	0	0	0	0	1	0	1	1	1	1	0	0	0	0	0	0	0	0	0	0	1	0	0	0	0	0	0
	hit	HIT	2	1	2	0	1	1	1	1	3	2	2	2	2	2	2	2	2	2	2	3	2	1	2	1	3	3	2	2	3	2	2	3	2	2	3	2	4	2	2	2	3	2	3	3	4	3	2	2
	hit	HIT	0	0	0	0	0	0	0	0	2	4	4	0	0	4	2	4	0	2	2	4	4	2	2	4	2	4	2	0	3	3	3	2	0	2	0	2	0	1	0	2	3	2	2	2	1	2	2	2
	hit	HIT	1	1	0	3	0	2	2	2	2	1	2	2	2	0	2	0	0	2	0	0	0	0	0	0	2	2	3	1	3	0	1	0	1	0	3	1	3	0	2	0	3	1	3	3	3	2	3	3
	hk	HK	2	1	2	1	1	1	1	1	4	1	2	3	3	1	3	2	1	1	1	3	1	1	3	1	3	3	3	4	1	3	3	2	3	3	2	1	1	1	1	1	1	1	1	1	1	1	1	1
	hm	HM	2	2	2	4	2	2	2	2	2	4	1	4	3	2	2	3	4	2	4	2	3	4	3	2	2	2	4	0	2	4	3	3	3	2	4	2	4	2	2	2	2	3	4	2	2	3	2	2
	hm	HM	4	3	2	2	3	2	3	1	4	2	3	3	3	4	2	2	4	3	2	4	4	4	2	1	1	3	0	4	1	2	4	2	2	2	2	4	2	3	0	3	2	3	2	3	2	2	3	3
	hm	hm	3	2	3	2	3	2	4	4	3	2	3	3	3	2	4	4	3	3	3	3	3	2	4	4	3	3	3	3	2	4	4	3	2	3	2	3	2	4	4	3	2	3	2	3	2	4	4	3
	hod	HOD	2	2	2	2	2	2	2	2	4	4	4	4	4	4	4	4	2	3	3	3	4	4	3	3	4	4	4	4	4	4	4	4	2	2	2	2	2	2	2	2	2	2	2	2	2	2	2	2
	holdap	Holdaper	3	3	3	3	3	3	3	3	1	1	1	1	1	1	1	1	3	3	3	3	3	3	3	3	1	1	1	1	1	1	1	1	3	3	3	3	3	3	3	3	1	1	1	1	1	1	1	1
	holist health	Holistic Health	3	0	0	0	0	2	0	0	3	3	3	0	3	3	2	1	4	1	0	1	0	4	0	1	4	4	4	4	4	3	4	4	0	2	2	1	2	2	0	0	0	1	1	1	0	2	1	1
	homeland secur	Homeland Security	3	3	2	2	0	3	0	3	2	2	3	3	0	2	0	2	2	2	3	4	2	3	4	3	4	3	3	4	3	3	3	3	3	0	4	3	3	0	4	0	1	2	3	0	0	2	1	2
	homeland secur	Homeland Security	3	1	0	1	0	2	1	0	3	4	2	3	2	3	1	2	3	1	1	2	1	4	0	0	2	4	4	4	4	4	4	4	1	1	1	1	2	0	1	0	2	1	1	1	1	2	0	1
	homeland secur	Homeland Security	2	0	0	0	0	0	0	0	2	4	4	0	4	4	4	0	0	0	0	0	2	0	0	0	4	2	0	4	3	0	0	0	2	0	2	0	4	0	0	0	0	0	0	2	4	3	0	2
	homeland secur	homeland security	2	0	0	0	0	1	0	0	3	3	3	0	0	2	0	0	2	0	0	3	3	4	0	0	1	0	0	4	0	0	0	0	0	0	0	0	0	0	3	1	0	0	0	0	0	0	0	0
	homeland secur	Homeland Security	3	0	1	2	1	3	1	0	1	4	3	2	1	3	2	1	0	0	0	0	1	2	3	0	2	4	1	3	1	2	1	2	2	1	1	1	3	1	0	0	1	1	1	1	1	1	0	0
	homeland seriitiy	homeland seriitiy 	2	2	3	3	1	3	3	2	2	2	3	3	3	3	0	3	2	2	4	0	3	3	3	3	2	2	4	0	3	0	3	3	2	2	4	1	3	3	3	3	2	2	3	1	3	3	3	3
	homeless	homeless	3	3	4	3	1	0	3	2	2	1	3	1	0	0	0	0	0	0	0	0	0	0	0	0	1	0	4	0	4	1	0	0	2	3	3	0	4	0	4	0	0	2	0	3	0	0	0	0
	homesci	homescience	3	3	2	2	1	3	1	2	4	2	2	3	2	3	2	3	2	3	3	4	3	2	2	4	4	3	3	3	3	3	3	2	3	2	3	3	3	2	3	3	1	2	3	3	2	3	2	1
	hopspit oper	Hopspitality operations	2	0	0	0	0	0	2	0	0	2	0	0	0	0	2	0	2	2	2	4	4	4	0	2	2	2	2	2	2	2	2	2	4	3	2	4	4	3	0	2	0	2	2	2	2	0	0	2
	horticltur	horticlture	2	0	0	2	1	2	1	2	3	4	4	1	3	4	3	1	3	1	3	2	3	4	3	2	3	3	1	1	1	0	1	1	0	0	0	1	0	0	1	2	0	3	1	2	1	0	0	2
	horticultur	horticulture 	1	1	2	2	0	4	2	2	3	4	4	2	4	4	4	4	0	2	3	0	1	1	4	2	1	4	3	2	3	2	3	3	0	0	1	1	0	0	3	4	0	1	0	0	2	2	0	0
	horticultur	Horticulture	0	3	3	3	2	2	1	3	3	3	3	0	2	3	2	3	3	2	1	3	3	4	1	2	3	2	3	3	2	2	2	0	1	0	3	2	2	2	3	0	0	0	0	0	3	2	0	0
	horticultur	horticulture	2	0	0	2	1	1	0	0	4	4	4	1	4	4	3	3	0	0	3	1	3	3	0	0	1	4	1	4	3	3	3	3	0	3	1	0	0	1	0	2	3	2	1	1	1	1	0	1
	horticultur	Horticulture	4	2	2	0	0	1	1	1	4	4	3	1	3	3	3	0	3	0	3	3	4	2	0	3	3	4	0	2	4	4	4	4	0	3	3	0	3	2	0	3	4	3	0	3	0	2	3	3
	horticultur	Horticulture	2	3	0	1	0	4	0	3	4	3	4	2	4	3	2	2	1	4	0	1	3	3	4	4	4	4	2	2	3	2	3	2	0	1	1	0	2	0	1	1	0	0	1	2	0	3	1	0
	horticultur	Horticulture	1	2	1	3	2	3	2	2	4	2	3	4	3	2	3	2	3	3	3	3	2	4	1	1	2	4	0	1	1	4	2	2	0	3	3	1	3	4	3	3	0	2	2	2	3	4	1	1
	horticultur	horticulture	1	4	2	1	2	4	1	4	2	3	4	1	4	4	3	2	1	1	1	1	1	2	1	1	3	4	4	3	4	4	4	3	2	1	3	1	3	2	1	1	2	2	2	3	3	2	1	4
	horticultur	HORTICULTURE	4	0	1	4	0	1	3	0	4	3	4	3	4	3	4	3	1	1	1	1	1	1	1	1	4	1	3	4	4	3	4	4	1	1	3	1	1	3	4	4	2	1	4	4	4	3	3	4
	horticultur	Horticulture 	0	0	0	0	0	0	0	0	2	2	3	0	2	2	3	2	0	0	0	1	3	1	1	0	2	2	0	2	2	1	2	0	0	0	2	0	0	0	1	0	2	1	2	1	2	2	0	1
	horticultur	Horticulture	2	2	0	0	1	3	1	3	4	4	4	1	3	3	1	2	1	2	4	2	1	2	2	4	4	3	3	1	4	0	0	2	1	1	3	1	1	1	1	0	0	2	0	1	0	0	0	1
	horticultur	Horticulture	1	0	3	1	0	1	0	1	3	3	4	3	3	2	3	3	1	3	3	2	3	3	3	3	2	1	0	1	1	1	1	1	0	2	1	0	2	0	0	2	0	0	0	0	0	0	0	0
	horticultur	Horticulture	0	1	0	0	0	0	0	0	2	3	3	0	1	3	0	2	4	4	2	4	4	4	4	4	4	2	2	4	2	4	3	0	2	0	1	2	2	2	3	0	0	0	0	0	0	0	0	0
	horticultur	horticulture	0	2	0	3	1	3	2	4	4	4	4	4	3	3	4	3	0	4	4	2	3	4	4	3	2	4	3	1	4	4	4	4	2	2	0	1	3	3	4	2	2	2	2	2	2	4	4	1
	horticultur	Horticultural Science	2	0	2	2	0	2	1	2	4	4	4	2	4	4	4	2	2	2	3	3	2	4	2	2	2	3	2	3	2	0	1	2	0	0	2	0	1	1	1	2	0	1	2	0	1	2	0	2
	horticultur	Horticulture	0	2	0	0	0	0	0	0	2	2	2	0	2	2	1	1	0	0	0	0	0	2	0	0	1	2	2	0	2	0	0	1	0	0	0	0	0	0	1	1	0	3	0	0	0	0	0	0
	horticultur	Horticulture 	2	2	2	2	1	2	2	2	1	3	3	3	3	3	2	3	2	0	2	1	1	2	2	2	3	4	2	2	2	2	2	2	1	2	2	1	3	2	3	2	2	3	3	2	2	2	3	3
	horticultur	Horticulture	1	3	3	1	1	3	1	2	0	4	4	1	4	4	3	3	0	0	1	0	2	1	0	2	2	3	0	3	0	0	0	0	1	2	1	0	0	2	0	1	1	1	2	1	3	0	0	1
	horticultur	Horticulture 	0	3	0	0	0	0	0	0	0	4	4	0	3	0	3	0	4	4	2	4	3	3	0	0	0	3	0	0	0	1	0	0	0	0	0	0	0	0	0	0	0	0	0	0	0	0	0	0
	horticultur	Horticulture 	1	1	0	1	1	3	0	0	4	3	4	3	3	4	4	3	1	1	4	4	3	4	1	1	1	3	0	1	1	3	3	0	0	0	1	0	3	3	3	1	0	1	1	3	3	3	0	0
	horticultur	HORTICULTURE	2	2	2	0	0	2	1	0	2	0	3	0	0	1	0	2	2	1	1	2	2	4	1	2	4	4	4	3	4	4	4	3	2	2	1	1	1	2	1	4	2	0	2	0	1	2	2	1
	horticultur	Horticulture	0	3	4	0	0	4	0	3	0	1	0	0	0	3	0	0	0	0	3	2	4	4	4	2	4	4	0	2	2	2	0	1	0	0	0	0	0	0	0	0	0	0	0	0	0	0	0	0
	horticultur	horticulture	1	2	0	2	2	1	1	1	3	4	4	3	4	4	3	3	1	1	3	4	3	4	3	4	0	1	1	0	1	0	0	0	0	1	0	0	0	1	0	1	0	0	1	0	1	1	0	1
	horticultur	Horticulture	0	0	4	1	0	0	0	0	2	2	4	4	4	4	3	4	2	2	4	2	3	4	4	4	1	3	3	3	2	3	3	3	0	0	2	0	3	0	0	2	0	1	2	0	2	0	0	0
	horticultur	Horticulture 	3	1	0	3	1	1	3	0	3	4	4	3	4	4	4	4	0	3	3	3	4	0	3	4	1	4	3	3	3	3	4	3	0	1	0	0	0	0	0	1	3	3	3	3	3	1	0	3
	horticultur	Horticulture	2	1	3	2	0	3	1	2	3	3	4	4	3	3	3	3	1	1	3	2	3	3	3	4	2	2	1	1	1	2	2	1	0	1	0	0	1	1	0	3	0	0	1	0	2	1	0	1
	horticultur	Horticulture	3	3	3	2	2	2	2	1	3	4	4	3	4	4	4	4	1	0	3	1	1	0	3	3	3	2	2	2	2	0	1	1	0	1	3	1	2	1	1	1	0	2	0	0	3	3	0	0
	horticultur	horticulture	1	4	3	4	0	0	2	4	4	4	4	4	4	4	4	3	4	4	3	2	3	4	4	1	3	4	4	3	4	4	4	1	0	0	2	4	2	4	0	3	2	4	4	4	3	4	4	4
	horticultur	horticulture	4	4	0	2	0	4	4	2	2	4	4	2	4	4	4	0	2	4	4	4	4	4	0	0	4	2	2	4	4	4	4	4	4	0	2	0	4	2	0	4	2	0	4	4	2	2	2	2
	horticultur	Horticulture	1	1	0	1	1	1	1	1	1	2	2	1	1	3	1	2	1	1	2	1	1	1	1	2	1	2	1	1	1	1	1	2	1	0	1	1	1	1	1	2	2	0	1	1	2	1	1	2
	horticultur	horticulture	3	1	2	3	1	2	2	0	2	4	3	2	2	2	2	4	3	1	3	4	2	4	2	3	1	2	2	2	1	3	2	0	1	3	4	4	3	3	2	4	1	1	1	0	0	1	0	0
	horticultur	Horticulture	2	4	1	4	2	4	3	3	2	3	2	3	2	1	2	2	1	3	3	1	2	2	1	3	3	3	2	3	2	1	2	1	0	2	3	1	3	1	1	0	3	3	2	2	2	2	1	1
	horticultur	horticulture 	2	4	0	1	1	2	2	3	1	1	3	0	0	0	1	0	0	1	0	0	2	0	0	4	0	2	1	0	0	2	1	1	0	3	0	0	0	2	0	3	4	4	4	4	3	3	3	3
	horticultur communic	horticulture/communications	0	1	0	1	0	0	1	0	2	2	3	2	2	3	2	3	0	1	2	1	2	2	1	2	1	4	1	2	1	3	2	1	0	3	3	2	2	3	2	3	2	2	2	3	1	3	2	2
	horticulur	horticulure	2	3	3	4	1	3	0	3	3	4	4	2	2	4	4	1	1	4	4	4	3	4	4	3	4	2	4	3	3	0	2	0	4	3	2	4	2	4	2	3	0	2	3	1	0	2	1	1
	hospialilti	Hospialilty	3	1	1	1	0	0	0	0	3	2	2	3	1	2	1	0	1	4	4	3	4	3	2	1	2	1	1	2	3	2	2	2	2	1	4	3	4	2	2	2	1	1	2	2	1	1	1	0
	host	Host	1	0	0	2	0	1	0	0	4	1	2	3	2	1	3	0	0	0	1	1	0	1	0	0	2	4	3	3	3	2	2	3	1	1	3	1	1	1	1	1	2	1	2	1	2	1	1	1
	hotel	Hotel	3	3	1	0	2	2	3	0	4	4	2	0	0	3	0	3	4	2	1	1	0	4	1	3	4	3	1	3	1	3	3	3	1	0	0	0	1	1	2	0	4	0	4	3	1	3	1	0
	hotel	Hotels 	2	4	0	2	0	3	0	4	3	3	1	0	1	0	1	0	0	1	2	0	4	2	0	1	4	3	1	4	1	1	1	2	2	2	4	3	4	3	4	1	4	2	4	4	3	4	3	4
	hotel	hotel	2	2	2	0	2	0	2	0	0	0	0	0	0	0	0	0	0	0	0	0	0	0	0	0	4	2	0	0	0	0	0	0	2	2	2	0	2	0	0	0	2	4	2	2	2	0	2	2
	hotel	Hotel	2	1	2	2	2	1	2	1	1	2	2	2	2	2	2	0	2	3	4	3	3	2	2	4	2	3	3	2	3	3	3	3	3	3	4	4	4	3	1	4	2	3	3	3	2	2	2	2
	hotel busi	hotel business	0	0	3	1	1	0	1	0	2	3	4	0	2	0	2	0	0	3	1	2	2	2	3	3	0	2	2	3	1	0	2	0	1	1	3	3	3	3	0	2	2	3	2	2	0	2	0	1
	hotel mangement	hotel mangement	4	3	4	3	3	4	4	3	4	4	4	4	4	4	4	3	2	3	3	4	3	3	2	3	4	3	3	3	4	3	4	3	2	3	3	2	4	2	2	3	3	4	4	4	4	4	3	4
	hotel mangement	hotel mangement	3	0	2	0	1	0	2	0	1	3	1	0	0	0	0	1	1	2	0	0	0	0	2	3	2	4	2	3	4	4	4	3	2	2	4	1	4	4	3	3	3	0	1	4	1	1	2	3
	hotel mangement	hotel mangement	0	4	0	1	0	1	0	4	0	0	1	0	0	0	0	0	4	3	2	4	2	4	1	4	2	4	3	1	2	1	4	4	4	0	4	0	0	1	0	2	0	0	0	0	0	4	0	0
	hotel mgmt	hotel mgmt	2	1	0	1	0	2	1	1	2	3	3	2	2	4	3	3	1	1	1	1	2	2	2	1	1	3	1	0	1	0	1	1	1	1	3	0	2	1	1	1	1	2	1	0	0	1	1	1
	hotel mgt	Hotel mgt	0	0	0	0	0	0	0	0	3	4	3	2	3	2	0	3	1	2	4	2	3	1	2	3	4	3	3	3	3	1	2	2	2	1	1	0	3	0	0	2	0	0	0	0	2	0	0	0
	hotel oper	Hotel operations	2	1	2	2	0	2	1	2	2	2	2	1	1	1	2	1	1	3	2	2	2	2	0	2	3	3	3	3	3	3	3	2	3	3	3	0	3	2	3	3	1	1	1	1	2	1	3	1
	hotel restaur mgmt	hotel/restaurant mgmt	0	0	0	1	1	1	1	1	0	2	2	1	2	1	1	1	0	0	1	3	3	3	1	1	4	4	2	3	3	1	2	1	4	0	2	2	3	2	3	2	1	2	1	4	1	2	1	2
	hotel restaur mgmt	Hotel Restaurant Mgmt	1	1	1	1	1	1	1	2	2	2	2	1	2	2	1	2	3	1	3	2	2	3	1	2	3	2	1	2	2	2	2	2	3	3	2	2	2	2	2	2	2	1	1	2	2	1	2	2
	hpe	HPE	3	2	0	0	0	0	0	0	4	2	4	2	0	2	3	0	1	3	0	3	3	0	2	4	4	0	4	4	4	4	4	4	0	3	0	0	0	0	0	0	0	0	0	0	0	0	0	0
	hrmn	HRMN	2	3	0	1	0	0	0	1	3	1	1	1	2	1	2	0	4	4	3	3	4	2	1	1	4	4	3	4	3	2	4	3	2	3	3	1	4	3	4	2	4	0	3	4	2	4	4	2
	hrwd	HRWD	2	2	1	2	1	1	1	2	1	1	1	1	1	1	1	3	1	3	3	1	1	1	3	3	3	3	2	3	2	1	3	3	2	1	2	1	1	1	2	3	2	2	2	3	1	3	2	2
	hrwd	HRWD	2	1	1	1	1	1	1	1	1	1	1	1	0	0	0	0	0	1	2	0	0	0	0	1	3	3	3	1	4	3	3	3	2	2	1	3	3	1	2	2	4	2	3	4	3	1	3	3
	hs	bsc hs	4	1	1	1	3	1	2	2	2	1	1	1	2	2	2	3	3	3	1	3	2	3	2	3	0	1	3	2	2	2	2	2	3	1	3	2	3	1	1	1	2	1	2	4	2	2	2	1
	hs student	hs student	2	0	0	0	0	0	0	0	2	1	1	3	3	1	3	0	0	1	0	0	0	0	3	0	3	3	2	3	1	0	0	0	2	0	1	1	3	0	2	0	0	2	0	0	3	3	0	1
	hsa	HSA	2	0	0	1	0	0	1	1	3	4	3	3	2	4	3	2	0	0	2	1	0	3	3	1	1	4	3	3	3	3	3	4	2	3	2	2	3	3	2	2	2	2	2	3	2	3	2	2
	hsa	HSA	0	0	0	0	0	0	0	1	3	2	2	4	2	3	2	0	0	0	3	1	1	2	3	1	3	4	3	4	3	4	3	4	2	2	1	2	2	2	3	3	0	0	1	1	0	0	1	2
	hsp	HSP	3	0	0	2	0	1	3	2	2	1	1	2	1	1	2	1	4	3	3	3	3	3	2	3	3	3	2	2	3	3	3	2	4	1	3	0	3	3	2	2	3	1	3	3	3	3	2	3
	htm	htm	2	2	1	2	2	2	2	2	3	4	4	4	4	4	2	3	1	2	3	3	3	3	1	2	3	2	4	2	3	2	2	2	0	1	1	1	1	1	1	2	1	1	1	2	0	1	1	1
	htm	HTM	0	0	0	0	0	0	0	0	0	0	0	0	0	0	0	0	0	0	0	0	0	0	0	0	3	4	3	1	3	3	4	1	3	4	4	0	3	3	0	3	4	4	4	3	0	2	3	3
	huaman social servic	Huaman and Social Services	2	0	0	1	0	1	1	0	3	2	0	2	0	1	0	0	2	1	2	1	1	2	2	1	4	2	2	2	4	1	2	3	2	2	2	2	1	3	1	1	0	2	2	2	2	4	2	2
	huh	Huh?	2	2	1	3	3	3	4	2	3	3	3	3	4	3	4	3	1	3	2	3	4	0	0	1	3	3	1	1	2	3	4	1	2	3	2	0	2	2	3	1	2	3	3	3	3	4	2	3
	hukum	Hukum	3	2	2	1	1	2	1	3	2	0	2	2	0	1	1	1	2	3	3	1	1	2	3	3	3	2	4	3	4	3	3	4	2	3	2	2	3	3	2	0	3	3	3	3	3	3	3	3
	humaiti	humaities	0	1	0	2	0	1	1	1	1	1	1	3	1	1	1	1	3	3	4	3	3	3	4	4	3	3	3	2	3	2	3	0	3	2	2	4	2	2	4	4	1	3	3	1	1	1	2	1
	humin	huminity	3	3	3	3	3	3	2	3	1	1	1	1	2	2	3	3	2	2	2	2	2	2	3	2	2	2	2	3	2	2	3	3	2	2	2	2	2	2	3	2	3	3	3	2	3	3	3	2
	humss	HUMSS	2	0	0	0	0	0	0	0	2	1	0	1	0	0	0	0	0	3	4	2	4	3	2	3	2	4	2	1	3	2	3	0	1	0	2	1	2	2	0	0	1	0	0	0	0	0	0	0
	huyt	huyt	1	1	3	3	2	2	3	2	2	3	2	2	3	2	2	2	1	2	1	0	2	3	2	2	3	1	3	3	2	3	0	1	1	2	2	2	3	2	2	2	3	1	4	3	1	1	1	2
	hvac	Hvac	1	3	3	3	1	2	3	3	2	3	3	2	3	0	3	1	1	2	1	3	2	4	2	3	2	3	0	3	1	3	4	2	0	3	2	1	1	2	0	1	0	3	2	0	3	1	1	1
	hvac	hvac	3	4	1	4	2	2	4	4	4	4	4	4	4	4	4	4	0	4	4	4	3	4	4	3	3	2	4	4	4	3	4	3	2	2	4	3	4	3	4	4	4	3	4	3	4	4	4	4
	hvac	HVAC	3	2	4	4	1	4	2	3	2	0	0	0	0	0	0	0	0	0	0	4	0	1	4	0	0	0	2	2	0	4	0	0	0	0	2	2	4	0	1	4	1	0	0	1	0	3	1	0
	hvac	Hvac	2	4	4	4	4	4	4	4	2	0	0	2	0	0	0	2	0	0	0	0	2	0	4	2	4	0	4	2	4	0	0	2	0	0	2	4	4	0	4	2	2	2	2	4	2	4	2	4
	hvac	hvac	4	2	2	3	2	3	0	2	4	2	3	4	4	3	3	3	2	1	3	4	2	3	4	3	0	3	3	4	4	4	3	4	1	2	2	3	3	3	4	2	1	2	2	2	2	4	2	2
	hvac	Hvac	2	3	3	3	3	2	3	3	1	0	1	1	0	0	0	0	0	0	0	0	0	0	2	0	2	4	3	3	1	1	1	2	2	2	1	1	2	0	0	2	2	1	1	1	2	0	0	2
	hydrocarbon	hydrocarbon	0	0	0	0	1	0	0	0	0	0	0	1	0	0	0	0	0	3	1	0	0	0	0	0	1	1	1	1	2	2	1	2	0	1	0	0	3	1	1	0	0	2	0	0	1	1	0	1
	hydrologu	hydrologu 	3	0	2	1	0	1	0	0	3	3	3	3	4	4	3	2	0	2	0	2	0	1	0	0	0	2	0	0	0	0	0	0	0	0	2	0	3	0	0	0	0	2	2	4	4	3	3	4
	hygien	Hygiene 	2	0	0	1	0	0	0	0	3	2	3	3	0	0	0	1	2	2	4	3	0	2	0	3	2	1	1	1	2	0	1	1	3	2	2	2	0	1	2	0	4	1	2	1	0	0	0	2
	hypokhâgn specif	(I attend a hypokhâgne which is a specific 	0	0	0	0	0	0	0	0	1	3	2	1	2	3	2	2	0	1	3	4	4	2	0	4	0	4	1	1	3	2	4	3	0	2	0	0	1	2	1	0	0	1	1	1	2	1	0	2
	ib	IBS	2	0	4	4	0	0	2	0	0	0	0	2	0	2	0	0	0	0	0	0	2	0	0	0	4	2	0	4	4	0	2	2	4	2	4	0	4	4	4	4	2	0	2	0	4	2	2	2
	ibm	IBM	4	1	1	0	0	0	2	0	0	2	1	0	0	0	0	1	2	3	1	2	0	4	2	0	3	1	0	2	3	2	2	2	2	0	4	3	3	0	0	2	1	2	2	3	2	2	0	2
	icm	ICM	1	2	1	1	0	1	1	1	4	3	3	3	3	2	3	3	0	3	1	2	4	2	1	2	3	4	4	2	4	2	3	4	1	1	1	0	2	0	1	2	1	2	1	2	0	1	1	2
	ict	ICT	2	3	0	3	1	3	1	2	4	3	4	0	4	3	1	3	4	4	2	3	4	3	1	3	4	4	4	4	4	3	3	2	0	4	0	0	0	3	0	2	0	2	1	0	3	3	2	2
	ict	Ict	2	1	0	1	0	1	0	1	3	3	2	2	0	0	1	2	1	2	2	2	2	2	0	1	4	4	1	1	1	3	3	3	2	1	2	0	0	1	3	1	1	1	0	1	2	1	1	2
	ict	ICT	4	3	2	4	3	3	0	1	4	3	2	3	3	3	3	1	4	2	3	3	2	4	2	2	3	3	2	2	2	2	2	3	2	2	2	2	2	2	2	2	2	2	3	2	3	3	2	2
	ict	ICT	4	1	1	2	2	2	2	1	2	1	1	1	1	1	1	1	2	2	3	2	1	3	3	3	3	2	1	3	2	2	3	2	3	3	3	1	3	2	4	3	1	3	3	3	3	3	4	3
	ict	ICT	4	2	2	3	2	2	2	2	3	2	2	2	2	2	2	2	2	2	4	1	1	3	2	2	1	3	0	3	2	3	3	2	2	4	2	2	2	3	2	2	2	3	4	2	4	2	2	2
	ict	ICT	2	1	0	1	0	1	1	0	2	2	2	2	1	1	0	0	1	2	1	2	1	1	1	0	3	4	1	3	2	4	3	1	2	1	2	1	4	2	3	1	1	1	3	2	3	1	0	2
	ict	ICT	2	1	0	3	0	3	1	3	3	3	2	2	2	3	2	3	1	1	1	2	3	3	0	2	0	2	2	1	3	0	0	2	0	1	1	0	0	1	0	2	1	1	2	1	0	2	0	1
	ict	ICT	4	4	4	3	4	4	3	4	4	4	3	2	2	3	3	4	0	4	4	3	1	3	4	4	4	4	4	4	4	3	3	3	3	3	4	3	4	3	4	4	3	4	4	4	4	3	3	4
	ict	ICT	3	0	2	3	3	3	2	1	2	1	1	2	3	1	3	2	2	1	2	1	2	2	2	2	2	2	2	2	3	2	2	2	2	2	3	2	3	2	1	3	2	3	3	3	3	3	1	3
	ict	ICT	3	1	0	0	0	0	0	1	3	1	2	3	3	1	2	3	4	4	3	3	3	4	3	3	3	4	3	3	3	4	4	3	2	2	2	2	2	2	2	3	0	1	1	1	2	2	1	2
	ict	ICT	3	1	0	4	0	3	0	0	0	2	0	0	0	0	0	0	0	3	3	0	0	0	1	0	4	4	4	2	1	2	2	3	0	3	2	0	4	2	1	0	4	4	4	4	4	3	3	3
	ict	Ict	0	0	1	0	0	2	0	1	2	3	2	4	1	1	1	0	2	3	3	2	2	2	2	3	3	3	2	1	3	2	3	2	2	1	3	2	3	3	3	1	0	0	0	0	0	0	1	0
	ict	ICT	3	1	0	2	0	1	0	2	0	3	3	0	0	3	0	3	3	3	4	2	2	3	2	4	3	3	0	3	2	2	2	1	3	3	1	1	4	3	2	3	1	3	3	2	1	2	2	3
	ict	ICT Field	1	1	1	2	1	2	2	1	1	1	0	0	2	1	3	1	2	1	0	0	2	3	4	2	2	4	2	2	2	2	4	4	1	2	1	0	3	3	2	0	2	4	4	2	3	4	4	1
	id	IDS	0	0	0	0	0	0	0	0	2	2	2	0	1	1	0	1	1	1	1	1	4	1	0	0	2	3	0	3	0	3	4	1	0	0	3	0	1	2	1	2	0	0	0	0	0	0	0	0
	id love take art class lov	id love to take art and science classes i lov	3	0	0	3	0	1	0	0	4	4	4	4	4	4	4	2	1	4	3	4	4	4	4	4	4	4	4	2	4	2	3	4	2	3	0	0	1	3	0	2	0	1	0	0	0	1	0	1
	idea	no idea	2	0	3	0	3	2	1	0	2	3	3	3	3	3	3	0	0	0	0	3	3	4	0	0	4	4	0	0	4	3	1	2	0	0	2	2	3	2	0	0	1	0	0	1	3	3	2	0
	idea	no idea	0	0	0	0	0	0	0	0	4	2	1	3	0	2	0	0	0	0	0	0	0	0	0	0	2	2	2	4	2	4	3	3	0	0	0	2	0	2	0	0	0	0	0	0	0	0	0	0
	idea	No idea	0	0	0	0	0	0	0	0	4	4	4	2	4	4	4	4	0	0	0	0	0	3	4	0	2	4	3	0	2	3	2	2	0	2	0	0	0	0	0	0	0	2	0	0	0	0	0	0
	idea	no idea	2	0	0	1	1	1	1	0	3	3	3	3	4	4	3	0	3	3	3	2	2	4	1	3	3	3	0	2	3	3	1	3	1	1	3	3	3	2	3	1	1	1	1	3	2	3	3	2
	idea	no idea	2	0	0	1	0	0	0	0	4	3	3	4	3	2	2	0	0	2	0	0	3	0	0	0	3	0	4	2	4	1	0	0	3	1	4	0	4	3	4	2	0	0	1	0	1	0	0	1
	idea	i have no idea	0	0	0	0	0	0	1	0	4	2	3	4	3	3	4	0	0	1	1	0	0	2	3	0	2	4	4	4	3	1	3	2	0	2	0	0	3	1	1	0	0	0	0	0	3	1	1	0
	idea	i have no idea	4	2	0	0	0	0	1	0	4	3	2	2	1	1	1	0	4	4	1	1	3	4	1	2	1	4	3	2	4	3	4	4	0	1	2	2	2	3	1	2	0	0	0	2	1	0	0	2
	idea	I have no idea	2	1	0	3	2	2	2	1	3	4	4	1	3	3	3	4	0	4	3	1	4	0	3	4	3	4	0	1	0	0	1	3	1	3	1	0	1	3	1	0	1	2	1	2	3	4	1	1
	idea	no idea	3	3	0	0	1	0	1	3	3	3	3	3	1	3	1	2	1	3	3	3	3	3	2	3	1	3	3	1	3	0	0	3	0	3	3	4	1	4	0	3	0	0	0	1	0	0	0	1
	idea	No idea	2	0	0	2	1	1	1	0	2	2	2	2	2	2	2	0	0	0	0	0	2	1	0	0	2	2	2	2	2	2	2	2	0	0	2	0	2	2	0	2	0	0	0	0	1	0	0	0
	idea	no idea	1	3	3	4	3	3	1	3	1	3	1	1	1	2	1	3	2	2	4	2	3	1	4	4	2	3	2	1	0	0	2	3	4	3	3	2	4	3	1	2	2	4	4	1	4	3	1	2
	idea	no ideas	3	0	1	2	1	1	3	1	2	1	1	1	1	1	1	1	0	1	3	1	1	1	1	3	1	1	2	1	2	1	2	1	1	2	1	1	1	2	2	3	1	1	1	1	1	2	1	1
	idea	undecided(I have no idea about this)	3	1	2	2	1	2	1	2	3	3	3	2	2	3	1	2	3	2	3	3	2	4	1	2	2	3	3	2	3	4	3	3	1	1	3	3	2	4	1	4	2	1	2	1	2	2	2	2
	idek	idek	4	2	4	4	4	1	4	4	4	4	4	0	0	0	4	4	2	3	4	4	0	4	4	2	2	4	2	0	4	4	0	4	4	1	4	4	2	4	4	4	0	0	0	2	4	0	4	4
	idn	idn	0	0	0	0	0	2	2	0	3	4	4	3	3	3	2	3	1	3	2	1	3	2	3	2	3	2	0	0	0	3	0	0	0	3	2	2	2	2	0	3	0	1	2	0	0	3	0	0
	idst	IDST	2	1	1	1	1	1	2	2	1	1	1	1	1	1	1	1	2	3	3	3	3	3	2	3	3	3	3	3	3	3	3	3	1	1	2	2	2	2	1	2	2	1	2	2	1	2	1	1
	ieti	IETI	4	0	4	3	4	0	3	2	3	3	3	4	3	3	0	0	2	4	2	3	3	3	4	4	4	3	4	4	4	2	4	4	3	2	3	3	4	4	3	4	4	3	4	4	3	3	3	4
	ifsm	IFSM	3	0	0	3	0	3	0	0	3	0	0	0	0	0	0	0	0	0	0	0	2	0	0	0	4	3	4	4	3	2	2	3	2	3	4	2	3	3	3	2	1	3	2	3	1	3	1	3
	iktisat	Iktisat	0	0	2	1	0	2	3	2	3	0	0	3	4	1	4	1	0	2	4	4	4	1	0	2	3	0	1	2	3	0	0	0	3	4	4	4	4	4	3	0	4	4	4	2	4	4	4	0
	illistr	Illistration 	3	3	0	3	3	3	3	3	4	4	4	1	4	4	3	4	2	1	4	3	4	3	1	4	1	3	1	1	1	3	3	3	0	2	1	1	0	3	0	3	1	1	1	3	0	1	3	1
	illustr	Illustration	0	1	0	0	0	1	0	0	4	3	3	0	0	3	0	2	0	1	3	1	1	0	0	2	3	2	3	1	3	1	0	0	0	0	1	2	1	0	0	0	0	0	0	1	0	0	0	0
	illustr	Illustration	1	2	0	2	0	1	2	0	4	4	2	0	0	3	0	0	1	2	4	2	4	3	2	3	0	2	0	0	0	1	1	0	1	0	0	2	0	1	0	2	0	0	2	1	0	0	0	0
	illustr	Illustration	2	2	2	2	2	2	2	2	2	2	2	2	2	2	2	2	2	2	4	2	4	2	4	4	2	2	2	2	2	2	2	2	2	2	2	2	2	2	2	2	2	2	2	2	2	2	2	2
	illustr	Illustration	1	0	0	3	0	2	0	0	4	4	4	1	3	3	2	1	4	4	4	4	4	4	3	2	1	4	3	1	4	3	3	3	1	0	0	1	0	1	2	3	0	1	0	0	0	2	0	0
	illustr	Illustration 	2	3	0	3	2	2	2	2	2	1	1	0	1	1	1	2	2	3	4	3	2	3	1	4	0	2	0	2	0	1	0	0	1	2	2	2	1	2	1	3	1	1	1	1	1	2	1	1
	illustr	Illustration	2	1	1	2	1	2	0	2	4	4	3	0	3	4	2	4	1	3	4	3	4	4	3	4	1	1	2	0	3	0	0	0	2	1	1	0	1	0	1	2	0	0	0	0	0	0	0	0
	illustr	Illustration	4	4	3	3	0	4	2	4	4	4	4	1	4	4	2	4	2	1	4	3	4	4	2	4	2	3	0	1	0	2	2	1	0	1	0	0	1	2	3	3	2	0	1	2	4	2	1	2
	illustr	Illustration	0	4	0	3	3	4	2	3	3	4	2	1	0	3	1	1	0	0	4	3	0	4	4	4	3	2	2	3	4	0	2	1	0	1	2	3	3	2	0	1	2	0	3	1	0	1	2	0
	illustr	illustration	0	0	0	4	0	0	0	0	4	0	0	0	0	0	0	0	0	0	4	4	4	4	0	2	2	0	0	0	0	0	0	0	0	0	0	0	0	0	0	0	0	0	0	0	4	4	0	2
	illustr	illustration	3	4	3	3	3	3	2	4	4	4	3	1	2	3	2	4	2	2	4	3	4	3	4	4	2	4	2	3	2	3	3	1	1	1	3	2	1	2	3	4	0	1	1	0	1	2	2	1
	illustr	Illustration	3	2	0	1	0	0	1	0	4	1	2	2	2	2	2	3	3	1	4	3	2	4	0	4	1	3	3	0	2	0	1	0	0	0	0	1	0	0	0	1	0	1	0	0	2	2	0	0
	illustr	Illustration	0	1	0	0	0	0	0	0	1	4	3	0	0	3	0	0	4	4	4	3	3	3	0	2	4	3	4	2	3	1	2	1	3	1	2	2	1	1	2	0	0	0	0	0	0	1	0	0
	illustr	Illustration	3	2	0	1	0	0	0	1	2	4	4	0	2	3	2	0	4	4	4	4	3	4	4	4	3	3	2	2	1	3	3	3	0	1	0	2	0	0	0	3	0	0	0	1	0	1	0	0
	illustr	Illustration	0	2	0	0	0	1	0	1	4	4	4	0	0	4	1	2	3	3	4	4	4	4	1	4	4	2	0	1	3	3	4	1	0	0	2	1	1	0	0	3	0	0	0	0	1	0	0	0
	illustr	Illustration	3	4	2	4	1	4	2	4	4	4	4	2	4	4	3	4	4	4	4	4	4	4	4	4	4	4	4	4	4	4	4	4	0	1	2	0	3	0	0	4	0	2	0	0	0	0	0	0
	illustr	Illustration	0	0	0	1	0	0	0	0	3	3	3	3	3	3	3	3	3	4	4	4	4	4	4	4	3	4	4	3	3	3	3	3	0	0	2	3	0	1	0	3	0	0	0	0	0	0	1	0
	illustr	Illustration	2	0	1	3	1	1	1	1	2	3	3	2	3	3	2	1	3	3	4	3	3	3	1	3	1	1	0	1	1	0	0	1	1	1	1	3	3	3	2	3	0	2	1	1	1	1	1	2
	illustr	Illustration	2	1	0	0	0	0	0	0	4	1	0	0	0	1	0	3	3	1	4	3	4	3	0	4	3	2	3	0	4	3	4	2	0	0	0	2	0	1	0	3	0	0	0	1	0	2	0	0
	illustr	illustration	2	3	1	0	0	3	0	0	4	3	1	1	2	4	1	1	3	4	4	3	4	4	4	4	4	4	2	4	1	4	3	2	3	3	3	1	3	2	0	2	0	0	0	0	0	2	0	0
	illustr	illustration	0	1	0	0	0	0	0	0	3	3	3	0	3	3	3	2	1	1	4	3	3	4	0	4	1	2	1	0	3	3	3	1	0	0	0	0	0	0	0	0	0	0	0	0	0	0	0	0
	illustr	Illustration	2	0	0	0	0	0	0	0	3	3	4	0	2	4	0	2	0	1	4	1	3	3	0	4	1	4	0	3	1	0	0	0	0	1	0	0	0	0	0	1	0	2	0	0	0	0	0	0
	illustr	illustration	2	0	0	2	0	0	0	0	3	3	0	0	2	3	0	3	2	3	4	4	4	4	3	4	0	2	2	3	3	0	3	1	0	0	0	0	2	0	0	3	0	0	0	0	0	0	0	0
	illustr	Illustration	4	0	0	0	0	0	0	0	4	3	4	2	3	4	3	2	2	3	4	2	3	2	2	2	3	4	3	3	3	3	3	2	0	0	1	0	0	0	0	1	0	0	0	0	0	0	0	0
	illustr	Illustration	2	3	0	3	2	3	2	3	3	3	3	3	3	3	2	2	2	3	4	1	1	3	3	4	4	3	1	1	3	4	3	2	1	0	1	2	3	1	1	3	1	2	2	2	3	2	1	1
	illustr	Illustration	2	4	2	3	2	3	1	4	4	4	4	4	4	4	4	4	4	4	4	4	4	4	4	4	3	4	3	3	0	4	4	4	3	2	3	3	3	2	2	4	3	2	2	3	1	3	2	3
	illustr	Illustration	0	0	0	0	0	0	0	0	1	2	2	0	1	3	0	3	4	4	4	4	4	4	1	4	4	4	4	1	4	1	4	4	0	2	0	2	0	1	1	1	0	0	0	1	1	1	1	1
	illustr	Illustration	1	0	0	0	0	0	0	0	4	4	3	0	0	4	0	0	0	0	4	3	4	0	0	2	0	0	0	0	0	0	0	0	0	0	0	0	2	0	0	3	0	0	0	0	0	0	0	0
	illustr	Illustration 	1	0	0	4	0	0	0	0	3	3	3	3	3	3	1	1	3	2	1	3	1	4	3	1	2	2	0	1	0	0	0	0	3	1	1	1	4	2	3	1	2	3	3	1	3	1	2	0
	illustr art	Illustration/Art	1	2	0	0	0	1	1	0	4	3	4	1	1	4	0	3	2	3	4	4	4	4	3	4	3	3	3	2	3	0	0	2	0	1	0	1	0	2	0	1	0	1	0	0	0	0	0	0
	ilmu komunikasi	Ilmu komunikasi	4	1	0	0	2	0	4	0	4	3	1	2	2	1	0	0	1	1	4	3	4	2	4	3	4	3	1	4	4	3	4	4	2	4	3	2	3	4	3	4	4	4	3	4	2	3	3	4
	ilmu komunikasi	ILMU KOMUNIKASI	3	1	1	2	2	2	2	1	3	3	2	3	2	2	2	2	2	3	3	2	3	1	2	3	4	3	3	2	3	3	4	4	2	2	3	3	3	3	2	2	4	3	3	2	2	3	3	2
	ilmu komunikasi	Ilmu Komunikasi	2	0	0	0	0	0	2	2	1	3	2	0	1	2	1	0	2	3	4	4	4	3	4	4	2	3	3	3	3	4	4	2	2	2	3	3	3	4	2	2	1	1	2	2	1	1	2	2
	ilr	ILR	0	0	0	0	0	0	0	0	0	0	0	0	0	0	0	0	0	3	1	2	2	1	0	2	4	3	1	4	1	2	3	1	1	1	4	0	3	3	4	3	4	0	4	4	3	4	4	2
	im	im not sure	1	0	0	1	0	1	2	1	0	3	2	0	0	1	0	0	1	1	1	0	0	3	2	0	1	1	0	4	1	3	0	0	1	2	1	2	1	2	2	1	0	2	0	1	0	0	0	0
	im	Im not sure yet	4	0	1	1	1	2	2	2	3	2	1	2	2	3	1	2	3	3	2	1	4	3	4	3	3	4	2	3	3	4	1	3	1	3	2	2	2	2	2	3	1	2	2	2	2	1	2	1
	im	im dont know 	4	0	0	0	0	3	0	2	2	4	4	1	2	3	0	4	4	0	2	4	4	2	4	0	4	0	4	2	4	0	4	4	2	4	0	3	1	2	4	4	0	0	0	4	4	0	0	4
	im	IM NOT SURE	2	2	1	1	0	1	1	1	2	3	3	1	3	1	2	3	2	2	4	3	4	2	2	3	1	1	1	2	2	0	0	2	1	1	1	2	1	2	0	0	1	1	1	1	2	1	0	3
	im babi still	Im a baby still	2	0	0	1	0	0	0	0	4	2	2	4	4	3	4	0	0	0	3	3	1	0	2	3	2	3	3	1	3	1	4	2	1	0	1	1	2	2	3	0	0	1	0	2	1	2	0	0
	im still highschool	nothing im still in highschool	0	0	0	0	0	0	0	0	2	4	4	0	0	4	0	0	0	0	4	0	0	2	4	4	0	0	0	0	0	4	4	4	0	0	4	4	0	4	4	2	0	0	0	0	0	0	0	4
	im take bu	should be science but im taking diploma in bu	2	0	0	1	3	2	2	2	4	3	3	2	3	2	3	2	4	3	3	3	3	3	2	2	2	4	3	3	3	2	4	3	3	2	2	3	2	2	1	2	2	2	1	3	2	2	2	2
	immunolog	immunology	2	0	0	0	1	0	0	0	4	3	1	3	2	0	1	0	0	0	0	1	0	0	0	0	3	3	3	3	3	4	3	1	1	3	3	1	1	3	3	0	1	1	0	1	1	3	1	0
	immunolog	Immunology	1	0	1	0	0	3	0	0	4	4	4	4	4	4	3	3	2	3	3	3	1	4	1	4	2	3	3	4	3	4	4	3	0	0	3	0	3	3	0	3	0	1	0	0	4	2	0	1
	immunolog	Immunology	1	0	0	1	0	0	1	0	4	4	4	3	3	0	3	0	0	0	3	0	0	3	0	0	2	2	0	1	0	0	0	0	0	1	0	0	0	0	0	0	0	1	1	0	0	0	0	1
	immunolog	IMMUNOLOGY	2	2	4	0	0	0	0	0	4	2	4	4	4	0	2	2	0	4	4	0	0	0	0	2	2	4	4	2	2	0	2	2	0	4	4	2	4	4	2	2	4	0	0	4	2	4	0	2
	immunolog	Immunology 	0	0	0	0	0	2	0	1	4	3	4	4	4	3	4	2	3	1	2	1	3	3	0	1	2	1	1	3	1	1	1	1	0	3	3	2	3	3	1	1	1	3	2	2	3	2	2	2
	immunolog	Immunology	2	1	1	0	0	1	1	1	3	3	3	3	3	3	3	2	0	1	0	1	0	2	0	2	3	3	1	1	1	2	2	2	0	0	1	0	4	1	0	1	1	2	1	3	3	3	1	1
	inclus	inclusiveness	2	4	3	4	4	4	2	3	3	2	2	2	2	2	2	2	2	3	2	4	4	4	4	2	2	4	4	0	4	0	3	2	0	2	3	0	2	0	2	2	0	2	4	4	4	2	2	2
	indian	indian studies	4	4	3	2	4	4	2	4	2	3	2	1	0	3	1	3	0	0	0	0	0	0	2	1	1	2	2	2	2	3	2	2	0	0	1	0	0	0	1	0	2	2	1	2	0	3	0	3
	indiana	Indiana	2	1	2	2	2	1	2	1	2	2	2	2	2	3	1	2	2	3	1	1	2	2	3	3	2	2	1	1	2	1	1	2	3	3	2	1	2	1	2	3	2	2	2	1	0	0	2	2
	individu	individual studies	1	1	0	0	0	0	0	0	1	2	3	0	2	2	2	2	2	2	4	2	3	4	1	4	3	4	4	1	4	4	4	2	0	3	0	2	0	3	0	4	0	2	0	2	0	0	0	1
	individu	Bachelor of individualized studies 	2	0	2	0	0	0	0	0	3	3	3	0	3	3	3	0	0	0	0	0	4	2	3	0	0	3	3	3	2	0	0	0	0	0	0	0	0	0	0	0	0	2	0	0	0	0	0	0
	individu	Individual Studies	0	0	1	0	1	0	0	0	4	0	1	3	3	0	3	0	0	0	3	1	4	0	3	3	2	3	1	0	2	2	3	2	1	1	1	0	1	1	3	1	1	1	1	1	1	1	1	1
	individu	individualized studies 	0	0	0	0	0	0	0	0	1	2	3	0	0	3	0	0	0	0	0	0	1	0	0	0	3	4	4	2	4	4	4	3	1	3	1	0	2	2	0	2	3	0	2	3	1	3	2	0
	individu	Individual Studies	3	0	0	0	0	0	1	0	4	4	4	0	2	3	1	0	1	2	3	2	1	1	2	2	2	3	3	3	3	1	1	2	0	1	0	3	0	0	0	0	0	0	0	0	0	2	0	0
	individu	individualized studies	0	0	0	0	0	0	0	0	0	0	0	0	0	0	0	0	0	0	2	4	0	2	0	0	0	3	3	0	3	0	2	0	0	0	0	0	0	0	0	0	0	0	0	0	0	0	0	0
	industri	Industrial	4	1	3	1	1	2	1	1	4	2	2	2	2	2	1	3	4	3	2	2	2	3	2	2	4	3	2	1	2	2	2	1	4	3	2	2	3	2	3	2	1	3	1	1	1	1	1	1
	industri	industrial	0	0	0	0	0	0	0	0	2	0	0	0	0	0	0	0	2	2	2	2	2	4	4	2	4	4	4	2	4	4	4	4	2	2	4	2	2	0	0	4	2	0	2	0	0	0	0	0
	industri distribut	Industrial Distribution	2	3	3	2	2	4	2	3	3	3	3	3	3	3	3	3	1	0	2	1	1	3	3	2	3	4	3	2	2	1	2	1	2	1	2	1	3	2	3	2	0	2	2	1	1	2	2	2
	industri electr	Industrial Electrical	3	4	1	4	1	4	3	4	0	1	1	1	0	1	1	3	1	1	4	3	3	4	4	1	2	0	1	2	3	2	2	0	3	2	2	0	3	1	3	2	2	2	1	1	1	2	1	1
	industri electron	Industrial electronics	4	2	0	2	0	4	0	2	3	0	0	1	0	0	0	2	0	3	2	0	0	2	1	2	3	1	0	4	4	0	1	1	2	1	3	1	4	0	1	0	0	1	1	1	2	3	1	0
	industri electron technolog	Industrial electronics technician	2	2	0	3	2	2	3	2	0	1	2	0	1	1	2	0	4	2	3	4	3	4	2	3	2	3	2	2	2	3	1	2	0	1	0	3	0	2	0	3	1	1	2	2	3	2	0	1
	industri hygien safeti engin	Industrial Hygiene and Safety engineering	4	1	4	1	2	2	2	0	2	3	2	3	2	2	2	0	1	2	1	2	2	2	2	0	1	1	0	0	1	0	1	2	0	1	3	0	4	1	2	2	0	1	2	2	3	1	3	2
	industri instrument	Industrial Instrumentation	2	2	3	4	3	1	1	1	1	3	3	1	2	2	1	3	3	0	1	3	0	4	3	2	2	3	1	3	0	1	0	2	0	0	0	4	1	0	0	0	0	0	2	2	2	3	0	0
	industri labor relat	Industrial and Labor Relations	4	2	0	0	0	2	0	2	4	4	3	3	3	4	1	1	0	4	4	3	4	3	1	2	3	4	4	1	4	3	3	3	0	0	0	2	1	0	0	4	0	0	0	0	0	0	0	0
	industri labor relat	Industrial and Labor Relations	0	0	0	1	0	0	0	0	1	0	0	1	1	0	0	1	1	1	1	2	2	1	0	0	0	2	1	3	0	0	1	0	2	0	3	2	3	2	1	1	0	0	2	1	3	2	1	2
	industri relat labor	Industrial relations and labor studies	3	2	1	2	2	2	2	2	3	2	1	1	2	3	2	2	3	0	1	2	2	3	2	2	3	2	1	3	2	3	3	3	2	3	3	2	2	3	2	2	3	3	3	3	3	2	3	2
	infant child develop	infant and child development	3	0	0	0	0	0	0	0	4	4	2	4	1	0	1	0	0	0	2	2	3	0	3	4	4	4	4	3	4	3	4	4	2	4	0	2	2	2	2	2	2	2	2	3	1	3	2	2
	infecti diseas epidemiolog	Infectious disease epidemiology	0	1	1	1	0	2	0	0	4	4	3	4	3	3	3	3	2	3	1	2	3	4	3	1	0	4	2	3	2	2	3	2	0	0	2	0	2	0	0	0	0	0	0	0	2	3	0	0
	infocomm	Infocomm	4	3	1	3	2	2	3	3	2	1	1	2	1	2	1	2	1	0	3	1	0	2	1	0	2	4	1	0	1	3	3	3	3	3	2	1	3	2	2	4	3	3	3	3	4	4	3	3
	infocomm technoligi	Infocomm Technoligy	2	0	0	0	0	0	0	0	1	1	0	1	1	1	1	0	0	0	0	0	1	1	0	0	3	0	3	1	2	2	2	1	3	2	2	0	4	2	2	0	4	1	4	4	4	2	4	4
	infotech	Infotech	3	4	3	4	2	3	3	3	4	4	4	3	4	4	3	4	0	2	2	0	3	1	1	2	1	2	2	1	2	2	2	1	2	3	3	0	2	3	2	2	4	4	4	3	4	4	3	3
	ingegneria meccanica	ingegneria meccanica	2	0	2	4	2	1	0	0	0	0	3	3	3	1	4	3	1	1	2	1	4	2	1	4	2	0	0	3	0	0	2	0	0	0	1	0	1	0	0	0	0	2	2	1	3	3	0	0
	ingen	Ingenering	4	0	3	4	0	4	1	0	0	4	4	4	0	4	3	4	4	4	1	4	4	3	4	4	1	2	3	3	4	0	0	0	3	1	3	1	3	0	4	3	2	1	1	0	3	2	0	3
	ingenieria	Ingenieria	2	2	2	4	2	2	4	3	2	2	3	4	2	4	4	3	1	1	2	1	1	3	3	4	3	2	4	3	4	3	3	4	2	3	2	1	4	3	4	4	3	4	4	2	3	4	3	4
	ingenieria comerci	ingenieria comercial	4	4	0	4	3	3	4	2	0	4	4	0	0	0	0	0	0	2	4	1	0	4	4	0	4	1	3	0	0	1	0	1	4	0	4	0	4	0	4	0	3	0	3	4	4	4	4	1
	ingenieria telecomucacion	ingenieria Telecomucaciones	2	2	2	3	2	2	2	2	3	3	3	4	3	2	3	3	2	2	2	2	3	3	3	3	4	4	3	3	3	2	3	3	2	2	2	1	3	2	2	2	2	2	2	3	3	2	2	1
	ingilizc	ingilizce	4	0	2	4	2	4	4	0	4	0	4	4	4	4	4	0	4	4	4	4	0	4	4	0	4	0	4	2	4	4	4	2	0	2	2	0	2	0	0	0	0	2	2	4	4	4	4	4
	ingl	ingles	2	0	2	2	2	2	2	4	2	2	2	2	4	2	4	2	2	2	2	2	4	2	4	2	2	2	4	2	4	2	4	2	0	2	0	2	4	2	4	2	0	2	2	2	2	2	4	2
	ingl adm	ingles e adm	2	0	0	0	0	0	0	2	4	2	0	4	2	2	2	0	4	0	2	0	0	2	4	0	4	4	2	4	2	4	4	2	0	4	2	2	4	4	4	4	4	2	2	4	0	0	4	4
	inglê	inglês	2	0	0	0	0	0	0	4	4	4	4	4	4	4	4	0	4	0	2	0	0	2	2	0	2	4	2	2	2	4	4	4	0	0	2	2	4	4	4	4	2	2	2	4	0	0	4	4
	innov	innovation	1	0	0	0	0	0	0	0	1	3	2	1	0	1	1	2	1	1	4	2	1	3	2	2	3	1	1	1	0	0	0	0	3	0	3	0	2	0	3	0	0	0	0	0	2	0	0	0
	innov	Innovation	0	3	3	4	0	4	2	1	1	4	1	4	0	1	2	1	2	4	4	4	0	1	4	4	4	4	4	1	3	2	3	3	2	3	1	0	4	2	0	0	0	0	0	0	1	2	0	0
	innov	innovation	3	3	2	4	2	3	3	2	4	4	4	2	2	4	2	2	1	3	2	3	3	2	4	2	4	2	2	4	4	4	4	3	2	3	2	2	2	2	2	3	2	2	2	2	3	3	2	2
	innov entrepreneurship	MSc in Innovation and Entrepreneurship	1	0	0	2	0	2	1	0	3	4	0	2	1	3	0	3	3	3	3	2	3	3	1	0	4	4	2	3	3	2	3	2	0	1	3	3	4	2	1	0	0	0	2	2	2	1	0	0
	inspector investig dotor veterina	inspectore/investigate/dotor veterina	3	0	1	1	0	0	1	0	2	2	3	2	2	2	2	2	4	3	0	3	1	3	4	1	3	2	2	4	2	3	2	2	0	0	2	0	2	1	0	0	2	2	1	1	1	4	1	1
	institut kitchen servic	institute kitchen services	3	3	3	3	2	4	3	0	4	4	4	4	4	4	4	0	2	3	1	4	4	4	1	2	1	2	1	4	3	3	3	3	0	2	1	0	3	1	0	2	3	3	3	3	2	4	2	2
	instruct desi	instructional desi	3	2	1	1	1	2	2	1	3	2	2	2	3	2	2	2	1	3	2	3	3	3	2	2	4	3	1	3	3	3	2	3	0	2	3	0	3	1	2	1	2	2	2	1	3	3	1	2
	instruct leadership	Instructional Leadership	3	3	0	0	0	3	3	1	3	1	1	3	1	1	0	0	1	1	3	1	3	1	1	1	4	4	3	3	3	3	3	3	1	1	4	1	4	1	0	0	3	1	0	3	3	1	0	1
	instruct technolog	Instructional Technology	1	2	1	3	2	2	1	2	3	2	3	4	2	2	1	4	4	3	3	3	3	3	3	4	4	3	3	2	3	3	3	1	0	0	3	1	2	2	1	2	0	2	4	2	3	3	2	2
	instruct technolog	Instructional Technology	3	3	3	1	2	3	3	3	2	1	1	3	1	0	0	0	1	2	3	2	3	1	3	3	4	3	1	1	3	1	1	1	2	2	3	1	3	1	3	3	0	3	1	0	0	2	0	0
	instruct technolog	instructional technology	2	3	2	4	2	4	2	4	3	2	2	3	2	3	2	3	2	3	1	2	2	3	3	4	2	3	2	2	2	3	3	2	1	1	3	1	3	3	2	3	1	2	2	1	2	2	2	2
	instrument	Instrumentation	2	0	4	4	2	0	4	0	0	0	2	1	0	1	0	0	0	0	0	0	0	0	0	0	0	2	0	2	0	0	0	0	2	0	1	0	2	2	0	0	2	4	0	2	2	2	2	2
	instrument electron	instrumentation &  Electronics 	4	2	3	3	0	3	3	2	3	2	2	2	2	2	2	2	3	3	1	0	3	2	0	3	4	3	3	3	2	3	4	3	2	1	3	1	3	3	3	2	2	3	4	2	4	4	3	3
	instrument electron	Instrumentation and Electronics	3	2	0	1	0	3	0	1	4	4	4	3	3	4	4	4	2	2	3	3	3	2	1	4	4	3	2	1	3	0	0	1	2	1	1	1	2	1	0	2	2	2	2	1	2	1	1	1
	instrument engin	instrumentation engineering	2	3	4	4	1	1	1	2	4	3	3	3	2	3	2	3	3	4	3	2	3	2	4	3	3	4	2	3	3	1	2	1	1	2	3	1	4	2	2	2	2	2	3	2	2	2	1	1
	instrument engin	Instrumentation engineering 	4	1	4	3	2	3	3	2	1	2	1	2	2	2	1	2	1	2	2	2	2	1	1	2	2	3	3	2	1	1	1	2	4	2	3	0	3	2	1	1	2	3	2	1	2	2	1	2
	instrument engin	instrumentation engineering	3	4	2	4	2	4	4	2	4	2	2	2	2	2	2	2	2	2	2	2	2	3	2	2	3	4	2	2	3	4	3	3	2	2	3	2	4	2	2	2	2	3	3	2	2	2	2	2
	instrument engin	Instrumentation Engineering	0	0	0	1	1	1	1	0	4	0	0	3	3	1	3	2	4	4	4	4	4	3	4	4	2	3	2	4	3	2	4	1	1	1	3	2	4	3	4	3	1	1	1	1	1	2	1	1
	instrument engin	Instrumentation Engineer	3	0	3	2	2	3	4	3	2	1	3	2	1	3	3	3	3	3	3	2	2	4	4	3	3	2	3	3	4	3	3	3	2	3	3	1	4	2	3	4	2	3	2	2	2	2	3	3
	instrument engin	Instrumentation Engineering	3	1	0	4	0	2	1	1	3	1	1	1	1	0	1	1	1	3	0	1	1	2	1	1	4	3	1	3	2	1	4	1	2	2	3	0	4	2	1	1	3	1	4	2	2	1	1	2
	instrument engin	Instrumentation engineering	3	0	4	3	1	1	2	1	1	2	2	2	2	2	2	2	2	3	1	1	3	2	2	1	0	2	0	0	0	0	1	0	1	3	0	0	3	2	2	3	3	3	3	2	3	3	2	3
	instrument engin	Instrumentation Engineer	3	1	3	3	3	3	3	1	2	2	2	2	2	3	3	3	3	2	3	3	2	3	3	3	3	3	3	3	4	4	3	3	2	2	4	3	4	4	3	4	2	3	2	3	3	3	2	3
	instrument engin	INSTRUMENTATION ENGINEERING	4	0	4	4	4	3	3	0	4	4	4	0	2	3	0	4	3	3	0	4	3	4	3	0	2	3	1	4	1	0	0	2	1	1	3	1	3	0	0	1	1	1	1	1	0	1	0	1
	instrument technolog	Instrumentation technology 	4	1	1	4	3	4	4	3	1	1	3	3	4	3	4	4	3	4	4	4	4	4	4	4	3	4	3	4	2	4	3	3	3	1	3	4	2	2	4	2	3	3	3	3	3	2	2	3
	instrumentatiom control engin	Instrumentatiom and Controlling Engineering	4	2	4	3	3	2	4	2	0	2	2	2	3	3	2	2	2	2	4	4	2	4	3	4	2	2	2	4	2	4	2	2	2	3	2	2	2	4	2	2	2	2	2	2	3	3	2	2
	insur	Insurance	3	1	1	1	1	0	0	1	3	0	1	3	2	0	1	1	2	0	3	3	3	2	1	0	3	3	3	1	2	0	3	1	1	1	3	1	1	0	1	1	2	1	1	1	0	2	1	0
	insur	Insurance	2	0	0	1	1	2	0	0	2	2	2	2	2	2	0	0	3	2	2	3	2	3	0	2	4	3	3	3	3	3	2	2	2	1	3	2	4	2	2	3	0	2	2	3	0	2	2	2
	insur	insurance	2	0	0	0	0	0	0	0	4	0	2	2	2	0	3	0	2	0	2	2	1	3	0	0	3	3	2	4	3	2	3	3	0	0	0	2	1	0	0	0	0	0	0	2	0	0	0	0
	insur	Diploma in Insurance	3	1	0	0	0	2	0	1	4	3	3	4	3	4	3	3	2	2	3	3	3	3	1	2	4	4	4	2	4	2	3	3	2	1	3	1	2	1	1	1	2	1	1	2	2	1	1	2
	integr	Integrative Studies	0	0	0	0	0	0	0	0	4	4	4	4	4	4	4	4	4	4	4	4	4	4	4	4	4	4	4	2	4	4	4	4	0	0	0	0	2	0	0	0	0	0	0	0	0	2	0	0
	integr	integrative studies 	2	0	0	1	1	1	0	1	3	1	4	2	2	2	2	1	0	2	3	3	2	3	4	4	3	3	2	4	3	1	2	3	4	1	4	1	4	3	4	1	1	2	0	3	1	0	2	1
	integr	Integrated Studies	2	0	0	1	1	2	1	1	3	3	3	3	3	2	3	0	4	4	3	4	4	4	3	3	3	4	3	3	3	3	3	3	1	2	3	1	2	1	2	2	1	0	2	3	3	1	1	1
	integr	Integrative studies	1	4	2	3	3	3	1	4	3	3	3	1	2	3	2	3	1	3	2	3	3	3	4	2	4	4	3	2	4	2	3	4	1	1	2	3	2	3	2	3	0	2	1	2	0	2	1	0
	integr	Integrated Studies	0	0	0	0	0	0	0	0	4	4	3	0	3	4	3	3	0	0	3	0	0	0	4	3	0	3	1	0	1	3	0	0	0	0	1	0	3	0	1	3	0	0	0	3	0	0	0	0
	integr social	Integrated Social Studies	4	3	2	1	3	1	2	2	3	2	2	1	1	3	2	0	0	0	0	2	1	1	1	0	3	4	4	4	4	4	3	4	2	3	2	3	3	3	3	3	3	2	1	3	1	2	3	3
	intelijen	Intelijen	4	3	4	4	4	4	4	4	4	4	4	4	4	4	4	4	4	0	4	4	4	4	4	4	4	3	4	4	4	4	4	4	0	4	4	4	4	4	4	4	4	4	4	4	4	4	4	4
	intellig analysi	Intelligence Analysis	4	3	3	4	2	2	2	1	3	3	3	4	3	3	2	4	1	3	4	2	3	3	4	4	2	2	2	3	2	1	2	0	2	1	2	1	3	1	3	1	2	2	1	1	3	2	2	2
	intellig oper	Intelligence Operations	2	2	2	1	1	3	1	2	4	2	2	3	2	2	3	2	3	2	2	3	3	3	3	3	2	2	3	3	3	1	2	2	0	0	1	1	1	0	2	0	0	0	0	0	0	2	0	0
	intercultu communic	intercultual communication	2	0	2	1	0	1	1	0	1	2	1	0	0	2	1	3	1	4	3	0	3	2	3	3	4	1	4	4	4	0	3	2	3	1	4	4	4	4	4	4	0	2	0	4	0	0	2	1
	interdi	Interdis.	0	0	0	0	0	0	0	0	3	0	0	0	0	0	0	0	1	3	3	2	3	0	0	2	3	3	4	3	4	1	1	1	0	2	2	1	1	2	0	2	0	0	1	1	0	2	0	0
	interdiciplinari	Interdiciplinary Studies	3	2	0	3	2	1	3	1	2	3	2	1	3	3	3	1	1	1	1	2	3	2	3	2	3	3	2	1	2	1	2	1	0	0	3	1	2	1	1	2	2	2	3	3	3	2	1	3
	interdiscipinari	Interdiscipinary Studies	2	1	0	1	0	1	0	1	3	4	3	2	3	4	2	3	2	2	1	3	2	2	3	2	2	4	3	3	4	4	3	3	0	1	0	2	2	1	1	2	0	0	0	0	0	2	1	0
	interdisciplenari	Interdisciplenary	0	2	3	0	0	3	2	2	2	4	3	1	1	3	1	2	3	3	3	4	1	3	3	3	2	3	2	3	1	3	3	0	2	2	3	2	2	2	2	3	0	1	0	1	2	2	0	1
	interdiscplinari	Interdiscplinary Studies 	0	0	0	0	0	0	0	0	2	3	2	0	0	0	0	0	1	0	3	3	2	0	0	0	3	4	4	3	4	4	4	2	0	0	0	2	0	0	0	1	1	0	0	0	0	0	0	0
	interdiscplinari	interdiscplinary	2	0	0	2	0	0	1	0	2	0	0	2	0	0	0	0	3	2	2	2	3	3	0	0	3	2	2	2	3	3	4	2	2	2	2	2	2	3	2	2	2	2	3	2	2	2	2	2
	interdisiplanari	Interdisiplanary Studies	1	0	0	0	0	0	0	0	2	2	2	2	2	2	1	1	4	4	3	3	3	3	3	2	3	3	4	4	3	3	2	2	2	1	3	3	3	3	2	2	1	0	1	2	0	2	1	1
	interdisiplinari	interdisiplinary studies	1	3	3	3	0	2	0	2	3	2	3	3	3	1	3	3	0	0	0	1	1	0	1	0	2	0	2	2	2	0	2	1	0	1	0	0	1	0	0	0	0	1	0	0	1	0	1	1
	interdisplincinari	INTERDISPLINCINARY 	0	4	0	0	0	2	0	0	4	2	1	0	2	0	0	0	0	0	1	0	4	0	4	0	4	4	4	4	4	3	4	0	0	4	0	0	4	0	4	0	0	0	0	0	0	0	0	0
	intergr	Intergrative studies	4	2	3	1	2	1	0	0	0	2	2	2	1	3	2	2	0	0	1	3	3	0	1	1	4	2	3	0	1	2	4	2	0	2	2	1	2	1	1	2	4	1	1	3	1	2	2	3
	intergr leadership	intergrated leadership studies	0	0	0	0	0	0	0	0	0	0	0	0	0	0	0	0	0	2	0	0	4	0	0	0	2	4	0	0	0	0	4	0	0	0	0	0	0	4	2	0	0	0	0	0	0	0	0	0
	interior	interior	4	3	1	3	2	2	3	4	2	1	0	3	1	1	3	3	0	2	3	4	3	4	2	4	4	2	3	4	2	4	4	4	0	0	2	1	3	2	2	1	1	0	1	1	1	2	2	2
	interior architechtur	interior architechture	0	0	0	0	0	0	0	0	0	0	0	0	0	0	0	0	1	2	3	2	3	2	0	3	2	0	3	0	3	0	0	0	0	0	3	2	3	3	0	3	1	0	3	1	0	0	0	1
	interior safeti	Interior safety studies 	3	2	1	0	2	1	1	2	0	0	0	0	0	0	0	0	3	3	2	3	3	1	1	2	3	3	1	3	1	0	1	2	1	2	1	0	0	0	0	2	2	0	1	3	0	2	0	0
	intermedi	Intermediate	2	0	1	3	0	0	1	0	0	0	0	0	0	0	0	3	2	1	0	1	2	0	0	1	2	4	2	2	2	0	0	3	2	1	2	0	4	2	2	1	2	2	2	3	4	3	2	2
	interpret	Interpreting	0	0	0	0	0	0	2	0	3	3	3	3	3	2	3	2	2	0	2	3	3	3	2	2	4	4	4	3	4	3	4	4	0	3	2	0	0	2	2	2	2	0	0	0	3	2	2	0
	interpret	Interpretation Studies	0	3	3	3	1	3	1	1	4	3	3	3	3	3	3	3	3	3	3	3	3	3	2	3	3	4	3	4	3	3	4	3	0	0	1	1	1	1	0	2	1	1	1	2	2	2	1	1
	interpret	interpreting 	2	2	0	3	2	3	2	3	2	1	1	1	1	1	1	3	3	3	2	4	3	3	3	3	2	3	3	2	3	3	3	3	2	2	2	3	2	3	1	3	1	2	2	1	1	1	1	1
	interpret deaf	Interpreting for the Deaf	0	0	0	0	0	0	0	0	1	1	0	0	0	0	0	1	3	1	2	2	3	3	0	3	4	3	3	0	4	3	3	2	1	2	1	2	0	1	1	1	2	0	0	1	0	0	0	0
	intl busi	intl business	3	1	0	0	0	0	0	0	4	4	2	0	2	4	0	0	1	4	1	2	1	3	0	0	3	4	4	0	3	3	1	2	0	1	1	0	4	1	1	1	0	0	0	0	4	0	2	0
	intl busi trade	INTl business and trade	3	4	3	3	3	2	3	3	3	3	3	3	3	3	3	3	3	3	3	4	4	3	3	3	4	3	3	4	3	3	3	3	3	2	3	2	4	3	3	4	4	3	3	2	2	3	3	3
	intl relat	Intl relations	0	0	0	0	0	0	0	0	0	2	1	0	0	0	0	0	0	4	4	1	4	3	0	4	1	1	0	0	0	0	0	0	0	0	2	0	3	0	3	0	0	0	0	0	3	3	0	0
	intrepreneur	intrepreneur	3	1	0	1	1	0	2	0	3	4	4	3	4	4	3	3	0	0	2	1	0	2	4	1	0	2	1	0	0	1	0	1	2	1	3	3	2	2	2	1	2	2	2	1	2	1	1	2
	invest	investments	0	1	3	0	0	2	0	0	3	3	2	4	2	2	2	0	0	0	0	2	2	4	0	2	4	4	4	2	4	4	4	2	4	2	2	2	4	3	2	3	4	2	2	3	3	2	4	2
	invest	Investment	0	2	0	3	1	0	2	2	4	2	3	1	2	3	3	2	4	2	4	2	3	3	1	2	4	4	1	1	1	0	1	2	4	1	1	0	0	1	2	1	0	1	0	0	2	2	0	2
	invest bank	investment banking	4	0	0	1	0	0	0	0	0	0	3	4	0	0	0	2	0	0	1	0	0	0	2	0	0	2	0	1	0	0	0	0	4	3	3	0	4	4	4	0	3	0	2	0	2	0	4	0
	investig	investigations	2	1	1	1	1	1	1	1	3	1	1	2	1	2	1	2	1	1	1	1	1	1	3	1	3	2	2	3	3	2	2	2	1	1	3	1	2	1	1	2	1	2	1	3	1	2	2	1
	investig	Investigation	0	2	4	2	2	4	2	2	4	2	0	2	4	2	4	2	0	4	2	0	2	0	0	2	2	0	2	0	4	0	0	2	0	0	4	0	2	2	2	0	2	2	4	2	2	2	2	4
	investig	investigation	2	2	1	1	2	2	2	2	2	2	2	2	2	2	2	4	1	2	2	3	3	3	3	2	2	3	3	2	2	1	2	2	2	3	3	2	3	3	4	2	2	2	1	2	2	2	2	2
	investig	Investigating	3	0	1	1	1	1	1	1	4	4	3	4	3	4	1	3	2	2	1	2	1	2	2	1	3	3	3	3	3	3	2	3	1	1	1	1	1	1	1	1	1	1	1	1	1	3	1	1
	investig forens	Investigative Forensics	0	3	3	0	1	0	0	3	4	4	4	3	3	4	4	1	0	0	0	3	2	1	4	0	4	4	3	4	4	3	3	3	2	2	4	4	4	2	3	4	2	3	2	4	2	0	2	4
	investig forens	investigative forensics	0	1	0	1	0	1	0	0	4	4	3	1	1	2	3	2	3	4	3	1	4	4	4	4	3	4	3	1	4	4	4	3	0	3	3	3	3	4	2	2	1	1	2	3	2	3	2	1
	investig forens	Investigative Forensics	4	1	0	1	1	1	2	1	4	1	2	4	4	3	4	3	0	2	4	4	2	0	3	1	3	3	4	3	4	3	3	4	3	2	3	4	1	3	3	3	3	2	1	3	2	3	3	2
	investig forens	Investigative Forensics	1	2	0	0	1	4	2	1	3	3	3	3	3	3	4	3	0	3	1	4	3	4	4	4	3	4	4	1	4	4	4	3	1	0	0	1	1	0	4	4	0	2	0	2	0	4	1	0
	investig forensicss	Investigative Forensicss	3	0	0	0	0	2	2	1	4	1	1	0	2	0	4	1	1	2	3	2	0	0	1	2	3	4	4	3	3	3	3	2	2	2	3	1	4	3	3	2	4	4	4	4	3	2	4	4
	io	IO	0	0	0	0	0	0	0	0	3	0	0	0	0	0	0	0	0	0	0	0	0	0	0	0	3	3	2	2	3	2	2	1	0	2	0	0	2	0	0	0	2	0	2	3	2	2	2	2
	ion kno	ION KNO	3	3	3	2	4	4	3	4	2	1	1	1	0	2	0	0	0	0	0	0	0	0	2	0	2	0	4	2	3	0	1	2	4	0	1	0	2	2	4	3	1	0	2	0	0	1	1	1
	ip	IPS	0	0	0	0	0	0	0	0	0	0	0	0	0	0	0	0	4	0	0	4	2	4	4	0	2	2	4	4	4	4	4	4	2	2	4	0	2	0	2	0	0	2	2	2	0	2	0	0
	ir	IR	2	2	2	2	2	2	2	1	4	2	2	2	3	2	3	2	4	1	2	2	2	3	3	1	4	2	3	4	2	2	2	2	2	1	1	2	2	1	2	1	2	1	1	2	2	2	1	1
	ir	IR	2	0	0	0	0	0	0	0	4	0	0	0	0	0	0	3	4	4	4	3	4	4	2	3	4	4	4	3	3	1	3	2	1	2	0	2	0	0	2	0	0	0	0	0	0	0	0	0
	ir	IR	2	1	1	1	2	1	2	1	0	2	1	2	1	1	0	2	0	1	4	0	1	1	0	3	3	3	1	3	3	1	3	1	2	2	3	1	4	2	2	2	3	3	1	4	4	3	2	3
	ir	IR	0	3	2	1	0	2	0	1	0	3	3	3	0	3	3	2	1	1	3	2	3	3	1	2	2	4	4	3	0	4	3	1	1	0	0	0	4	0	1	1	1	0	1	0	3	0	3	1
	ir	IR	3	3	1	3	2	3	3	2	1	0	0	2	1	2	0	3	0	2	4	3	3	2	2	2	2	3	0	2	2	0	0	0	1	3	3	1	2	2	0	1	2	2	2	2	3	2	1	3
	ir	IR	2	2	0	0	0	0	0	0	3	2	1	2	0	1	0	1	4	2	3	3	4	4	2	2	3	4	3	3	3	4	4	3	0	1	1	0	3	2	0	2	1	1	1	2	0	1	0	0
	ir	IR	1	0	0	1	2	2	0	0	2	3	3	2	0	2	2	0	0	0	1	0	0	0	0	0	1	2	3	0	3	3	3	0	0	0	0	0	2	0	0	0	2	0	2	3	3	0	0	0
	irrig engin	Irrigation engineering 	4	3	4	4	3	4	3	3	4	3	3	3	2	4	3	3	2	3	3	2	3	3	2	3	3	3	3	2	3	3	3	3	3	3	2	3	3	4	3	3	3	3	3	3	4	4	1	3
	ise	ise	2	0	2	2	0	3	0	0	4	3	3	4	4	2	2	0	4	4	2	2	2	4	4	2	4	4	2	4	1	2	2	3	0	0	4	0	4	1	0	0	0	0	1	0	1	0	0	0
	islam	Islamic	2	2	0	2	0	2	2	1	3	2	0	0	2	0	3	0	1	2	2	0	1	1	4	0	3	4	4	1	4	3	1	4	1	2	4	0	2	0	2	0	2	0	2	2	4	3	2	2
	islam	islamic studies	3	0	1	2	0	2	0	0	4	4	4	4	4	3	3	4	2	2	0	2	4	3	0	0	3	4	3	2	3	1	2	2	2	2	3	2	4	2	1	0	0	1	1	1	4	3	1	0
	islam	islamic studies	2	2	0	3	1	1	3	0	3	4	2	1	1	2	2	0	2	3	3	2	2	2	0	3	4	3	1	1	2	3	1	3	1	2	2	1	1	3	0	4	2	2	2	2	2	3	1	2
	islam	Islamic studies	2	0	0	0	0	0	0	1	1	0	0	1	0	0	0	0	4	2	4	3	4	3	4	2	3	2	2	3	3	3	2	2	4	3	4	2	3	4	3	2	4	0	2	3	2	1	3	3
	islam	islamic	2	1	2	0	0	1	2	1	4	3	3	1	0	3	1	0	2	2	3	3	4	3	1	0	4	4	3	3	3	4	3	3	1	2	2	1	1	3	1	2	1	2	1	1	1	2	1	1
	islam	Islamic studies	4	3	1	3	1	3	2	2	4	4	3	2	3	3	3	2	0	1	1	1	3	3	0	1	2	2	2	1	2	0	0	2	1	1	1	1	1	0	0	1	2	3	3	2	0	2	0	1
	islam	islamic studies	4	0	2	0	0	0	2	0	4	4	2	2	2	2	2	0	0	2	0	0	0	0	0	2	4	2	4	0	2	2	2	2	2	2	2	0	2	2	0	0	2	2	2	2	0	0	0	0
	islam bank	islamic banking	2	4	2	2	2	0	3	4	3	3	4	2	3	1	2	0	2	2	3	3	3	3	2	3	4	3	4	3	3	3	4	3	1	1	2	2	3	3	3	2	4	1	3	3	3	2	2	3
	islam bank	islamic banking	2	4	2	2	0	0	1	2	2	2	2	2	1	0	2	2	3	2	3	2	3	2	1	2	3	2	2	2	2	2	2	2	3	2	2	2	2	2	3	2	4	4	2	2	2	1	3	3
	islam busi	islamic business	4	2	2	3	2	4	3	1	3	4	4	2	3	4	3	3	3	3	2	3	3	4	3	2	2	3	1	2	3	4	4	1	2	2	4	1	3	4	0	1	1	2	4	4	4	3	2	1
	islam jurisprud	Islamic Jurisprudence	4	3	2	3	1	3	3	2	2	4	3	2	1	3	2	2	2	4	3	3	3	3	3	3	4	3	4	3	4	4	2	3	1	2	2	1	3	3	2	2	2	2	2	2	2	2	2	3
	islam reveal knowledg	Islamic revealed knowledge	4	2	1	1	1	1	2	2	3	4	4	1	2	4	3	1	0	4	2	2	3	2	2	2	1	4	3	4	4	4	4	4	1	1	2	1	1	3	1	3	1	3	3	3	3	1	1	2
	islami	islamis studies	2	0	0	3	1	4	1	1	1	1	2	2	2	2	1	0	0	2	1	1	3	3	1	2	3	4	3	4	2	4	4	4	2	1	4	2	1	3	0	2	2	2	3	3	2	2	1	2
	isom communic	ISOM and Communication Studies	2	0	0	1	0	0	2	0	1	1	1	1	2	0	1	2	4	4	2	2	2	4	2	2	3	1	0	3	1	1	1	1	0	1	2	0	2	1	0	2	3	3	2	2	2	2	2	2
	ite	Ite	2	2	2	2	2	2	2	2	4	4	4	2	2	2	2	2	2	4	2	2	4	2	2	4	4	4	4	2	4	4	4	4	4	2	2	2	2	2	2	2	2	2	4	2	4	4	2	2
	japan	Japan Studies	3	3	1	4	1	3	2	3	4	4	3	3	3	4	2	3	4	4	4	4	4	4	3	4	1	2	1	2	3	0	2	1	1	3	2	2	2	3	1	3	1	3	2	2	2	2	0	3
	japan cultur	Japan culture	2	2	0	2	2	2	2	2	2	3	0	3	2	2	0	3	2	4	0	3	3	1	2	2	0	0	2	2	2	2	2	2	2	2	2	2	1	0	2	4	2	2	3	2	2	0	2	2
	japan stubi	japan stuby	1	3	4	2	2	4	2	4	4	4	4	4	4	4	4	4	0	1	2	2	2	2	3	2	4	4	4	4	4	4	4	4	3	4	4	3	2	3	3	2	0	0	0	0	0	0	0	0
	japanees	japaneese	0	0	0	0	0	0	0	0	0	0	0	1	0	0	0	0	0	0	0	0	0	1	4	0	0	0	2	0	0	1	0	0	0	3	0	0	0	3	3	0	0	0	2	0	0	0	0	0
	jazz perform	Jazz Performance	3	2	1	1	2	2	2	1	3	2	2	2	2	3	2	2	4	4	2	4	2	4	3	3	3	4	4	4	4	2	2	2	2	2	2	2	2	2	2	2	2	2	2	1	1	2	1	1
	jeweleri	Jewelery	4	2	2	3	1	4	2	2	4	4	4	2	2	3	3	2	0	0	1	2	3	3	0	0	2	2	1	2	4	2	3	3	0	3	1	3	2	2	3	3	2	3	2	4	3	3	2	4
	jewelri	jewelry	2	3	0	2	2	4	2	2	3	2	1	3	2	3	2	3	0	3	4	4	3	3	4	4	1	4	3	3	2	0	3	3	0	0	0	2	1	0	0	2	0	2	0	2	3	2	0	2
	jewelri technolog	Jewelry Technology 	2	2	0	0	0	0	0	0	4	4	4	3	3	3	3	0	0	0	3	3	4	0	0	0	3	3	3	1	4	1	2	2	0	0	3	0	0	0	0	0	0	0	0	0	1	2	0	0
	jhs complet	jhs completer	2	2	2	0	2	3	2	2	2	2	2	3	2	3	2	0	4	2	2	3	2	4	2	2	3	2	3	3	4	3	4	2	3	2	4	2	2	2	3	3	2	2	4	3	2	2	2	2
	jhv	jhv	0	2	4	2	0	2	4	2	1	1	3	3	1	1	3	3	2	0	2	4	2	0	2	4	3	1	1	3	3	1	1	3	4	2	0	2	4	2	0	2	3	3	1	1	3	3	1	1
	jkbose	jkbose	3	1	0	4	2	0	1	3	1	2	0	1	0	2	1	4	0	3	2	4	0	2	0	0	1	1	4	2	0	2	0	2	3	0	1	1	0	2	0	1	1	0	0	1	0	1	2	1
	jounal communic	Jounalism and communication	1	0	0	0	0	1	0	0	1	1	0	0	0	2	0	0	2	4	2	3	4	3	3	3	3	4	3	3	3	3	2	3	2	2	3	4	3	4	1	3	0	0	0	0	0	0	0	0
	jour	JOUR	0	1	1	1	2	0	0	0	0	0	1	1	0	0	0	0	2	3	3	1	0	3	0	2	4	2	1	1	2	1	2	1	2	2	3	3	3	3	1	1	1	2	1	3	0	1	1	1
	judaic	Judaic Studies	1	3	1	1	1	3	1	1	3	3	3	3	3	4	3	3	1	1	1	1	3	1	0	0	2	3	3	2	4	2	4	1	0	1	3	0	3	0	0	1	3	0	2	2	3	3	1	1
	jungl travel	Jungle traveler	2	2	1	1	1	2	1	0	2	4	3	3	2	3	3	2	0	3	1	0	0	1	3	1	4	1	1	1	2	3	2	2	1	1	0	1	1	0	1	1	1	0	0	0	0	3	0	0
	jurisprud	Jurisprudence	2	0	0	1	0	0	0	0	2	1	1	2	1	0	0	0	2	1	2	3	3	3	0	2	3	2	3	1	3	2	2	1	2	1	1	1	3	0	0	1	0	0	2	1	0	0	0	0
	jurisprud	Jurisprudence	0	2	2	1	0	1	1	1	4	3	3	4	3	2	3	1	3	3	2	2	3	2	3	3	3	2	3	3	3	1	2	1	2	1	3	1	3	0	1	0	2	1	1	2	2	2	1	0
	justic	Justice	4	3	0	2	2	2	2	2	4	4	3	3	3	4	2	4	0	3	1	1	3	1	3	3	0	4	3	3	3	1	1	1	0	0	2	1	2	0	0	0	3	3	2	2	2	2	3	1
	justic	justice studies	3	2	1	2	1	3	2	3	4	3	3	3	1	1	2	1	1	2	2	2	1	1	1	2	1	4	3	2	3	3	3	3	1	2	1	1	2	2	2	2	1	1	1	2	1	2	1	2
	justic	justice studies	0	1	0	0	0	3	0	4	4	4	4	1	3	1	3	0	3	3	4	3	1	4	3	4	1	3	4	3	1	4	0	1	1	3	3	4	3	4	3	1	0	0	0	1	0	0	0	0
	justic	justice	0	1	2	0	1	0	0	2	0	3	2	0	1	4	0	2	0	2	2	0	1	2	0	2	2	2	3	3	3	3	2	2	2	2	3	3	3	3	2	2	1	2	1	2	1	0	2	2
	justic	Justice Studies	1	0	0	0	0	0	0	0	2	2	2	2	0	2	2	2	0	1	0	1	0	0	2	0	1	0	1	1	1	0	1	1	1	0	0	2	2	1	0	0	1	1	0	1	0	0	0	0
	justic	justice studies	2	0	0	0	0	3	0	0	3	0	0	0	0	0	0	0	0	0	0	0	0	0	0	0	4	3	3	3	3	0	0	2	0	0	0	0	0	0	0	0	0	0	0	0	0	0	0	0
	justic	justice studies	0	0	0	0	0	0	0	0	3	2	2	2	2	1	2	0	0	0	1	0	0	0	0	0	4	3	3	2	3	2	3	2	0	0	2	2	0	0	2	0	2	0	2	0	2	0	0	0
	justic	Justice studies	2	0	0	1	3	1	2	0	4	0	1	2	2	2	1	1	0	0	0	0	3	0	0	1	4	4	1	1	2	3	3	4	0	2	2	1	3	3	0	3	0	2	2	3	3	3	3	3
	justic	Justice	0	2	0	1	0	3	0	2	2	4	3	3	2	4	2	2	0	1	3	2	1	1	2	1	3	2	2	1	3	3	2	2	0	0	1	1	3	2	0	2	1	0	1	1	2	2	2	1
	justic	Justice Studies	2	3	0	1	0	3	0	2	4	3	3	3	3	1	3	0	2	3	4	3	3	3	0	2	3	3	4	3	4	3	4	3	0	3	2	2	2	2	3	2	2	2	1	2	1	3	1	1
	justic	Justice Studies	0	0	0	2	0	3	0	0	2	4	2	0	4	4	3	4	0	0	0	4	4	4	0	0	0	2	0	4	0	2	4	0	0	0	0	0	0	0	0	0	0	0	0	0	0	0	0	0
	justic	Justice Studies	2	2	2	2	2	2	2	2	2	2	2	2	2	2	2	2	2	2	2	2	2	3	2	2	2	3	4	2	4	4	4	4	2	2	2	2	2	2	2	2	2	2	2	2	2	2	2	2
	justic	Justice Studies	1	2	0	0	1	1	1	0	2	1	1	2	3	2	2	1	1	3	0	1	1	3	1	1	3	4	3	3	3	3	3	3	0	1	1	1	0	0	1	1	2	1	2	1	2	2	1	1
	justic divin	Justice Studies/ Divinity	1	3	0	0	1	2	1	3	3	3	3	0	2	3	1	3	3	3	3	3	3	3	3	3	3	3	3	4	3	3	3	2	0	1	1	3	3	2	2	3	0	1	0	2	2	2	1	2
	justic divin	Justice Studies/ Divinity	0	4	0	0	0	4	2	3	2	4	4	2	2	4	3	2	4	4	4	2	4	4	4	4	4	2	2	4	4	4	2	2	0	0	0	2	4	4	0	2	0	0	0	0	2	2	0	1
	justic polici	Justice & Policy Studies	2	1	0	0	0	0	0	0	3	3	0	2	2	1	2	0	0	0	0	0	0	0	0	0	4	3	2	0	2	0	0	1	0	2	2	0	3	1	1	0	3	2	2	3	1	2	2	1
	justic studi	Justice Study	2	0	0	0	0	2	0	0	3	3	1	1	3	2	2	0	3	4	1	1	2	2	2	4	3	4	4	1	4	4	4	3	0	0	3	1	3	1	3	1	2	0	1	1	0	1	2	1
	k	i d k	0	0	0	0	0	0	0	0	0	0	0	0	0	0	0	0	0	0	0	0	0	0	0	0	0	0	0	0	0	0	0	0	0	0	0	0	0	0	0	0	0	0	0	0	0	0	0	0
	kannada	kannada	3	0	0	3	0	2	2	0	2	3	1	1	0	0	1	0	4	3	0	4	4	3	2	4	4	4	2	2	4	3	4	3	0	0	4	0	3	0	0	0	4	2	4	4	0	2	0	2
	kannada	kannada	0	0	1	2	2	3	4	3	1	0	1	2	2	3	4	3	0	1	1	2	3	3	4	3	0	1	1	2	3	3	4	3	0	1	1	2	3	3	4	4	0	1	2	2	3	4	3	4
	keakaunan	Keakaunan	4	2	0	0	0	0	0	3	0	0	0	0	0	0	0	0	0	4	0	4	0	0	0	4	4	0	2	3	3	0	4	0	0	4	3	0	3	0	0	0	2	2	3	2	2	0	4	2
	kedokteran	Kedokteran 	3	4	1	2	0	0	0	1	4	0	0	3	0	1	0	0	2	1	0	1	2	1	0	0	2	2	3	4	3	3	4	3	2	1	2	1	1	2	3	2	3	3	1	0	1	3	1	1
	kedokteran	Kedokteran	1	3	3	4	0	2	1	2	4	4	4	4	4	4	3	3	4	4	1	3	2	4	3	3	2	3	3	1	3	3	2	3	1	0	2	0	3	0	0	3	3	3	3	2	4	2	1	2
	kedokteran	kedokteran	4	0	3	1	1	0	1	0	4	3	4	2	4	3	3	0	3	1	2	1	2	4	1	0	2	1	4	2	1	2	1	3	3	1	2	3	3	3	3	3	3	2	3	1	3	3	3	2
	kejuruteraan	kejuruteraan	4	4	4	4	4	4	4	2	0	2	2	4	2	2	2	4	4	4	4	2	4	4	2	4	2	4	2	0	4	4	4	4	0	4	4	2	4	4	4	4	4	4	4	4	4	4	4	4
	kejuruteraan awam	kejuruteraan awam	2	0	0	0	0	0	0	0	2	0	0	4	0	0	0	0	4	4	0	4	4	4	4	0	0	4	0	0	4	4	0	0	0	0	0	0	4	0	4	0	0	4	4	0	0	0	4	4
	kemanusiaan	Kemanusiaan	0	0	0	0	0	0	2	0	2	2	0	2	0	0	0	0	2	0	0	0	0	2	2	0	2	4	2	2	2	4	4	4	0	4	4	0	0	4	0	2	0	0	2	0	0	0	0	2
	kesehatan	Kesehatan	2	1	0	0	0	1	0	0	4	1	3	3	4	0	2	0	1	4	1	1	0	2	1	0	1	4	0	2	4	0	4	4	0	4	1	4	2	2	0	1	2	1	0	4	0	1	0	1
	kimia	Kimia	4	4	4	3	0	3	3	0	4	0	4	4	2	2	3	0	0	1	2	0	0	1	2	1	2	2	0	1	2	0	3	3	2	1	2	4	4	1	0	0	3	2	4	4	4	2	3	3
	kin	kin	0	2	0	0	0	0	0	2	4	3	3	0	2	3	2	2	0	2	4	4	0	4	2	4	2	1	0	2	3	3	3	3	0	0	0	2	0	0	4	0	0	0	0	0	0	0	0	0
	kine	kine	3	1	0	3	2	2	2	1	4	2	3	4	3	3	3	3	1	1	2	2	1	2	3	1	4	3	4	3	4	2	3	3	0	1	2	2	2	2	1	1	3	3	3	2	2	2	2	3
	kinesolgi	Kinesolgy	3	3	0	1	0	4	3	4	3	4	2	3	2	4	2	1	0	0	0	0	0	0	0	0	2	3	2	0	2	1	1	3	4	3	4	0	3	1	4	0	4	2	0	3	3	2	3	3
	kiniseolog	Kiniseology	2	0	0	0	0	0	0	0	4	4	3	0	0	4	0	1	0	0	1	4	0	4	0	0	4	4	4	4	4	2	2	2	1	0	0	1	0	0	0	0	0	0	0	0	0	0	0	0
	kinseolog	Kinseology	2	1	0	3	1	3	2	2	4	4	4	3	3	4	3	3	0	0	2	2	0	0	4	0	2	2	2	4	3	2	2	3	2	2	2	1	2	1	3	2	0	0	0	0	1	3	0	0
	kiswahili	kiswahili	2	0	0	0	0	2	2	2	2	0	2	0	0	2	0	2	2	0	0	2	2	2	2	2	4	2	2	2	4	4	4	4	0	0	2	2	4	2	2	4	0	2	2	4	2	2	2	4
	kl	KL	1	2	2	3	3	2	4	2	1	2	2	1	2	2	4	2	1	2	2	1	3	3	4	3	1	2	2	1	3	3	3	2	1	2	2	1	3	3	3	4	2	2	2	2	2	4	3	3
	kno	i dont kno	1	1	0	4	1	1	4	3	2	3	4	4	4	4	3	0	2	1	3	4	4	4	2	4	3	1	4	3	4	2	3	3	2	1	4	0	4	4	4	3	4	1	2	3	3	2	4	1
	knowim confus	I dont know...im so confused	0	0	3	4	2	4	1	0	4	4	4	0	4	4	4	1	1	3	1	0	3	3	4	0	3	3	4	1	4	3	3	3	1	1	0	0	4	1	2	0	0	4	0	1	3	4	1	3
	knowledg integr	Knowledge Integration	0	0	0	3	0	0	0	0	3	3	3	3	4	4	3	1	3	3	3	3	3	3	4	4	3	2	0	0	3	3	2	0	0	0	3	0	2	0	0	1	0	0	0	0	0	0	0	0
	kulinari	kulinari	3	2	2	1	1	2	1	1	2	1	2	2	0	2	1	1	4	2	1	2	4	4	3	2	2	2	1	4	1	3	3	3	2	2	3	3	1	4	0	3	3	1	0	1	2	2	2	2
	l	l	1	2	0	1	0	1	1	1	2	4	3	2	3	2	3	2	2	2	2	3	4	3	2	2	2	2	1	2	2	1	2	1	1	2	1	1	1	1	1	1	1	1	1	2	1	1	1	1
	l	L	0	0	0	0	0	0	0	0	1	2	3	1	3	1	1	1	4	3	2	3	4	4	0	2	1	3	1	1	3	2	3	2	0	0	0	0	2	0	0	0	0	0	0	0	0	0	0	0
	laa	laa	2	3	1	1	3	2	2	1	2	3	3	1	2	2	2	2	1	3	2	2	4	3	1	1	2	2	4	1	4	1	2	1	3	2	2	1	4	1	3	1	3	1	2	0	2	1	2	0
	lab	lab	0	3	0	1	3	1	2	1	4	1	3	3	4	3	4	3	2	3	4	0	2	2	1	1	2	2	1	2	2	2	0	2	0	0	0	2	0	2	0	4	0	1	0	0	0	2	0	0
	lab	lab 	1	0	0	0	0	0	0	0	2	1	3	2	2	2	3	3	0	2	1	0	0	0	0	0	1	2	0	2	1	1	2	1	0	0	0	2	0	0	0	0	0	0	0	0	0	0	0	0
	lab teck	lab teck	2	2	0	1	0	1	1	0	2	2	3	2	2	2	3	3	1	2	3	1	2	0	3	3	3	2	3	1	3	3	3	3	0	2	2	1	0	3	2	2	0	3	0	1	0	0	0	1
	labor	Labor Studies	0	0	0	0	0	0	0	0	4	4	0	2	0	0	0	0	0	0	0	0	3	0	0	0	4	4	0	0	2	0	4	0	0	0	4	0	0	0	0	0	0	0	2	3	0	3	0	3
	labor employ relat	Labor & Employment Relations	2	1	0	1	0	1	0	0	3	3	3	1	1	2	1	1	0	0	4	0	1	1	1	3	1	4	3	3	3	4	3	2	3	3	3	3	4	3	3	2	3	1	3	4	2	2	3	3
	labor employ relat	Labor and Employment Relations	2	1	0	1	0	1	0	2	2	3	3	1	1	3	0	2	4	4	4	3	4	3	3	3	3	1	2	4	2	0	2	0	1	2	3	0	4	2	0	1	1	4	1	3	3	0	0	3
	labor employ relat	Labor and Employment Relations	0	0	0	0	0	0	0	1	2	3	1	1	1	2	1	0	1	2	2	4	4	4	2	2	3	3	4	3	4	3	3	3	1	1	3	3	4	4	4	3	0	0	1	1	0	0	3	1
	labor employ relat	Labor and Employment Relations	0	0	0	0	0	0	0	0	0	2	0	0	0	0	0	0	0	0	0	0	0	0	0	0	0	3	0	0	0	2	0	0	0	2	0	0	4	2	2	0	0	2	0	0	0	0	0	0
	labor employ relat	Labor and Employment relations	3	0	0	0	0	0	0	0	0	0	2	1	0	0	0	1	0	0	2	1	0	2	0	0	4	4	3	2	3	3	3	3	2	1	3	0	3	2	2	0	3	3	3	4	3	1	3	2
	labor employ relat	Labor Employment Relation	3	1	1	1	1	0	2	0	1	3	2	1	2	0	0	0	1	2	3	2	3	4	3	1	4	4	2	3	3	3	3	4	2	3	4	1	4	1	2	3	4	2	2	4	3	2	1	2
	labor employ relat	Labor and Employment Relations	0	0	0	0	0	0	0	0	3	4	2	2	2	0	0	0	0	0	0	0	0	0	0	0	2	4	4	1	4	0	3	3	3	3	3	1	3	4	3	0	3	1	3	3	0	0	0	2
	labor employ relat	Labor and employment relations	2	3	3	0	2	1	2	2	3	4	4	2	3	4	2	3	0	0	2	0	0	2	4	0	3	0	4	3	3	1	2	0	4	0	4	0	4	0	4	0	3	0	1	3	0	0	0	1
	labor employ relat	Labor and Employment Relations	1	0	0	0	0	0	0	1	0	0	0	0	0	0	0	0	0	0	0	0	1	0	2	0	3	3	0	1	2	2	1	0	0	2	2	1	4	2	2	1	2	2	2	4	2	0	1	1
	labor employ relat	Labor Studies and employment relation  	0	0	0	0	0	0	0	0	2	1	2	2	0	1	2	1	0	2	2	1	2	2	1	2	2	4	4	1	4	0	0	1	0	3	4	0	3	0	3	0	0	2	2	0	0	0	2	0
	labor relat	Labor Relations 	0	0	0	0	0	0	0	0	2	0	1	0	0	0	0	1	2	1	3	0	2	3	0	0	3	4	3	2	4	0	0	2	3	1	3	0	4	0	4	0	2	0	0	0	0	0	0	0
	labor relat	Labor relations	1	0	0	0	0	0	0	0	2	2	2	2	2	1	1	2	2	4	1	2	3	2	1	3	4	4	3	2	4	2	2	1	2	3	1	2	4	3	0	2	0	0	0	3	0	2	0	0
	laboratori	Laboratory sciences	2	1	0	0	1	1	0	1	4	3	2	3	3	3	3	2	1	0	1	0	0	2	1	0	0	2	0	2	0	0	0	0	1	0	0	0	0	0	0	0	1	0	0	0	1	1	0	0
	laboratori	Laboratory science	2	0	0	0	0	0	0	0	4	4	4	4	4	4	4	3	2	0	1	0	0	0	0	0	2	0	0	1	0	0	2	0	0	0	0	0	0	0	0	0	0	0	0	0	0	0	0	0
	laboratori	Science laboratory	2	4	1	4	2	4	4	2	2	4	3	2	1	2	4	4	1	1	1	1	0	3	2	1	4	2	1	0	1	2	3	1	0	3	1	1	0	3	0	2	2	2	1	1	4	4	0	1
	labour	Labour Studies	0	0	0	0	0	0	0	0	1	0	0	2	2	0	2	0	0	0	0	0	0	2	0	0	3	0	2	2	2	0	0	0	0	0	1	0	3	0	0	0	0	0	1	2	2	0	0	0
	lae	Lae	2	3	4	2	0	2	2	1	1	3	3	1	3	4	2	1	0	2	0	1	2	1	0	2	1	4	4	4	4	4	4	4	3	3	4	4	2	2	2	4	0	1	0	2	0	1	1	0
	lae	Lae	0	0	0	0	0	0	0	0	2	0	4	0	0	0	0	0	0	0	0	0	0	4	0	0	2	4	2	0	4	4	4	0	0	0	0	0	0	0	4	0	0	0	0	0	0	0	0	0
	lah	Lah	0	2	1	3	0	1	0	2	0	2	2	0	2	3	2	0	2	2	2	2	1	4	1	0	0	3	3	3	3	4	4	0	3	3	1	0	2	2	4	0	2	1	2	0	2	0	3	2
	land develop	land development	2	2	0	1	1	1	2	2	2	2	2	1	2	2	2	2	1	2	2	1	1	1	0	2	3	3	2	1	2	2	2	2	1	1	2	1	2	2	2	1	3	2	3	2	3	3	3	2
	land matter	science in land matters	4	4	1	1	0	4	0	4	4	4	2	1	0	4	0	2	4	4	2	0	0	3	4	0	3	3	2	0	1	3	4	4	4	1	4	1	4	4	4	4	4	1	4	4	2	2	4	4
	land survey	land survey	1	1	2	1	1	1	1	1	2	3	1	1	1	2	1	2	3	2	1	1	1	1	1	3	3	3	1	2	1	1	1	2	2	3	1	2	2	2	3	2	1	2	1	1	1	1	2	1
	land survey	land survey	4	0	0	0	0	0	0	0	0	1	1	0	0	1	0	0	0	0	3	1	0	1	0	0	0	1	1	4	2	2	1	0	0	0	0	2	0	2	0	0	0	0	2	0	2	1	0	0
	land surveyor	land surveyor	0	0	0	0	0	0	0	0	0	0	0	0	0	0	0	3	0	0	0	0	0	0	0	0	0	0	0	0	0	0	0	0	0	0	0	0	0	0	0	0	0	0	0	0	0	0	0	0
	landscap	landscape	0	0	0	0	0	0	0	0	4	4	4	0	4	4	4	4	0	0	3	0	0	0	0	0	0	0	4	0	3	0	3	0	0	3	0	0	0	0	0	0	3	0	3	0	3	0	0	0
	landscap	landscape	3	0	0	0	0	0	0	0	4	4	4	0	0	4	4	4	3	0	1	0	0	0	0	0	3	1	4	0	0	0	4	0	0	0	0	0	3	0	0	0	3	1	3	3	3	3	0	2
	landscap	landscape	0	1	0	1	0	1	0	0	0	4	4	0	4	4	4	1	1	0	0	0	0	0	0	0	0	1	4	0	0	0	0	0	0	0	0	0	0	0	0	0	3	1	4	4	4	3	0	4
	landscap	Landscape	1	0	0	1	2	0	0	2	0	2	0	0	2	3	2	0	2	0	0	0	0	3	0	1	0	1	0	0	0	0	2	1	0	0	3	0	4	0	2	0	3	0	1	3	3	0	0	1
	landscap	landscaping	4	4	1	2	1	2	0	2	2	2	2	0	0	1	1	0	0	0	3	1	0	0	1	2	0	1	1	0	0	0	0	0	1	1	0	0	1	0	0	1	3	3	0	0	0	0	0	0
	landscap	landscaping	4	3	0	0	0	4	2	4	4	4	4	2	4	2	3	2	1	2	3	3	1	4	1	3	3	3	0	3	3	2	3	0	1	1	2	2	1	3	0	3	3	0	3	3	0	0	0	1
	landscap	landscaping	3	4	1	2	0	4	0	3	3	3	0	2	3	4	3	4	1	1	4	2	1	1	2	4	2	2	4	1	4	2	2	2	1	1	3	2	2	3	2	3	0	0	1	0	0	3	0	0
	landscap	landscape	3	3	1	1	0	3	1	2	4	4	4	0	2	4	3	2	4	3	4	2	3	4	2	4	2	4	3	0	2	3	2	3	2	2	2	0	2	3	1	4	2	1	0	0	2	2	1	2
	landscap arquitectur	Landscape Arquitecture	0	1	0	1	3	3	0	0	4	4	3	2	4	4	3	4	3	4	4	4	4	3	2	4	4	4	4	2	4	4	4	4	4	3	4	3	0	4	2	3	0	0	0	0	0	1	0	0
	landscap contract	Landscape Contracting	2	4	3	3	2	3	1	3	2	4	4	4	3	4	2	4	1	1	2	4	2	3	4	2	3	2	0	4	1	2	0	1	3	0	2	3	2	1	2	4	1	1	2	2	2	1	1	2
	latino	Latino Studies	1	2	0	3	2	3	2	1	4	4	4	2	3	3	3	3	2	4	3	2	3	1	3	3	1	2	1	1	1	2	3	2	0	1	2	0	1	0	1	2	2	2	3	0	3	1	1	2
	lax	Lax	1	2	0	1	1	2	1	2	2	4	4	3	4	3	3	0	3	4	3	4	4	4	0	3	4	3	4	4	4	4	4	2	3	2	2	1	2	3	3	3	1	1	1	2	0	0	0	2
	lcc	lcc	0	0	0	0	0	0	0	0	0	0	1	0	0	0	0	0	0	0	0	0	0	0	0	0	1	1	3	0	3	1	2	2	2	1	2	0	1	2	0	1	0	0	3	1	0	0	1	0
	le cordon bleu	Le Cordon bleu	0	0	1	4	3	2	3	4	4	4	4	1	4	1	4	1	2	1	4	4	1	2	2	3	4	0	1	1	4	4	2	4	1	2	1	4	4	3	4	4	0	1	4	4	4	3	4	4
	leadership	Leadership	4	0	2	1	0	0	2	0	3	0	2	3	2	3	4	1	2	2	2	2	2	0	3	1	4	4	4	1	4	2	4	4	3	0	4	0	4	0	2	3	3	4	4	4	4	2	2	4
	leadership	leadership	1	2	4	2	3	2	2	3	2	2	1	2	2	1	1	1	1	1	2	1	1	2	3	2	3	3	2	2	3	3	2	1	3	3	4	3	4	4	3	4	1	2	3	3	3	3	4	4
	leadership	Leadership	0	2	0	0	0	1	0	1	2	2	1	2	1	1	1	1	4	4	3	4	4	4	1	2	4	4	3	4	3	1	2	2	0	2	2	1	3	2	2	2	0	1	1	0	0	2	1	0
	leadership	Leadership	0	0	0	0	0	0	0	0	0	0	0	0	0	0	0	0	0	0	0	0	0	0	0	0	2	4	4	0	4	0	0	0	0	0	2	0	4	0	0	0	0	2	0	0	0	0	0	2
	leadership	leadership	2	2	1	2	1	3	2	3	3	2	2	1	3	2	2	2	2	2	3	3	3	3	2	2	3	3	3	3	2	2	2	2	0	2	2	2	2	2	3	2	1	2	3	3	2	2	2	3
	leadership	leadership	0	0	0	0	0	0	0	0	3	2	0	4	3	0	0	0	0	0	0	0	1	2	0	0	4	0	3	3	4	0	4	1	0	0	2	0	4	0	3	0	0	0	2	2	3	3	3	0
	leadership	leadership	0	0	0	0	0	0	0	0	0	0	0	0	0	0	0	0	0	0	0	0	3	0	0	0	4	4	1	2	3	0	2	2	0	3	2	0	3	3	1	0	4	1	1	3	0	2	4	1
	leadership	Leadership	4	2	1	2	1	1	0	1	3	2	1	2	1	1	1	1	1	1	2	1	1	1	3	1	3	0	3	4	3	1	3	3	1	1	2	1	2	0	3	1	1	0	1	0	1	0	1	1
	leadership	leadership	1	2	2	1	2	4	2	3	3	0	1	2	2	3	2	1	0	2	0	2	2	3	3	1	4	3	2	3	3	2	2	2	0	0	4	2	2	1	2	2	0	2	1	1	0	4	2	1
	leadership	leadership	3	1	1	1	1	2	1	1	2	3	1	2	2	2	1	1	0	2	1	1	2	0	2	1	4	4	4	0	4	4	3	3	2	2	3	2	2	2	3	2	1	1	1	1	1	2	2	1
	leadership	Leadership	2	4	4	4	3	3	3	3	4	4	4	4	4	3	4	4	0	0	2	1	3	2	0	3	4	1	3	4	4	0	1	0	2	0	4	3	4	0	1	0	4	2	3	3	4	1	4	3
	leadership	Leadership	0	1	0	1	0	0	0	0	2	1	1	2	2	1	1	0	0	2	2	2	2	3	1	2	4	4	1	2	1	0	1	1	1	2	2	0	3	1	3	0	3	1	1	2	2	3	2	0
	leadership	LEADERSHIP	2	2	1	2	1	3	1	1	2	1	2	2	2	2	2	2	2	3	0	2	3	3	1	2	3	3	2	3	2	1	2	2	0	0	2	1	1	1	0	2	0	1	1	2	2	2	0	2
	leadership	leadership	1	2	1	1	1	2	1	2	2	2	2	2	2	2	2	2	2	2	1	2	3	3	1	2	3	2	2	3	2	1	2	1	0	1	2	1	0	0	0	1	0	2	2	2	1	2	1	2
	leadership	Leadership	1	0	0	0	0	1	0	1	2	2	3	0	2	3	2	0	0	1	3	0	4	0	2	3	4	4	3	3	4	2	2	0	0	0	2	0	4	1	3	0	2	0	1	2	3	2	2	0
	leadership	Leadership	2	1	0	1	0	1	1	1	3	3	3	3	3	3	3	2	1	2	4	2	3	2	1	3	3	2	3	2	2	2	2	0	0	1	2	2	3	1	0	2	1	3	1	1	2	2	2	2
	leadership	Leadership 	3	0	0	1	1	0	0	1	2	2	2	2	1	2	1	1	3	3	4	3	2	3	3	3	4	3	2	3	3	3	3	2	2	3	2	3	3	3	3	2	1	2	2	1	1	1	2	1
	leadership	Leadership studies	0	1	0	1	0	2	1	0	2	1	1	0	1	1	1	2	2	3	0	3	4	3	4	3	3	3	2	3	2	3	4	2	2	3	3	2	3	3	3	3	2	0	1	2	3	3	3	3
	leadership	Leadership	0	2	0	1	0	2	0	0	4	2	2	4	0	2	0	2	2	1	0	2	0	2	0	0	4	4	4	4	4	3	4	3	0	0	4	4	3	0	3	0	0	0	2	2	4	2	2	2
	leadership	Leadership 	1	0	0	1	0	1	0	0	3	1	3	4	3	3	3	3	3	4	3	4	4	3	3	4	4	2	3	3	3	3	4	2	0	0	3	2	3	2	2	3	0	0	1	0	4	2	0	0
	leadership	Leadership	4	4	4	4	4	4	4	2	0	4	4	4	4	4	3	2	4	4	4	4	4	4	3	2	4	4	4	4	4	4	3	2	4	4	4	4	4	4	2	2	4	4	4	4	4	4	2	2
	leadership	Leadership	0	0	0	0	0	0	0	0	4	0	0	2	0	0	0	0	0	2	0	0	2	0	0	0	4	0	4	4	3	0	0	3	2	0	2	1	4	0	2	0	0	0	0	0	0	2	0	0
	leadership	Leadership	0	0	0	0	0	0	0	0	1	1	3	1	1	1	1	0	2	3	1	3	4	3	0	1	4	3	0	1	3	0	0	0	0	0	0	0	1	0	0	0	1	3	0	1	1	1	1	1
	leadership	Leadership	2	0	0	1	0	1	0	0	3	0	0	2	0	1	0	0	0	0	0	1	0	1	0	0	3	2	2	4	4	3	3	1	2	0	3	2	3	2	3	0	2	3	3	3	2	1	3	0
	leadership	Leadership	2	0	0	0	0	0	0	0	2	0	0	0	0	0	0	0	0	0	4	0	0	0	0	0	1	4	4	3	4	3	3	0	0	2	1	0	0	0	2	0	0	3	0	0	0	0	0	3
	leadership	Leadership	2	2	0	1	0	2	1	1	3	1	0	0	0	0	0	0	2	3	1	1	2	2	2	2	4	3	4	0	4	4	3	2	4	3	4	2	2	2	2	3	4	2	1	3	1	2	2	2
	leadership	Leadership	2	2	0	0	0	0	0	2	0	3	3	0	2	3	2	0	0	0	0	0	0	0	0	0	2	3	2	2	1	1	1	0	0	0	0	2	0	0	0	0	1	2	1	0	2	2	0	0
	leadership	Leadership	3	1	0	1	0	2	3	0	1	2	1	1	1	1	2	0	0	0	1	0	0	0	1	0	3	3	1	0	2	0	2	3	3	3	3	1	3	3	3	3	3	3	3	3	1	3	3	1
	leadership	leadership	0	1	2	0	0	0	0	2	2	2	1	0	0	0	0	0	4	4	4	4	4	4	1	4	4	4	3	3	4	4	2	3	1	2	2	3	2	4	3	3	0	2	0	0	0	0	2	0
	leadership	leadership	0	3	0	1	0	1	0	0	3	3	2	2	1	3	1	3	4	3	4	3	3	4	4	3	4	3	2	3	3	0	1	1	1	0	0	1	3	0	1	0	0	0	0	0	0	0	0	0
	leadership	leadership	1	0	1	3	1	0	1	0	2	2	2	2	2	0	2	0	0	3	0	1	0	0	3	0	2	0	0	1	0	1	0	0	0	2	2	0	4	0	0	0	0	1	0	0	0	0	0	0
	leadership	Leadership	1	2	1	1	1	2	1	2	2	2	1	1	1	2	1	2	1	2	3	1	2	1	2	3	2	2	1	2	1	0	1	1	1	1	2	1	3	2	2	2	2	2	2	2	3	2	2	2
	leadership ministri	leadership and ministry	0	0	0	0	0	0	0	0	0	0	0	0	0	0	0	0	0	1	3	4	3	3	0	2	3	4	3	0	4	1	1	0	0	3	1	1	1	3	2	0	1	1	2	1	0	0	0	1
	learn	Learning	0	0	2	0	0	0	0	1	3	2	1	2	1	1	1	2	0	4	3	0	4	0	3	3	4	3	2	4	4	4	4	0	3	0	2	0	4	0	1	2	0	0	0	0	2	0	0	0
	learn develop	Learning Development	1	0	0	1	1	2	2	2	3	2	2	1	2	2	1	1	1	1	1	1	1	1	4	1	2	3	4	4	3	4	3	4	1	2	3	2	2	2	3	2	0	3	1	1	2	2	1	2
	learn fix equat	Learning to fix equations 	4	0	4	4	2	2	4	0	0	4	4	4	0	4	0	4	0	0	4	0	4	0	4	2	4	2	4	0	4	4	4	4	0	4	0	4	4	4	0	4	4	4	4	4	4	4	4	4
	lectur	Lecturer	2	0	0	3	1	4	3	1	2	4	4	4	4	4	4	4	3	4	0	4	4	4	4	4	0	3	0	2	0	3	4	1	1	0	0	0	2	0	0	0	1	4	4	2	4	4	0	4
	ler	LER	2	0	1	0	0	0	0	0	3	2	0	0	0	3	0	1	0	0	2	0	0	0	4	0	4	3	4	4	4	3	2	1	4	3	4	4	4	3	4	1	1	1	1	1	0	0	1	0
	ler	LER 	2	2	0	0	2	0	2	0	2	4	0	0	0	0	1	0	2	2	4	4	2	4	3	0	2	4	0	4	4	4	4	4	0	0	2	4	4	4	2	4	2	2	4	4	2	0	4	4
	lesbian danc theori	LESBIAN DANCE THEORY	2	2	2	4	2	4	3	3	0	2	1	0	0	1	2	2	0	0	0	1	2	2	4	3	0	3	0	1	2	0	1	1	1	1	2	0	2	2	3	2	0	0	0	0	0	1	0	0
	less high	Less than high school	2	0	3	1	0	0	0	0	3	0	0	2	0	0	0	0	2	2	0	4	3	4	0	0	2	3	2	4	3	0	2	2	2	3	1	0	0	0	0	0	0	1	1	0	0	0	0	0
	letra portuguê inglê	Letras (Português/Inglês)	3	0	1	0	2	1	0	1	1	0	0	2	0	1	0	0	0	0	1	1	2	3	0	3	1	2	2	1	3	2	2	2	0	0	0	1	2	1	0	1	0	0	0	2	1	1	1	1
	letter	Letters	0	2	1	1	1	0	1	0	0	2	2	0	2	2	2	1	4	4	4	4	4	4	4	4	3	3	3	3	3	1	3	3	1	3	2	2	3	1	1	4	0	3	2	2	1	2	1	1
	letter	letters	0	2	0	0	0	0	1	0	1	0	0	0	0	1	0	1	0	0	0	0	4	1	0	1	4	4	2	3	4	3	3	4	2	3	4	4	2	4	4	4	0	0	0	2	0	1	0	1
	letter	Letters	2	2	1	1	2	2	2	3	2	1	1	3	3	1	1	2	3	3	3	4	4	4	3	3	4	4	3	4	4	3	4	2	4	2	4	2	4	4	4	3	2	1	2	3	2	2	4	2
	letter	letters	2	3	2	2	1	3	1	3	2	3	2	1	1	3	2	3	1	3	3	1	1	2	3	3	3	3	2	2	3	3	4	3	2	2	2	2	2	2	2	2	2	2	1	1	1	2	1	2
	letter art	letters, Arts, Sciences	1	1	3	1	0	2	0	3	3	2	3	2	2	3	2	4	4	4	2	4	4	4	3	4	2	3	1	4	3	2	3	0	3	0	0	2	4	0	4	0	1	2	0	1	1	1	0	1
	level	A Levels	2	2	4	0	0	2	0	2	2	4	4	0	4	4	2	2	0	2	0	0	2	2	2	2	2	2	2	4	4	2	4	4	4	2	4	4	4	4	4	4	4	0	0	4	0	2	4	4
	level apprentic machinist	level 1 apprentice machinist	1	1	1	1	4	1	4	1	3	4	1	1	1	1	1	1	1	1	1	4	1	3	1	1	4	4	1	1	4	1	1	1	1	1	1	1	4	1	1	1	1	1	1	1	1	4	1	1
	lex	Lex	2	2	2	0	2	3	1	1	3	3	0	1	3	1	1	1	2	4	0	3	0	3	1	1	3	4	2	3	2	1	1	1	1	2	0	0	3	1	1	1	2	2	2	0	2	1	1	1
	liber	liberal	0	3	3	1	1	2	0	1	4	4	4	4	4	4	2	4	4	4	2	4	4	4	2	2	0	2	0	2	3	1	2	2	0	1	2	2	2	1	3	2	0	0	0	1	1	0	1	1
	liber	liberal	0	0	0	0	0	0	0	0	0	1	0	0	0	0	0	0	0	0	4	0	0	0	0	0	2	0	1	0	0	1	0	0	0	0	0	0	0	0	0	0	0	0	0	0	0	0	0	0
	liber	Liber Studies	1	0	0	1	0	0	2	0	1	4	1	1	1	1	1	0	0	0	0	0	0	0	0	0	3	2	1	0	2	2	0	1	0	1	1	2	1	0	0	1	4	1	2	3	3	2	3	2
	liber studi	Liberal studie	0	0	0	0	0	0	0	0	1	3	2	2	1	3	0	3	3	4	4	4	4	4	4	4	3	4	1	4	3	0	3	2	2	1	0	2	1	0	3	0	0	0	0	1	0	2	1	0
	libral art	libral arts	2	2	2	3	2	3	3	3	4	1	0	2	2	1	2	1	0	0	1	0	0	1	2	0	0	1	3	2	2	1	0	3	2	2	1	0	2	1	2	0	2	2	2	3	2	2	1	2
	libral art	Libral Arts	2	2	0	0	1	3	2	2	3	3	3	0	0	2	0	1	1	3	4	2	3	3	3	3	2	3	2	2	2	3	3	3	0	2	3	3	2	2	0	3	1	0	0	1	0	2	0	0
	libralian	Libralian science	2	2	0	0	2	1	0	0	1	2	1	0	0	1	0	0	3	3	4	4	3	3	2	2	4	3	2	2	3	3	1	0	2	2	1	2	2	3	0	1	2	1	0	2	1	0	0	0
	licenciatura	Licenciatura	0	0	0	0	0	0	0	0	2	0	4	0	0	0	0	0	4	4	4	4	4	4	0	4	4	4	4	4	4	4	4	4	0	2	0	0	0	4	0	4	4	0	4	0	0	0	0	0
	lilpump	lilpump	0	0	0	0	0	0	0	0	0	0	0	0	0	0	0	0	0	0	0	0	0	0	0	0	0	0	0	0	0	0	0	0	0	0	0	0	0	0	0	0	0	0	0	0	0	0	0	0
	line man engin	Line Man Engineering	2	3	3	3	2	2	2	4	1	1	1	1	1	3	0	1	2	0	1	2	0	2	2	0	1	4	0	1	1	1	1	2	2	2	2	0	3	1	3	2	1	2	1	1	1	1	3	0
	lineman	Lineman	4	3	1	3	2	4	3	2	3	4	3	4	3	3	2	3	2	3	3	3	3	2	3	3	4	3	4	3	3	3	2	3	3	1	3	1	4	1	3	1	3	2	3	3	4	2	2	3
	liter idea that took th	i literally have no idea. Thats why I took th	0	3	2	0	2	0	0	3	3	4	4	3	3	3	3	1	0	2	3	0	1	0	3	3	2	4	3	4	1	4	3	4	2	0	2	2	2	2	2	2	0	0	0	0	1	2	0	0
	literaci	Literacy 	2	2	0	3	0	2	2	2	1	4	4	2	3	4	3	3	1	2	4	2	4	3	3	4	1	3	0	3	1	3	3	1	2	1	0	0	0	1	0	3	1	1	1	1	0	1	0	1
	literaci	Literacy	1	2	0	0	0	0	1	1	3	3	2	1	2	2	1	1	0	3	3	3	4	2	1	4	4	3	3	2	4	1	3	3	0	1	3	0	3	1	3	1	2	2	1	1	0	2	1	0
	litraturtur ethnic	litraturture ethnic studies	2	3	1	1	0	3	1	3	4	3	3	4	2	4	2	4	3	4	4	3	4	4	0	4	3	4	4	4	4	3	3	4	0	0	3	2	3	2	1	3	0	0	0	1	3	2	1	2
	litrec	litrecer	2	1	0	1	1	0	0	1	0	3	4	0	2	3	1	2	4	2	4	3	4	4	3	1	3	3	3	1	3	2	3	2	2	2	2	2	1	2	2	3	2	1	1	3	0	0	1	1
	litretur	Litreture	1	2	1	3	2	2	2	2	4	2	2	3	4	2	3	2	2	2	3	3	4	4	1	3	0	2	3	2	3	2	2	1	0	3	2	2	2	2	2	2	1	2	2	3	1	2	2	2
	litteratur social	Litterature and social science	1	2	0	3	0	1	0	1	4	4	3	3	3	2	3	0	2	4	3	2	4	4	2	4	0	3	0	0	0	1	1	0	0	1	0	0	1	2	0	1	0	2	0	0	0	2	0	0
	live skill	Living Skill	0	0	0	0	0	0	0	0	0	4	4	0	0	2	0	0	2	2	0	1	0	1	0	0	4	3	4	4	4	4	4	4	0	0	2	2	0	1	0	0	2	0	3	0	0	3	0	0
	logic	Logic	2	2	0	2	2	2	3	1	1	1	1	1	1	1	0	1	2	2	1	1	2	2	0	3	1	2	1	1	1	0	1	1	1	2	1	2	0	1	0	0	3	3	2	2	1	2	2	3
	logopedist	logopedist	0	0	0	0	0	0	0	0	2	2	1	2	2	2	1	0	0	0	1	0	0	4	0	4	4	2	4	4	4	4	4	3	0	0	0	1	0	4	2	4	0	0	2	0	0	4	0	2
	lol	lol	0	0	0	0	3	3	1	1	0	0	0	0	2	4	2	0	0	0	0	1	1	3	3	1	0	0	0	2	0	2	4	2	0	0	0	3	1	1	3	3	0	0	0	4	2	0	2	4
	lol	idk lol	2	0	0	0	0	1	0	0	3	3	3	4	3	3	3	3	0	2	3	0	2	4	0	2	0	4	4	0	4	4	4	4	0	3	1	4	1	3	1	2	1	1	0	1	1	1	0	0
	lol didnt	lol i didnt	0	0	0	0	0	0	0	0	0	0	0	0	0	0	0	0	3	0	3	4	3	4	3	2	3	0	0	0	0	3	0	0	0	0	0	0	0	0	3	2	0	0	0	0	0	0	0	0
	loss prevent	Loss Prevention	2	2	3	3	2	3	2	2	2	1	2	3	3	2	2	2	0	1	2	3	2	2	4	2	3	3	2	3	2	3	3	2	3	2	3	3	4	3	3	2	2	3	3	3	3	1	3	2
	louisvill	university of louisville	2	2	2	2	2	2	2	2	2	2	2	2	2	2	2	2	0	0	2	2	2	2	2	2	2	2	2	2	2	2	2	2	2	2	2	2	2	2	2	2	2	2	2	2	2	2	2	3
	love thing	i love all things	1	4	2	0	4	2	1	3	2	3	3	0	3	3	0	4	0	2	4	1	2	4	1	3	1	1	3	2	1	4	2	2	2	0	2	3	0	3	3	1	3	1	1	4	1	2	4	0
	low	low	2	0	0	4	3	2	3	2	4	2	4	4	3	3	4	2	4	3	4	3	4	4	0	2	4	0	3	2	3	0	1	0	0	0	1	1	3	1	1	4	0	0	1	3	2	1	1	2
	loyal	loyal	2	1	1	2	2	2	2	1	3	3	3	3	2	3	3	2	3	3	2	1	1	2	2	2	2	2	3	2	3	3	2	3	2	3	2	2	2	1	2	2	3	2	1	2	2	2	2	2
	lpn	LPN	2	2	0	3	1	0	0	1	4	2	2	4	4	0	3	0	2	1	1	1	3	1	2	0	3	3	0	3	4	3	2	3	0	1	0	0	2	1	0	0	1	3	3	0	3	2	1	3
	lpn	LPN	2	0	0	0	2	3	2	0	4	1	0	0	0	0	2	0	0	0	0	0	0	0	0	0	2	2	3	4	4	4	4	4	0	4	4	2	4	4	0	4	4	4	4	4	3	4	3	3
	lpn	lpn	4	0	0	0	0	0	0	0	4	0	0	4	4	0	4	0	0	4	2	4	4	4	3	4	4	4	4	4	3	4	4	4	2	3	2	4	4	4	3	3	3	3	2	4	3	3	3	3
	lpn	LPN	2	2	0	1	1	2	2	1	4	4	3	3	1	3	3	1	2	0	3	3	1	1	3	2	4	4	4	3	4	4	3	3	1	2	2	3	1	2	2	3	2	2	1	1	0	3	2	2
	lpn	lpn	0	1	0	3	0	2	0	0	1	4	3	2	1	2	3	0	2	2	2	2	2	2	3	2	3	1	0	1	4	3	4	3	2	2	3	3	1	3	0	0	3	3	4	2	0	3	0	2
	lpn	LPN	3	2	2	2	2	2	2	2	0	4	4	4	2	2	2	3	1	2	2	2	3	0	2	2	3	4	0	2	2	3	4	4	2	2	2	4	2	3	4	2	2	2	2	2	2	3	2	2
	lpn busi	General Studies, LPN, Business	2	0	1	1	1	1	2	0	4	2	0	4	4	1	4	1	0	0	2	0	0	2	4	1	3	2	4	2	4	1	4	3	0	3	4	3	4	4	2	3	4	4	4	4	0	2	4	4
	luxuri	luxury	1	0	0	0	0	1	0	2	0	0	0	0	0	0	0	0	2	3	2	1	2	0	2	0	4	3	2	2	2	2	1	1	0	4	1	2	3	4	3	0	0	0	0	2	1	0	0	0
	luxuri	Luxury	2	0	0	0	0	0	0	0	2	2	1	1	1	3	0	2	2	2	3	2	2	1	2	1	2	3	1	2	1	2	3	1	1	1	4	2	4	3	1	1	0	0	2	1	2	1	0	2
	macabr	Macabre	2	0	0	3	1	2	1	1	3	3	0	3	2	1	2	1	1	3	2	2	3	2	3	1	2	2	1	1	3	1	2	1	1	0	1	1	2	1	1	1	1	2	1	1	1	2	1	1
	machan	machanics 	2	4	4	0	4	4	4	4	0	4	2	0	0	0	0	4	0	0	0	0	0	0	0	0	1	0	4	0	0	0	4	4	0	0	0	0	0	0	2	0	0	0	0	0	0	0	0	0
	machan engineerig	machanical engineerig	0	0	1	4	0	4	2	2	0	3	3	0	2	4	0	0	0	0	2	2	0	2	2	0	0	2	2	1	0	0	0	0	0	1	3	0	2	2	0	0	1	3	0	0	0	0	0	0
	machatron engin	machatronics engineering	2	0	2	4	4	4	2	0	4	2	2	2	4	2	2	4	4	4	2	4	4	4	4	2	2	4	2	4	4	2	2	2	2	2	2	2	4	4	4	4	2	4	4	4	4	2	4	4
	machin	Machining	3	3	1	2	4	3	3	4	2	3	2	0	1	2	1	2	0	0	0	0	2	1	4	2	4	3	2	4	2	3	2	2	0	0	0	0	3	0	2	0	0	1	0	0	2	2	0	2
	machin	Machining	2	0	2	2	4	2	4	0	0	0	0	0	0	0	0	0	0	0	2	0	0	0	0	0	0	0	0	0	0	0	0	0	0	0	0	0	0	0	0	0	0	0	0	0	0	0	0	0
	machin tool	machine tool	2	2	2	2	3	2	2	2	4	4	4	3	1	3	2	1	0	1	1	3	0	3	1	2	2	2	1	3	2	4	2	2	0	0	2	0	1	1	1	1	2	2	0	1	0	1	0	2
	machin weld	Machining & Welding	4	2	3	4	4	2	4	2	4	3	4	3	4	3	3	3	0	2	4	2	4	2	3	4	2	4	4	2	2	2	2	2	2	3	2	2	2	2	2	2	2	3	2	2	4	2	2	2
	machineri metalwork electron	machinery,metalwork,electronics	2	0	0	4	2	1	2	1	1	2	2	3	3	3	3	3	2	3	4	4	3	4	4	2	2	3	2	3	4	2	2	3	0	2	2	2	2	2	2	3	2	2	2	2	0	2	1	2
	mad sicentist	mad sicentist	3	4	1	3	2	2	3	2	1	1	0	2	1	1	1	1	3	0	0	0	1	2	0	2	1	1	1	1	1	1	0	3	3	2	3	0	3	1	0	1	3	3	4	3	3	4	3	4
	madic	madical	0	2	0	1	0	0	0	0	4	4	4	4	3	4	2	2	2	3	3	1	3	2	4	2	0	3	3	1	1	2	3	1	1	1	3	2	3	3	0	4	2	1	0	1	1	1	1	1
	magement	magement	0	0	0	0	0	0	0	0	0	0	0	0	0	0	0	0	3	1	4	2	1	2	1	2	4	1	1	1	3	3	3	1	3	2	4	3	4	3	3	3	3	1	1	2	0	1	4	1
	magement	magement	0	0	0	0	0	0	0	0	0	4	4	2	4	0	4	0	0	4	4	4	4	4	4	4	4	0	0	0	2	0	0	0	4	4	4	4	4	4	4	4	0	0	0	4	0	0	0	0
	magh	magh	3	0	0	0	0	2	0	0	4	3	4	2	0	3	3	3	2	2	3	3	3	3	3	3	2	3	3	2	2	1	3	3	0	0	0	0	0	0	0	0	0	0	2	0	2	2	0	0
	maharishi vedic	Maharishi Vedic Science	0	0	0	0	0	0	0	0	1	3	3	0	2	3	1	2	4	4	3	4	4	4	4	4	0	2	2	2	1	2	2	2	0	0	1	1	0	0	0	1	0	0	0	0	0	0	0	0
	make	make up	2	2	0	0	0	1	2	2	2	1	1	0	0	2	1	0	4	3	2	1	3	4	0	1	3	1	3	3	4	3	4	4	3	2	2	4	2	3	3	2	2	0	1	1	1	1	2	2
	make artistri	Make Up Artistry	3	2	2	1	1	1	2	3	3	4	4	1	2	4	3	2	0	3	4	0	3	0	4	4	3	1	1	4	3	4	4	2	2	3	4	4	4	4	2	4	1	3	3	2	2	3	2	3
	makeup	Makeup	1	0	0	2	1	1	1	1	1	3	3	2	1	2	1	2	4	3	4	4	3	4	3	4	2	2	1	2	2	2	2	1	2	1	1	4	1	3	2	3	1	2	2	1	0	1	1	0
	makeup artist	Makeup artist 	3	2	0	1	0	0	1	1	2	2	2	1	2	2	2	3	1	2	3	1	1	0	1	3	2	3	2	2	2	2	3	3	1	2	1	4	1	2	2	1	2	1	2	2	1	1	2	1
	makeup artist	makeup artist	2	2	0	2	0	0	3	1	2	2	2	2	0	1	0	1	2	2	3	0	2	2	2	2	2	3	4	3	4	4	4	4	3	4	4	4	4	4	2	4	2	4	3	2	2	0	4	4
	makeup artist	makeup artist	3	1	0	0	0	0	0	0	2	0	0	0	0	0	0	0	0	2	2	4	0	4	4	1	2	0	0	0	2	0	1	1	0	0	3	2	3	4	0	0	0	0	2	0	0	0	0	0
	mananag	Mananagement	1	0	0	0	1	1	1	0	2	2	1	2	0	0	0	0	2	1	3	3	1	2	0	0	2	3	1	2	2	2	3	2	1	2	3	2	1	2	1	2	2	2	3	3	2	1	1	2
	maneg	maneger	1	4	2	4	4	4	0	1	3	4	4	4	4	4	2	0	4	4	2	4	3	4	2	1	4	4	3	4	3	3	3	4	4	4	4	4	3	0	3	4	4	4	4	4	4	0	4	3
	maneg	Manegment	1	2	0	2	0	2	1	1	3	1	1	1	1	0	1	0	0	2	1	0	2	1	3	2	2	2	0	1	0	0	1	0	2	2	3	2	4	2	1	2	1	1	1	2	2	1	1	1
	mangament leadership	Mangament and Leadership	3	2	1	4	0	2	4	0	1	3	3	3	0	2	1	0	0	3	3	1	0	2	0	1	3	3	3	1	3	2	1	2	2	3	3	3	4	3	0	2	3	4	4	1	4	3	3	2
	mangement	mangement	4	0	0	1	1	2	1	1	4	2	4	4	4	4	4	3	2	1	3	2	2	2	2	3	4	4	4	4	4	4	4	4	2	1	3	4	4	4	4	1	4	4	4	4	4	4	4	4
	mangement	Mangement	0	1	0	1	1	1	0	1	3	3	3	1	3	2	3	3	0	4	2	1	3	3	0	4	4	4	2	2	4	3	4	4	3	2	4	4	4	4	4	4	2	1	2	2	0	3	3	1
	mangement	Mangement	2	0	1	0	0	0	0	0	1	2	1	1	1	1	1	0	4	4	3	3	3	3	4	2	4	3	0	3	1	0	0	0	3	1	4	2	4	2	2	1	2	1	3	1	3	2	3	2
	mangement	mangement	2	1	1	3	1	1	2	1	1	1	1	2	1	1	1	1	1	2	1	2	1	2	3	1	3	3	2	2	1	2	2	1	2	1	3	2	4	2	2	3	3	3	1	2	3	2	3	3
	mangement	MANGEMENT	2	1	3	2	3	3	4	3	4	2	2	2	2	2	3	2	3	3	2	3	3	3	4	3	4	2	3	2	2	2	4	3	2	3	2	3	3	2	4	2	3	2	3	2	2	3	3	3
	mangment	mangment	2	0	0	0	2	1	3	3	4	2	4	4	1	2	4	2	0	0	4	1	1	1	4	4	3	3	4	2	1	2	2	4	2	0	4	1	1	2	3	3	0	2	2	4	2	2	4	2
	manufactur	Manufacturing	2	2	1	2	0	3	1	3	2	3	3	3	2	3	3	2	2	1	4	4	2	4	3	3	3	3	3	4	4	2	4	4	0	1	0	2	2	2	2	2	2	2	3	2	2	4	3	3
	manufactur technolog	Manufacturing and technology 	4	4	0	4	4	4	4	4	4	4	4	4	4	4	4	4	4	4	4	4	4	4	4	4	4	4	4	4	4	4	4	4	4	4	4	4	4	4	4	4	4	4	4	4	4	4	4	4
	maori	Maori	0	2	1	1	1	1	0	0	2	3	2	2	2	2	1	2	3	3	2	3	3	3	1	2	1	1	3	1	2	1	2	1	2	0	2	2	1	0	1	1	1	0	1	0	0	0	0	0
	maprh	maprh	1	1	1	0	1	1	1	1	1	1	1	1	1	0	1	3	1	3	1	3	3	3	3	3	1	3	2	3	1	2	3	1	1	1	1	1	1	1	1	1	1	1	1	1	1	1	1	1
	marein engineerinh	mareine engineerinh	1	2	2	2	3	3	3	2	1	2	1	3	1	1	2	3	1	1	1	2	1	2	2	2	3	3	1	1	2	3	4	3	3	3	2	1	3	2	1	3	1	2	2	1	2	2	1	1
	marin	MARINES	3	1	4	4	3	4	4	4	4	3	2	3	3	1	1	3	3	4	4	4	2	4	0	4	3	4	4	4	3	4	4	4	1	3	3	0	4	3	1	1	3	3	4	4	3	4	3	4
	marin	Marine	4	0	4	0	2	0	0	0	4	4	4	4	4	4	4	4	2	4	1	0	2	4	2	3	1	0	0	2	0	4	0	0	0	0	4	0	2	2	0	0	1	1	2	4	4	1	2	1
	marin	Marine Science	3	3	3	2	2	2	2	2	3	3	3	2	3	4	3	3	2	3	1	2	2	2	2	2	3	4	2	2	3	3	3	3	2	3	2	2	2	2	2	2	3	2	2	3	2	3	2	2
	marin	marine	2	3	3	4	3	4	3	3	4	4	4	4	3	4	4	4	3	4	3	3	3	4	4	3	3	4	4	4	4	4	4	4	3	3	3	4	3	4	3	4	3	3	4	3	3	3	3	3
	marin	Marine Science	0	3	0	0	0	0	0	0	1	3	2	0	2	2	2	0	0	0	0	0	0	0	2	0	0	4	0	0	0	3	2	3	0	3	0	0	0	3	1	1	0	3	0	0	3	2	0	0
	marin	Marine	0	0	2	2	0	0	0	0	2	1	1	0	0	0	0	0	0	0	1	0	0	0	0	0	0	3	0	0	0	0	0	0	0	0	0	0	0	0	0	0	4	4	4	3	4	0	2	3
	marin	Marine science	3	2	4	3	0	3	2	0	4	3	4	3	4	4	4	4	2	3	0	3	0	3	0	0	4	3	1	2	3	3	3	4	0	0	3	0	3	0	0	2	0	4	0	0	2	4	0	2
	marin	marine	2	3	1	1	1	1	1	0	0	4	4	2	2	4	4	4	3	3	4	3	3	2	3	3	4	4	4	0	4	3	3	4	1	2	2	3	2	3	1	4	2	3	1	1	1	0	0	1
	marin	Marine Science	3	3	4	3	3	4	1	3	3	3	4	2	4	4	2	4	0	0	1	2	0	2	4	0	1	2	2	3	2	3	2	2	0	0	2	0	3	0	4	3	0	3	2	0	1	2	2	2
	marin	Marine Science 	2	0	0	0	0	0	0	0	4	4	4	0	4	4	4	4	0	0	4	0	4	0	0	0	2	4	2	0	0	0	4	4	0	0	0	0	0	0	0	4	0	0	0	0	0	0	0	0
	marin	Marine Science	1	2	2	3	0	2	1	1	3	3	3	2	4	3	3	4	1	2	4	1	2	3	4	3	4	3	1	4	1	1	3	1	0	1	2	1	4	1	2	0	2	1	4	2	4	2	3	1
	marin	Marine	3	3	3	1	2	1	2	1	1	2	2	2	2	2	2	2	2	3	1	3	1	4	2	3	2	4	3	3	3	3	3	3	1	1	2	1	4	2	2	3	3	2	2	3	2	2	2	2
	marin	Marine Science	2	1	4	4	0	3	0	0	4	4	4	3	4	4	4	4	3	1	4	2	4	2	3	4	3	3	4	0	3	3	3	4	0	1	1	0	0	0	1	4	0	0	0	0	2	2	1	0
	marin	Marine Science	0	1	3	0	0	0	0	0	3	4	4	2	4	4	4	3	0	1	0	0	3	0	0	0	3	4	3	2	3	2	3	2	0	0	0	0	3	0	0	0	0	0	0	0	3	0	0	0
	marin	Marine Science	2	0	2	2	0	2	1	0	4	3	3	4	4	4	4	4	0	0	0	0	0	1	0	0	2	2	2	4	3	2	2	3	0	1	0	0	1	0	2	0	1	0	1	0	2	3	2	0
	marin	Marine	4	1	3	2	1	2	1	2	0	3	2	3	1	1	1	2	1	4	3	1	2	1	1	4	4	3	4	4	4	4	4	4	3	2	3	3	4	4	4	2	2	1	3	2	2	2	3	1
	marin	Marine Sciences	0	1	2	0	0	0	0	0	3	4	4	0	3	4	3	4	2	4	4	4	4	4	4	4	3	3	3	2	3	3	2	1	0	2	2	3	2	3	0	3	0	0	0	0	1	2	0	0
	marin	Marine Science	3	1	2	3	1	2	2	1	3	3	3	3	3	4	4	4	1	3	3	2	2	4	1	3	2	2	2	2	3	2	3	2	0	1	3	1	3	2	0	3	2	2	3	1	4	3	3	2
	marin	Marine Science	1	1	2	0	0	0	0	0	0	2	3	2	3	3	3	4	1	0	2	2	3	1	0	0	4	3	2	2	2	2	2	3	2	0	1	1	3	0	0	0	2	2	0	2	3	4	0	1
	marin	Marine	4	4	4	4	3	4	4	4	4	4	4	4	3	4	0	4	4	4	4	2	4	4	0	2	4	0	4	4	4	4	4	4	0	2	4	2	4	4	4	4	4	0	0	2	4	4	2	4
	marin aquacultur	Marine Science and Aquaculture	0	1	0	1	1	1	2	1	0	3	4	1	3	4	3	2	2	2	2	2	2	3	2	3	1	2	1	1	1	3	3	2	1	2	1	1	1	2	1	2	1	1	1	1	2	1	1	1
	marin bioligi	Marine Bioligy	2	0	0	0	0	0	0	0	2	4	4	1	0	4	4	0	0	0	0	0	0	0	3	0	2	2	2	2	1	4	4	0	0	0	0	4	0	4	0	0	0	0	0	0	0	4	0	0
	marin bioloy	Marine Bioloy	0	3	3	0	3	0	2	2	4	4	4	4	4	4	3	3	3	0	0	3	3	4	4	0	1	0	0	4	0	0	0	0	1	0	0	0	2	0	0	0	0	0	0	0	0	2	0	0
	marin offshor	Marine Offshore	2	2	4	2	2	2	2	2	3	3	4	1	1	3	1	4	2	0	1	2	1	3	2	1	2	1	3	1	4	4	2	3	1	1	2	1	2	1	1	2	1	2	2	2	1	2	1	4
	marin offshor	Marine Offshore	2	2	3	2	2	2	2	2	3	3	3	1	2	4	3	2	2	2	1	2	1	4	3	3	3	1	3	1	4	4	3	2	1	1	3	1	2	1	1	2	1	1	2	2	2	2	1	2
	marin offshor technolog	Marine Offshore Technology	4	3	3	4	2	2	4	3	2	0	1	2	1	1	2	1	1	1	2	2	2	2	3	2	3	1	2	3	2	3	4	3	3	2	3	0	3	3	4	2	3	4	3	2	3	4	4	3
	marin offshor technolog	Marine Offshore Technology	4	3	3	2	4	3	4	1	4	4	4	2	4	4	3	4	0	1	3	2	1	4	4	1	2	3	3	4	4	4	4	2	1	1	4	0	4	1	1	1	0	3	2	4	1	3	0	4
	marin technolog	Marine Technology	4	0	4	4	3	3	0	2	1	2	1	2	4	4	4	4	0	0	0	0	0	0	0	0	4	3	4	0	3	2	2	2	2	1	3	0	4	0	2	0	0	3	3	3	3	2	0	2
	marin technolog	Marine Technology 	3	3	3	1	3	4	3	3	2	1	3	2	3	4	3	4	4	0	1	4	0	4	3	1	1	0	2	3	2	1	1	0	2	1	4	3	3	3	3	0	1	1	1	2	2	2	2	1
	marin transprot	marine transprotation	3	3	4	3	3	4	3	2	3	4	4	4	2	3	3	1	0	3	3	1	2	1	4	1	4	4	4	4	3	4	3	4	2	4	3	0	4	2	1	2	2	4	4	3	3	2	3	4
	marinelif	marinelife	0	2	0	1	0	1	0	0	3	4	4	1	2	4	1	4	2	0	4	2	2	2	3	3	1	4	3	3	4	4	4	4	1	2	1	4	0	2	3	4	2	0	1	0	2	2	0	0
	maritim	maritime	1	3	3	3	1	3	1	1	3	3	2	2	1	4	1	3	2	2	1	2	2	3	3	1	3	2	1	3	2	2	3	1	1	1	1	0	2	1	1	3	0	0	1	0	1	1	0	0
	maritim	Maritime	3	3	1	1	0	0	1	0	4	2	2	3	3	2	3	1	1	0	0	1	1	3	3	0	2	4	1	2	1	0	2	3	1	1	1	0	1	1	0	1	0	1	2	0	0	0	0	2
	maritim	Maritime	2	2	3	2	1	3	1	2	2	2	1	2	1	2	0	2	2	3	2	3	2	2	2	4	4	3	4	2	4	4	4	4	3	2	0	3	4	3	3	4	1	2	2	2	0	2	1	1
	maritim	Maritime	4	4	4	3	4	4	3	4	2	3	0	0	0	3	0	4	0	1	0	0	1	3	0	1	2	4	3	1	2	4	1	2	1	0	4	4	4	0	4	3	2	1	2	3	2	3	2	4
	maritim	Maritime	1	1	2	1	0	3	0	1	1	2	1	2	2	2	1	3	2	3	1	2	4	3	2	2	2	3	1	2	1	3	3	0	0	0	1	0	1	1	1	1	0	0	0	0	0	2	0	1
	maritim archaeolog	Maritime Archaeology	0	3	0	3	0	3	0	3	3	3	3	3	3	3	1	4	0	0	3	2	0	3	0	0	2	3	2	2	2	2	3	1	0	0	2	0	2	0	0	3	0	0	1	0	1	0	0	2
	maritim technolog	maritime technology	2	0	3	0	0	1	0	0	4	1	4	1	0	3	0	1	4	0	0	0	0	0	0	0	3	2	2	2	3	0	1	0	4	2	1	0	3	0	3	3	0	0	0	0	3	0	0	0
	maritim technolog	Maritime technology 	2	2	4	0	3	2	2	1	3	1	3	1	3	3	1	4	3	3	1	2	2	2	1	2	1	3	2	2	3	3	3	3	1	2	2	2	2	2	2	1	2	1	3	3	3	3	3	3
	mark	Markeing	0	0	0	0	0	0	0	0	3	3	3	3	3	3	2	4	2	3	4	3	4	2	4	4	3	4	4	4	4	2	0	0	3	0	2	2	3	3	0	2	1	0	0	2	0	3	0	2
	mark	Markeing	0	0	0	0	1	0	0	0	1	2	1	2	2	2	1	2	1	1	1	3	2	3	2	0	1	3	1	1	1	1	2	0	1	0	1	0	4	0	0	2	0	0	0	0	0	1	1	0
	markey	markeying	4	4	0	2	0	4	0	4	4	0	4	2	0	1	0	4	0	3	4	2	4	4	0	4	1	4	3	2	3	0	0	0	1	0	0	4	0	0	4	0	3	3	4	4	0	4	0	4
	marriag therapi	Marriage Therapy	1	0	0	1	0	1	0	0	3	3	2	3	3	3	2	4	2	3	4	4	4	3	0	2	3	4	2	1	3	1	3	1	0	0	0	0	0	0	1	4	0	0	0	0	0	1	0	0
	mascom	mascom	4	1	1	1	1	1	1	1	1	3	1	1	1	1	1	1	2	3	2	4	4	2	1	3	2	2	3	1	4	3	4	4	2	1	1	2	1	3	1	1	1	1	1	1	1	1	1	1
	mascom	Mascom	1	0	1	0	0	0	1	0	1	2	1	0	0	1	0	0	0	0	1	1	1	2	0	0	2	3	1	1	0	1	0	1	0	1	1	1	2	1	0	1	0	1	1	1	1	2	0	2
	massag	Massage	0	1	1	1	1	2	0	1	4	1	1	3	1	0	3	1	0	0	1	1	1	0	0	1	4	2	4	3	4	0	2	0	1	1	3	4	4	0	1	0	4	1	3	4	3	2	1	0
	massag	Massaging	4	2	4	1	3	4	1	4	0	2	0	0	1	3	0	4	0	4	1	3	4	3	4	4	4	2	4	4	4	4	4	4	2	0	2	4	4	3	4	3	4	0	2	2	2	3	4	4
	massag therapi	Massage Therapy	0	0	0	1	0	3	0	0	3	2	3	0	0	2	1	3	3	0	2	2	0	3	0	0	3	0	0	0	0	0	0	0	0	0	2	3	3	0	4	0	0	2	0	2	0	2	1	3
	massag therapi	Massage therapy	2	2	0	2	3	2	0	1	4	3	4	3	3	1	2	3	2	1	1	2	4	4	2	1	4	3	3	2	3	1	2	2	1	1	1	1	2	0	0	1	2	3	3	3	3	3	0	3
	massag therapi	massage therapy	0	1	0	0	0	3	0	0	2	4	3	1	0	2	2	0	2	3	3	3	3	4	0	4	2	4	0	1	0	0	2	2	0	0	2	0	0	0	0	2	0	2	0	0	0	0	0	0
	massag therapi	Massage therapy	3	0	0	0	0	0	0	0	4	4	3	4	0	3	0	2	4	4	4	4	4	4	4	3	4	4	4	4	4	4	4	1	3	1	2	2	1	1	3	3	2	2	0	1	0	0	0	0
	massag therapi	Massage therapy 	2	2	2	2	2	2	2	3	3	2	2	3	2	2	2	0	0	2	2	2	0	0	4	2	2	2	2	2	2	4	3	2	0	0	2	0	2	0	3	3	0	2	0	0	0	2	0	0
	massag therapi	Massage therapy 	0	0	0	0	0	0	0	0	3	2	2	4	0	0	1	0	0	0	0	0	0	0	0	0	1	2	2	1	2	1	2	2	0	0	0	0	2	0	0	0	0	0	0	0	0	0	0	0
	massag therapi	Massage Therapy	2	1	1	2	1	1	2	2	3	3	4	4	2	3	2	4	1	2	4	4	1	1	4	4	3	4	4	4	4	4	4	4	2	4	2	4	2	1	4	2	2	1	1	4	1	2	4	1
	massag therapi anatomi	Massage therapy, anatomy 	2	1	0	1	0	1	1	1	4	3	2	2	2	2	2	2	4	3	3	4	4	4	4	4	1	3	1	2	0	2	1	0	0	2	1	1	0	1	0	1	0	2	0	0	1	2	0	0
	masscom	Masscom	1	1	0	1	0	0	0	1	1	2	2	2	0	0	1	2	3	4	3	2	4	4	4	2	3	2	2	2	3	4	4	3	2	0	2	4	1	3	2	3	1	1	2	0	1	0	1	0
	masturb	Masturbation	1	1	0	3	3	1	1	1	4	3	4	4	4	4	4	4	3	3	2	4	3	3	2	3	2	3	3	2	2	2	3	2	1	1	1	2	0	1	0	1	0	0	0	0	2	3	1	2
	matematica	matematicas	2	1	1	1	2	2	2	1	1	2	4	2	2	3	3	2	3	2	3	3	2	4	0	1	3	1	3	1	1	1	2	2	2	3	0	3	0	2	2	2	1	1	1	2	2	2	2	3
	matematica	matematica	4	0	4	4	2	2	2	0	2	4	4	4	3	3	3	0	0	0	0	0	0	0	1	0	1	4	4	3	3	2	2	1	1	1	4	1	4	2	0	1	3	3	4	2	4	2	3	2
	matematica	matematicas	3	0	0	0	4	0	0	4	2	1	3	4	2	0	3	4	0	0	0	0	0	0	0	0	1	4	3	3	4	0	0	2	0	4	4	4	4	4	0	0	4	0	2	0	2	0	2	1
	mathamt	Mathamtics	0	0	0	0	0	0	0	0	0	0	0	0	0	0	0	0	2	0	1	1	2	0	2	0	2	4	1	0	0	4	1	3	1	2	3	0	4	4	2	4	3	1	0	0	0	0	0	0
	mathmaert	MATHMAERTICS	0	4	0	0	0	0	4	0	2	0	0	4	2	2	0	0	0	4	4	0	0	4	0	2	0	2	4	0	0	4	4	2	2	0	0	2	4	0	0	4	2	2	2	0	2	2	0	0
	mathmativ	Mathmativs	1	2	0	2	2	2	2	2	3	3	1	2	1	2	1	1	1	2	1	3	3	1	3	1	3	3	2	3	3	1	3	3	1	3	3	3	2	3	3	3	2	2	2	2	2	2	2	2
	matj	Matj	2	2	2	3	2	2	2	1	3	3	3	3	2	4	2	4	4	3	4	4	4	4	4	4	3	3	4	3	4	3	4	4	2	2	3	2	3	3	2	4	2	3	3	2	4	3	2	3
	mayland communiti	mayland community college 	0	0	1	2	2	0	1	0	2	0	0	4	0	0	2	0	1	0	0	0	0	0	0	0	3	0	3	3	3	3	4	4	0	0	3	3	4	2	3	2	2	1	3	3	1	1	4	1
	mbbd psychiatri	MBBD Psychiatry	3	1	2	1	1	1	1	1	3	3	3	3	3	3	3	2	3	2	3	3	3	3	3	3	4	3	3	3	3	2	3	2	2	3	3	3	3	3	1	3	1	2	2	1	1	2	1	2
	mbbs	mbbs	4	2	1	0	0	0	2	0	4	2	4	4	4	4	4	0	4	2	4	2	2	2	4	4	4	2	4	4	4	4	4	4	4	2	2	4	2	4	2	2	2	1	2	4	4	0	0	2
	mbbs	MBBS	2	2	1	0	0	0	2	0	4	3	2	4	2	2	3	0	2	2	2	2	3	2	2	2	2	4	4	2	4	4	2	3	2	2	4	2	2	2	0	3	2	2	2	2	2	2	0	2
	mbbs	MBBS	2	2	0	2	0	2	0	4	4	4	4	4	4	2	4	2	2	0	0	2	2	2	0	0	4	4	4	2	4	2	2	4	0	0	0	0	2	2	0	0	0	2	2	2	2	2	2	2
	mbbs	MBBS	1	1	0	2	1	1	1	0	3	0	0	3	3	0	2	0	0	2	1	3	2	3	0	1	0	4	3	0	4	3	1	0	3	3	3	0	4	3	2	1	1	2	1	3	1	0	0	1
	mbbs	Mbbs	2	2	2	2	1	3	2	2	2	2	2	4	3	2	2	3	1	1	1	4	3	3	2	1	3	2	2	3	2	1	2	2	0	0	1	0	3	1	1	1	1	1	1	1	1	2	0	0
	mbchb	MBChB	0	0	0	3	0	0	0	0	4	4	4	4	4	3	4	3	0	3	4	2	4	3	0	4	2	4	4	2	4	0	1	0	0	0	0	0	0	0	0	2	0	0	0	0	2	4	0	0
	mean	i dont know what this means	0	1	1	2	1	1	1	1	0	1	1	2	0	2	2	1	2	0	2	3	2	3	4	2	1	0	2	3	3	1	2	2	1	1	3	2	3	2	1	3	0	1	2	2	1	2	2	1
	measur	Measurement	4	1	0	0	0	0	0	0	0	3	2	3	2	1	1	0	0	1	2	1	3	3	3	0	3	3	1	3	2	1	2	2	0	0	1	1	3	1	2	1	1	1	2	2	4	3	1	2
	meat	Meat science	3	3	2	3	3	3	3	2	4	4	3	4	4	3	4	4	0	3	0	1	1	2	3	2	3	1	2	2	3	0	3	0	0	0	1	0	3	0	0	0	0	2	2	0	3	3	0	0
	mecahtron	Mecahtronics	1	1	1	4	0	4	3	2	3	3	3	3	3	3	3	4	1	1	4	2	1	3	3	3	4	2	3	3	3	1	1	0	0	1	1	1	3	1	1	1	0	3	1	0	2	4	1	0
	mecathron engin	mecathronics engineering	2	0	0	4	3	3	4	2	3	3	2	2	2	2	2	2	2	0	2	2	3	2	2	2	3	3	2	3	2	2	2	2	0	0	2	2	2	2	2	2	0	3	3	2	2	4	2	2
	mecatron	mecatronics	0	0	0	4	0	3	4	0	0	0	0	0	0	0	0	0	0	0	0	0	0	0	0	0	1	0	0	0	1	0	0	0	0	0	0	0	0	0	0	0	0	4	0	0	2	0	0	0
	mecha	mecha	2	4	3	3	4	4	3	3	0	0	0	0	0	0	0	0	0	1	2	0	0	0	0	2	2	3	0	1	1	2	3	1	3	4	1	1	3	2	3	0	3	3	3	2	3	3	2	2
	mechaani engg	MECHAANIICAL ENGG	4	4	4	4	3	3	4	2	1	1	1	1	1	1	1	2	3	3	4	3	2	3	2	3	4	3	4	2	3	4	4	3	2	2	3	2	4	3	3	3	3	4	3	3	3	4	3	3
	mechan	mechanical	2	3	2	4	0	3	1	0	3	0	0	3	0	2	2	2	0	0	0	0	0	0	3	0	0	0	0	3	0	0	0	0	0	0	0	0	3	0	0	0	0	1	3	0	3	2	0	0
	mechan	Mechanical 	1	4	0	1	1	2	4	3	4	4	3	0	4	1	4	0	1	1	3	0	3	3	1	3	4	3	4	3	4	1	1	1	0	0	0	3	0	1	0	1	0	1	0	1	0	0	0	0
	mechan	mechanical	2	3	3	0	4	2	2	3	2	0	4	3	3	2	3	3	3	1	3	2	2	2	2	3	3	4	3	3	3	2	3	3	3	4	3	2	2	2	2	3	2	4	4	3	2	4	3	3
	mechan	mechanical	2	1	2	3	3	2	3	3	2	0	2	2	3	2	2	2	3	3	2	2	0	2	3	2	3	2	2	3	2	2	3	2	2	2	3	3	2	3	3	2	2	2	2	3	3	2	3	2
	mechan	mechanics	4	3	1	3	1	4	4	3	2	2	1	1	1	1	1	1	2	1	2	4	4	4	0	1	3	2	0	3	1	1	1	1	3	2	2	3	2	3	2	1	3	3	3	3	2	3	3	3
	mechan	Mechanical	3	0	0	0	2	2	4	2	3	0	0	0	0	0	0	0	0	0	2	2	3	4	3	0	3	4	4	4	4	4	4	3	3	2	3	3	4	3	3	4	0	2	1	2	4	4	2	4
	mechan	Mechanical	2	0	3	3	2	3	3	2	2	4	1	1	1	2	1	3	3	4	3	2	3	3	1	2	3	2	3	4	4	4	3	3	4	4	3	0	4	3	4	3	3	3	4	4	4	3	2	4
	mechan	mechanics	3	2	1	1	1	1	0	1	3	1	2	2	2	1	2	3	1	2	1	0	3	2	2	2	2	2	1	2	2	1	2	2	2	2	2	2	2	2	1	1	2	3	2	2	3	2	2	2
	mechan	mechanic 	1	1	2	2	1	2	2	2	0	1	1	1	0	1	0	0	1	0	0	1	0	2	3	3	1	2	1	0	1	2	1	1	1	1	1	0	1	1	0	4	0	1	0	0	0	0	0	1
	mechan	Mechanical	4	4	2	4	3	3	4	4	2	3	2	4	2	2	2	3	4	4	2	1	2	3	2	3	4	3	4	3	3	4	4	3	4	4	4	2	4	3	4	2	2	4	4	2	4	3	4	3
	mechan	Mechanics	2	2	2	3	2	2	0	2	2	2	2	2	2	1	1	0	0	0	0	0	1	0	0	2	2	2	1	0	1	0	0	0	0	0	0	0	3	0	0	0	0	1	1	2	2	1	0	1
	mechan	mechanics	2	4	4	3	4	1	2	3	0	0	2	0	0	0	0	0	0	0	0	2	0	1	3	0	0	2	1	0	0	2	0	4	0	2	1	0	0	0	1	2	0	0	0	0	1	0	0	0
	mechan	Mechanical	2	1	2	3	3	3	3	2	1	2	2	2	2	2	2	2	1	1	2	1	2	2	2	2	1	2	2	2	2	2	2	2	1	2	2	1	2	2	2	2	1	2	2	1	2	2	2	2
	mechan	mechanical	2	1	1	3	2	2	2	1	2	3	3	2	2	2	2	1	2	1	3	3	3	3	3	2	1	1	1	2	2	2	2	2	1	2	1	1	2	1	1	1	1	2	2	1	1	2	1	1
	mechan	mechanics	2	1	0	4	1	0	1	0	1	3	4	0	4	3	4	3	1	1	0	0	0	0	0	0	0	2	0	0	0	0	0	0	0	0	0	0	0	0	0	0	0	3	2	1	4	1	0	1
	mechan	mechanic	4	4	0	3	4	3	1	3	1	1	0	0	0	0	0	0	0	0	0	0	0	0	0	0	2	3	0	0	1	0	3	2	1	1	0	0	0	1	0	3	1	2	0	2	0	0	0	0
	mechan	mechanical	3	3	4	3	4	3	3	3	1	2	2	2	1	2	1	2	1	1	1	2	1	3	1	1	1	2	1	1	3	1	1	1	1	1	1	1	2	1	1	1	1	1	1	1	1	1	1	1
	mechan	science,mechanical	3	0	1	4	2	4	3	0	4	4	4	4	4	3	4	3	4	0	4	3	1	4	1	2	2	4	1	0	0	1	0	0	1	2	0	1	3	0	1	0	1	3	2	3	2	4	0	3
	mechan	Mechanical E.	3	2	2	2	2	3	3	2	3	3	4	1	2	3	2	1	2	4	3	3	3	3	3	2	4	1	1	2	1	0	3	1	4	1	3	1	3	1	4	1	2	2	1	1	3	2	2	1
	mechan	mechanic 	1	2	0	3	0	0	2	2	0	0	0	0	0	0	0	0	0	0	0	0	0	2	0	0	0	0	0	0	0	0	0	0	0	0	0	0	0	0	4	0	0	0	0	0	0	0	2	0
	mechan	Mechanic	0	0	4	0	4	4	0	4	0	4	4	4	4	4	4	4	0	4	4	4	4	4	4	2	0	4	4	4	4	4	0	2	2	4	4	4	4	4	4	4	4	4	4	4	4	4	0	0
	mechan	MECHANICAL	4	4	3	0	4	4	4	4	0	0	0	0	0	0	0	0	4	4	4	4	4	4	3	4	4	4	4	4	4	4	4	4	0	4	3	0	4	4	1	4	4	4	4	4	4	4	4	4
	mechan	Mechanics	4	0	1	3	2	4	3	4	2	4	2	2	2	2	2	1	2	2	4	2	1	3	3	2	4	1	3	2	3	0	0	0	2	0	2	1	2	0	0	0	3	1	3	2	4	4	0	1
	mechan	mechanic	2	0	0	4	4	0	4	0	0	0	0	0	0	0	4	0	0	0	0	0	0	0	0	0	0	0	0	0	0	0	0	0	0	0	0	0	0	0	0	0	0	0	0	0	0	0	0	0
	mechan	MECHANICAL	3	1	2	3	2	1	3	2	3	3	3	2	3	3	3	0	4	4	3	3	3	4	4	3	3	4	4	4	3	3	4	3	3	3	3	2	4	3	3	3	1	1	3	0	1	2	3	1
	mechan	Mechanics	2	3	3	3	3	3	3	3	1	2	2	0	1	1	1	1	0	0	0	0	0	0	0	2	0	2	0	0	1	0	0	0	0	0	0	0	3	0	1	0	1	3	2	2	2	3	0	2
	mechan	mechanical	3	1	1	4	1	3	3	2	3	2	3	2	3	3	3	2	2	1	3	2	2	3	1	2	2	2	3	2	3	4	3	2	3	1	4	3	2	2	4	2	2	2	4	2	2	2	1	1
	mechan	Mechanical	3	1	2	3	3	2	4	1	1	1	0	1	1	1	1	0	2	0	2	2	3	3	0	1	2	2	3	0	2	1	1	2	0	0	1	0	2	1	0	3	0	1	2	1	3	2	0	1
	mechan	mechanical	4	1	2	4	2	2	4	4	2	4	1	2	3	0	4	1	2	2	0	0	2	0	1	2	3	2	3	3	3	2	1	4	3	1	2	0	2	2	0	0	2	4	2	4	1	3	0	2
	mechan	mechanics	4	4	3	3	3	3	4	3	4	2	1	0	0	1	0	0	0	0	0	0	0	0	3	2	0	3	0	2	0	2	1	0	0	0	0	0	1	0	0	0	0	0	0	0	0	0	0	0
	mechan	mechanical	3	1	3	1	4	3	3	1	1	3	0	3	3	1	0	3	3	4	1	0	3	2	1	3	3	3	2	1	1	2	3	3	1	2	2	1	2	2	2	3	3	2	3	4	3	4	2	4
	mechan	mechanics	2	2	2	2	1	2	2	2	1	2	2	2	2	2	2	2	2	2	2	1	1	2	2	2	2	2	2	2	1	1	2	1	1	1	1	1	2	1	1	1	2	2	2	2	2	2	2	2
	mechan	Mechanics	2	2	2	0	2	2	0	0	2	3	0	2	1	2	0	0	0	0	0	2	1	2	3	0	0	2	0	2	0	0	1	0	3	1	1	0	2	0	3	0	1	2	0	0	1	0	2	2
	mechan	Mechanic	4	2	0	4	2	4	4	4	4	3	2	4	4	4	4	4	4	4	2	2	2	4	3	3	4	4	2	2	3	2	2	3	4	4	2	2	4	2	3	4	4	4	3	4	4	4	2	4
	mechan	mechanics	3	1	0	4	1	3	3	1	1	3	3	3	2	3	2	1	0	3	3	3	3	3	1	2	3	4	3	3	2	0	1	3	2	2	0	1	4	1	0	2	1	0	1	1	2	2	1	1
	mechan	mech	4	3	2	3	2	3	2	2	2	3	2	2	3	2	2	2	4	4	2	2	2	2	2	2	4	4	2	3	3	3	3	3	2	2	2	2	2	3	2	0	4	3	4	2	2	3	2	0
	mechan	mechanic	2	2	0	2	0	0	2	3	1	0	0	0	1	0	4	0	0	0	0	0	0	0	0	0	0	0	0	0	0	0	0	0	1	2	0	0	0	0	3	0	0	0	0	0	0	0	0	0
	mechan	Mechanical	3	3	3	0	3	3	0	2	1	1	1	0	0	0	0	0	0	0	3	0	0	0	0	0	3	3	1	0	0	0	2	0	0	0	0	0	3	0	0	0	0	0	0	0	0	0	0	0
	mechan	Mechanical	0	3	2	1	0	3	1	0	1	0	0	2	0	0	1	0	0	0	0	2	1	3	1	2	3	3	3	0	2	1	3	2	0	0	2	0	3	1	1	0	0	0	0	0	0	2	0	1
	mechan	mechanical	4	2	0	3	2	4	2	0	2	0	0	4	2	3	0	2	0	2	4	2	3	2	4	4	4	0	0	2	3	0	0	0	3	0	0	2	4	0	1	0	0	2	2	0	2	2	0	0
	mechan	mechanics	3	2	2	3	2	2	2	3	1	2	2	1	0	3	1	2	0	0	1	0	0	0	3	0	0	0	0	2	1	0	1	0	1	1	1	0	3	0	0	0	1	2	0	0	2	0	0	0
	mechan	Mechanical 	2	2	4	4	3	1	4	4	1	1	0	1	2	3	2	1	0	0	1	0	0	0	1	0	1	2	1	1	1	1	2	0	1	1	0	1	3	2	3	1	2	1	0	1	3	1	2	2
	mechan	mechanics	4	4	4	2	2	2	1	4	4	4	4	2	1	4	1	0	0	0	1	4	1	4	4	0	2	2	4	4	0	0	2	0	1	0	2	4	0	1	2	0	0	0	0	0	0	0	0	0
	mechan	mechanical	2	0	4	3	1	3	3	2	4	3	4	3	3	3	3	3	3	4	2	2	2	0	4	2	4	3	3	2	3	2	3	3	3	4	2	2	3	2	3	3	3	3	4	3	4	4	2	3
	mechan	mechanical	4	0	4	2	1	2	2	0	2	3	4	4	1	4	2	4	1	4	1	0	1	0	0	0	4	4	4	0	4	2	4	4	3	1	3	0	4	1	0	0	4	3	3	3	2	4	4	4
	mechan	mechanics	3	4	3	3	3	3	3	4	3	3	2	2	2	3	1	3	3	2	3	3	2	4	1	2	1	2	1	2	1	3	2	0	1	1	1	1	2	1	1	2	1	1	1	2	1	2	1	2
	mechan	Mechanics	3	3	3	3	2	2	2	2	1	2	2	0	2	2	2	1	0	0	0	0	0	0	0	2	0	2	0	0	0	0	0	0	0	0	0	0	3	0	1	0	1	2	0	2	2	2	0	1
	mechan	mechanical	4	4	4	0	4	1	4	4	3	4	4	0	4	1	4	1	3	1	0	0	0	1	0	1	4	0	4	4	4	0	4	4	1	0	0	0	2	0	0	1	1	4	0	4	0	4	0	4
	mechan	MECHANICS	4	4	4	4	4	4	4	4	2	3	3	2	3	3	3	3	0	0	0	0	0	0	1	0	1	2	1	3	1	2	1	1	0	1	0	0	1	1	1	0	0	3	0	0	1	3	2	3
	mechan	mechanical	2	0	4	2	2	2	4	0	0	3	2	0	0	0	0	3	0	4	2	2	2	4	3	0	3	4	0	4	3	3	0	3	0	3	4	4	4	3	3	4	3	0	3	3	0	2	3	2
	mechan ingen	mechanical ingeneering	1	1	1	1	1	1	1	1	1	2	3	2	2	2	3	3	0	3	2	1	3	0	2	2	0	3	1	1	1	0	0	1	0	1	2	1	2	1	0	2	1	2	2	1	3	2	1	2
	mechatron	Mechatronic	4	4	4	4	4	4	4	4	4	4	4	4	4	4	4	4	4	3	4	4	4	4	4	4	4	3	4	4	4	4	4	4	4	4	4	4	4	4	4	4	3	3	4	4	4	4	4	4
	mechatron	mechatronic	2	1	1	1	1	0	1	1	3	2	3	2	3	2	3	1	2	3	1	1	2	2	2	1	3	2	2	4	4	2	3	2	1	1	2	2	1	1	1	2	1	2	2	2	2	1	1	2
	mechatron	Mechatronics	4	0	4	4	4	4	4	0	0	0	4	4	4	4	4	4	0	0	0	0	0	0	0	0	0	0	0	4	0	0	0	0	0	0	0	0	0	0	4	0	0	0	4	4	4	4	0	0
	mechatron	Mechatronics	2	2	2	2	2	1	1	2	4	4	4	0	2	2	1	2	4	4	2	4	4	4	4	4	4	4	2	3	3	3	2	2	2	2	2	2	3	2	2	2	2	3	3	2	2	1	2	1
	mechatron	Mechatronics	0	0	0	3	0	0	0	0	2	2	2	2	2	2	2	2	2	3	2	4	4	4	3	3	1	1	0	3	1	0	3	0	0	1	0	0	4	0	0	4	0	0	1	0	3	4	2	0
	mechatron	MECHATRONICS	3	3	1	2	1	4	3	3	3	2	2	2	2	3	3	1	3	2	2	3	2	3	0	2	4	4	1	2	2	3	0	2	3	3	3	0	2	3	0	4	1	2	1	3	3	3	0	2
	mechatron	Mechatronics	1	3	3	3	0	3	1	3	0	3	3	3	3	2	2	4	0	2	3	2	3	2	2	3	2	2	2	2	2	2	2	0	0	0	2	0	2	2	0	4	3	1	1	2	1	2	2	2
	mechatron	Mechatronics	3	2	1	3	1	2	2	3	3	3	2	3	2	2	2	3	4	4	4	3	4	4	3	4	4	3	2	4	3	4	4	3	0	1	3	2	4	3	0	4	0	2	2	1	4	4	2	3
	mechatron system engin	Mechatronic Systems Engineering 	3	1	3	3	2	3	2	2	3	1	2	4	2	2	2	3	2	2	2	2	2	2	2	2	3	3	3	4	3	3	3	3	3	2	2	2	3	2	2	2	1	0	3	2	2	2	2	2
	mechin engin electron engine	Mechinical Engineering and electronic Enginee	4	4	0	4	2	4	2	4	4	4	4	4	2	4	2	2	0	4	2	2	2	4	0	4	3	3	3	3	4	1	3	4	2	2	4	0	2	2	1	2	0	2	2	2	2	4	2	2
	mechnic	mechnics	3	0	1	2	0	0	0	0	2	3	2	2	1	1	2	1	0	1	2	1	3	2	1	1	1	0	1	2	2	0	0	0	0	0	0	0	0	0	0	0	0	1	0	0	3	2	0	0
	mechnic engienn	Mechnical engienner	3	2	3	3	1	3	1	3	3	3	3	3	3	3	3	3	2	2	2	2	3	3	1	2	1	2	2	2	1	1	2	2	1	2	2	2	2	1	1	2	1	2	2	2	3	1	1	0
	meddic	meddic	2	0	1	2	1	0	1	0	4	4	4	3	2	2	4	0	4	4	2	4	4	4	1	4	4	2	1	2	2	4	1	1	1	1	1	2	1	1	1	0	1	1	1	1	1	1	0	0
	medecin actr	medecine or actres 	3	0	0	0	0	0	0	1	4	4	4	4	4	3	4	3	2	4	4	3	4	2	4	4	0	1	1	1	1	0	0	4	0	0	3	0	1	0	3	0	1	2	0	0	1	0	0	0
	medhic	Medhical	2	1	1	1	1	1	1	2	4	3	3	3	3	3	4	2	1	2	2	1	3	2	1	1	3	3	3	3	4	3	3	0	2	1	1	2	2	2	1	1	2	1	1	3	2	3	2	2
	medi art	Medi a Arts	0	0	0	0	0	0	0	0	0	2	2	0	0	2	0	0	1	2	4	3	3	1	1	3	0	0	0	0	0	0	0	0	0	0	0	1	0	1	0	0	0	0	0	0	0	2	0	0
	medic	medic	2	1	2	2	1	1	2	1	4	3	3	3	2	3	3	1	2	1	2	1	1	2	2	1	1	2	2	2	2	1	2	2	2	1	2	1	1	1	1	1	1	2	2	1	1	2	1	1
	medic	medic	2	2	0	2	0	2	0	2	4	2	2	4	2	2	2	2	0	2	0	0	0	2	4	0	2	2	2	2	4	0	2	2	0	0	0	0	0	0	0	0	2	0	0	2	2	0	0	2
	medic	MEDIC	2	1	1	1	0	1	0	0	4	3	3	2	2	2	2	0	0	1	0	1	2	1	1	0	2	4	4	3	4	1	4	2	1	1	0	0	1	1	0	0	3	0	0	1	2	1	0	0
	medic	Medic	2	0	1	0	0	0	0	1	3	1	2	3	3	2	3	0	1	1	1	0	3	0	0	0	2	3	3	2	2	2	2	3	0	1	3	1	1	2	0	2	1	0	1	1	1	1	0	2
	medic	medic	0	1	1	1	1	1	1	0	3	2	3	4	3	3	3	0	1	1	0	2	1	0	0	0	1	3	0	1	1	1	0	0	1	3	0	2	2	2	0	0	1	2	0	1	1	1	0	0
	medic	Medic	4	2	4	2	2	2	0	0	4	4	4	4	4	4	4	4	0	2	0	0	2	0	0	0	4	4	4	4	4	4	4	4	2	0	0	0	4	0	0	0	2	0	0	0	4	4	0	2
	medic	medic	2	0	0	0	0	0	4	0	4	3	4	4	4	4	4	0	1	2	1	0	1	2	1	0	2	1	4	0	4	1	1	0	1	1	2	3	4	1	0	0	4	0	0	2	4	4	2	3
	medic	medice	2	2	2	2	1	2	2	0	4	4	4	4	3	4	3	4	4	2	3	4	1	3	3	2	1	2	3	1	4	4	1	4	1	1	3	4	2	4	3	1	4	1	2	2	3	2	1	2
	medic	medic	2	3	0	4	0	2	2	1	3	3	3	4	4	3	4	1	0	1	1	3	3	2	3	3	0	2	2	2	4	1	4	4	2	2	2	1	2	4	1	3	1	3	2	1	3	4	1	3
	medic	medic	3	0	0	0	0	0	0	0	3	3	3	1	3	2	3	0	2	3	0	2	0	3	2	0	3	3	2	2	2	2	2	2	2	3	2	2	2	2	2	1	2	3	3	3	2	2	2	2
	medic	medic	4	0	1	0	0	2	1	0	2	2	3	1	2	2	2	1	2	2	3	2	2	2	2	1	2	4	3	2	2	4	4	4	0	2	2	2	1	3	1	1	0	2	1	2	2	0	0	2
	medic	Medic	4	0	2	0	1	0	0	0	4	3	4	4	4	4	4	0	4	1	0	0	0	4	0	0	2	4	1	1	1	3	1	4	0	0	1	0	0	2	0	1	1	1	0	2	1	3	0	0
	medic	medic	4	1	1	0	1	1	1	1	4	3	4	3	3	3	3	2	0	2	1	1	3	3	2	1	2	4	3	3	2	3	4	2	2	1	3	1	1	1	0	1	2	1	1	2	0	1	1	1
	medic	medic	2	0	1	4	3	4	4	3	4	4	4	4	4	4	4	4	0	1	3	2	2	2	1	3	3	3	3	2	2	2	4	2	3	3	2	3	1	3	1	2	1	2	3	2	1	3	1	2
	medic	medic	3	1	1	1	1	0	2	1	4	2	2	2	3	2	3	1	2	2	2	1	2	1	0	1	2	3	3	1	2	2	1	3	1	1	1	1	3	1	0	2	1	2	1	2	1	2	2	1
	medic	medic	2	4	1	1	1	1	1	3	3	4	2	3	2	3	3	1	2	1	3	3	2	3	1	4	2	2	1	2	2	3	4	2	2	0	2	1	1	3	1	3	1	1	2	1	1	2	1	1
	medic	Medic	4	1	4	3	0	1	2	1	4	1	4	4	4	4	4	1	1	2	0	0	1	2	4	1	1	0	2	4	2	2	0	2	2	0	3	0	4	2	0	2	2	2	3	2	4	2	2	2
	medic	medic	2	3	1	2	0	1	0	0	4	4	3	4	4	4	4	0	3	3	2	4	4	4	3	0	0	4	3	4	2	3	1	2	2	2	3	4	1	2	0	0	2	2	3	2	0	1	0	0
	medic	medic	3	1	1	1	1	1	1	1	2	2	1	2	2	0	1	0	1	2	1	2	2	1	3	2	2	2	2	2	2	2	2	2	3	2	2	1	2	2	2	3	3	2	2	2	2	1	2	3
	medic	MEDIC	2	1	1	1	1	2	3	1	3	2	4	3	4	3	4	4	4	3	4	4	3	2	2	4	3	4	3	4	4	3	2	4	2	2	2	3	2	2	1	3	2	2	1	2	1	2	1	2
	medic	medic. 	2	1	2	2	2	1	1	1	3	1	2	3	2	2	3	1	3	3	2	2	2	2	2	2	2	4	3	2	3	3	3	4	2	2	2	2	2	2	2	2	2	2	2	2	1	2	2	0
	medic	medic	3	2	2	1	1	1	1	2	4	4	4	3	3	4	3	2	3	3	2	3	1	3	2	1	4	3	3	4	3	2	2	2	1	2	3	3	2	2	1	1	2	2	2	3	1	2	1	2
	medic	medic	4	1	0	2	4	4	4	4	4	4	4	4	4	4	4	0	0	1	0	0	0	0	0	0	2	0	1	0	4	4	4	4	2	1	4	0	2	0	0	4	1	4	4	2	4	4	0	0
	medic	Medic	4	0	0	2	0	0	0	0	2	4	4	2	2	4	4	0	0	4	4	0	4	0	4	0	4	2	4	2	4	0	0	0	0	3	0	0	0	0	0	0	2	3	4	0	0	0	0	0
	medic	Medic	2	1	1	3	2	0	2	1	3	2	2	3	3	2	3	1	3	4	2	2	2	4	0	2	1	3	2	2	1	3	3	2	1	2	2	1	2	3	1	2	3	4	3	3	4	4	1	2
	medic	Medic	2	1	0	0	0	1	1	2	2	1	1	1	2	1	2	1	1	1	1	1	4	3	2	3	1	3	1	2	2	3	2	2	1	1	3	3	3	3	1	2	2	1	0	3	3	1	2	2
	medic	medic	0	0	2	0	0	0	2	1	4	4	4	4	4	4	4	2	1	3	3	3	3	1	3	2	4	3	3	4	4	4	4	2	2	1	2	4	3	2	2	2	2	2	2	2	1	2	2	1
	medic	medic	2	3	2	2	2	2	3	2	4	3	3	2	3	4	3	2	3	3	3	3	3	4	3	3	2	3	2	3	2	3	3	4	2	2	2	2	2	2	3	3	2	2	2	1	2	2	2	3
	medic	medic	2	1	3	3	2	2	2	1	4	4	2	4	3	2	2	1	2	2	3	2	3	2	3	2	2	2	3	2	3	2	3	2	1	1	2	2	3	2	1	2	1	1	2	2	2	2	1	2
	medic	Medic	0	1	0	1	1	0	2	0	0	3	3	2	2	3	2	1	3	2	2	1	2	2	2	3	2	4	3	2	3	3	3	3	2	3	3	2	2	3	2	3	1	3	3	1	1	0	0	1
	medic	medic	3	0	1	0	1	2	3	1	4	4	4	3	4	4	4	2	2	3	4	2	4	3	4	3	2	4	4	3	4	2	3	4	1	4	3	3	3	3	1	3	2	1	2	3	1	1	1	1
	medic	medic	2	0	0	0	0	0	0	0	3	4	3	3	3	4	4	4	0	0	1	0	1	1	0	1	1	3	1	1	2	4	1	4	1	2	3	3	2	4	4	4	0	0	0	4	2	2	1	1
	medic	medic	0	0	0	0	0	0	0	0	2	2	3	3	3	3	3	0	0	0	3	0	1	0	0	1	2	4	3	0	4	4	4	4	4	1	3	2	0	2	1	0	0	0	0	0	0	0	0	0
	medic	Medication	0	0	0	0	0	0	2	0	4	4	4	4	4	4	4	0	2	2	4	2	4	2	0	0	2	2	2	2	4	4	4	4	2	2	0	2	0	4	0	4	0	2	2	0	0	0	0	0
	medic	medic	3	3	3	2	0	1	4	2	4	4	3	3	3	4	4	3	4	2	1	1	1	4	4	1	2	4	4	0	4	3	2	3	4	3	4	0	2	2	1	1	4	0	4	0	0	4	2	1
	medic	medic	2	2	2	2	2	1	2	1	4	4	4	4	4	4	4	4	2	4	4	4	4	4	4	4	1	4	3	3	1	2	1	2	3	3	4	4	1	2	1	4	1	3	2	4	1	1	1	1
	medic	medic	3	1	0	0	0	0	0	0	2	2	2	2	2	1	2	0	0	1	0	0	3	1	0	0	2	3	2	2	2	2	2	2	2	1	1	0	0	2	0	0	1	0	0	0	2	0	1	1
	medic	medic	3	2	4	1	1	1	4	2	4	0	1	4	4	4	4	2	4	3	2	3	3	4	4	1	2	3	2	3	3	4	2	1	2	3	2	2	3	2	2	2	1	2	2	2	1	1	1	1
	medic	medic	1	0	2	0	0	0	0	0	4	3	3	1	1	3	2	1	1	0	1	1	1	2	1	0	1	0	1	2	1	1	1	2	0	0	1	1	0	0	0	1	0	0	0	0	0	0	0	0
	medic	Medic	3	1	3	1	0	0	1	1	4	4	4	3	4	4	4	3	0	3	2	0	0	0	0	2	3	3	3	3	3	2	3	3	2	2	1	0	3	1	2	2	2	1	1	1	2	1	1	2
	medic	medic	2	3	0	1	1	2	2	3	4	4	4	4	4	4	4	1	0	3	2	2	3	3	2	2	3	3	0	2	3	3	3	2	2	2	2	2	2	2	3	3	2	2	2	3	3	4	3	3
	medic	medic	2	0	0	0	0	0	0	0	4	4	4	2	2	4	4	0	2	2	0	0	0	2	4	0	0	2	2	0	0	2	4	4	4	2	0	0	0	2	0	4	0	2	0	0	0	0	0	0
	medic	Medic	4	1	1	3	3	2	2	0	4	4	4	3	4	4	4	1	0	0	4	4	4	3	0	2	2	2	4	1	4	1	1	3	1	2	2	1	2	1	1	1	3	3	4	3	2	2	2	2
	medic	Medic	0	0	0	0	0	0	0	0	4	4	4	4	4	4	4	2	1	2	2	2	3	2	0	2	2	4	2	1	3	3	2	2	0	2	0	3	0	2	0	3	0	1	0	1	0	1	0	0
	medic	medic	0	0	0	0	0	0	0	0	4	3	4	3	3	3	4	0	2	0	1	2	0	2	0	0	2	0	1	0	0	0	0	0	2	0	1	0	0	0	0	0	0	0	0	0	0	0	0	0
	medic	medic	3	0	0	3	3	3	3	1	4	3	4	3	4	2	3	1	0	0	3	1	2	2	0	2	2	2	0	3	2	1	3	1	0	2	1	2	3	2	2	2	2	1	2	2	4	3	3	2
	medicsl adminstr assist	Medicsl Adminstrative Assistant 	1	0	0	0	0	0	1	0	3	3	4	1	0	4	3	1	2	0	0	0	0	0	0	0	3	4	2	0	4	3	4	4	0	4	0	0	0	2	0	2	4	4	4	2	3	3	1	0
	mediev	Medieval studies	0	2	0	0	0	1	0	1	3	2	3	1	2	3	1	3	4	3	4	4	4	4	3	4	2	2	1	2	1	4	4	1	0	1	0	1	1	1	1	2	0	0	0	0	0	1	0	0
	medtech	MedTech 	3	3	2	2	3	2	2	2	3	2	3	3	2	2	3	3	3	3	3	3	3	3	2	3	2	2	2	2	3	2	3	2	2	2	3	3	2	2	2	3	3	2	3	3	2	3	3	2
	medtech	Medtech	2	0	0	2	0	0	0	0	2	4	2	2	2	2	4	0	2	2	2	2	2	2	2	2	2	2	2	2	2	2	2	2	2	2	4	2	4	4	0	2	4	2	2	2	2	2	4	2
	medtech	MedTech	2	0	2	0	0	0	2	2	4	4	2	2	2	2	4	4	2	4	2	4	4	4	4	4	2	4	2	2	2	4	4	4	2	4	2	4	2	4	4	4	0	0	2	2	2	2	0	0
	medtech	medtech	2	0	0	0	2	0	1	0	3	3	2	3	3	2	2	0	1	3	0	2	2	3	1	1	2	3	2	2	3	3	3	2	4	3	4	3	4	1	2	3	2	0	0	2	0	1	1	0
	medtech	MedTech	2	2	2	3	1	1	2	2	4	4	4	4	4	4	4	3	2	3	2	4	3	2	2	3	3	1	3	4	2	3	4	4	2	2	2	1	2	2	2	2	2	2	2	2	2	3	2	2
	medtech	Medtech	3	2	1	2	2	2	3	1	3	3	3	3	3	3	3	2	3	1	4	2	3	4	1	3	2	3	2	2	2	3	2	3	2	3	2	2	3	3	1	2	2	4	3	3	3	3	2	2
	medtech	Medtech	2	2	0	2	2	2	2	1	4	4	2	2	3	4	2	2	2	4	3	2	4	2	1	4	3	4	3	2	4	4	4	4	2	0	2	3	3	4	1	4	1	0	1	1	1	2	1	1
	medtech	medtech	2	2	1	2	1	1	2	1	4	3	3	4	4	3	4	1	2	2	4	3	3	3	2	2	2	3	4	3	4	3	1	3	3	4	4	3	4	4	2	2	3	2	2	3	1	1	2	2
	medtech	MedTech	2	2	1	1	2	1	0	0	4	4	2	4	2	3	3	1	1	4	3	3	4	2	4	4	1	2	2	2	2	2	1	3	1	0	1	1	2	1	0	1	1	1	2	2	1	0	0	0
	meio ambient	meio ambiente	0	0	0	0	0	0	0	0	0	0	0	0	1	0	1	0	2	0	0	0	0	3	0	0	3	1	0	1	0	0	0	0	2	1	0	0	2	0	2	0	0	2	1	0	0	0	0	0
	menag	menagment	2	2	3	3	2	2	3	2	1	0	0	1	0	0	0	0	3	3	0	4	4	3	4	4	1	0	0	1	1	1	1	2	2	1	2	1	1	1	1	2	1	1	2	1	2	3	1	2
	menag	menagment	1	0	1	1	0	1	1	0	3	3	2	2	2	2	2	2	1	2	2	2	2	3	2	2	3	2	3	2	3	3	2	1	2	1	3	2	3	1	0	1	0	1	1	1	1	0	0	1
	menstruar	Menstruar 	0	0	4	0	0	0	0	0	0	4	4	0	0	4	0	0	0	0	0	0	0	0	0	0	0	4	0	0	0	0	0	0	0	0	4	0	3	0	0	0	0	2	2	0	0	3	0	2
	mental	mental 	0	0	0	0	0	0	0	0	1	0	1	3	0	2	2	1	0	0	2	0	0	0	2	1	4	4	4	3	4	4	4	3	0	3	3	3	2	3	2	2	0	0	0	2	0	1	0	0
	mental health	Mental Health	0	0	0	0	0	0	0	0	3	3	3	0	3	2	2	0	2	2	1	3	4	4	0	3	4	3	3	0	4	1	1	0	0	0	0	0	0	0	0	0	1	0	1	3	0	1	2	0
	mental health	Mental health	0	2	0	0	0	0	0	0	4	4	2	4	4	4	2	0	4	4	4	4	4	4	4	4	4	4	4	3	4	4	4	4	0	2	0	2	1	3	0	4	0	2	0	0	1	1	0	0
	mental health	Mental Health Science	4	0	0	0	0	0	0	0	3	0	4	4	4	0	4	0	2	0	0	2	3	2	0	0	4	4	4	4	4	4	4	4	0	0	0	0	0	2	0	3	0	0	2	2	3	2	0	0
	mental health	Mental Health	2	1	0	0	1	2	1	0	3	3	2	2	1	2	2	2	3	3	3	3	3	3	2	3	4	4	4	3	4	4	4	4	1	3	1	2	2	2	2	2	3	2	2	2	1	3	1	2
	mental health	Mental Health	1	2	0	1	1	2	2	2	2	2	2	3	3	3	3	1	3	3	4	4	4	4	2	4	4	4	4	4	4	4	4	4	1	2	2	3	1	2	2	2	2	1	2	2	1	2	2	1
	mental health	mental health 	2	0	0	0	0	0	0	0	4	4	4	4	3	4	4	0	0	3	3	0	0	0	3	0	4	3	4	3	4	3	4	4	0	0	3	4	3	0	3	0	0	0	0	0	0	0	0	0
	mental health	mental health 	2	1	1	1	2	1	2	0	2	0	1	2	2	1	1	0	2	4	1	1	1	1	2	1	1	4	4	4	4	4	2	4	1	1	1	1	1	1	1	1	2	1	1	3	1	3	1	2
	mental health	Mental Health 	1	0	0	0	0	0	0	0	4	0	0	4	0	0	0	4	1	1	4	0	2	0	0	2	4	4	4	2	4	4	4	4	2	1	2	2	0	3	2	0	3	1	2	4	2	3	0	2
	mental health	mental health	2	2	3	1	1	3	1	3	2	3	3	3	3	3	0	4	3	3	1	4	4	4	4	4	3	2	4	1	4	0	3	0	0	1	0	1	0	0	0	0	0	2	0	0	0	2	0	0
	mental health	mental health	2	0	0	0	0	0	0	0	4	0	0	0	0	0	0	0	0	0	0	0	2	0	0	0	1	4	2	1	3	1	2	0	0	3	2	1	3	1	2	1	4	3	4	4	3	3	3	2
	mental health	Mental Health	0	4	0	1	0	1	1	2	2	1	1	2	2	0	1	0	0	1	2	1	3	2	1	2	4	4	3	3	4	3	4	3	1	2	2	4	3	2	3	1	2	3	3	3	2	2	4	3
	mental health	mental health	0	0	4	0	0	0	0	0	4	4	4	4	4	4	4	4	0	4	4	4	4	2	4	4	4	4	4	4	4	3	4	4	0	0	4	0	0	0	0	0	0	0	0	0	0	0	0	0
	mental health	MS Mental Health	0	1	0	3	0	2	1	1	2	3	2	1	0	1	1	1	3	3	4	4	4	3	0	4	4	4	3	3	4	4	4	3	0	3	2	2	2	2	0	2	2	2	3	2	0	2	0	2
	mental health	Mental Health	3	0	0	0	0	0	0	0	1	0	0	4	0	0	0	0	0	2	1	1	3	0	0	0	3	4	4	4	4	4	4	4	0	3	3	1	3	3	3	4	0	3	3	3	0	0	0	3
	mental health	mental health	0	1	2	0	0	1	0	0	2	2	1	0	0	3	0	2	2	0	4	0	0	0	0	3	4	4	4	1	4	3	3	1	1	1	2	1	1	2	4	0	2	1	2	1	0	1	1	1
	mental health	mental health	1	0	0	0	0	2	0	0	1	4	3	2	2	3	3	2	1	3	3	3	3	3	3	3	4	4	4	3	4	4	3	4	0	0	1	1	0	0	1	3	2	0	3	1	0	2	3	0
	mental health	Mental Health	0	0	0	0	0	0	0	0	2	3	3	2	3	3	2	0	2	1	2	3	4	4	0	3	3	3	3	0	4	3	1	1	0	0	0	0	0	0	0	0	0	0	2	2	0	1	0	0
	mental health	Mental Health	0	2	2	0	0	2	0	2	1	2	0	0	0	0	0	0	2	2	0	2	2	3	3	2	3	3	3	3	3	3	1	2	1	1	4	1	2	1	3	3	0	1	1	0	0	2	0	0
	mental health	mental health	1	0	0	0	0	0	0	0	0	0	0	0	0	0	0	0	3	0	0	0	3	0	0	0	3	3	4	2	4	4	3	3	0	0	2	2	0	0	0	0	0	0	2	0	0	2	0	0
	mental health advocaci leadership	Mental Health Advocacy and Leadership	1	0	0	0	0	0	0	0	2	3	3	1	1	3	1	2	0	0	1	0	2	0	0	0	3	4	3	2	4	3	3	1	0	1	1	0	1	2	1	2	0	2	0	1	1	2	0	0
	mental health spiritu	Mental Health & Spirituality	0	0	0	0	0	3	0	1	2	4	3	0	2	3	2	0	3	3	3	4	3	3	0	3	3	3	4	2	4	2	2	2	0	2	2	2	2	1	1	2	0	0	0	0	0	0	0	2
	merchan	merchanic 	2	2	3	2	4	2	4	3	1	1	0	1	1	0	1	0	1	0	0	0	0	0	4	0	2	2	3	1	3	0	0	3	0	3	0	0	2	1	3	1	1	0	0	3	1	3	0	2
	merchandis	Merchandising	0	0	0	0	0	2	0	0	3	0	0	3	3	1	3	3	1	2	2	1	1	4	2	2	3	4	4	3	3	3	4	4	0	3	3	3	3	3	3	3	3	0	3	2	1	2	3	2
	merkt	merkting	2	2	2	2	0	4	4	0	0	0	0	0	0	4	0	0	4	4	4	2	4	4	4	4	2	4	4	2	4	0	0	4	4	0	4	2	4	0	4	4	2	2	2	2	0	2	0	4
	merritt	merritt college 	2	0	0	0	0	0	0	0	4	0	0	4	0	2	2	0	0	0	0	0	2	0	0	0	4	4	4	4	4	0	1	4	0	4	4	4	0	4	0	4	4	0	4	4	0	0	4	4
	messag	Message 	0	3	0	0	0	0	0	0	0	0	0	0	0	0	0	0	0	0	0	3	0	4	0	0	4	2	0	0	0	3	1	0	4	0	0	0	0	0	0	0	0	0	0	0	0	0	0	0
	metal technolog	metals technology	4	2	2	2	3	2	2	2	4	4	4	2	2	2	2	2	4	4	4	4	4	2	4	4	4	4	4	4	0	4	4	4	4	2	4	2	4	4	4	4	4	4	4	2	4	4	4	3
	metal work	metal work	4	2	4	4	4	2	4	4	4	4	4	2	4	4	4	2	4	4	2	4	0	4	4	4	4	4	4	4	2	4	4	2	4	4	4	2	4	4	4	4	4	4	4	4	4	4	2	4
	metallurgi	metallurgy	1	0	0	0	0	1	0	0	3	0	0	4	1	1	1	3	0	0	1	0	2	4	0	0	3	0	2	0	2	0	4	1	3	0	1	0	0	1	0	0	1	1	0	0	0	2	0	0
	mexican american	Mexican American Studies	0	0	0	0	0	0	0	0	2	3	4	1	1	2	0	0	2	4	4	4	4	4	1	4	0	4	2	1	2	2	3	2	0	1	0	3	1	2	3	0	0	0	0	0	0	0	0	0
	mexican american	Mexican American Studies	0	0	0	0	0	0	0	0	0	2	0	0	0	2	0	1	2	4	3	3	4	3	2	2	2	4	2	2	4	3	2	2	0	2	1	1	0	2	0	1	0	0	0	0	0	0	0	0
	mft	MFT	0	0	0	0	1	0	1	0	2	0	0	0	0	0	0	0	0	0	1	1	2	0	0	0	4	4	4	1	4	4	3	4	0	1	1	0	3	3	0	1	2	1	2	2	1	4	2	1
	mft lpc	MFT AND LPC	0	3	0	0	0	4	0	2	3	3	3	4	3	1	1	1	0	1	0	3	3	1	0	1	4	4	4	1	4	2	3	0	0	1	0	0	1	0	0	0	0	1	0	1	0	0	0	0
	mgmt	mgmt	3	3	3	1	2	3	0	3	4	3	4	4	4	3	3	4	4	4	4	4	3	4	4	4	4	3	2	4	2	3	3	1	2	0	3	4	3	2	3	2	1	1	0	1	1	3	0	1
	mgt busi	mgt & business	2	2	0	2	2	3	2	1	0	1	0	0	0	0	0	0	0	0	1	2	0	1	1	0	1	4	0	2	2	1	0	1	0	3	2	0	3	2	0	2	2	2	3	2	3	2	2	3
	mice	MICE	4	2	2	2	1	1	2	1	4	4	4	3	4	4	3	4	4	4	4	2	4	4	2	4	4	0	4	2	4	3	2	3	2	3	3	1	4	2	1	3	3	1	4	1	4	2	2	2
	micro	Micro	3	2	0	4	0	3	0	0	4	4	4	4	4	4	4	4	0	0	0	3	0	2	0	0	2	4	2	0	3	0	0	4	0	0	0	0	2	0	0	1	0	0	0	0	0	0	0	0
	microb	Microb	2	3	0	0	2	3	0	2	4	4	2	3	4	3	2	0	2	4	2	4	4	2	4	4	2	4	4	4	4	4	4	4	2	2	3	4	0	3	0	3	0	0	0	2	0	0	0	2
	microelectron	Microelectronics	1	2	0	4	3	2	4	1	3	2	2	2	3	3	3	1	1	3	3	3	1	3	3	3	0	1	1	4	1	0	2	1	0	1	1	1	3	1	0	1	3	3	4	3	4	4	3	2
	microelectron	Microelectronics	0	2	0	0	0	0	0	0	0	4	0	0	0	0	0	0	0	0	2	0	0	0	2	2	2	0	4	4	4	0	4	2	4	2	4	2	2	4	4	4	4	2	4	4	2	0	4	4
	microelectron	Microelectronics	2	2	0	2	0	2	0	0	4	3	3	4	0	1	0	2	0	4	4	1	1	1	0	4	4	4	4	3	4	4	3	3	2	0	4	0	4	4	0	2	2	3	4	0	4	2	3	2
	microengin	Microengineering	2	2	0	4	0	2	0	0	3	3	4	4	4	4	4	3	0	1	2	3	4	3	1	3	0	2	0	0	0	0	0	0	1	0	2	0	1	0	1	0	0	1	0	0	0	2	0	2
	microfin	Microfinance	2	1	1	1	1	1	3	1	2	3	2	0	1	2	1	3	2	2	3	2	2	3	1	1	2	3	1	3	2	2	1	2	3	3	4	1	4	2	2	2	4	2	4	4	3	4	4	3
	microtechnolog	Microtechnology	2	3	2	3	2	3	2	1	4	4	4	1	3	3	2	0	0	0	1	0	1	1	3	1	3	3	4	3	4	1	3	3	0	1	2	1	0	1	1	1	2	1	0	0	0	0	1	0
	midia	Midia 	4	1	0	0	0	0	0	0	1	1	1	0	1	1	1	0	1	4	1	1	4	0	4	4	0	0	1	0	1	0	0	1	1	0	0	0	0	0	0	1	0	0	0	0	0	0	0	4
	midwif	midwife	0	0	0	0	0	0	0	0	3	1	0	3	0	0	0	0	0	2	1	2	3	3	3	0	3	4	2	2	2	2	0	0	0	0	1	2	4	1	0	0	2	0	0	2	1	1	0	0
	mindanao digo	University of Mindanao Digos College	3	2	1	1	1	2	2	2	2	2	2	2	2	1	2	1	2	2	2	2	1	4	2	2	3	2	3	3	2	2	3	3	2	2	3	1	3	2	3	2	3	2	3	4	3	2	2	2
	mine engieer	MINING ENGIEERING	0	0	0	0	0	0	0	0	1	0	0	0	0	0	0	0	2	4	2	3	4	1	1	2	4	3	3	2	4	1	1	1	2	0	3	1	2	1	2	1	0	0	0	0	0	0	0	0
	mine machineri engin	Mining Machinery Engineering	0	1	2	3	1	0	1	0	4	2	1	4	4	1	2	1	2	3	1	2	4	3	2	2	3	2	3	2	2	1	2	1	1	1	2	2	1	1	1	1	0	0	1	1	2	0	0	0
	minecraft	Minecraft	2	1	3	1	1	2	1	1	2	1	2	2	2	2	2	1	1	2	3	2	2	2	3	2	3	3	3	1	3	3	3	1	3	3	3	3	3	3	3	3	2	2	2	2	2	2	2	2
	ministi	Ministy 	3	2	1	1	1	1	2	2	3	2	2	2	0	2	0	3	2	3	3	4	2	3	3	2	2	2	3	3	3	3	1	1	2	2	1	2	2	2	2	2	0	1	0	0	0	1	0	0
	ministri	Ministry	3	4	3	2	2	4	2	4	2	1	2	0	0	2	0	3	3	1	1	3	1	2	4	2	3	4	3	4	2	4	4	2	2	2	1	2	1	1	2	2	0	2	0	1	0	0	0	0
	ministri	Ministry	2	0	0	0	0	0	0	0	2	0	0	2	0	0	0	0	0	2	2	2	3	0	2	0	3	3	4	4	4	4	4	3	1	0	0	1	1	0	0	1	0	0	0	0	0	0	0	0
	ministri	Ministry	1	0	0	0	0	0	0	0	3	2	3	3	2	3	2	0	3	2	1	4	4	4	1	1	2	3	3	1	4	2	2	1	1	1	3	2	2	1	3	3	1	0	1	2	1	0	1	1
	ministri	ministry	2	0	0	0	0	0	0	0	4	0	0	2	0	0	0	2	4	4	4	4	4	4	2	4	4	4	3	2	4	2	4	4	0	4	1	4	4	3	0	1	4	2	4	4	4	4	4	3
	ministri	Ministry	1	3	3	3	1	4	1	3	3	4	1	3	0	4	0	0	4	4	4	4	4	4	2	4	4	4	4	4	3	3	4	4	2	1	3	4	3	3	3	2	3	3	3	3	3	4	1	3
	ministri	Ministry	0	2	0	0	2	2	2	2	2	0	0	0	1	1	1	0	1	0	1	1	2	3	3	2	2	3	3	2	3	2	2	1	1	1	3	1	3	3	1	2	0	1	0	0	1	2	1	0
	ministri	ministry	1	2	3	1	1	1	0	2	2	2	1	2	1	0	1	1	0	0	0	2	1	2	1	0	1	3	0	3	2	3	2	3	0	1	0	0	0	0	0	0	0	0	0	0	0	0	0	0
	ministri	Ministry	0	0	0	0	0	0	0	0	0	0	0	0	0	0	0	2	0	0	0	0	3	2	0	0	0	0	0	0	0	0	0	0	0	0	0	0	0	0	0	3	0	0	0	0	0	0	0	0
	ministri	Ministry	2	0	0	2	0	2	0	0	4	2	2	2	2	2	2	2	4	4	4	4	4	4	4	2	0	4	4	2	4	4	4	4	0	0	0	0	0	0	0	0	0	0	0	0	0	0	0	0
	ministri	Ministry	0	2	0	0	0	1	0	1	2	0	2	0	1	0	2	0	2	4	3	1	0	1	2	0	1	4	3	2	4	2	2	0	0	0	0	0	2	0	0	0	0	0	0	0	0	0	0	0
	ministri	Ministry	0	4	3	3	2	1	2	4	2	3	3	2	2	1	3	3	2	3	0	3	2	2	4	2	3	4	3	4	3	3	3	3	1	0	3	3	3	1	0	2	2	1	2	2	3	2	2	1
	ministri	Ministry 	1	0	0	0	0	1	1	1	1	0	0	1	0	1	0	1	1	2	1	1	1	1	3	1	3	2	2	3	4	2	2	2	2	1	3	1	3	2	3	1	1	1	1	1	0	0	1	1
	ministri	Ministry	1	3	0	1	2	3	2	3	1	0	0	1	1	1	1	1	1	2	3	2	3	2	4	3	4	4	2	2	4	4	3	1	1	0	2	1	4	1	2	4	0	0	0	0	2	1	0	0
	ministri	Ministry	3	2	0	2	2	2	2	2	0	2	2	3	1	1	1	0	2	3	3	1	2	3	0	1	4	4	4	3	4	3	3	3	2	1	3	1	2	1	1	1	0	0	4	1	1	2	2	1
	ministri	ministry	0	1	0	0	0	0	0	1	1	1	3	1	3	3	1	3	0	0	0	0	1	3	0	0	3	1	1	0	3	0	0	0	0	0	1	0	0	0	0	3	0	0	0	0	0	4	1	0
	ministri leadership	Ministrial Leadership	1	1	0	1	0	0	0	1	3	0	3	0	2	0	3	0	3	3	2	4	2	3	2	0	4	4	4	4	4	2	3	2	4	3	3	2	3	3	3	1	3	2	3	3	3	4	3	1
	ministri worship youth etc	 Ministry (worship, youth etc.)	0	0	0	0	0	0	0	0	0	0	0	0	0	0	0	0	3	3	3	3	3	4	4	3	0	4	0	3	3	4	3	3	0	0	0	0	0	2	0	0	0	0	0	0	0	0	0	0
	mis	MIS	1	2	0	3	0	3	0	2	2	2	1	3	1	2	0	2	1	1	2	1	2	3	3	3	3	3	2	1	2	3	2	1	2	2	3	1	4	0	4	1	0	2	2	2	3	2	2	1
	mis	MIS	2	2	1	2	1	3	2	0	3	3	3	3	3	1	3	1	2	4	2	2	2	1	1	2	3	2	1	1	1	2	2	1	1	1	1	0	3	1	0	2	3	3	2	2	2	1	0	2
	mis	MIS	0	4	4	4	4	4	3	4	0	4	3	1	3	4	1	4	0	0	3	1	0	3	4	4	0	4	2	3	1	0	0	1	3	0	1	1	1	0	3	4	0	2	1	0	0	0	0	0
	mis	MIS	3	2	1	2	3	0	3	1	2	1	1	3	1	3	2	3	3	1	3	3	3	3	2	3	3	0	3	1	3	0	3	2	2	2	3	3	3	3	0	3	3	3	3	3	3	3	3	3
	mis	MIS	0	2	0	0	0	2	0	2	0	0	0	0	0	0	0	2	0	0	0	0	0	0	0	2	0	2	2	0	2	2	2	1	0	0	0	0	2	0	1	0	2	0	3	0	3	2	0	2
	mis	MIS	3	0	0	2	0	3	0	1	3	3	2	2	2	2	2	3	3	2	3	3	2	3	2	2	2	4	1	2	4	4	4	2	2	1	4	1	4	2	0	4	2	2	4	2	2	2	2	2
	mis	MIS	0	0	0	3	1	0	0	0	3	0	4	4	4	0	3	3	0	4	3	0	3	4	4	4	3	3	0	0	4	0	0	1	1	2	4	4	4	2	0	1	1	3	4	2	4	3	0	3
	mis	MIS	2	2	0	3	1	3	3	2	2	2	2	1	1	3	1	2	3	3	3	4	4	4	4	4	4	4	4	4	4	4	4	4	2	2	3	2	2	2	1	3	1	1	3	2	1	0	1	1
	mis	MIS	2	2	1	2	1	1	3	1	2	1	1	2	0	1	1	1	0	1	4	0	0	1	3	2	2	3	2	1	2	1	1	2	2	3	2	1	2	3	1	2	2	3	3	2	2	3	1	2
	mis	MIS	0	0	0	0	0	0	0	0	3	3	3	4	3	3	3	0	3	4	4	4	4	3	0	4	4	2	2	3	2	3	0	2	0	1	1	1	1	0	0	0	0	1	0	0	0	2	0	0
	mis	mis	0	0	0	0	0	2	0	0	2	0	0	2	3	0	0	0	0	0	2	0	0	0	0	2	4	3	0	0	0	2	0	0	2	3	0	0	4	2	0	0	0	0	0	0	3	2	0	0
	mis	MIS	3	0	0	2	2	1	2	0	4	3	2	3	4	2	3	3	2	4	3	2	4	3	4	4	2	4	4	2	4	4	4	4	3	3	3	4	4	4	3	4	2	2	2	3	1	1	2	2
	mis	MIS	4	1	0	0	0	1	0	1	1	1	0	0	0	0	0	0	3	2	0	0	0	2	0	2	3	3	2	0	3	3	2	2	2	0	2	0	3	2	2	3	3	0	3	3	3	3	0	3
	mission	Missions	0	2	0	0	0	1	0	1	4	3	1	3	3	2	1	1	1	0	1	2	2	4	0	0	2	4	3	4	4	2	4	4	0	3	0	0	1	2	2	0	0	0	0	3	0	0	0	2
	mission	Missions	0	2	0	0	0	1	0	3	4	4	3	3	1	4	1	1	2	0	2	3	2	4	1	0	2	4	3	4	4	2	4	3	2	3	1	2	2	2	2	0	2	2	0	2	1	2	0	1
	mission	Missions	2	2	0	3	0	2	2	1	0	4	2	0	0	2	0	0	2	4	4	4	4	4	4	4	3	3	3	2	4	1	3	3	0	1	1	3	2	0	0	2	3	3	2	3	3	2	0	3
	mississippi	University of Mississippi	1	1	3	1	1	2	2	2	1	1	1	1	0	1	1	1	0	0	2	2	0	2	3	0	3	4	2	3	2	4	2	2	2	3	2	1	3	2	3	2	2	2	1	2	3	2	2	3
	mitchel	mitchell college 	0	1	0	0	0	0	0	0	3	4	4	3	3	3	3	4	0	0	1	0	0	0	0	0	4	1	4	3	4	2	2	2	0	0	0	0	0	0	2	0	0	0	1	0	2	0	1	0
	mixolog	Mixology	2	1	0	1	0	1	1	0	1	1	1	0	0	1	0	0	1	2	2	0	4	0	0	2	2	0	3	0	3	1	2	0	1	2	2	2	3	1	1	0	2	1	2	2	1	0	0	2
	mkt	MKT	3	3	0	1	0	3	1	1	3	3	2	2	2	2	2	1	3	3	1	2	2	2	1	1	3	3	3	3	3	3	2	2	2	1	3	3	3	3	1	2	1	2	1	2	0	1	1	1
	mktg hci	Mktg, HCI	0	0	0	1	0	0	0	0	4	4	3	4	4	3	4	4	3	3	3	4	3	3	2	3	4	0	3	2	3	0	1	0	0	0	3	2	3	0	3	0	0	1	0	2	2	2	1	2
	mls	MLS	2	1	2	2	1	2	2	2	2	2	2	0	0	1	0	2	0	0	0	0	1	2	2	1	3	2	1	1	0	2	2	1	2	2	2	0	2	2	0	2	0	2	0	1	0	2	0	2
	mnagement	mnagement	0	3	1	0	0	3	0	2	2	1	1	3	0	1	0	0	0	0	4	3	0	0	0	0	4	3	3	1	3	0	2	0	3	2	4	1	4	4	1	4	4	3	2	3	2	4	2	3
	mobil network	mobile network	2	3	3	3	1	1	3	3	4	4	4	2	1	4	2	1	0	1	0	0	1	1	1	0	3	4	3	1	3	3	2	3	1	1	2	1	1	3	0	1	0	2	1	1	1	1	0	2
	model	modelling	1	0	0	0	0	0	0	1	1	0	0	0	0	0	0	1	4	2	4	4	4	4	0	1	2	4	2	4	3	4	4	3	2	1	4	3	0	4	1	2	1	1	0	1	0	2	1	4
	model	modeling 	0	0	0	0	0	0	0	0	0	0	0	0	0	0	0	0	0	0	0	0	0	0	0	0	0	0	0	0	0	0	4	0	0	0	4	0	0	4	0	0	0	0	4	0	0	0	0	4
	model	3D Modeling 	3	2	2	4	4	4	3	3	4	1	0	3	3	2	2	2	3	2	4	2	0	4	4	4	0	0	3	4	1	4	0	0	0	1	2	0	2	0	0	3	0	1	0	0	3	4	0	1
	model cours	modelling course	0	0	0	0	0	0	0	0	0	0	0	0	0	0	0	0	2	4	4	2	0	2	2	0	0	0	4	0	0	0	0	0	0	0	0	0	0	0	0	0	0	0	0	0	0	0	0	2
	model visual effect	3D Modelling and Visual Effects	1	0	1	3	0	2	0	0	2	2	1	0	1	3	0	0	0	3	3	2	4	3	4	0	4	3	3	4	4	3	3	2	0	0	4	0	4	0	2	0	1	3	0	1	1	2	0	2
	modern lamguag	modern lamguages	0	1	0	1	0	0	1	1	1	3	1	2	1	2	1	2	3	3	2	3	3	3	2	2	3	3	3	2	3	3	3	2	2	1	3	1	4	3	2	3	0	1	1	1	0	2	1	1
	modern lanaguag	Modern Lanaguages	4	2	0	2	1	3	2	1	4	3	2	1	1	2	2	2	4	2	0	3	3	4	1	2	4	4	2	3	3	3	4	4	1	1	1	1	1	1	2	1	2	2	2	3	3	2	3	2
	modern langugag	Modern langugages	1	1	0	1	1	1	2	1	3	2	1	2	1	2	1	3	4	2	2	3	2	3	3	2	3	3	1	2	2	3	3	1	2	2	2	2	3	3	3	3	1	1	1	1	1	1	2	1
	molecular bioscienc biotechnolog	Molecular Bioscience and Biotechnology	2	1	0	2	0	0	1	0	3	3	3	4	4	3	4	3	4	1	0	4	3	4	0	3	3	4	1	3	3	4	3	1	0	3	0	2	0	1	2	0	2	3	1	1	0	1	0	0
	molecular biotechnolog edu	BS in Molecular Biotechnology, Masters in Edu	0	2	2	1	0	2	0	1	2	4	3	2	3	3	3	2	1	2	3	2	2	2	3	2	4	4	3	3	4	4	2	2	0	2	2	3	2	2	2	2	0	0	0	0	2	2	0	1
	molecular engin	molecular engineering	2	0	0	2	0	1	2	0	1	4	4	2	4	4	4	4	0	0	3	0	1	0	2	0	1	1	1	0	1	0	0	0	0	0	0	0	0	0	0	0	0	0	0	0	2	4	0	0
	mom	your mom	0	0	0	0	0	0	0	0	0	0	4	0	0	0	0	0	0	0	0	0	0	0	0	0	0	0	0	0	0	0	0	0	0	0	0	0	0	0	0	0	0	0	0	0	0	0	0	0
	montgomeri	Montgomery College  	0	0	0	2	0	0	0	3	3	4	4	1	0	4	1	3	1	0	1	0	0	0	4	0	3	0	3	0	0	0	0	0	2	0	0	0	0	0	2	0	0	1	0	3	0	4	0	1
	mortari	mortary science	0	0	0	0	0	0	0	0	3	0	0	0	0	0	0	0	0	0	0	0	4	0	3	0	3	4	3	0	0	0	0	0	0	0	0	0	0	0	0	0	3	3	3	3	4	0	3	4
	mortician	mortician	4	2	1	3	0	2	0	2	3	3	3	2	2	3	2	2	3	3	4	4	2	4	2	4	2	3	2	3	3	3	2	2	2	2	3	3	1	3	1	0	1	4	2	1	0	2	0	3
	mortuari	Mortuary Science	4	4	0	4	4	4	4	4	4	4	4	4	4	4	4	4	4	4	4	4	4	4	4	4	4	4	4	4	4	4	4	4	4	4	4	4	4	4	4	4	4	4	4	4	4	4	4	4
	mortuari	Mortuary Science	0	0	0	1	0	0	0	0	4	3	3	2	3	3	4	4	0	0	0	0	0	1	2	2	0	0	0	0	0	0	0	0	0	0	2	0	0	0	1	3	2	1	2	2	2	2	1	2
	mortuari	Mortuary science	2	1	0	1	0	2	2	2	3	2	3	3	3	3	3	2	3	4	4	4	4	4	3	4	2	0	2	2	1	3	1	2	0	0	2	2	0	1	2	2	0	2	2	1	0	1	0	2
	mortuari	Mortuary science	2	2	0	3	3	2	2	2	4	3	3	2	3	3	3	2	3	4	2	3	1	3	4	4	3	2	3	3	3	1	2	1	2	2	2	3	2	3	2	2	2	3	3	2	2	3	1	2
	mortuari	Mortuary Science	0	1	0	3	1	4	2	0	4	2	0	3	1	0	1	0	0	3	0	0	1	0	2	0	3	3	4	0	4	2	2	0	2	1	2	0	1	0	3	1	4	0	3	4	0	2	3	0
	mortuari	mortuary science	0	0	0	0	0	0	0	0	0	4	2	0	3	4	4	0	3	3	0	2	3	4	3	3	1	4	0	0	1	3	0	0	0	0	0	0	0	2	0	0	0	0	0	0	0	0	0	0
	mortuari	Mortuary Science	4	4	0	4	4	4	4	4	4	4	4	4	4	4	4	4	4	4	4	4	4	4	4	4	4	4	4	4	4	4	4	4	4	4	4	4	4	4	4	4	4	4	4	4	4	4	4	4
	mortuari	Mortuary Science	4	4	1	4	4	4	4	4	4	4	4	3	4	4	4	3	2	1	3	3	3	4	2	3	2	4	3	2	0	2	3	3	3	1	2	0	2	1	2	2	3	4	4	4	4	4	4	4
	mortuari	mortuary science	0	0	0	0	0	0	0	0	4	2	2	4	3	0	2	0	0	0	0	0	0	0	0	0	1	1	2	2	3	2	2	4	0	1	0	1	2	1	0	0	1	1	0	2	0	0	0	2
	mortuari	mortuary science	0	0	0	0	2	1	0	0	4	4	4	1	3	3	2	0	0	1	4	2	4	2	0	2	0	1	0	0	3	2	4	0	0	3	0	1	1	2	0	2	1	0	0	1	1	0	0	0
	mortuari	Mortuary Science	2	0	3	2	0	0	2	0	3	1	0	1	1	3	1	1	0	0	1	0	0	0	0	0	2	3	2	0	1	0	1	1	1	0	2	0	0	2	1	0	3	2	2	2	0	2	0	2
	mortuari	Mortuary Science	0	0	2	0	0	0	0	0	4	4	4	4	4	4	4	4	2	3	4	2	4	4	4	4	0	4	4	2	3	4	3	3	0	0	0	2	0	0	0	0	0	0	0	0	0	0	0	0
	mortuari	mortuary	2	2	2	2	2	4	2	2	0	2	2	2	2	4	2	2	0	2	4	2	2	4	2	2	0	0	4	2	4	4	2	2	0	2	4	2	4	4	2	2	0	2	4	2	4	4	2	2
	mortuari	Mortuary Science	2	0	0	3	3	0	0	1	3	3	3	3	2	3	3	2	3	3	4	4	4	4	4	4	2	2	3	3	4	1	3	2	1	1	1	3	2	1	3	4	0	0	1	0	0	0	0	0
	mortuari	Mortuary Science	3	1	3	3	3	3	3	3	1	4	3	1	3	3	3	4	1	1	4	3	2	1	3	3	3	3	3	1	3	3	3	1	0	1	1	1	2	1	3	4	1	3	2	2	3	3	1	1
	motion graphic	Motion Graphics	1	1	0	1	1	1	1	1	2	1	1	1	1	1	2	1	4	4	4	4	3	4	4	4	3	3	3	2	4	4	2	3	2	3	3	2	2	3	1	2	0	1	1	2	1	1	0	1
	motion pictur	Motion Pictures	1	2	0	3	0	2	0	1	3	4	4	0	2	4	3	2	0	4	3	3	4	3	4	3	1	2	2	4	2	1	2	2	0	0	0	0	0	0	1	3	0	1	0	0	0	0	0	1
	motion pictur art	Motion Picture Arts	0	3	2	2	1	3	1	3	3	2	1	2	0	0	0	1	4	4	3	3	3	2	3	1	4	3	4	1	4	1	2	1	2	3	2	0	2	0	2	3	0	2	0	0	0	2	2	0
	motion pictur televis	motion picture and television	0	3	0	3	0	2	2	1	3	3	3	2	3	3	3	4	1	4	4	4	4	4	4	4	3	3	3	3	3	3	3	2	1	1	3	3	3	2	3	1	1	1	0	2	1	1	2	0
	motion pictur video product	Motion Picture and Video Production	4	0	0	2	0	1	0	0	3	3	3	2	3	3	3	2	1	2	3	3	4	3	2	2	0	2	0	2	2	0	2	1	0	0	1	0	1	0	0	2	2	3	2	3	4	4	2	3
	motiv	Motivation	0	0	0	0	0	0	0	0	0	0	0	0	0	0	0	0	0	0	3	0	3	4	0	2	1	0	0	0	0	2	0	2	3	0	0	0	2	4	0	0	0	0	0	0	0	1	0	2
	motor mechan	motor mechanics	0	2	1	4	2	2	3	3	2	0	0	0	0	0	0	0	0	0	0	0	0	0	2	0	0	0	0	0	0	0	0	1	0	0	0	0	1	0	0	0	0	0	0	2	0	0	0	0
	move imag	Moving image	2	2	1	2	2	2	1	2	4	1	1	2	1	2	2	3	2	3	2	2	3	3	1	3	4	3	3	1	4	1	1	2	1	0	1	1	2	1	1	2	1	3	3	1	3	2	1	3
	movement	Movement Science	2	0	0	1	0	0	0	0	4	4	2	3	4	3	3	2	2	0	1	1	1	2	0	0	1	2	3	4	3	3	3	3	1	0	1	1	3	0	3	0	1	0	1	1	2	1	3	1
	movement	Movement Science	0	0	0	1	0	0	0	1	3	3	1	3	2	1	3	0	0	0	1	0	0	0	3	0	2	3	3	2	3	3	3	3	1	1	2	2	2	2	2	2	0	1	1	1	1	2	1	1
	movement	Movement Science	3	0	0	3	0	3	1	0	4	3	3	4	3	3	3	3	0	1	1	1	1	0	3	2	2	3	2	2	3	3	2	4	1	2	3	3	3	2	2	2	0	0	1	1	3	0	0	1
	movi direct	movie directing 	2	0	1	3	2	0	1	0	2	4	3	1	4	4	3	2	0	4	0	3	4	4	3	3	2	2	1	0	2	0	1	2	3	1	1	2	2	0	0	0	0	3	2	1	0	1	0	0
	movi direct	Movie directing	3	1	0	0	0	3	0	1	3	2	2	0	1	3	1	0	4	4	3	4	4	4	4	4	2	2	3	1	4	4	3	3	1	2	2	2	1	4	2	4	0	1	0	0	0	0	0	0
	mrc	mrc	4	3	0	4	4	4	4	4	2	4	2	3	3	3	4	3	2	3	2	2	2	3	3	4	4	4	3	2	4	4	4	4	2	2	4	2	3	3	2	3	2	4	2	1	3	2	3	2
	mrkete	Mrketing	2	1	0	0	0	0	0	0	3	1	0	1	1	0	0	1	1	2	3	3	2	1	2	3	3	3	2	1	1	1	2	0	1	3	2	2	3	3	1	1	0	2	0	1	0	2	1	0
	mse	MSE	2	2	1	0	2	1	1	0	0	0	0	1	0	0	0	0	3	0	0	1	1	4	0	0	3	2	2	1	3	1	2	2	1	1	1	0	1	1	1	0	1	2	1	2	0	3	0	0
	msn fnp c	MSN-FNP-C	2	1	2	1	1	2	1	1	4	4	3	4	3	3	3	2	3	3	3	4	3	4	4	3	3	3	4	4	4	4	4	4	2	1	2	2	2	1	2	2	2	1	1	1	2	1	2	2
	mss comm	Mss Comm	0	0	0	2	0	0	2	0	0	2	1	0	0	0	0	0	1	4	1	3	4	3	2	0	3	3	2	4	3	2	2	4	1	3	2	2	0	2	0	2	2	0	0	2	0	2	0	1
	mucic	mucic	1	1	1	1	0	1	0	1	1	3	3	2	2	2	3	1	4	4	4	4	4	4	2	4	3	3	2	2	3	3	3	2	0	1	2	0	1	1	1	2	1	0	1	0	3	3	1	0
	mucic	mucic	1	0	0	1	0	0	0	0	0	1	2	0	0	2	0	2	4	2	1	3	1	4	2	2	1	0	0	0	1	1	0	0	0	0	2	1	2	1	0	0	0	0	0	0	0	0	0	0
	multi disciplinari	Multi-disciplinary	0	0	0	0	0	0	0	0	2	3	3	3	3	3	2	2	2	2	3	2	3	3	1	3	3	2	1	0	1	1	0	2	2	0	4	3	4	1	4	4	0	1	1	1	1	1	0	1
	murs	mursing	2	2	0	2	2	1	3	2	4	4	4	3	2	3	2	2	2	2	2	2	2	2	2	2	3	2	4	3	4	3	4	4	4	1	2	4	2	4	3	4	1	2	3	3	2	3	2	3
	museolog	museology	2	1	0	1	0	0	1	0	4	4	3	2	2	1	1	1	0	0	4	1	3	3	0	3	4	2	2	2	2	3	2	1	0	1	2	2	3	3	1	4	0	1	2	1	2	1	0	1
	museolog	Museology	2	2	0	0	0	2	0	0	4	4	4	4	4	4	3	4	3	4	4	3	4	4	0	4	4	3	3	4	4	1	4	0	0	0	0	2	4	0	0	0	0	0	0	0	0	2	0	0
	museolog	Museology	2	0	0	0	1	0	1	0	0	3	1	0	0	1	0	0	0	2	0	0	2	1	0	0	2	3	2	0	3	0	3	1	0	1	2	0	2	0	2	2	1	2	1	3	0	0	0	2
	museum	Museum Studies	3	2	1	2	1	1	1	1	3	2	1	1	1	2	1	1	3	4	3	0	1	2	3	2	3	4	1	2	4	4	1	2	4	2	3	2	2	3	1	2	2	2	1	1	0	0	1	1
	museum	museum studies	0	2	0	1	1	3	1	3	2	1	0	3	1	1	2	3	0	1	3	1	1	2	0	3	3	3	0	1	1	0	0	1	0	1	2	1	3	1	0	2	0	1	1	1	1	3	0	3
	musiv	Musiv	4	2	0	3	1	2	3	1	1	1	3	3	0	2	2	3	3	3	4	4	4	4	0	4	2	4	1	3	1	2	4	1	0	1	2	2	3	3	0	3	4	3	3	3	4	4	3	3
	muzic	Muzic	2	2	2	3	4	3	3	1	0	1	0	1	0	0	0	4	4	3	2	4	4	4	4	4	3	3	2	3	2	2	2	2	2	3	3	1	1	2	2	3	1	3	2	1	1	1	0	1
	mycolog	mycology	2	0	0	0	0	0	0	0	1	0	4	0	4	0	4	0	0	0	0	3	3	3	0	0	0	2	0	0	0	0	0	0	0	0	0	0	0	0	0	0	0	0	0	0	0	0	0	0
	mytholog	Mythology	0	2	4	3	0	4	0	3	3	3	2	3	3	3	2	4	3	4	2	3	4	4	3	4	3	4	3	4	4	2	3	2	0	0	0	0	0	0	0	0	0	0	0	0	0	0	0	0
	mytholog folklor	Mythology and Folklore	2	1	0	0	0	2	1	0	4	4	4	3	4	4	4	4	3	3	4	3	4	3	1	3	2	2	3	3	3	1	3	3	0	3	2	1	3	3	1	1	1	1	1	1	2	2	1	0
	mytholog folklor	Mythology and Folklore	1	0	1	0	1	1	1	1	4	4	4	3	4	4	4	3	3	3	3	3	3	3	0	3	3	3	3	3	3	3	4	3	1	3	1	1	1	3	1	2	1	3	0	1	1	3	1	1
	mái tính	Máy tính	4	1	0	3	0	0	3	0	1	0	0	0	0	0	0	0	2	3	1	0	0	3	0	0	0	1	0	3	0	0	0	0	1	0	1	2	3	2	2	1	3	0	3	0	4	3	2	2
	música	Música 	0	0	0	0	0	0	0	0	3	2	2	2	2	2	2	0	4	2	0	4	2	4	0	2	2	4	3	3	3	0	3	3	0	1	0	0	2	0	0	0	0	2	0	0	0	2	0	0
	n	n/A	0	0	0	0	0	0	0	0	3	0	1	3	1	0	0	0	0	0	0	2	1	0	0	0	4	3	4	4	4	4	4	2	3	1	2	0	4	2	2	0	2	1	1	0	2	0	3	0
	n	N/A?	0	0	0	0	0	0	0	0	1	3	1	0	0	3	1	3	3	4	3	3	3	3	0	4	1	4	1	0	0	3	0	3	0	1	1	3	0	2	0	3	0	0	0	0	0	0	0	2
	n	 N/A	1	1	0	0	1	1	1	1	0	3	4	0	2	1	2	0	2	3	4	4	4	3	4	4	2	1	3	2	3	4	3	2	2	4	3	1	4	4	4	4	0	1	1	0	2	1	0	1
	n	N/a	2	3	1	3	1	1	2	0	1	3	2	2	3	1	3	3	0	0	1	1	0	0	0	2	1	3	3	1	2	0	2	1	1	2	1	0	2	1	0	3	1	3	3	1	2	2	0	2
	n	N/a	4	1	1	2	3	0	2	1	4	2	0	2	3	3	0	2	4	3	0	1	3	2	3	2	2	0	0	2	2	2	4	3	2	1	4	4	3	1	1	4	1	4	3	3	2	3	1	4
	n	N/a	2	2	2	3	1	2	2	2	4	4	4	4	4	4	4	4	1	1	3	3	3	3	0	3	2	4	2	1	2	1	3	2	0	1	2	1	2	2	2	2	1	2	0	0	3	3	2	1
	n	n 	0	0	0	0	0	0	0	0	0	0	0	0	0	0	0	0	0	0	0	0	0	0	0	0	0	0	0	0	0	0	0	0	0	0	0	0	0	0	0	0	0	0	0	0	0	0	0	0
	n	N. A. 	2	1	0	0	0	1	0	1	3	3	2	2	2	2	2	2	0	3	3	1	3	0	2	3	3	3	4	2	4	4	3	3	0	0	2	2	2	1	1	3	0	0	1	2	1	2	0	1
	n	N/a	1	0	0	3	0	3	0	1	3	3	4	1	1	1	0	4	1	3	3	3	4	4	1	4	4	4	3	2	4	2	3	3	1	2	1	0	3	4	1	3	0	0	0	0	0	1	1	0
	n	N/a	0	0	0	0	0	1	1	0	3	3	3	2	3	3	3	1	2	1	1	2	3	3	2	1	4	4	3	2	4	3	4	3	0	0	0	1	0	1	1	1	0	0	0	0	0	1	0	0
	n	N/a 	3	0	0	0	0	0	0	0	0	0	0	0	0	0	0	0	0	2	0	1	2	1	0	4	2	2	2	3	3	4	4	2	1	4	1	4	2	4	3	4	3	4	2	2	2	4	3	4
	n	N/a	2	1	0	3	1	1	1	2	1	1	1	3	1	1	1	1	1	4	2	3	4	2	3	4	2	1	2	2	2	1	2	0	2	1	3	3	2	2	2	1	2	2	3	2	3	3	1	2
	n	n,a	3	0	3	3	2	2	1	1	2	3	3	3	1	1	1	1	0	4	4	1	4	1	4	4	3	3	4	4	4	4	2	4	2	2	4	0	1	1	1	1	3	2	3	3	1	1	1	3
	n	N/a	2	0	0	3	0	0	0	0	3	2	1	1	2	1	2	0	1	2	1	2	2	3	3	0	0	0	0	0	1	0	0	0	0	0	0	0	0	0	0	0	1	1	3	2	3	3	1	1
	n	N/A 	2	4	0	0	0	2	0	2	2	4	4	3	3	4	2	1	0	0	0	0	0	0	0	0	0	4	4	0	4	2	4	3	1	1	0	0	0	2	2	2	0	0	0	0	0	0	0	0
	n	N/A 	3	2	2	2	2	0	2	0	4	4	2	2	4	2	2	3	3	4	2	3	2	2	2	1	4	2	4	4	3	4	4	2	2	0	4	3	4	4	2	4	2	2	0	4	4	4	2	4
	n	N/A Undecided	4	3	1	2	2	2	3	1	3	4	2	4	1	4	1	4	4	4	4	4	4	4	4	4	4	4	4	2	4	4	4	4	2	4	2	3	3	3	3	4	3	4	4	2	0	3	3	4
	n >	N>A	0	2	0	0	0	0	0	2	3	0	1	4	0	0	0	0	4	1	4	4	0	4	0	1	1	4	4	2	4	4	4	4	0	0	0	0	0	2	0	1	0	4	1	0	2	2	0	0
	n n	n/n	4	4	4	4	4	4	4	4	0	0	2	0	0	3	1	3	0	0	0	0	0	0	2	2	4	2	0	2	2	0	0	0	1	2	0	0	0	0	0	2	0	0	0	0	0	2	0	0
	na	na	3	2	1	3	2	2	2	3	0	2	1	2	2	1	1	3	1	1	0	1	1	1	1	2	2	3	3	1	2	2	2	1	1	1	2	2	3	2	3	1	2	2	3	2	3	3	2	2
	na	na	1	3	1	1	2	3	2	3	3	3	3	2	3	3	3	2	4	3	2	4	4	4	3	4	4	3	2	3	4	3	3	3	3	2	3	3	4	3	3	2	2	2	1	3	2	2	3	2
	na	na	1	2	2	1	1	3	1	3	0	0	2	1	0	0	0	0	0	0	1	0	0	0	1	3	4	3	3	3	3	0	0	0	1	2	3	2	3	2	2	2	0	2	2	1	0	1	2	0
	na	na	2	0	0	2	2	0	4	0	4	0	2	0	0	0	0	2	0	2	4	0	2	4	0	2	4	0	0	2	4	2	2	2	0	0	0	0	2	2	0	0	2	2	0	0	0	0	0	1
	na	Na	1	2	1	2	0	2	2	2	3	2	2	1	2	2	2	2	2	1	2	3	2	2	2	2	3	2	1	2	2	2	2	2	2	2	2	2	2	2	2	2	1	2	1	2	2	2	2	2
	na	na	2	2	3	1	2	2	1	2	3	3	4	3	3	4	4	3	0	0	0	1	1	0	4	1	2	3	4	1	2	1	4	2	4	2	4	0	3	2	4	1	1	2	2	0	2	1	1	1
	na	N.A	0	0	0	0	0	0	0	0	4	0	3	4	2	0	2	0	0	2	0	0	2	3	0	0	2	4	4	3	4	3	2	4	0	0	2	0	2	0	0	0	0	0	0	0	0	0	0	0
	na	N.a	3	2	0	0	2	2	2	1	3	3	1	1	1	2	0	0	4	3	0	3	1	4	1	1	4	4	3	3	3	4	3	3	0	3	3	2	3	3	0	3	3	3	3	3	3	2	1	3
	na	na	2	2	0	4	0	4	4	2	4	4	4	4	2	4	4	3	2	4	2	4	2	4	4	3	4	4	4	3	4	2	4	4	1	3	1	0	1	2	2	4	3	2	0	1	1	2	2	0
	na	na	3	2	3	3	2	1	1	1	3	3	3	0	1	3	1	3	0	0	1	0	0	0	0	0	2	2	1	1	0	1	0	1	0	0	0	0	1	0	0	0	0	2	0	0	0	0	0	0
	na	na	3	0	1	1	1	1	2	1	2	2	1	2	1	1	1	1	2	2	1	2	4	3	1	1	4	2	3	4	4	3	4	1	4	1	3	2	3	2	2	1	4	2	2	3	2	2	2	4
	na	na	2	2	2	2	2	2	1	1	1	1	1	1	2	1	1	0	1	0	0	2	1	0	1	1	2	2	3	1	3	1	2	2	0	1	1	2	2	1	2	1	1	2	1	1	1	2	1	1
	na	na	2	3	0	0	2	1	4	3	0	0	0	0	0	0	0	0	3	0	0	1	0	4	0	0	1	0	2	2	3	3	2	3	0	0	0	0	0	0	0	0	1	0	0	0	0	0	0	0
	na	Na	1	0	0	0	0	1	1	0	0	0	0	0	0	0	0	0	0	0	0	0	0	3	0	0	3	3	1	3	1	3	3	1	2	2	2	2	1	2	2	2	2	1	0	3	2	2	2	2
	na	N.A.	0	0	0	0	0	0	0	0	3	0	0	4	0	0	0	0	4	0	0	2	2	4	0	0	0	3	0	2	3	0	4	2	0	0	0	0	4	0	0	0	2	3	4	4	4	3	0	2
	na	na	2	0	0	2	0	1	1	1	3	4	4	2	2	3	3	1	1	1	3	1	4	2	1	2	1	2	2	1	1	2	2	1	1	1	1	2	1	1	2	0	0	2	1	1	1	1	0	0
	na	na	2	0	0	2	0	2	2	0	4	2	2	4	4	0	3	0	3	3	2	2	2	2	4	3	4	3	4	4	4	4	4	4	0	4	4	4	4	4	0	2	4	2	4	4	4	2	4	2
	na	na	3	4	3	4	4	2	3	4	1	2	0	2	3	0	0	3	2	0	0	1	0	0	3	2	1	2	3	0	3	3	3	1	1	2	3	2	3	1	3	3	2	3	3	0	1	2	3	1
	na	na	3	0	0	3	3	0	3	0	4	4	4	3	4	4	4	4	0	0	3	1	0	1	0	3	4	4	4	4	4	4	4	4	4	4	4	4	4	4	4	4	4	3	4	4	4	4	4	4
	na	N.A.	4	0	0	2	0	0	2	0	3	4	2	3	2	3	3	4	4	4	4	4	3	4	3	4	3	4	4	1	4	4	2	2	2	1	2	1	3	0	2	3	1	0	2	0	0	0	0	2
	na	na	2	3	1	1	0	0	1	1	1	3	3	1	1	2	0	1	3	3	2	4	3	4	0	0	3	4	4	3	3	2	3	4	1	1	3	2	2	2	0	1	1	0	1	0	1	1	2	0
	na	na	3	0	0	1	1	1	1	0	3	1	1	1	1	1	1	0	1	3	1	1	3	3	0	3	3	4	3	2	3	3	4	4	1	3	4	0	3	3	3	4	2	1	3	3	1	3	0	2
	na	Na	2	3	1	1	1	1	2	1	3	2	1	1	1	0	1	0	1	2	3	2	2	1	2	2	3	2	2	2	2	1	0	2	1	0	0	2	2	0	2	1	1	2	0	1	0	0	1	0
	na	na	1	2	1	1	2	2	1	2	2	3	2	2	2	2	2	0	0	0	1	0	0	0	2	1	4	4	4	2	4	4	3	4	2	2	3	3	2	2	4	0	3	2	1	3	1	1	3	2
	na	na	0	1	0	0	0	0	0	0	2	0	1	2	1	0	1	1	2	2	1	3	4	3	1	1	3	3	1	1	2	0	2	0	0	0	0	0	0	0	0	0	0	0	0	0	2	2	0	0
	na	na	0	4	0	4	4	4	4	4	0	0	0	0	0	0	0	4	0	4	0	0	4	4	0	4	4	4	4	0	4	0	0	2	4	4	0	0	4	4	4	4	0	0	0	0	0	4	2	4
	na	na	2	1	3	3	0	1	2	1	3	4	4	3	3	4	3	3	0	2	3	1	2	3	3	3	1	3	1	3	1	4	2	0	0	2	0	2	0	2	0	2	0	0	0	0	1	2	0	1
	na	na	2	4	4	4	4	4	4	3	4	2	4	4	4	2	4	1	1	0	0	0	0	1	1	0	0	4	0	0	0	0	0	0	0	2	0	0	0	0	0	0	0	1	0	0	0	0	0	0
	na	na	2	3	0	0	0	4	0	3	0	4	4	0	0	4	0	0	0	0	0	0	0	0	0	0	0	4	2	3	0	0	0	0	3	0	0	0	0	0	0	0	0	0	0	0	0	3	0	0
	na	na	4	4	0	1	0	4	1	4	4	4	4	3	0	2	2	2	0	0	0	0	0	0	0	2	0	4	3	0	2	3	2	3	2	2	2	2	2	2	2	3	2	4	3	3	3	3	0	3
	na	na	3	0	1	1	2	1	1	1	2	2	3	2	2	3	3	3	4	4	4	4	3	4	3	4	3	2	2	2	2	3	1	0	3	3	3	0	2	2	3	1	2	2	1	1	2	1	1	1
	na	na	4	0	0	0	0	0	0	0	2	0	0	0	0	0	0	0	2	2	2	4	1	4	0	2	0	0	0	2	0	0	2	0	0	0	0	0	0	0	0	0	0	0	0	0	0	0	0	0
	na	na	0	0	0	0	0	0	2	0	0	0	0	4	4	0	4	0	0	3	0	4	0	3	4	0	0	3	0	0	0	3	4	1	0	4	0	0	0	2	2	0	0	0	0	0	0	2	0	0
	na	na	2	3	2	2	1	0	2	3	2	2	1	1	2	4	2	2	0	3	2	3	3	0	0	0	3	1	1	1	1	2	0	2	2	2	3	2	1	3	0	1	1	3	1	3	3	0	1	0
	na	na	1	0	0	1	0	0	0	0	3	1	1	4	2	1	2	0	2	3	2	2	3	1	1	2	3	4	4	4	4	4	4	3	1	2	0	2	1	2	3	1	1	1	1	1	0	0	1	0
	na	na	1	2	1	1	1	2	2	1	2	3	3	1	3	4	3	3	1	1	0	1	1	3	2	1	2	3	3	1	3	3	1	1	2	2	2	1	2	2	1	2	1	1	1	2	2	2	2	1
	na	Na	0	0	0	0	0	0	0	0	0	3	4	0	3	4	2	3	2	3	4	3	1	4	4	0	0	3	0	0	0	2	0	0	0	3	2	3	0	4	1	1	0	0	0	0	0	0	0	0
	na	n.a.	3	3	3	1	1	3	1	3	4	1	2	3	0	3	0	0	1	1	1	3	2	4	4	4	0	2	0	4	0	2	1	0	0	3	3	4	0	2	3	2	0	2	1	2	0	1	1	1
	na	N.A.	2	3	2	4	2	1	4	2	4	4	4	4	4	4	4	4	4	4	4	4	4	4	4	4	1	4	2	2	3	3	4	3	3	3	3	2	3	2	4	3	2	1	2	2	1	1	2	1
	na	na	1	2	2	2	1	4	1	4	1	3	3	1	1	3	2	1	1	1	3	2	3	1	3	1	3	3	3	4	3	2	1	3	1	1	2	1	2	1	2	1	2	1	1	1	1	2	1	1
	na	Na	2	0	0	2	1	2	1	1	3	3	4	4	3	3	4	0	0	4	3	1	4	1	3	3	3	3	4	3	4	3	4	4	0	2	3	3	2	3	1	2	1	3	2	2	2	3	2	2
	na	na	2	3	2	2	2	2	2	2	2	2	4	3	2	2	2	2	2	2	4	3	2	2	2	2	2	2	4	2	2	2	2	2	2	2	4	2	2	2	2	2	2	2	2	2	2	2	2	2
	na	na	2	0	0	0	0	2	0	0	4	4	3	3	4	4	3	0	2	3	4	3	4	3	4	4	2	4	0	3	0	4	3	2	0	4	3	4	2	4	4	4	0	3	3	2	0	2	3	0
	na	na	1	0	0	0	0	0	0	0	4	3	3	2	2	3	2	4	1	0	0	0	2	0	0	3	2	2	2	3	4	3	4	4	3	2	0	0	0	2	2	2	2	2	0	1	2	1	2	1
	na	na	0	0	0	0	0	0	0	0	2	0	2	4	2	2	0	1	3	3	3	4	4	4	0	2	3	4	4	2	4	4	4	0	2	1	1	0	3	0	0	0	0	0	0	0	1	2	1	0
	na	na	2	2	2	3	0	3	0	2	2	1	0	2	2	2	0	2	2	2	3	2	2	4	4	2	3	4	3	2	4	0	0	0	0	2	4	4	4	4	4	4	1	2	2	2	0	2	0	2
	na	na	1	0	0	0	0	0	0	0	3	4	4	1	1	4	1	0	0	0	1	0	0	0	0	0	4	2	4	1	4	2	2	1	2	1	0	3	2	1	1	0	0	2	0	0	0	0	0	0
	na	na	0	0	0	1	1	0	1	0	3	3	4	4	4	4	4	4	1	0	3	3	4	3	1	1	1	3	1	1	0	0	4	3	0	1	0	1	0	0	1	1	0	3	0	1	0	3	0	1
	na	na	2	0	0	0	0	0	0	0	4	4	4	4	2	4	4	2	2	0	0	2	2	2	2	2	4	4	4	4	4	4	4	4	0	0	0	0	0	0	0	0	2	0	0	0	0	0	0	0
	na	na	3	0	0	2	0	0	0	0	2	3	3	1	1	2	0	0	0	0	4	0	0	0	0	3	3	4	4	0	4	3	4	3	1	2	3	3	2	1	1	3	3	4	4	4	3	3	2	3
	na	Na	3	3	1	3	3	4	3	4	4	4	4	2	3	3	3	1	1	2	2	1	1	2	1	4	3	3	3	1	4	3	3	3	1	3	3	1	3	3	3	3	2	0	0	3	2	1	1	1
	na	na	3	1	0	2	1	1	1	1	2	3	2	1	1	2	2	2	3	4	3	3	3	3	1	3	4	2	3	1	3	4	3	1	2	3	3	3	2	3	3	4	0	1	1	1	0	0	1	0
	na	na	2	4	3	4	4	4	4	4	4	4	4	4	4	4	4	2	0	1	2	3	0	3	4	1	3	4	4	4	4	4	4	3	4	2	2	1	3	2	1	4	4	1	1	1	1	1	1	1
	na	N.A.	2	0	0	0	0	0	1	0	4	4	3	2	3	3	3	3	1	3	3	2	3	1	4	3	1	2	1	2	1	0	0	1	1	1	0	0	3	1	2	1	0	1	1	1	2	2	2	2
	na	na	0	0	0	0	0	2	0	0	4	0	0	2	2	0	0	0	0	0	0	2	3	0	0	0	0	4	4	0	3	0	0	2	1	0	0	2	2	0	2	0	4	0	0	0	0	2	0	0
	na	na	2	0	1	3	1	1	1	1	1	3	1	2	1	2	1	1	2	2	2	3	2	2	2	2	4	3	3	3	4	2	3	3	2	2	2	1	2	2	2	2	2	2	2	2	2	2	2	2
	na	na	0	0	0	0	0	0	0	0	3	2	4	4	4	0	0	4	0	0	0	0	4	0	0	0	4	0	0	0	0	0	0	0	0	0	0	0	3	0	0	0	4	4	1	0	3	0	0	0
	na	Na	2	1	1	1	1	0	1	0	4	3	3	4	4	3	3	3	3	4	3	3	3	4	2	3	3	4	3	3	3	4	4	4	3	3	2	1	3	2	1	1	2	2	1	2	2	1	1	1
	na	Na	2	3	3	3	1	2	3	2	3	3	3	3	1	2	3	1	2	3	3	0	1	2	3	2	2	2	3	1	2	2	3	3	3	3	3	1	2	3	3	4	3	3	3	1	2	3	2	3
	na	na	0	0	0	0	0	0	0	0	0	0	0	0	0	0	0	0	0	0	4	0	2	0	0	4	2	0	3	2	2	3	3	3	2	3	3	4	0	3	4	3	1	3	3	2	0	0	3	0
	na	na	3	2	1	3	3	3	1	2	3	3	3	2	3	4	2	3	4	2	0	4	0	4	2	1	1	1	2	2	3	3	1	1	1	2	1	1	3	1	0	1	2	3	3	2	2	3	2	2
	na	N.A.	3	2	0	4	0	0	3	2	2	2	0	1	1	2	2	0	1	1	2	0	0	0	1	1	0	2	0	0	0	3	1	1	1	1	0	0	4	0	3	3	2	4	2	2	1	3	0	1
	na	na	3	2	1	1	0	1	2	1	1	3	2	3	2	1	2	0	1	4	0	2	4	0	4	4	1	3	3	2	3	0	2	2	2	3	2	1	2	2	2	2	3	3	2	2	2	2	2	2
	na	Na 	0	0	0	2	0	0	2	0	2	0	0	0	0	0	2	0	0	0	2	2	0	0	0	0	2	4	0	2	0	2	2	2	0	0	0	0	0	0	0	0	0	2	0	0	0	0	0	0
	na	na	0	0	0	1	2	3	2	2	4	2	3	4	3	2	3	1	2	2	3	2	1	2	3	2	4	2	2	4	4	2	2	4	0	0	3	3	4	2	3	2	2	2	1	3	3	2	2	3
	na	na	0	0	0	0	0	0	0	0	0	0	0	0	0	0	0	0	0	4	0	0	0	0	0	0	0	2	4	0	0	0	0	0	0	0	0	0	0	0	0	0	0	0	0	0	0	0	0	0
	na	N.a.	2	1	2	3	2	2	3	3	2	1	2	1	1	0	1	4	2	4	4	4	1	4	3	4	2	2	4	2	2	4	2	2	1	1	1	4	2	2	4	2	4	3	2	2	2	1	3	2
	na	n.a.	2	2	0	0	3	2	0	3	0	0	0	3	0	0	0	0	0	0	0	1	2	0	3	0	3	2	3	2	3	0	0	2	2	2	3	0	3	3	0	0	2	2	0	3	3	0	0	2
	na	na	0	0	0	0	1	4	0	0	0	4	4	0	4	0	4	0	2	2	2	1	2	1	2	2	4	0	4	4	4	4	4	4	0	0	4	2	4	2	0	1	4	0	4	4	4	2	4	1
	na	na	2	2	0	2	0	2	0	0	2	2	4	4	4	0	4	0	4	2	0	2	4	2	0	0	2	4	4	4	4	2	4	2	0	0	4	2	2	0	0	0	4	4	4	4	2	2	2	2
	na	na	2	2	1	1	1	3	2	3	4	4	4	4	4	4	4	3	2	3	4	3	4	3	3	3	4	4	4	3	4	3	4	4	1	4	3	4	2	4	4	3	2	2	2	3	2	4	3	2
	na	na	0	0	0	0	0	0	0	0	4	0	0	2	0	0	2	0	0	0	0	0	0	0	2	0	4	0	4	0	4	2	4	2	0	0	2	0	2	2	0	2	4	2	0	4	2	2	4	4
	na	na	2	0	0	4	0	2	4	0	4	2	0	2	0	2	4	2	2	0	2	0	0	4	0	2	2	4	2	2	3	2	2	4	0	0	3	0	3	0	0	0	2	4	4	4	3	4	0	4
	nahhh	nahhh	0	0	0	0	0	0	0	0	3	2	2	2	2	1	4	0	4	2	3	3	3	4	3	2	4	4	2	2	4	4	4	2	0	0	2	2	0	4	0	3	0	0	0	0	0	0	0	0
	nail	Nail	4	4	4	4	4	4	4	4	4	4	4	4	4	4	4	4	4	4	4	4	4	4	4	4	4	4	4	4	4	4	4	4	4	4	4	4	4	4	4	4	4	4	4	4	4	4	4	4
	nail technolog	Nail Technician	0	0	0	0	0	0	0	0	0	0	0	0	0	0	0	0	0	0	0	0	4	0	0	0	0	0	4	0	4	0	0	0	0	0	0	4	0	0	0	0	0	0	0	0	0	0	0	0
	nanotechnolog	Nanotechnology science	2	3	2	3	2	2	2	2	1	1	2	2	2	1	1	1	1	1	1	1	0	2	1	2	3	3	2	2	2	1	2	2	1	1	1	1	2	1	1	3	1	2	1	1	1	2	1	1
	nanotechnolog	Nanotechnology	2	1	0	1	2	3	2	1	2	2	0	0	1	1	0	2	3	3	4	0	4	2	0	3	3	2	0	2	3	0	0	1	3	0	3	0	4	2	1	1	2	2	2	3	0	3	2	2
	nanotechnolog	nanotechnology	2	1	2	1	1	1	1	1	2	3	3	4	2	3	3	1	2	2	3	1	3	3	1	2	2	2	2	2	2	2	3	2	2	3	4	1	3	2	1	3	3	3	3	1	4	1	1	1
	narrat	Narrative Studies	0	0	0	2	0	1	0	0	4	3	2	4	2	4	2	3	2	4	3	4	4	4	2	3	2	3	1	3	2	2	2	2	2	1	3	2	3	2	3	3	0	0	1	0	1	2	1	0
	narrat	Narrative	3	4	0	3	2	4	3	3	3	3	2	2	2	3	2	3	3	2	2	2	4	3	3	4	3	3	1	3	1	1	2	3	1	0	4	1	2	2	1	4	2	2	3	3	3	4	0	3
	natur	Natural science	2	0	0	0	0	1	0	0	4	2	1	4	4	2	4	3	1	3	1	2	3	1	3	3	4	3	1	4	3	2	1	3	1	2	3	2	4	3	3	3	0	0	0	0	3	4	0	0
	natur	Natural Sciences	2	0	0	0	1	1	1	0	4	4	3	3	3	3	4	0	0	1	0	1	1	2	1	1	2	4	4	0	4	4	1	3	0	2	2	2	1	3	0	2	2	1	0	2	2	3	2	2
	natur	Natural Sciences	0	1	0	2	2	1	2	0	3	3	3	3	2	2	2	1	2	3	1	2	3	2	3	2	4	3	1	3	4	3	3	2	1	2	1	1	3	1	1	1	1	1	2	0	2	2	0	0
	natur	Natural sciences 	1	3	3	1	1	1	1	1	4	4	4	3	3	4	1	4	1	1	4	3	3	4	2	3	2	2	0	4	0	0	1	0	1	1	3	3	4	3	3	1	1	2	2	4	3	2	1	1
	natur	natural science	0	0	0	0	0	0	0	0	4	4	2	4	4	2	4	2	0	0	2	0	2	2	0	0	2	2	2	0	2	0	2	2	0	0	0	0	0	0	0	0	0	0	0	0	0	0	0	0
	natur	nature	0	0	0	0	0	0	1	0	3	4	4	3	3	4	3	0	2	3	4	2	3	4	1	3	2	4	2	3	2	3	4	3	2	0	2	3	1	3	0	1	2	0	0	1	0	0	0	0
	natur	natural science	2	2	2	2	2	2	2	2	2	3	3	2	3	3	3	2	2	2	3	2	2	2	3	3	3	4	3	3	4	3	3	2	0	1	2	2	1	1	1	1	1	2	2	2	2	2	2	2
	natur	Natural Sciences	2	0	0	3	0	3	2	0	4	2	2	4	2	1	3	0	0	0	0	1	2	4	2	0	3	3	1	2	3	2	3	0	1	2	2	0	1	1	0	0	1	1	1	0	0	2	1	2
	natur	nature	0	0	0	0	0	0	0	0	0	0	0	0	0	0	0	0	0	0	0	0	0	0	0	0	0	0	0	0	0	0	0	0	0	0	3	0	0	0	0	0	0	0	0	0	2	0	0	0
	natur	NATURAL SCIENCE	2	2	0	3	1	0	4	2	4	3	4	2	4	4	4	2	2	4	4	2	3	2	1	2	4	3	1	2	1	2	3	2	3	4	2	2	3	3	0	2	2	4	4	2	4	4	2	1
	natur	Natural science	2	0	4	0	0	0	0	0	0	4	4	4	4	4	4	4	0	0	0	0	0	0	0	0	1	4	0	0	0	2	4	3	0	0	0	0	0	0	0	0	0	0	0	1	0	4	0	0
	naught	naught	2	0	3	2	0	2	1	0	4	4	4	4	4	4	4	3	4	2	2	4	2	4	2	1	0	2	0	3	0	2	2	3	0	0	3	0	1	1	3	0	1	0	1	0	0	0	1	1
	nautic	Nautical Science	2	3	3	1	1	4	1	3	4	3	3	4	3	3	3	4	0	3	3	1	3	2	3	3	4	3	1	3	0	3	2	0	0	1	4	1	4	4	1	4	0	1	1	1	2	2	1	0
	nautic	Nautical Science	4	0	3	3	0	3	1	2	4	2	2	4	4	3	4	3	2	1	2	3	4	4	0	3	4	2	1	3	3	2	2	2	4	0	3	3	4	2	3	2	1	1	2	1	3	2	2	1
	nautic	Nautical	3	3	3	0	2	0	2	1	1	3	3	1	2	4	3	3	1	0	2	1	1	4	0	3	3	2	3	0	1	1	0	0	0	0	0	0	0	0	0	0	0	0	0	0	0	0	0	0
	nautic	nautical studies	1	2	0	4	4	3	0	4	4	3	3	4	4	3	4	2	1	4	4	4	0	3	4	2	4	3	4	0	4	0	2	3	4	0	0	4	2	0	4	1	0	0	0	0	0	0	0	0
	nautic	Nautical studies	4	3	4	2	1	2	2	4	4	4	4	3	4	3	3	3	3	4	2	3	3	4	0	3	3	3	3	3	3	3	3	3	4	3	4	2	3	2	0	3	2	3	3	3	2	2	2	3
	nautic	Nautical Science	3	0	4	4	0	3	0	0	0	0	0	4	0	0	0	1	0	0	0	0	0	0	4	0	0	0	0	0	0	0	0	0	0	0	0	0	3	0	3	0	0	0	0	0	0	0	0	0
	nautica	nautica studies	0	0	3	0	0	0	0	0	2	2	4	0	3	4	2	4	0	0	0	0	0	0	0	0	4	2	2	3	2	3	2	2	2	3	3	0	3	3	2	2	0	0	0	0	0	0	0	0
	naval acadami	Naval Acadamy	2	2	1	2	0	2	0	2	1	3	3	1	1	3	2	3	0	0	0	0	0	0	0	0	0	0	1	3	3	0	0	0	0	0	0	0	0	0	0	0	0	0	0	1	0	1	0	0
	naval engin	Naval engineering 	2	3	3	4	3	3	2	2	1	1	1	2	0	0	0	3	2	2	3	1	2	4	2	2	0	3	0	1	0	0	0	2	0	2	0	0	1	1	1	3	0	3	2	0	3	3	0	1
	naval engin	naval engineering	4	4	2	4	4	2	4	0	4	4	4	2	2	4	2	4	0	0	0	0	0	0	0	0	0	2	0	0	0	0	0	0	0	0	0	0	0	0	0	0	0	4	0	0	4	4	0	0
	nba	nba	0	1	0	0	0	0	0	0	0	0	0	0	0	0	0	0	0	0	0	0	0	0	0	0	0	0	0	0	0	0	0	0	0	0	0	2	0	0	0	0	0	0	0	0	0	0	0	0
	ncaa	ncaa	0	2	0	0	0	0	0	0	0	0	0	0	0	0	0	0	0	2	2	4	0	0	0	0	2	0	0	4	0	3	2	0	0	0	0	0	0	0	0	0	0	4	0	0	0	4	0	0
	negat	negative	3	0	1	0	0	4	0	1	3	1	1	2	3	2	4	2	1	3	1	1	3	2	2	2	3	1	2	2	2	1	2	0	0	0	0	1	0	0	2	0	0	0	0	0	0	2	4	0
	neither	neither	2	0	0	1	1	0	4	0	0	1	2	0	1	2	0	4	0	0	0	2	0	0	0	0	2	1	0	3	0	0	0	1	1	4	1	0	2	2	2	1	3	2	1	0	0	2	1	2
	neither	neither	3	0	0	0	0	1	0	0	2	3	2	3	3	3	0	0	0	0	0	0	0	0	0	0	2	4	4	4	4	4	4	4	2	4	0	0	0	4	0	0	1	0	0	3	0	0	0	3
	neither	neither	4	0	0	0	0	1	0	0	1	2	3	4	2	0	0	0	0	0	0	0	0	4	0	0	4	4	4	4	4	4	4	4	0	4	0	0	0	4	0	2	1	0	0	3	0	0	0	3
	neither	neither	4	3	0	0	0	2	0	2	4	4	3	4	3	4	1	3	2	1	3	3	3	2	0	3	4	4	4	0	4	1	3	4	0	0	2	0	4	0	0	0	2	0	0	1	2	2	0	0
	neither	Neither	3	0	0	0	0	0	0	0	2	2	1	1	0	1	0	0	0	3	2	2	3	1	2	3	3	3	2	0	3	1	1	0	2	3	3	2	4	3	3	2	4	2	3	3	0	0	2	2
	neither	neither	2	3	1	2	2	1	2	2	3	4	3	3	3	4	4	4	3	4	4	3	4	4	2	4	3	3	2	3	2	2	4	2	2	2	2	2	2	2	3	4	1	2	1	2	2	1	1	2
	neither one	Neither one	3	3	0	0	2	1	3	2	2	3	0	1	2	0	0	4	2	4	3	2	4	3	0	4	1	1	0	1	2	2	3	3	3	2	3	2	2	3	3	3	3	3	3	4	4	4	3	3
	nenhuma	Nenhuma 	4	2	0	1	2	2	3	1	0	0	3	0	1	1	1	1	2	4	2	1	1	1	1	1	4	4	4	4	4	3	4	0	2	4	4	1	4	3	1	3	4	4	4	4	3	2	4	4
	neonatolog	neonatology	0	0	0	0	0	0	0	0	0	0	0	2	0	0	0	0	0	0	0	0	0	0	0	0	0	2	0	0	2	2	2	0	0	0	0	2	2	0	0	0	2	0	1	2	2	2	0	2
	nepali	nepali	3	1	1	3	3	1	1	3	1	0	1	3	1	1	1	1	1	1	3	4	3	4	3	1	4	3	4	1	4	0	1	0	1	3	3	4	1	4	4	0	3	3	1	1	4	1	1	3
	nerolog	nerological studies	2	0	0	0	0	0	0	0	2	0	0	4	4	2	4	0	1	0	0	0	0	4	0	0	0	3	0	2	0	0	0	0	0	0	0	2	0	0	0	0	0	0	0	0	0	0	0	0
	neruo sugrey	neruo sugrey 	4	2	1	4	1	4	3	1	4	4	4	4	4	4	4	4	1	3	3	2	3	2	3	1	3	2	4	2	4	1	1	2	2	1	2	2	4	1	1	1	4	0	3	1	3	1	1	0
	network	Networking	4	1	1	3	1	3	3	1	4	4	0	1	0	4	0	1	2	1	1	0	2	1	1	1	4	4	2	0	1	0	1	2	1	0	1	0	4	2	1	1	3	2	2	0	3	3	2	1
	network	Networking	4	0	0	4	0	1	0	0	2	4	3	1	0	2	0	2	3	2	3	1	2	4	1	3	4	3	4	2	4	1	4	2	1	1	0	0	1	1	0	3	1	4	2	0	2	4	0	0
	network	Networking	1	2	0	3	0	1	0	2	2	4	4	1	3	2	2	2	1	2	2	3	4	3	0	1	0	0	2	0	1	0	0	0	1	0	2	0	1	0	0	0	1	1	1	2	2	0	0	2
	network	Networking	1	1	0	2	2	2	1	0	2	1	1	2	2	2	2	2	3	4	4	4	4	4	2	4	2	3	3	3	4	1	2	2	0	1	1	1	1	3	0	2	0	0	0	0	2	1	0	1
	network	networking	4	0	1	3	3	2	0	2	3	3	3	1	1	0	0	3	4	1	1	3	1	4	1	3	1	3	3	2	3	2	1	1	0	3	1	0	1	0	0	2	1	2	2	1	0	0	0	0
	network	networking	1	2	0	2	0	1	0	1	3	3	4	3	4	3	4	3	0	0	1	1	2	2	3	1	1	3	1	1	1	0	2	0	0	1	0	0	0	0	0	0	2	2	0	1	3	3	0	1
	network	Networking	4	1	1	1	0	2	3	1	2	2	3	1	0	2	2	1	3	0	4	4	0	4	3	0	3	3	3	2	3	2	4	1	1	1	0	1	1	1	1	2	0	2	1	0	0	4	2	0
	network	Networking	4	2	0	4	0	4	4	0	4	4	4	4	4	4	4	4	0	2	4	0	0	0	0	0	2	4	0	0	0	0	0	3	0	0	2	0	2	0	0	0	2	4	2	2	0	4	0	2
	network	Networking	1	3	1	3	1	2	1	0	4	3	2	2	1	1	1	0	3	2	2	2	1	4	4	0	4	3	3	2	3	2	1	3	1	3	2	1	2	1	1	1	0	2	2	2	1	1	1	2
	network	networking	3	1	2	2	1	2	0	1	0	1	1	0	0	0	0	0	2	1	1	1	2	1	0	1	3	3	2	2	2	3	3	1	1	1	2	1	3	1	0	1	1	2	2	2	2	1	1	1
	network	Networking	3	0	3	3	1	2	2	1	2	1	1	1	0	0	0	1	1	0	1	0	0	0	3	0	3	0	2	3	2	2	3	0	1	2	2	0	3	0	2	4	1	1	2	2	2	3	2	1
	network	Networking	4	0	1	3	0	1	1	1	4	3	1	2	1	0	1	2	3	3	2	1	3	0	2	2	4	3	2	2	4	2	2	2	2	0	3	1	4	3	2	2	3	3	4	2	3	2	2	2
	network	Networking	2	2	2	2	2	2	2	1	4	0	1	0	0	0	0	2	1	4	1	0	2	2	0	2	2	3	1	4	3	0	1	3	0	1	1	0	3	1	1	2	1	2	0	2	2	0	1	1
	network admin	NETWORKS ADMINS	2	0	0	0	0	0	2	2	2	0	0	0	4	2	2	2	0	4	4	4	4	0	2	2	4	0	0	0	4	0	2	2	4	0	4	0	4	4	2	2	4	2	4	4	4	0	2	2
	network communic	Network and Communication 	2	0	0	2	0	0	1	0	2	1	1	1	1	1	1	0	0	0	0	0	0	1	1	0	3	2	2	0	2	1	0	1	2	0	1	0	3	2	2	0	1	1	2	2	1	2	2	2
	network communic	Network and Communications	3	3	0	4	3	3	3	3	3	4	4	2	4	4	4	3	1	1	1	2	4	2	0	3	1	4	3	1	1	3	3	1	0	0	1	0	1	0	1	2	0	2	1	0	1	2	0	1
	network cyber secur	Networking and Cyber Security	3	0	2	3	0	2	2	2	2	3	2	2	0	3	2	3	1	0	3	2	2	2	4	1	4	3	3	4	2	2	4	0	0	0	0	0	4	0	0	0	0	2	0	0	1	2	0	0
	network cybersecur	Networking and CyberSecurity	4	2	3	4	3	2	4	2	4	1	1	2	2	1	3	3	2	2	2	2	2	3	2	2	3	4	3	3	4	4	4	4	0	0	2	2	4	0	2	0	3	4	4	4	4	4	4	4
	network engin	network engineer 	1	1	0	1	2	3	2	3	2	3	0	3	1	3	3	1	1	2	1	4	4	1	3	0	4	4	3	4	4	4	4	3	3	0	2	0	3	4	1	4	1	3	3	3	2	2	3	0
	network engin	Network Engineering	4	2	2	3	1	3	1	2	4	3	2	3	3	2	1	2	2	1	2	2	2	1	3	3	3	3	3	4	3	2	3	2	1	1	2	1	3	2	4	2	3	3	4	3	3	2	3	3
	network engin	Network engineering	4	2	2	4	2	2	3	2	2	2	2	2	3	2	3	2	2	2	2	2	2	2	2	2	4	4	3	2	3	3	2	2	2	3	2	2	4	2	2	2	3	4	4	4	4	2	2	3
	network engin	Network Engineering	3	2	3	1	1	1	3	2	1	4	0	2	1	4	0	0	4	1	3	4	4	3	0	0	0	4	3	3	0	0	0	2	0	3	4	4	4	3	0	4	4	4	4	4	4	3	1	2
	network engin	Network Engineering	0	3	4	4	3	2	3	2	4	3	3	3	3	4	3	2	2	3	2	1	3	3	1	1	1	2	0	0	2	1	1	0	2	0	3	0	3	0	1	3	3	0	3	2	4	2	2	2
	network engin	Network engineering	2	2	0	4	0	2	3	3	2	2	0	1	0	0	0	1	0	2	0	0	0	2	0	2	3	0	0	3	2	2	0	0	2	2	3	2	2	3	4	2	4	4	4	2	3	3	3	3
	network engin	network engineering	3	2	4	2	2	2	2	1	2	1	1	0	1	3	1	3	1	0	2	1	1	2	2	1	3	3	1	1	1	2	1	1	1	1	2	1	3	1	1	1	0	2	2	1	2	2	1	1
	network engin	Network engineering	4	3	0	2	2	2	3	2	3	4	4	4	2	2	1	3	4	4	2	2	1	4	2	4	4	4	2	2	2	4	4	4	0	0	0	0	0	0	1	4	0	0	3	1	1	4	0	2
	network secur	Network and Security	3	3	2	3	1	2	3	2	2	2	2	1	1	2	2	1	2	0	2	0	1	3	1	0	0	1	1	0	2	0	0	0	0	1	2	1	3	3	2	1	3	3	3	3	3	2	2	2
	network secur	Networks and Security	2	4	3	4	3	4	4	4	1	0	0	1	1	1	1	4	2	3	4	4	4	3	2	4	3	3	0	3	0	2	4	0	0	0	3	0	3	3	3	3	2	4	3	4	2	1	1	2
	network system	Networking System	4	2	4	3	3	3	3	3	2	2	3	1	2	2	2	3	0	2	2	1	2	2	3	2	3	3	0	2	2	2	3	3	2	3	2	1	3	3	3	2	2	4	3	1	3	2	2	2
	network system	Networking System	4	1	2	4	3	3	4	3	2	2	3	2	2	2	2	2	0	2	2	1	3	2	3	2	3	3	2	3	2	2	2	3	2	3	3	1	3	2	2	3	1	3	3	2	2	2	2	3
	network system	Networking System	4	4	4	4	4	4	4	4	2	0	0	0	3	1	1	4	0	0	4	0	1	0	1	4	4	4	0	4	4	4	2	4	0	4	4	0	4	4	4	4	1	4	4	4	0	4	2	4
	network system	network system 	3	0	0	3	1	3	3	1	2	2	2	2	3	2	3	3	0	0	3	2	2	2	3	3	3	2	4	2	3	1	1	0	1	3	0	1	3	1	1	3	2	3	4	2	3	3	2	2
	network technolog	Network tech	0	0	0	1	0	4	1	0	0	0	0	0	0	0	0	1	0	0	0	0	0	0	1	0	1	3	0	0	2	1	0	2	0	0	1	0	0	1	0	2	0	2	0	0	0	1	0	2
	network technolog	networking technology	2	2	3	2	3	3	3	2	3	3	4	1	2	3	2	2	3	3	2	4	3	2	4	2	2	3	3	3	3	3	3	2	1	3	3	2	1	3	2	3	3	4	3	2	0	3	0	2
	network technolog	Network Technology	2	2	2	3	2	2	3	3	2	4	4	2	3	3	2	2	1	1	4	2	1	3	3	3	2	3	4	3	3	3	4	3	3	4	2	2	2	2	1	2	4	3	4	3	4	4	2	3
	network technolog	Networking Technology	2	0	0	3	0	2	0	0	4	4	3	1	3	3	4	3	3	0	1	1	1	3	0	1	1	3	1	0	0	1	3	1	0	0	0	0	0	0	0	0	2	0	4	3	4	3	0	4
	network technolog	Network Technology	2	3	0	4	0	0	0	2	0	4	3	1	0	2	0	3	0	0	4	1	1	4	0	3	1	0	0	1	2	2	1	0	0	0	2	4	0	0	2	4	1	4	2	2	0	2	1	1
	network technolog	Networking Technology	2	2	1	4	2	2	3	2	2	4	3	2	2	3	3	2	1	1	0	1	3	0	2	0	2	2	3	2	3	2	3	2	2	3	2	0	2	2	3	2	2	3	4	2	2	2	2	2
	network technolog	network technology	3	2	2	3	2	2	2	2	2	2	2	1	1	1	1	2	0	1	1	2	0	3	4	2	1	2	1	1	0	0	1	1	1	2	1	0	2	0	1	0	0	1	2	0	3	0	0	0
	network technolog	Network technology 	4	2	4	4	2	4	3	4	1	3	4	4	4	4	4	4	1	4	4	4	4	4	4	4	4	4	4	4	4	4	3	4	4	4	4	0	4	4	4	2	4	4	4	4	4	4	4	4
	network technolog program	Networking Technology program	2	4	4	4	3	2	2	4	4	4	4	4	4	4	4	4	1	4	4	2	2	2	4	3	2	3	4	1	1	1	4	4	3	4	2	1	3	3	4	1	3	2	3	1	2	2	3	2
	neuoscien communic	Neuosciene and Mass Communications	0	0	0	0	0	2	0	0	3	4	3	4	3	4	1	4	3	3	3	4	4	4	2	3	4	4	1	1	2	2	3	1	0	3	0	0	3	3	4	0	0	0	0	0	1	1	0	0
	neuro	neuro	2	3	1	1	1	0	0	1	2	3	1	1	1	0	0	1	2	3	1	1	3	3	1	2	3	3	2	1	3	1	1	2	2	2	3	1	3	3	1	2	3	3	1	3	2	2	1	2
	neuro may architectuar	Neuro science or may be architectuare	1	4	4	4	3	3	3	4	3	3	4	4	4	3	3	4	4	4	3	0	0	4	3	4	4	4	4	4	4	3	3	3	4	4	4	3	4	4	4	4	4	4	3	3	3	3	4	3
	neurolog	neurology	1	0	0	3	0	0	2	1	4	4	2	4	3	3	2	4	3	3	4	1	4	1	1	4	4	4	4	4	4	2	1	3	0	1	1	1	4	2	1	1	2	0	1	0	0	2	1	1
	neurolog	neurology 	2	2	3	3	1	2	1	2	3	4	4	4	3	4	3	3	2	2	4	3	3	3	4	3	3	3	3	2	2	3	3	2	3	1	2	2	3	2	3	3	0	1	1	1	2	2	1	2
	neurolog	Neurology	3	0	0	0	0	0	0	0	4	3	3	4	4	4	4	1	3	2	2	4	4	4	2	3	2	2	4	2	4	1	1	4	2	1	2	2	2	2	1	2	0	1	1	0	1	0	0	0
	neurolog	Neurology 	2	0	0	4	0	3	0	0	4	3	3	4	4	0	4	0	0	0	0	0	0	0	0	0	0	0	0	3	0	0	0	0	0	0	0	0	0	0	0	0	0	0	0	0	0	0	0	0
	neurolog	Neurology 	4	2	1	4	2	3	2	2	4	3	3	4	4	3	4	1	2	1	2	0	0	2	2	3	4	3	4	2	4	2	4	4	4	2	2	2	2	4	2	2	2	1	2	2	2	4	2	2
	neurolog	Neurology	3	0	0	1	0	1	1	2	4	2	2	4	4	2	3	1	0	2	2	1	4	0	0	2	2	2	2	2	3	1	3	3	2	1	3	0	4	1	0	2	1	1	3	2	2	3	1	1
	neurolog	neurology	2	0	2	1	0	0	2	0	4	4	4	4	4	4	4	3	0	0	0	0	0	2	0	0	2	4	4	3	4	2	2	2	3	3	4	0	4	3	3	0	3	0	1	3	3	2	0	0
	neurolog	neurology	0	1	2	2	1	2	0	1	4	1	3	4	3	2	4	2	0	0	0	2	3	1	0	1	3	4	3	3	0	2	2	2	0	0	2	0	1	1	0	0	0	1	1	0	3	1	0	0
	neurolog surgeri	Neurological surgery  	1	0	0	0	0	0	0	0	4	1	1	4	2	2	1	1	3	3	1	4	3	3	1	2	1	1	0	0	1	0	1	0	1	0	0	0	0	0	0	1	0	0	0	0	0	0	0	0
	neuropsycholgi	Neuropsycholgy	1	0	0	0	0	0	1	0	3	4	4	4	3	3	3	1	0	0	1	1	1	2	0	0	3	2	3	2	3	3	3	2	2	2	3	1	1	0	1	0	0	0	0	0	3	3	0	0
	never	never	2	0	0	0	2	0	0	0	2	1	0	0	2	0	0	0	0	0	2	0	1	0	0	0	2	0	0	0	0	0	0	1	4	4	4	0	4	0	0	0	2	1	0	0	0	0	0	0
	never	Never 	2	2	1	0	0	1	0	2	2	0	0	4	0	1	0	0	3	1	4	0	4	4	4	3	4	4	4	2	4	4	3	2	4	3	2	4	3	4	3	4	4	3	1	4	2	2	2	2
	never attend	never attended a university	0	0	0	0	0	0	0	0	3	4	4	0	4	4	4	1	0	0	0	0	0	0	2	0	0	2	2	0	3	0	0	1	0	1	0	4	3	0	0	4	0	0	0	1	0	0	0	0
	never attend uni	Never attended uni	1	0	0	1	1	1	2	2	2	3	1	2	1	1	1	2	3	2	1	4	3	4	2	2	2	3	3	2	3	3	3	2	2	3	3	2	2	2	1	2	0	2	1	1	1	2	2	1
	new york	new york university	2	0	0	0	0	0	1	0	4	4	4	4	0	4	4	4	1	0	2	4	0	1	1	0	3	0	4	0	4	4	2	3	0	2	4	0	4	4	4	3	2	4	4	1	4	0	0	4
	next	will next year	2	1	1	2	1	2	2	2	1	1	1	1	1	1	1	1	2	2	2	2	1	3	3	2	1	2	1	3	1	3	2	1	1	1	2	2	2	2	2	1	1	2	1	1	1	2	1	1
	nice	nice	2	1	2	2	2	2	3	2	1	4	3	2	3	3	1	3	1	3	4	0	3	3	3	3	2	1	0	1	4	3	3	4	3	3	1	1	2	1	1	3	0	4	3	3	4	4	4	3
	nice	nice	0	3	3	4	0	0	0	0	0	4	4	0	3	4	0	0	1	0	4	4	0	0	0	0	2	4	0	0	4	0	4	0	3	4	0	0	0	4	4	0	3	0	1	0	0	0	4	0
	nien	nien	0	0	0	0	0	0	0	0	0	0	0	0	0	0	0	0	0	0	0	0	0	0	0	0	0	0	0	0	0	0	0	0	0	0	0	0	0	0	0	0	0	0	0	0	0	0	0	0
	nil	Nil	2	0	0	2	0	0	2	0	2	2	2	2	2	0	4	0	0	0	2	0	0	2	0	0	2	2	2	2	2	2	2	2	2	2	2	2	2	2	0	2	4	2	2	4	4	2	4	2
	nil	NIL	0	0	0	0	0	0	0	0	0	1	0	0	0	2	0	0	2	3	2	4	3	4	3	3	2	2	2	0	2	3	3	1	0	1	0	2	1	2	1	3	0	1	0	0	0	1	1	0
	nil	NIL	2	2	2	2	3	3	0	3	4	4	2	2	2	3	2	0	4	3	2	2	2	2	2	0	4	3	3	3	2	2	2	2	3	4	3	3	2	3	3	0	3	4	4	3	0	3	3	2
	nil	nil	0	0	0	0	0	0	1	0	4	3	2	3	2	2	3	1	4	2	2	3	3	4	2	1	4	2	1	2	3	2	2	1	3	2	3	1	2	2	1	1	2	3	2	1	2	3	2	0
	nil	nil	4	0	0	2	2	1	1	1	4	4	4	4	4	4	4	4	2	2	2	4	4	4	0	2	4	3	4	0	4	4	4	1	0	2	3	0	4	3	0	3	1	3	0	3	2	4	0	3
	nil	nil	0	0	0	4	0	2	2	0	2	3	3	4	4	3	4	2	0	0	2	0	4	2	2	2	3	3	0	0	4	2	2	0	0	2	1	0	2	1	2	0	2	0	0	2	4	4	2	2
	nil	NIL	2	0	0	1	1	0	2	0	2	1	1	2	0	2	0	2	2	3	4	4	4	4	3	3	1	1	1	3	2	1	2	1	1	2	4	0	2	3	0	2	3	1	1	0	0	1	0	3
	nil	NIL	3	1	3	3	2	2	3	1	3	4	4	4	3	3	4	4	0	0	3	3	3	3	0	4	1	2	2	0	2	2	2	2	2	1	1	1	0	0	0	0	3	3	2	0	3	1	0	1
	nil	Nil	2	0	3	2	2	0	1	0	4	2	2	2	3	3	2	0	4	0	0	2	2	4	3	1	0	2	1	3	0	2	4	1	1	0	2	1	0	2	0	2	1	1	0	2	1	4	1	1
	nil	nil	0	0	0	0	3	0	0	0	3	2	3	2	3	1	1	0	0	0	0	0	0	3	0	0	3	4	2	4	3	3	3	3	4	0	0	0	0	0	0	0	0	0	0	0	3	3	0	0
	nil	-NIL-	2	2	1	1	2	2	2	1	4	2	3	3	4	4	4	3	0	1	1	0	1	1	1	2	2	3	3	4	3	4	3	4	2	2	3	2	3	2	2	3	3	2	3	3	2	2	2	2
	nil	nil	2	0	0	0	4	2	4	0	2	0	0	2	2	0	4	0	4	4	4	4	4	2	0	4	4	4	0	4	2	4	4	2	0	4	4	2	4	4	4	4	4	0	4	4	4	4	4	4
	nil	nil	0	0	0	0	0	0	0	0	0	1	0	0	0	1	0	0	0	0	2	1	0	2	2	0	2	3	3	2	4	3	2	4	2	2	3	1	2	2	0	0	1	0	0	0	1	1	0	0
	nil	Nil	2	0	0	1	0	1	1	0	4	1	0	2	1	1	0	2	1	2	2	2	0	2	0	0	3	2	2	3	3	1	2	2	4	3	3	4	3	3	3	2	3	1	3	2	2	2	3	1
	nil	nil	3	1	1	1	1	1	1	1	2	1	1	1	1	1	1	1	1	2	1	1	1	2	1	1	1	1	1	1	2	1	2	3	1	1	1	1	1	1	1	1	0	2	1	2	1	3	1	1
	nil	nil	0	0	0	0	0	0	0	0	0	0	0	0	0	0	0	0	0	4	4	4	4	0	0	4	0	2	4	0	4	0	2	0	0	0	0	0	0	0	0	2	0	0	0	0	0	0	0	0
	nil	Nil	4	4	0	2	0	0	2	0	4	4	3	2	4	3	4	0	2	2	2	0	0	2	0	2	4	4	2	4	2	3	4	3	2	2	2	2	4	3	2	2	2	3	4	4	2	4	2	4
	nil	NIL	4	2	1	2	1	1	3	0	2	2	2	3	2	2	2	2	0	0	0	0	0	2	1	4	1	4	2	2	2	4	4	4	4	3	3	2	0	1	2	4	3	2	1	3	0	0	0	3
	nil	nil	2	1	2	4	2	3	2	1	2	4	4	3	3	4	3	1	2	2	3	0	1	2	1	2	1	4	3	1	4	2	3	4	2	1	2	0	2	1	0	2	2	3	1	2	2	2	1	1
	nil	nil	2	1	2	1	2	1	2	1	4	2	3	4	4	2	4	1	1	0	0	0	1	1	0	1	1	2	1	1	2	2	1	2	2	2	3	1	3	1	1	2	2	2	2	2	3	2	2	1
	nil	NIL-	2	1	1	2	1	1	1	1	2	2	1	1	1	1	1	1	0	1	1	0	0	0	2	1	0	1	1	1	2	2	2	2	1	1	1	2	1	3	1	2	1	1	1	2	1	2	2	1
	nil	Nil	1	1	0	1	0	2	2	1	3	2	2	1	1	1	0	0	2	2	1	3	3	4	1	4	1	3	0	1	2	4	1	3	1	3	2	3	3	4	1	2	0	2	1	2	0	0	0	0
	nil	nil	3	3	0	2	1	1	1	2	2	1	2	0	0	0	0	2	0	0	3	0	0	0	1	2	2	1	0	3	0	3	2	1	3	4	3	1	2	3	3	3	3	4	3	2	2	3	2	3
	nil	nil	2	1	1	2	2	2	2	2	4	4	4	4	4	4	4	4	1	1	1	2	3	0	0	2	1	1	1	0	0	1	1	0	2	1	2	0	1	1	0	2	2	2	1	2	1	2	0	2
	nil	-nil-	3	1	1	3	1	1	1	0	3	3	3	3	3	4	3	3	0	2	1	3	1	3	4	2	1	3	1	4	3	3	3	3	1	3	1	3	3	4	1	4	3	1	1	2	1	2	1	1
	nil	nil	1	2	0	1	0	2	1	2	0	3	1	2	0	2	1	2	4	3	3	3	2	3	1	2	4	2	3	3	3	4	3	2	4	1	4	3	3	3	3	3	3	1	3	2	3	3	3	2
	nil	Nil	3	2	2	1	2	1	1	1	4	3	3	2	2	2	2	3	2	2	4	3	3	3	2	2	0	3	2	2	2	2	2	2	2	2	2	2	1	4	2	3	2	2	2	2	1	2	2	2
	nil	NIL-	2	0	1	1	1	1	2	2	1	2	1	1	1	2	2	1	2	4	4	4	4	4	2	4	2	1	1	1	2	2	2	2	2	2	2	2	2	3	1	3	2	1	1	1	2	1	1	2
	nil	nil	4	0	0	4	0	0	0	0	4	4	4	4	4	4	4	4	4	0	4	0	4	4	4	0	2	4	2	2	4	2	4	4	0	2	0	0	0	0	0	2	0	0	2	0	4	4	0	0
	nil	Nil	3	2	3	3	1	1	2	2	2	2	2	3	1	1	2	2	2	3	3	2	1	3	2	2	2	3	3	2	2	2	2	2	2	2	3	1	2	2	2	2	2	3	2	1	2	2	2	2
	nil	nil	2	2	0	0	1	1	1	0	3	3	2	0	1	2	2	3	3	4	4	4	3	3	3	4	1	4	3	3	3	4	3	3	1	4	2	3	2	3	1	4	1	2	1	2	0	2	0	2
	nil	NIL	0	0	0	0	0	0	0	0	0	0	1	0	0	0	0	0	0	0	0	0	0	0	0	0	3	3	0	0	0	0	0	2	0	0	3	0	3	2	0	3	3	0	0	2	3	0	3	3
	nil	nil	2	0	3	1	1	1	1	1	3	4	1	1	1	4	1	1	1	2	1	2	1	3	3	1	0	1	1	3	2	2	1	1	0	1	1	3	4	2	1	1	2	3	1	3	2	2	1	1
	nil	NIL	3	0	0	2	0	0	2	0	1	4	3	0	0	3	0	0	0	0	1	0	0	3	3	0	0	3	1	1	2	3	3	0	4	3	3	3	3	3	0	3	1	2	1	1	0	3	0	0
	nil	NIL	2	3	3	2	2	3	3	2	2	3	3	2	2	3	3	2	2	3	3	2	3	3	3	0	3	3	3	2	3	3	2	2	3	3	3	2	3	3	2	2	3	3	3	2	3	3	2	2
	nil	Nil	2	2	1	1	1	1	1	0	1	3	2	1	2	1	2	0	1	1	1	2	2	2	2	0	2	3	2	3	3	3	2	1	2	2	2	2	2	2	2	4	2	1	2	2	1	1	1	2
	nil	NIL	2	4	1	2	2	2	2	2	4	3	3	1	2	4	2	2	4	3	3	3	3	0	3	4	3	3	1	3	3	3	3	4	3	3	1	3	2	3	3	0	4	1	1	2	2	2	2	3
	nil	Nil	1	0	0	0	0	0	0	0	2	0	1	2	1	1	1	1	1	1	1	1	0	1	1	0	0	2	0	0	0	0	0	0	2	2	1	0	1	1	1	0	1	1	1	1	1	2	1	0
	nil	nil	2	1	3	2	2	1	2	1	2	3	3	3	3	3	2	4	1	3	1	1	1	2	4	2	3	3	1	1	4	4	3	2	2	3	3	1	3	0	2	3	3	3	2	2	2	3	2	2
	nil	nil	1	0	0	0	0	0	0	1	3	3	3	3	4	3	4	2	0	1	4	0	3	1	0	3	4	4	4	0	4	4	4	3	1	3	0	0	1	4	1	3	1	2	0	0	0	0	1	2
	nil	Nil	4	3	0	3	2	3	4	3	1	3	4	2	2	4	3	1	2	2	1	0	1	2	0	0	2	4	3	2	2	4	4	3	1	2	2	0	2	2	3	3	3	1	2	2	3	3	1	2
	nil	nil	4	1	1	1	1	1	4	1	1	3	1	1	1	3	1	1	1	1	4	3	2	3	1	4	1	3	4	1	4	4	4	4	1	3	3	3	3	4	3	4	1	1	1	0	1	1	1	4
	nil	NIL	2	1	2	2	2	2	2	2	2	2	2	2	2	3	2	2	2	1	2	2	2	3	2	2	2	2	2	2	2	3	3	2	2	2	2	2	2	3	2	3	2	2	2	2	2	2	2	2
	nil	Nil	2	2	2	2	2	2	2	2	2	2	2	2	2	2	2	2	2	2	2	2	2	2	2	2	2	2	2	2	2	2	2	2	2	2	2	2	2	2	2	2	2	2	2	2	2	2	2	2
	nil	Nil	0	0	0	0	0	0	0	0	1	0	2	0	0	0	0	0	1	1	4	1	1	1	0	4	1	3	0	0	1	1	4	4	0	0	1	0	0	0	0	1	0	0	1	1	1	1	0	0
	nil	nil	1	1	0	0	1	1	1	1	2	1	1	1	1	1	1	1	1	2	3	1	2	3	2	2	3	2	3	2	3	3	3	3	2	2	3	3	3	3	3	2	1	1	1	2	1	1	2	1
	nil	NIL	3	4	0	0	3	1	3	3	3	4	3	0	3	2	1	3	3	3	0	4	1	4	0	0	3	4	4	3	4	4	4	4	3	0	0	3	0	3	0	4	0	0	0	1	0	0	0	1
	nil	nil	2	0	0	2	2	0	0	3	1	0	0	1	0	2	0	2	2	2	4	0	0	0	2	0	4	3	2	2	4	2	2	3	4	2	4	4	2	3	2	3	2	3	3	2	0	0	2	3
	nil	nil	2	3	1	1	1	1	2	1	2	1	1	1	1	1	2	1	2	2	1	2	2	1	1	1	3	3	3	1	3	4	4	3	3	3	4	2	3	3	2	3	3	1	1	2	1	2	3	2
	nil	NIL	0	0	0	0	0	0	0	0	4	4	4	4	4	4	4	3	1	4	4	4	4	4	0	4	2	4	0	0	2	0	2	2	2	4	3	4	4	4	0	4	3	0	0	3	3	0	0	0
	nil	NIL	2	2	0	0	0	0	0	0	4	2	2	4	4	2	4	0	4	2	2	4	3	4	0	2	1	3	3	1	3	2	3	3	2	1	1	2	1	1	1	1	1	0	0	1	1	1	2	1
	nil	Nil	2	0	0	1	1	1	1	1	2	2	2	2	2	2	1	0	1	1	0	2	2	3	0	1	0	2	0	2	1	1	1	2	2	2	1	1	4	2	2	2	1	2	2	2	1	2	1	2
	nil	Nil	0	3	0	1	3	2	3	1	4	0	0	3	2	1	2	0	1	1	1	1	1	2	2	1	2	3	2	3	3	2	2	1	1	1	3	1	3	2	1	2	3	2	2	3	3	3	3	2
	nil	NIL	4	4	4	4	4	4	4	4	3	1	0	0	0	1	0	1	0	0	0	0	0	4	0	0	0	3	3	3	3	4	4	4	0	1	1	0	1	1	0	1	4	4	4	4	4	4	4	4
	nil	NIL	2	2	2	2	2	2	2	2	2	2	2	2	2	2	2	2	2	2	2	2	2	2	2	2	2	2	2	2	2	2	2	2	2	2	2	2	2	2	2	2	2	2	2	2	2	2	2	2
	nil	NIL	1	0	0	0	0	0	0	2	4	1	2	3	3	3	4	2	3	0	2	3	3	3	0	1	0	0	2	4	4	4	4	3	3	1	3	1	4	1	4	2	4	0	3	2	4	1	4	2
	nil	NIL	3	0	0	4	2	1	2	1	3	3	3	2	3	4	2	1	4	2	3	4	2	4	1	2	1	2	1	1	1	1	1	2	1	1	2	1	2	2	1	2	2	2	2	2	3	3	1	2
	nil	Nil	3	2	0	0	0	0	0	0	0	0	0	2	0	0	0	0	0	0	3	4	0	3	0	3	2	3	4	2	4	0	1	1	0	0	2	2	0	2	0	1	3	0	0	1	0	1	1	0
	nil	nil	3	2	1	2	2	1	2	2	3	3	2	3	3	2	2	1	2	2	1	1	1	2	1	2	3	2	2	3	2	3	3	3	2	1	3	2	3	2	1	3	3	2	2	3	2	2	3	3
	nil	Nil	3	2	2	2	1	1	2	1	3	3	3	2	2	2	2	1	2	2	2	1	1	2	1	1	2	2	1	2	2	1	2	2	2	2	2	1	2	1	1	1	2	2	2	2	2	2	2	2
	nil	Nil	3	0	0	0	1	0	0	0	3	3	3	2	2	2	2	2	3	4	4	3	4	4	4	4	3	4	3	1	3	3	3	2	1	0	0	3	1	3	0	1	2	0	2	1	1	2	0	0
	nil	NIl	1	0	0	0	0	0	0	0	1	1	0	2	0	0	0	0	2	1	0	2	2	1	0	2	3	4	3	2	4	4	3	3	0	0	4	0	4	2	0	3	0	1	1	2	0	0	0	0
	nil	Nil	1	0	0	1	1	1	1	0	3	2	3	1	3	3	2	0	1	2	4	2	4	2	2	2	2	3	3	3	3	3	3	3	1	1	2	0	1	1	0	3	2	1	1	3	2	2	0	2
	nil	nil	2	0	2	0	0	0	0	1	3	2	0	0	2	0	0	0	0	2	0	0	2	2	0	0	2	2	4	2	4	3	3	4	0	2	1	0	2	2	2	2	1	1	1	0	1	1	1	1
	nil	Nil	2	4	0	0	0	0	0	0	4	4	2	2	0	0	0	0	4	4	2	2	2	4	2	2	4	0	2	2	3	4	4	4	2	2	4	0	4	4	0	4	4	4	2	0	0	2	2	2
	nil	NIL	4	2	0	0	0	0	0	0	2	2	0	0	0	0	0	0	2	2	0	0	0	0	0	0	2	4	0	4	4	4	4	4	2	0	0	0	0	0	0	0	4	4	4	4	2	4	0	4
	nil	Nil	0	0	0	0	0	0	1	0	2	2	2	1	2	2	2	2	2	1	3	2	1	3	2	2	4	4	3	4	4	4	4	4	3	1	4	4	3	4	2	4	2	0	1	2	1	0	0	0
	nil	nil 	2	1	1	1	1	1	1	1	3	3	3	1	3	3	3	3	1	1	0	0	1	2	0	1	2	2	2	1	2	2	2	3	2	3	4	1	2	2	2	3	2	2	2	2	1	3	1	1
	nil	Nil	2	2	1	1	1	2	1	1	2	3	3	1	3	3	3	3	1	1	1	1	1	2	1	2	2	3	3	2	3	2	2	2	2	2	3	2	2	3	2	4	3	3	2	2	1	4	2	1
	nil	NIL	0	3	0	0	0	0	0	0	2	0	0	0	0	0	0	0	2	0	0	3	0	3	1	0	2	4	0	3	4	1	1	4	3	3	4	3	0	4	0	0	4	3	0	4	3	3	4	0
	nil	nil	1	0	0	0	0	0	0	0	2	4	4	1	2	4	2	0	3	2	3	1	1	2	2	0	4	1	4	2	4	3	3	2	1	1	1	1	2	1	0	1	1	0	1	3	1	2	1	1
	nil	NIL	0	0	0	0	0	0	0	0	0	0	0	0	0	0	0	0	2	0	0	2	0	0	0	0	3	4	4	4	4	4	4	3	0	3	3	0	3	2	0	2	3	3	3	3	3	0	3	3
	nil	NIL	2	0	0	1	1	0	1	0	3	2	3	3	3	3	2	1	4	3	3	4	3	4	2	2	2	3	2	3	2	2	2	2	2	2	3	3	2	2	2	2	2	2	1	2	2	1	2	1
	nil	Nil	0	0	0	0	0	0	0	0	4	2	0	4	4	2	4	0	0	0	2	0	0	0	2	0	0	0	2	0	2	4	4	2	0	2	2	2	0	2	0	2	0	2	0	0	0	0	0	0
	nil	NIL	2	2	0	1	1	1	2	1	1	3	3	2	0	2	0	0	1	2	1	2	2	1	2	1	1	0	0	0	0	1	0	0	2	2	2	2	3	2	1	2	3	2	3	3	2	2	2	2
	nil	Nil	0	0	2	3	0	0	0	0	2	4	4	0	4	4	4	4	0	0	0	0	2	2	1	0	0	0	0	0	0	0	0	0	0	0	0	0	0	0	0	0	0	0	0	0	0	0	0	0
	nil	nil	3	1	1	2	3	2	4	3	2	0	0	3	3	2	2	2	3	3	4	3	3	3	3	4	4	2	4	3	4	4	4	3	3	4	4	3	4	4	4	4	4	3	4	4	3	3	4	4
	nil	NIL	2	2	2	4	2	4	2	0	2	0	0	4	4	2	4	0	2	2	0	4	2	4	4	2	4	4	0	2	4	4	2	4	0	2	2	2	2	2	0	2	2	2	0	2	0	2	0	0
	nil	nil	2	1	0	2	0	0	1	0	2	4	2	2	0	1	1	0	1	1	0	0	0	1	1	0	2	2	2	0	2	1	1	2	1	1	0	2	1	1	0	2	2	1	3	0	1	1	0	0
	nil	nil	2	2	2	3	2	3	3	2	4	4	4	4	4	4	4	0	3	2	3	4	4	3	1	2	2	3	1	1	2	2	3	2	0	0	0	0	0	0	0	0	2	3	2	0	3	4	0	0
	nil	nil	4	2	1	1	2	1	2	0	4	3	3	1	1	2	0	0	2	3	3	1	1	1	1	2	3	3	2	2	2	3	3	3	2	3	2	3	1	3	0	3	2	3	1	3	1	2	0	3
	nil	nil	2	2	3	1	1	1	2	2	1	3	3	3	3	3	3	1	1	1	1	1	1	0	1	1	1	3	1	3	1	3	3	2	1	1	3	1	3	2	0	1	3	3	3	2	3	2	2	2
	nil	NIL	2	2	2	2	2	2	2	2	2	2	2	2	2	2	2	2	2	2	2	2	2	2	2	2	2	2	2	2	2	2	2	2	2	2	2	2	2	2	2	2	2	2	2	2	2	2	2	2
	nil	nil	1	0	0	0	0	0	1	0	1	1	0	0	0	0	0	0	0	2	4	0	1	0	1	4	1	2	2	0	2	2	4	3	0	0	3	2	0	1	0	3	0	0	2	2	0	0	0	0
	nil	Nil	0	1	0	0	0	0	0	0	1	0	1	1	0	1	0	0	1	0	0	0	0	1	2	0	1	0	2	2	3	2	3	3	0	2	1	1	0	2	0	2	1	0	1	0	0	1	0	0
	nil	NIL	3	0	1	0	1	1	1	1	4	4	3	4	1	3	1	3	4	4	3	3	3	4	3	3	3	3	3	3	3	4	4	3	2	3	3	3	3	1	0	3	1	3	1	3	1	1	1	1
	nil	Nil	2	0	0	4	0	0	4	2	2	0	2	4	4	0	0	2	4	2	4	4	4	4	2	2	4	4	4	4	4	4	4	4	2	2	4	4	4	4	4	4	4	4	4	4	4	4	4	4
	nil	Nil	4	4	4	2	4	4	4	0	4	3	4	4	4	4	4	0	4	4	4	4	4	4	4	0	4	4	4	4	4	4	4	0	4	4	4	4	4	4	4	4	4	4	4	4	4	4	0	0
	nil	nil	2	2	2	2	1	4	0	0	2	1	2	2	1	1	0	4	0	3	1	4	4	4	4	2	4	1	3	4	4	4	0	0	2	2	2	4	4	4	0	4	1	2	2	4	4	0	0	0
	nil	NIL	2	2	1	1	1	1	1	0	4	4	4	4	4	4	3	4	2	1	2	4	2	4	0	3	0	4	2	2	3	3	3	2	2	1	3	3	1	4	3	2	3	1	2	3	2	1	2	2
	nil	Nil	4	3	2	2	1	2	1	1	4	3	2	2	1	2	1	2	4	3	2	2	2	3	2	2	4	3	4	4	4	4	4	4	4	4	4	2	4	3	3	3	3	4	4	4	4	3	2	1
	nil	nil	0	1	0	1	0	1	0	4	0	0	0	1	2	0	0	2	0	3	2	2	3	3	2	2	0	2	3	2	4	4	3	2	0	2	0	1	3	4	3	4	4	3	2	3	3	0	4	3
	nil	NIL	4	4	4	4	2	2	2	2	2	2	2	2	2	4	2	2	4	0	2	2	4	2	2	2	2	2	4	4	2	4	4	4	4	4	2	2	2	2	4	4	2	2	2	4	4	4	4	4
	nil	nil	2	3	1	2	1	1	2	2	3	3	3	3	3	2	2	2	4	3	3	4	3	4	2	2	3	3	3	3	3	3	0	3	1	2	3	3	2	2	2	2	2	2	2	3	3	1	1	3
	nil	NIL	4	3	3	3	3	3	3	3	3	3	3	3	3	3	3	3	3	3	3	3	3	3	3	3	3	3	3	3	3	3	3	3	3	3	3	3	3	3	3	3	3	3	3	3	3	3	3	3
	ninguna	Ninguna 	3	1	2	4	1	1	1	0	2	4	4	4	3	4	3	4	3	4	4	4	3	4	4	3	2	3	3	3	3	3	2	3	1	1	1	4	1	2	1	2	1	1	1	1	0	1	1	1
	ninguna aún	Ninguna aún	4	2	0	2	0	0	1	0	4	1	2	3	1	3	1	1	0	2	4	1	4	2	3	1	2	4	4	4	4	0	1	2	0	2	2	4	1	3	0	1	3	1	0	1	2	3	0	0
	nirs	Nirsing	3	3	2	0	0	2	1	2	4	4	3	1	2	4	2	1	4	2	1	3	3	4	3	1	3	2	4	2	4	2	0	1	2	1	2	4	1	0	4	0	2	1	2	0	0	0	1	0
	nlp	NLP	3	2	0	2	0	1	2	2	3	3	0	3	2	1	2	2	4	4	2	3	3	3	4	2	4	3	4	3	4	2	2	1	3	2	3	1	4	2	3	2	2	0	2	1	1	2	2	2
	nne	nne	2	0	0	4	0	1	0	0	4	3	4	2	4	4	4	2	3	3	4	2	3	4	1	3	2	2	3	3	2	3	2	2	1	2	2	1	2	3	0	1	0	2	2	1	0	2	0	0
	non	non	3	2	1	4	2	3	2	2	3	4	2	2	2	2	2	2	1	4	2	3	2	2	4	2	3	2	3	2	3	4	2	2	2	4	2	2	2	2	2	2	1	2	2	2	2	2	2	2
	non	non	2	2	2	4	2	2	4	0	4	4	4	2	4	4	2	0	4	4	4	0	4	0	4	4	4	4	4	4	4	4	4	4	2	4	0	2	2	4	2	4	2	2	4	4	4	2	0	4
	non	non	4	0	2	4	0	0	4	0	4	4	4	4	4	4	4	1	0	4	2	2	2	4	0	2	0	4	4	4	4	2	4	0	4	4	4	2	2	4	0	2	2	0	2	4	1	4	0	4
	non	non	1	0	0	1	2	2	1	1	3	1	1	2	3	0	1	0	2	3	2	2	2	1	3	2	4	2	4	2	3	3	3	4	4	2	4	3	3	3	3	3	3	1	2	3	2	2	4	3
	non	non	0	0	0	0	0	0	0	0	4	4	3	0	0	4	0	0	0	0	0	0	0	1	0	0	4	4	0	4	3	4	4	0	2	4	0	2	3	3	3	0	0	0	2	3	0	0	1	0
	non	non	4	0	0	0	0	0	0	0	2	2	2	2	2	2	2	0	3	2	0	2	2	2	2	0	4	2	2	4	4	4	2	2	4	4	4	2	4	2	2	2	4	4	4	4	4	4	4	4
	non profit man	Non- Profit Man. 	4	2	0	2	0	4	2	4	4	2	2	4	2	4	2	0	4	4	4	4	4	4	0	4	4	4	4	4	4	4	4	4	0	2	4	2	4	4	4	2	2	2	4	4	2	2	4	2
	non profit man	non-profit Man.	4	2	0	2	0	4	2	4	4	2	4	4	4	4	2	2	4	4	4	4	4	4	0	4	4	4	4	4	4	4	4	4	0	2	2	2	4	4	4	2	2	2	2	4	2	2	2	0
	nonenon	NoneNone	4	4	1	1	3	4	0	4	4	3	1	0	3	3	2	3	2	3	4	4	4	4	4	4	1	4	3	4	2	4	2	3	2	0	3	2	3	3	2	2	0	0	0	0	0	0	0	0
	nonenono	NoneNono	4	2	1	2	1	2	3	3	2	1	1	1	0	1	1	2	0	2	2	2	1	2	2	2	2	2	2	2	3	2	2	2	3	4	4	1	4	4	4	3	2	3	3	3	2	3	4	4
	nonprofit leadership	Nonprofit leadership	2	3	0	0	0	0	0	0	1	2	0	0	0	2	0	1	0	0	4	2	2	2	0	3	3	3	2	0	2	0	0	0	0	2	2	1	3	2	1	0	3	3	2	3	1	0	0	0
	nope	Nope	2	0	1	0	1	1	0	0	3	0	3	3	0	3	1	2	1	3	2	3	3	2	4	3	2	3	3	3	4	3	4	4	3	2	1	3	3	3	3	3	1	1	0	2	1	0	0	2
	nope	Nope	1	3	2	1	2	1	1	2	3	2	3	3	3	2	3	1	2	2	3	1	2	2	2	2	2	2	2	2	3	1	3	2	2	2	2	3	2	3	2	3	2	2	2	2	2	2	2	2
	nope	Nope	2	3	0	0	0	0	0	1	3	4	4	2	1	3	1	4	3	2	4	4	2	4	3	3	1	4	2	1	1	3	3	1	1	3	1	4	0	3	0	4	1	1	0	1	0	0	0	0
	nope	nope	0	0	1	0	0	0	0	0	0	2	2	0	0	0	0	0	0	0	1	0	0	0	0	0	2	4	4	0	4	3	3	4	2	0	0	0	0	0	0	0	2	0	0	0	0	0	0	0
	nope	NOPE	3	0	1	2	0	0	1	0	4	2	2	2	3	1	4	0	1	2	3	2	2	4	3	2	3	4	3	2	3	2	2	3	2	3	1	3	1	3	0	3	2	2	2	2	0	2	1	1
	nope	nope	0	0	0	0	0	0	0	0	2	3	3	0	2	2	2	1	3	4	2	3	3	3	3	0	2	4	3	2	4	2	3	3	2	1	2	0	2	2	1	1	0	1	0	0	0	2	0	0
	nope	nope	2	1	0	2	0	1	1	0	3	3	3	1	2	2	1	1	3	4	4	4	4	4	4	4	3	4	4	4	4	4	4	3	2	3	2	4	3	4	2	3	1	2	2	2	2	2	2	2
	nope	nopes	0	2	0	0	0	2	2	2	4	4	0	0	0	4	2	4	4	0	4	4	0	4	0	4	4	0	4	4	4	4	4	4	2	2	2	4	0	2	2	0	2	0	0	0	0	2	4	0
	nope	Nope	3	0	0	1	0	0	0	0	1	0	2	4	0	0	0	0	2	0	4	3	0	0	4	0	2	0	1	3	3	4	4	4	1	0	1	4	0	4	2	1	3	0	1	3	0	0	0	0
	nope	NOPE	2	0	2	1	4	1	2	0	2	1	2	2	2	3	1	0	4	3	0	2	4	4	4	2	3	2	4	1	3	0	0	0	1	2	2	2	2	2	2	0	2	1	2	2	2	2	2	2
	nope	Nope	2	0	0	0	2	2	2	0	0	4	0	0	2	4	2	0	0	2	0	0	2	2	2	0	0	4	2	2	4	4	4	4	0	1	0	2	4	2	2	2	4	0	0	4	2	2	0	0
	nope	nope	0	2	0	0	0	0	0	0	0	2	2	0	0	2	0	2	0	2	2	0	2	4	2	0	0	0	0	0	0	0	0	2	0	2	0	2	0	2	0	0	0	0	0	0	0	4	0	0
	nope	Nope	0	0	0	0	0	0	0	3	3	4	4	4	0	4	0	0	2	4	4	4	4	4	4	4	4	4	4	0	4	4	4	4	4	2	0	4	0	0	4	1	0	0	0	0	0	0	0	0
	nope	nope	2	2	1	2	1	1	2	2	2	2	1	1	1	3	1	2	3	1	2	2	1	3	2	2	3	0	2	1	2	1	2	3	0	1	1	1	1	2	2	2	1	1	1	1	1	1	1	1
	nope	nope 	2	1	1	2	2	2	2	4	0	2	2	2	2	2	2	1	4	4	4	4	4	4	4	4	3	3	4	2	4	0	4	4	1	2	3	4	4	2	2	3	2	1	3	2	2	2	2	4
	nope	nope	0	1	0	0	0	0	0	0	2	4	4	2	3	4	4	0	0	1	1	0	1	2	0	0	2	4	4	0	4	1	4	3	0	0	0	0	0	0	0	2	0	0	0	0	0	1	0	0
	nope	nope	1	1	1	4	0	0	3	1	0	0	0	0	0	0	0	0	0	0	3	2	0	0	4	0	0	2	0	0	0	1	0	0	2	2	3	0	3	2	4	4	1	1	1	0	0	0	2	1
	nope	nope 	0	1	0	0	0	0	2	0	4	1	1	0	0	0	0	0	1	0	2	2	0	4	2	0	1	2	1	3	1	3	1	1	2	2	1	1	2	2	0	2	1	1	0	1	0	0	0	0
	nope	nope	2	3	1	4	3	2	3	0	1	0	0	2	1	0	1	0	2	1	2	1	1	2	3	1	3	0	0	1	1	2	0	3	3	2	3	0	2	1	2	2	4	3	4	1	3	1	3	2
	nordic	Nordic studies 	3	2	0	3	1	1	3	2	4	2	0	4	3	1	2	4	1	0	3	4	4	4	2	2	2	3	4	1	3	0	3	1	1	1	1	1	1	1	1	3	2	3	3	2	2	3	1	2
	nors	norse	2	0	0	0	0	0	0	2	1	0	1	3	0	1	2	2	1	1	2	1	3	2	3	2	1	1	0	2	2	1	2	1	2	1	3	4	4	2	1	0	2	0	2	2	0	1	2	2
	northeast	northeast	4	4	2	3	3	4	1	4	1	1	1	1	2	0	2	1	4	1	1	4	3	3	1	1	3	2	2	3	2	1	0	2	2	1	1	0	1	1	3	1	3	1	2	2	2	2	3	0
	northeastern	Northeastern University	1	1	1	1	1	0	1	0	2	2	1	2	2	2	1	3	1	3	3	2	4	2	1	3	4	4	3	3	4	3	4	2	2	2	1	1	4	2	2	3	1	1	1	3	4	3	3	2
	norwegian	Norwegian	3	2	0	3	0	2	0	1	4	2	2	4	4	1	3	1	1	0	4	2	2	3	0	1	3	2	1	3	1	0	0	0	2	2	0	1	0	3	0	1	1	1	1	0	2	3	0	1
	nothhng	 Nothhng	4	4	2	3	2	0	3	4	1	2	0	2	0	0	0	0	0	0	0	0	0	0	3	0	3	3	1	3	3	2	0	2	2	4	2	0	3	0	4	0	2	3	3	3	4	3	4	4
	nouth	nouthing	2	3	2	3	3	2	4	0	3	2	3	0	2	2	0	0	2	1	2	3	2	4	4	0	1	2	2	2	0	0	0	0	1	2	1	0	0	1	0	0	0	1	0	0	0	0	0	0
	nuclear	Nuclear Science	4	3	4	4	3	4	4	3	3	4	4	4	3	3	3	4	0	1	2	2	2	3	2	3	1	0	0	1	0	0	2	0	0	0	0	0	0	0	0	2	0	3	3	0	4	4	0	3
	nun	Nun	4	0	0	1	0	0	2	0	1	2	0	0	0	0	0	0	2	0	3	2	0	4	3	1	0	0	0	0	0	0	0	0	0	4	0	0	4	4	0	1	0	2	0	0	0	2	0	2
	nura	Nuraing	2	2	0	0	0	1	2	1	4	3	3	3	3	3	2	3	1	1	2	3	2	4	3	2	3	3	4	4	4	4	4	2	0	2	3	2	3	3	3	3	2	2	2	2	2	2	2	2
	nurd	nurding	4	2	2	1	2	1	3	0	4	1	3	4	3	3	4	2	0	2	2	1	0	1	0	0	3	3	4	4	3	3	0	4	0	0	3	3	3	1	0	0	3	1	3	3	2	3	2	3
	nurd	nurding	2	0	0	2	2	0	2	0	4	4	4	4	3	4	4	4	2	2	3	2	2	1	3	2	4	3	3	3	4	3	1	3	2	0	1	3	2	1	2	4	2	1	3	2	3	1	2	2
	nure	NURING	0	0	0	0	0	0	0	0	2	3	1	3	1	0	2	0	0	1	0	0	1	0	0	0	1	3	3	2	2	2	2	3	0	2	0	1	1	2	0	0	0	0	0	0	0	0	0	0
	nure	Nureing	0	0	0	0	0	0	0	0	3	3	2	2	2	1	1	1	2	1	2	3	1	4	0	1	2	3	2	0	1	0	3	2	0	0	1	1	0	0	0	1	0	2	1	1	1	1	0	0
	nure	Nuring	0	0	0	4	0	0	2	0	4	0	3	4	2	0	4	0	0	0	0	0	0	0	0	0	0	4	4	4	4	4	0	4	0	0	2	0	4	4	4	0	0	0	4	4	4	4	4	4
	nurisng	Pre-Nurisng	0	0	0	0	0	0	0	0	4	0	0	2	0	0	0	0	0	0	0	0	0	0	0	0	1	0	0	0	0	0	0	1	0	3	2	0	2	4	2	0	2	2	2	2	1	0	2	1
	nuse	nusing	2	0	0	0	1	0	1	0	3	4	1	1	0	0	1	0	0	4	2	0	1	0	2	2	3	2	2	0	2	3	1	3	2	3	3	4	1	4	3	3	2	1	1	1	1	0	1	1
	nuse	Nusing	2	3	3	3	2	3	2	3	3	3	3	4	3	3	3	3	0	0	3	2	1	2	2	1	3	3	4	4	4	4	3	3	2	1	2	3	2	1	1	1	3	1	2	2	2	3	3	2
	nuse	nusing	2	1	2	1	1	1	1	1	4	3	2	2	1	3	1	2	1	2	2	3	3	2	1	1	2	3	1	3	2	3	3	3	2	2	2	3	1	3	1	3	2	2	3	2	1	3	2	2
	nuse	Nusing	3	1	3	2	1	1	1	2	3	1	3	4	1	2	3	1	1	0	1	1	3	3	4	1	4	4	3	4	4	3	4	4	3	2	4	2	4	1	2	3	3	1	4	3	1	2	4	3
	nusr	Nusring	1	3	2	3	2	2	0	0	1	2	1	2	3	3	1	1	0	1	2	1	2	4	4	2	4	1	1	3	1	3	3	3	3	1	0	2	0	2	2	4	3	2	4	1	1	1	1	3
	nusr	nusring	2	4	0	1	2	3	3	3	4	3	2	2	2	1	3	2	3	0	3	0	0	0	0	4	2	2	3	2	4	3	1	3	3	2	3	4	3	4	2	2	2	2	2	4	3	4	3	1
	nutrion	nutrion	0	0	0	0	2	0	1	0	4	0	0	4	0	0	4	0	0	0	4	0	1	4	0	1	1	1	4	4	4	2	1	3	0	2	1	2	2	4	1	0	2	0	0	1	0	3	3	2
	não	não	0	0	0	0	0	0	0	0	1	1	0	1	1	0	0	0	0	1	0	0	2	1	0	0	0	1	0	1	1	0	0	0	1	0	0	0	1	0	0	0	0	1	0	1	1	0	0	0
	não	não	2	0	0	0	2	0	0	0	2	4	4	1	1	2	0	0	0	2	3	3	4	2	2	0	1	2	2	2	2	0	4	1	0	0	1	1	3	4	0	1	0	2	1	2	0	0	0	3
	não frequentei	não frequentei	2	0	0	0	0	0	0	0	4	3	3	1	3	4	2	4	1	3	3	1	1	1	0	1	2	4	1	0	4	1	1	4	1	0	0	0	0	0	0	0	3	0	0	0	0	0	0	0
	não frequentou	Não frequentou	0	4	2	2	2	4	0	2	0	0	0	2	0	1	3	2	4	0	0	4	0	4	2	2	2	2	4	4	4	1	3	4	2	0	2	0	2	2	0	2	2	2	2	2	1	3	2	0
	oak park high	oak park high school	4	4	4	4	4	4	4	4	4	4	4	4	4	4	4	4	4	4	4	4	4	4	4	4	4	4	4	4	4	4	4	4	4	4	4	4	4	4	4	4	4	4	4	4	4	4	4	4
	obgyn	obgyn	0	0	0	0	0	4	0	4	4	0	0	4	0	0	0	0	4	0	0	4	0	4	0	0	4	4	2	4	4	4	4	4	0	0	0	0	0	0	0	4	0	0	0	0	0	0	0	0
	obstertrician	Obstertrician	0	4	2	4	1	2	4	4	3	0	2	4	3	0	4	0	0	0	1	3	0	0	0	0	4	0	4	0	4	0	0	0	0	4	4	4	4	4	4	0	4	0	1	4	0	0	4	2
	obstetr	Obstetrics	3	2	1	3	0	1	2	0	4	3	4	4	4	2	4	1	2	1	2	3	4	3	1	2	2	2	3	2	2	2	2	2	1	1	0	1	1	1	0	1	1	0	1	0	0	2	1	1
	obstretucian	Obstretucian	2	1	2	0	2	2	3	3	4	4	4	4	2	4	4	3	4	4	4	3	2	4	4	3	0	0	3	3	3	3	3	3	1	2	3	4	2	4	4	3	1	1	0	2	0	3	1	3
	occunp	Occunpation Studies	2	2	0	1	1	0	1	1	4	3	2	4	2	2	2	1	2	1	0	0	1	0	0	1	4	3	4	3	4	3	4	3	2	1	1	1	0	1	1	1	2	0	1	2	0	1	1	1
	occup	Associates Degree in Occupational Studies	2	0	0	2	0	2	0	0	4	4	4	4	4	4	4	3	2	3	3	3	3	4	3	3	4	4	4	4	4	4	4	4	2	0	2	2	2	0	0	2	2	2	2	2	3	2	2	1
	occup	Occupational 	1	0	2	0	0	0	1	0	4	2	2	3	2	2	2	1	0	0	0	0	0	1	2	1	2	3	0	2	2	3	3	2	1	1	0	1	0	1	0	1	0	0	0	1	0	0	0	1
	occup health	occupational health	3	1	1	1	2	1	2	0	3	1	3	2	3	1	2	1	0	1	1	0	1	1	1	1	2	2	2	2	2	1	1	2	2	1	2	1	2	1	1	1	2	1	2	2	2	1	1	2
	occup health	Occupational health	3	2	4	3	3	2	3	1	3	1	3	3	4	2	3	3	1	3	2	0	4	1	2	3	3	4	3	2	4	4	3	3	1	1	3	2	4	3	1	3	1	2	2	3	3	2	2	3
	occup health safeti	Occupational Health & Safety	1	1	0	0	0	2	0	0	4	4	4	0	4	4	2	0	2	2	2	2	0	3	0	0	2	2	0	4	1	1	2	0	0	0	0	2	1	0	0	3	0	0	0	0	2	0	0	0
	occup health safeti	occupational health and safety	2	0	0	1	0	0	0	0	4	0	0	2	3	0	1	0	1	0	4	0	1	0	0	3	2	3	2	0	2	0	0	2	1	1	1	3	3	0	3	0	3	3	4	3	2	2	3	3
	occup safeti	Occupational Safety	4	2	2	4	4	4	2	4	4	3	2	2	2	2	2	2	0	0	0	0	0	0	4	0	2	0	2	2	4	2	4	4	0	0	2	0	2	0	0	4	0	4	0	0	0	4	0	0
	occup safeti	occupational safety	4	0	0	0	0	0	0	0	0	0	0	0	0	0	0	0	0	0	0	2	2	2	0	0	0	4	0	0	2	0	2	2	0	0	0	0	0	2	0	0	0	0	0	0	0	0	0	0
	occup safeti	OCCUPATIONAL SAFETY	4	2	4	2	2	2	2	3	4	4	3	2	4	4	2	2	4	4	4	4	2	4	4	2	2	4	4	3	4	4	4	0	3	4	3	4	4	2	2	0	4	3	2	2	4	4	3	0
	occup safeti health	Occupational Safety And Health	3	2	3	2	1	3	2	1	3	3	3	3	3	2	3	2	3	1	1	3	2	3	1	1	4	3	2	1	3	3	3	4	3	1	3	1	3	1	2	0	3	2	3	3	2	2	2	3
	occup safeti health	Occupational Safety and Health	2	2	1	1	1	2	2	1	1	1	1	1	1	1	1	1	1	2	1	1	1	2	2	1	3	3	1	1	2	2	1	1	3	2	2	2	1	1	2	1	2	1	1	1	1	1	1	1
	occup safeti health	Occupational Safety and Health	2	2	4	2	3	3	1	3	4	4	4	2	3	3	2	4	4	3	2	3	4	2	4	3	3	3	4	4	2	1	3	3	4	1	1	2	3	1	1	4	1	1	4	2	2	1	1	1
	occup safeti health	Occupational safety and health	3	2	1	2	2	2	2	3	3	3	2	0	2	2	3	1	1	0	2	3	4	4	0	0	0	3	1	3	3	0	2	3	0	0	1	2	0	1	0	2	3	1	0	3	1	2	0	3
	occup safeti health	occupational safety and health	0	4	4	2	4	4	2	2	4	4	4	4	4	4	4	2	0	2	2	0	0	2	4	4	2	2	2	4	4	2	2	2	0	0	4	2	4	0	2	2	2	0	0	0	0	2	0	0
	occup safeti health	Occupational Safety & Health	2	2	1	2	1	2	1	2	3	2	1	2	1	2	1	1	4	3	4	2	3	4	2	4	3	2	2	3	2	0	1	2	1	3	3	4	4	3	0	4	3	2	2	2	2	2	0	2
	occup safeti health environ	Occupational Safety Health & Environment	3	3	3	0	2	1	1	2	2	3	2	3	2	3	1	4	1	1	0	0	1	2	1	3	2	3	1	3	4	4	3	4	0	0	3	0	4	1	2	1	3	2	0	3	0	2	1	3
	occup safetyand health	occupational safetyand health	4	2	1	1	1	1	1	1	0	2	0	1	0	0	0	0	1	2	1	2	0	2	2	0	2	4	3	2	3	3	3	2	1	2	3	3	3	3	4	3	4	2	2	3	3	4	3	3
	ocean	ocean science	2	1	0	0	0	0	0	0	3	4	4	3	4	4	2	4	1	1	3	2	3	2	1	3	3	3	1	0	3	1	2	2	0	0	1	0	3	0	0	2	1	0	0	2	1	0	0	0
	ocean engin	ocean engineering	3	2	2	3	1	2	2	2	3	2	2	3	2	3	2	3	2	1	2	3	1	3	2	2	3	1	1	2	1	1	2	1	1	1	1	1	3	2	1	2	1	1	1	1	2	2	1	2
	ocean engin	ocean engineering	3	1	4	2	0	2	1	0	2	1	3	4	1	1	1	3	0	2	4	0	2	4	0	2	2	3	3	3	4	2	4	4	3	0	4	2	4	2	0	0	1	1	2	2	2	4	0	2
	ocean engin	ocean engineering	3	0	4	3	1	2	2	1	2	1	3	4	2	2	0	3	1	2	4	0	3	3	1	2	3	2	4	2	3	3	4	3	2	0	4	3	4	3	1	1	3	2	2	2	2	4	2	1
	ocpt	ocpt	2	0	2	0	0	0	0	0	3	4	4	3	2	4	2	3	0	1	1	1	1	1	3	0	3	2	2	0	3	1	3	1	0	0	1	0	1	0	2	0	0	1	1	0	0	2	1	2
	odontholog	odonthology	1	0	0	0	0	0	0	0	2	2	2	1	1	1	1	0	2	2	3	1	2	3	1	2	2	0	2	1	2	0	0	2	1	2	2	2	3	3	2	0	0	0	0	2	0	0	1	1
	odontolog	odontology	0	0	0	0	0	0	0	0	4	0	4	0	0	0	0	0	0	0	0	0	4	4	0	0	0	4	4	0	0	0	0	0	0	0	0	0	0	0	0	0	0	0	4	0	0	0	0	0
	odontologia	Odontologia	2	1	2	3	1	2	2	1	4	3	3	4	4	2	4	2	4	3	2	4	3	4	3	2	3	0	3	3	4	1	1	2	1	1	1	1	3	1	1	1	0	0	0	0	2	2	0	0
	odontología	odontología 	3	0	0	0	0	0	0	0	4	1	2	4	2	0	3	0	1	2	2	1	2	1	3	2	0	0	1	2	1	3	0	0	2	0	3	0	4	2	2	2	0	0	3	0	2	0	0	1
	offic	office	0	3	0	4	1	4	4	3	2	3	0	0	2	0	0	4	1	0	4	4	4	4	0	0	2	0	2	3	2	0	0	0	0	0	0	0	0	0	2	0	0	0	0	0	0	1	0	0
	offic	Officer	4	0	0	0	0	2	0	0	0	2	0	0	0	0	2	1	4	3	0	3	3	2	4	1	2	3	1	0	2	3	3	4	0	0	4	2	3	3	0	0	3	0	2	0	2	0	3	2
	offic admiistr	Office Admiistration	3	0	1	3	0	3	4	0	1	4	4	2	4	4	1	4	0	0	4	1	0	4	0	3	0	3	2	3	0	4	0	1	3	0	4	0	4	4	0	1	0	3	4	0	1	0	0	0
	offic adminstr assist	Office Adminstration Assistant	3	0	1	4	2	2	2	1	1	1	2	2	1	1	1	1	2	1	3	2	1	3	1	3	2	3	2	2	2	3	2	2	0	1	1	1	2	2	1	2	1	3	4	2	2	3	2	3
	offic admistrt	office admistrtion	1	2	0	3	4	3	2	1	2	0	2	2	3	0	1	3	2	0	2	2	1	3	0	1	4	2	1	2	4	3	4	4	2	2	2	4	4	4	3	4	4	0	4	4	4	1	4	4
	offic autom	office automation	2	0	0	0	0	0	0	0	2	3	0	0	0	0	0	0	2	3	2	3	2	4	0	2	3	4	1	2	3	0	2	2	1	0	0	2	2	0	0	0	0	0	0	3	0	0	0	0
	offic system	office system	2	0	0	0	0	4	1	3	3	2	4	3	2	2	2	0	2	2	2	3	2	3	3	2	3	4	4	3	4	2	3	2	0	3	3	3	2	2	0	0	3	3	3	3	3	0	2	4
	offshor engin	Offshore Engineering	2	1	4	3	3	2	0	2	0	1	0	1	0	1	1	0	0	1	0	2	0	3	0	0	0	1	2	0	1	4	1	1	0	2	1	0	4	3	0	3	3	1	3	3	3	2	2	3
	offshor engin	offshore engineering	4	2	4	0	4	2	4	4	0	0	0	0	0	4	0	4	1	4	4	1	2	4	2	4	4	4	4	2	2	4	4	2	2	2	2	2	4	4	2	2	4	2	2	4	4	4	2	4
	ofic adminstrion	ofice adminstrion 	3	4	0	0	0	0	4	3	1	0	0	0	0	0	1	2	3	0	3	4	4	4	3	1	4	4	3	4	4	3	4	4	4	4	4	4	4	4	4	4	4	4	4	4	4	3	4	4
	oil engin	oil engineering	3	0	4	3	3	2	0	2	1	0	1	2	2	0	2	1	1	2	4	4	2	3	3	2	2	1	3	3	2	0	2	3	0	0	3	3	3	0	0	1	2	2	0	2	2	0	0	3
	oil gas	Oil and gas	2	0	2	0	1	0	2	0	3	4	4	3	4	4	4	4	0	3	0	0	0	0	3	2	0	0	2	3	2	3	4	1	2	3	2	1	1	2	2	2	1	3	0	0	0	2	0	2
	oil gas	oil and gas	2	2	3	1	1	1	1	1	3	2	2	1	2	3	2	2	1	2	1	2	1	2	1	2	1	1	1	2	1	1	1	1	1	1	1	1	2	1	1	1	1	2	1	1	1	2	1	1
	oil gas engin	Oil and Gas ENGINEERING	3	3	4	4	4	3	3	3	2	4	2	2	1	4	1	1	0	0	0	0	0	0	4	0	4	3	3	3	4	4	3	3	3	2	3	1	3	3	2	4	3	4	4	2	3	3	3	4
	oncolog	Oncology 	2	0	0	0	0	0	0	0	4	0	0	4	0	0	1	0	0	3	2	0	0	0	3	4	4	0	4	4	4	1	2	0	0	2	2	4	3	4	1	1	0	0	0	2	0	0	0	0
	oncolog	ONCOLOGY	0	2	0	1	1	0	1	0	2	1	2	3	2	2	4	0	1	0	1	1	0	4	1	0	2	3	3	3	3	2	4	2	1	3	1	1	0	1	0	0	0	0	1	1	0	4	0	0
	one	dont have one	0	0	0	0	0	0	0	0	0	0	0	0	0	0	0	0	0	0	0	0	3	0	0	0	0	0	0	0	0	0	0	0	0	0	0	0	0	0	0	0	0	0	0	0	0	0	0	0
	one	Have not been to one yet.	2	0	1	0	2	0	0	2	0	3	0	0	2	0	4	2	1	3	0	4	2	0	4	3	4	3	0	4	0	3	2	4	3	1	0	1	0	2	4	3	2	1	0	2	0	2	4	2
	one	Not attending one	2	2	2	2	2	2	2	2	1	3	3	1	1	3	1	1	3	3	2	3	3	4	4	2	2	2	2	2	2	2	2	2	2	2	3	2	2	2	2	3	1	2	1	1	2	1	1	1
	open	Open	2	0	0	3	0	0	1	0	2	2	0	3	2	2	3	2	2	0	0	3	1	3	0	0	2	0	0	0	2	0	0	0	0	0	0	0	0	0	0	0	0	0	0	0	2	3	0	0
	oper research	operations research	1	0	0	1	0	1	0	0	3	4	3	2	3	3	2	1	2	1	1	1	2	2	0	1	4	3	1	2	3	3	3	2	1	2	2	1	3	2	1	3	3	3	3	3	4	4	4	2
	oper research	Operational Research	2	2	2	0	2	2	3	2	0	4	4	0	3	4	2	3	3	4	3	4	4	4	4	4	4	3	0	3	1	1	1	2	0	0	3	0	0	0	0	0	0	0	0	0	0	3	0	0
	oper room	operating room	2	2	3	3	3	2	3	2	4	3	3	3	4	3	3	3	3	3	2	3	3	4	2	3	3	2	2	1	2	0	1	3	0	1	1	0	3	0	2	1	1	2	2	3	2	2	1	2
	oper technic	Operation Technical Studies	3	1	0	2	0	0	0	0	0	0	0	0	0	0	0	0	1	0	0	0	0	0	0	0	4	2	1	4	1	0	0	3	2	0	3	0	3	0	0	0	0	1	0	0	4	4	0	0
	ophthalm technolog	Ophthalmic technician 	1	0	0	1	0	1	0	0	4	4	4	3	3	1	3	1	3	3	3	3	4	3	1	3	3	3	1	4	3	1	3	1	0	0	1	1	1	0	1	0	3	3	3	3	4	3	3	3
	optician licens	Optician license	2	0	0	0	1	0	1	0	3	2	2	1	2	1	1	1	0	1	2	1	1	1	2	1	0	1	3	4	3	1	3	3	0	1	1	1	1	1	1	2	1	2	1	2	0	1	2	1
	opticianri	Opticianry	3	2	1	3	3	2	3	2	4	3	3	1	2	4	3	4	1	2	2	3	4	3	0	3	1	2	1	3	3	1	3	0	1	0	3	2	0	1	1	1	4	3	4	4	4	3	1	3
	optometri	Optometry	0	4	3	3	1	3	2	1	4	4	4	4	3	4	1	3	1	2	3	2	3	1	3	2	3	3	3	3	3	1	3	1	0	2	0	1	0	0	3	0	0	2	0	2	0	1	0	0
	optometri	Pre-optometry	2	2	0	0	0	2	0	2	4	3	3	3	3	2	2	2	2	0	0	2	0	4	3	0	3	2	3	3	3	2	2	2	2	0	0	2	0	0	4	0	0	2	0	0	0	2	0	0
	optometri	Optometry	3	2	2	2	1	1	3	2	4	4	4	4	4	4	3	3	2	2	4	3	4	2	1	4	4	4	4	2	4	4	4	4	2	3	4	1	3	4	1	4	2	2	3	2	2	2	2	2
	optometri	optometry	0	0	0	0	0	0	0	0	0	0	0	0	0	0	0	0	0	0	0	0	0	0	0	0	0	0	0	0	0	0	0	0	0	0	0	0	0	0	0	0	0	0	0	0	0	0	0	0
	optometri	Optometry	2	3	1	3	3	3	3	3	3	3	0	3	2	4	2	4	3	1	2	2	1	4	2	3	2	3	3	4	4	3	4	3	0	0	1	2	1	1	0	3	0	0	2	2	2	2	0	1
	optometri	Optometry	3	2	1	2	1	2	1	2	4	4	4	4	3	3	3	3	3	3	1	2	3	4	2	2	3	3	3	3	3	2	3	2	1	0	1	0	1	1	0	2	0	1	1	1	0	0	1	0
	optometri	Pre-optometry	2	2	0	0	0	2	0	2	4	3	3	3	3	2	2	0	2	0	0	2	0	4	3	0	3	2	3	3	2	2	2	2	0	0	0	2	0	0	4	0	0	2	0	0	0	2	0	0
	optometri	Optometry	1	0	2	1	0	0	0	0	4	1	1	4	1	3	1	3	2	0	3	3	0	4	0	3	1	3	0	3	2	0	0	3	2	3	3	1	2	3	0	0	4	4	4	3	4	3	3	2
	optometri	OPTOMETRY	2	0	0	0	0	0	0	0	3	0	1	0	3	0	3	0	2	3	3	4	4	2	0	3	4	0	0	4	1	1	1	1	2	3	1	0	1	3	1	0	3	0	0	4	0	2	1	0
	optometri	Optometry 	3	3	2	2	2	2	4	1	3	2	2	1	2	2	3	1	1	1	3	2	1	3	1	2	1	2	1	2	2	3	3	2	1	4	2	2	2	3	3	3	3	3	4	3	4	4	4	3
	optometri	Optometry 	3	0	0	0	0	1	0	0	3	3	3	3	3	3	3	3	3	3	3	2	3	4	0	3	3	2	2	2	3	3	3	1	0	1	2	1	1	1	0	3	3	2	3	3	3	4	3	3
	optometri	optometry	2	3	0	4	0	3	0	2	4	4	4	4	4	4	4	4	0	0	2	4	4	0	2	4	2	2	0	2	0	0	0	2	0	0	4	0	2	0	0	2	0	4	0	0	2	4	0	2
	optometri	optometry	1	0	0	0	0	0	0	0	4	4	2	4	3	3	3	0	0	0	2	2	3	0	2	0	2	4	2	2	4	4	3	2	0	0	3	0	0	0	0	1	2	1	3	2	1	0	0	1
	optometri	optometry	4	0	0	2	4	2	2	2	2	0	0	2	2	0	2	0	0	0	4	0	0	2	0	2	2	2	2	2	0	2	2	2	4	4	4	0	4	2	0	4	0	4	4	2	0	2	4	4
	optometri	Optometry  	1	1	1	1	1	2	1	1	3	3	3	3	3	3	3	2	2	2	2	2	2	2	1	1	0	2	0	0	0	0	1	0	1	1	1	0	1	1	1	1	1	1	1	1	0	2	1	1
	optometri	Optometry	0	0	0	3	0	3	0	0	2	3	3	4	3	1	3	3	0	0	3	1	2	0	0	0	3	3	4	1	3	2	1	2	0	0	3	0	3	2	0	1	0	0	2	0	2	0	0	0
	optometri	optometry	2	0	4	2	4	0	3	0	4	2	2	3	2	4	4	1	1	2	1	0	2	4	3	0	3	4	2	4	4	3	2	2	2	4	2	2	4	3	2	4	2	3	4	2	2	4	2	4
	oraganiz leadership	Oraganizational Leadership 	3	2	2	2	2	3	2	2	4	0	1	2	1	1	0	0	1	1	0	0	0	2	2	0	3	3	1	3	4	3	1	0	2	4	3	0	4	3	3	3	3	3	3	3	1	1	4	3
	org dev	Org dev	0	3	3	1	3	3	3	3	4	4	4	4	4	4	4	4	2	3	4	4	4	4	4	4	4	4	4	4	4	4	3	3	0	1	3	3	3	2	0	3	0	0	1	0	2	2	0	0
	org dev	Org Dev	2	1	1	0	0	3	0	1	1	3	3	1	2	3	1	1	4	4	3	4	4	4	3	1	3	3	1	2	3	2	2	1	1	3	2	1	4	2	2	2	0	1	0	1	0	0	1	0
	org develop	org development	0	0	3	1	0	2	0	0	2	0	3	1	3	2	3	1	0	1	1	2	3	2	2	2	4	2	2	3	0	2	1	1	0	1	3	1	2	2	3	1	0	2	1	0	3	2	3	0
	org leadership	Org Leadership	1	0	0	0	0	1	0	0	3	2	2	2	2	2	2	0	2	2	0	1	2	2	2	0	2	4	3	2	3	4	3	2	1	0	0	1	2	1	0	2	0	0	0	1	0	1	0	0
	org leadership	Org. Leadership	1	2	0	1	0	1	0	2	3	3	4	2	2	3	2	1	0	1	3	2	3	2	1	2	3	3	3	2	2	0	3	3	0	0	4	0	3	0	1	0	2	2	2	3	4	1	3	1
	org leadership	Org. Leadership	2	0	0	0	0	1	0	1	2	3	0	0	0	2	1	1	2	0	0	0	0	0	1	1	4	4	3	0	3	3	3	3	2	3	4	0	4	3	1	3	4	3	4	4	3	2	3	3
	organ	ORGANIZATION	3	1	1	0	1	0	3	2	2	2	2	1	2	1	1	0	2	3	0	1	1	2	2	0	3	3	2	2	2	3	2	2	3	2	3	2	3	4	2	2	3	2	2	3	2	1	3	3
	organ develop	Organization Development	0	1	1	0	1	1	0	0	1	2	1	0	1	1	0	0	2	2	4	0	2	1	2	2	4	3	4	3	4	4	4	4	1	3	3	2	3	3	1	3	1	2	1	3	1	1	1	0
	organ develop	Organization development 	0	1	0	0	0	1	0	0	0	3	3	0	0	2	0	0	2	2	0	2	3	3	1	0	4	3	3	3	4	2	3	2	2	0	2	0	1	0	4	2	0	0	0	0	0	3	0	0
	organi leadership	Organiational Leadership	0	0	0	0	0	0	0	0	1	3	0	0	0	1	0	0	0	0	0	0	0	0	0	0	3	3	4	0	4	1	1	1	0	0	3	0	0	0	0	1	1	0	0	1	0	0	0	0
	organi leadership	Organiational Leadership	0	0	0	0	0	0	0	0	1	1	0	0	0	1	0	0	0	0	0	0	0	0	0	0	3	3	4	0	4	0	1	1	0	1	1	0	1	0	0	0	1	0	0	1	0	0	0	0
	organis behavior	Organisational Behavior	0	0	0	1	1	1	1	0	2	2	0	0	1	1	1	0	0	1	2	2	3	0	1	0	3	1	2	3	3	0	2	0	1	0	1	1	3	0	1	0	1	0	1	1	2	3	1	0
	organis behaviour	organisational Behaviour	0	0	0	2	0	0	0	0	1	4	4	3	4	4	2	3	4	4	3	4	4	4	2	4	2	4	4	3	4	3	3	2	0	0	2	1	3	1	1	2	0	2	2	2	3	1	1	1
	organis develop	Organisational development	4	3	0	0	0	4	1	3	4	4	3	4	4	4	1	3	1	4	3	1	4	3	3	4	4	3	0	0	1	4	4	1	0	4	4	0	4	4	0	1	0	4	3	1	4	3	3	4
	organis develop	Organisation Development 	1	3	1	1	0	3	0	1	3	3	3	4	3	1	1	1	1	2	3	2	4	4	0	2	4	3	4	0	1	1	3	1	1	0	1	0	1	0	0	1	4	0	0	0	0	0	0	0
	organis develop	organisational development	1	3	3	1	1	1	0	1	3	3	4	1	2	3	3	3	1	1	3	2	1	3	3	3	4	3	3	4	3	2	3	3	2	1	3	1	3	1	1	1	2	3	3	3	3	3	1	1
	organiz	Organizational	2	1	0	1	0	2	0	0	3	3	3	3	3	4	4	3	2	3	2	2	2	2	0	2	4	2	4	3	4	0	1	1	2	3	2	0	3	1	2	2	1	1	0	2	3	2	1	1
	organiz behavior	organizational behavior	2	3	0	1	2	4	1	2	3	4	4	1	4	4	4	2	0	0	2	0	1	0	0	1	3	4	2	3	2	1	2	4	2	2	1	2	2	1	2	2	2	2	2	2	1	2	1	2
	organiz behavior	Organizational Behavior	0	2	0	0	0	2	1	2	4	2	3	0	2	1	2	0	1	0	0	0	0	3	1	3	2	2	0	3	2	4	2	2	0	1	0	0	3	2	1	2	2	1	2	2	1	3	2	1
	organiz behavior	Organizational Behavior	0	3	2	3	2	4	1	2	2	3	1	3	1	4	1	3	4	4	4	4	4	4	2	4	4	4	2	3	2	1	3	1	0	0	3	2	3	2	0	2	0	0	0	0	0	2	2	0
	organiz behaviour	Organizational Behaviour	0	1	0	1	0	1	0	1	1	1	1	1	1	1	1	2	2	4	2	4	4	4	4	3	4	4	3	2	4	4	3	1	1	0	3	1	4	1	0	1	0	0	0	0	0	0	0	0
	organiz behaviour labour relat	Organizational Behaviour and Labour Relations	0	3	2	0	0	0	0	0	1	2	2	0	0	1	0	3	2	2	2	4	1	4	2	3	0	2	1	0	0	1	2	0	0	0	4	0	3	0	0	0	0	0	0	0	0	0	0	0
	organiz communic	Organizational communications	4	2	0	2	2	3	3	3	3	3	1	2	1	2	0	2	0	1	1	1	0	1	3	2	3	2	3	1	3	3	3	0	0	1	1	0	3	1	1	3	3	3	2	3	3	3	1	3
	organiz communic	Organizational Communication	1	3	4	2	1	3	2	3	3	4	4	4	3	4	2	3	3	0	4	3	3	1	3	3	2	3	2	4	3	4	2	0	3	3	2	3	3	3	3	3	0	1	1	1	3	0	1	0
	organiz communic	Organizational Communication	2	0	0	0	0	0	0	0	1	2	1	0	0	1	0	0	0	1	3	0	3	1	2	1	4	3	4	3	4	2	2	2	1	2	4	1	4	2	1	1	3	1	4	3	1	3	3	2
	organiz communic	Organizational Communication	1	0	0	1	0	0	1	0	1	2	0	1	0	3	0	1	1	1	0	1	3	2	2	3	4	3	3	2	4	2	2	2	2	3	3	2	4	3	1	2	3	2	3	3	3	3	2	2
	organiz develop	Organizational Development	0	0	0	0	0	0	0	0	2	0	0	0	0	0	0	0	4	3	2	3	3	3	2	2	4	3	4	2	4	0	2	2	2	0	3	0	0	1	2	0	0	0	0	0	0	0	0	0
	organiz develop	Organizational Development	0	1	0	1	1	1	0	1	2	1	1	2	2	2	2	2	0	0	1	0	2	0	0	1	4	1	1	2	1	0	1	0	0	0	0	0	0	0	0	0	0	0	0	0	0	1	0	0
	organiz develop	Organizational Development	2	3	0	3	2	3	3	3	1	0	0	0	0	0	0	3	0	1	4	2	3	3	3	3	3	2	3	1	3	0	0	1	0	1	2	2	2	1	2	1	1	3	2	2	3	3	1	1
	organiz develop	Organizational Development	2	0	0	1	1	2	1	0	2	2	1	3	1	2	1	2	3	3	3	4	3	3	2	3	3	2	1	2	2	1	1	1	3	3	2	0	4	2	2	3	1	1	1	1	1	1	2	1
	organiz develop	organizational development	1	2	1	1	1	2	0	3	3	2	1	2	3	2	2	1	2	3	2	2	3	2	3	3	2	3	4	2	4	2	2	3	1	2	3	1	3	2	1	2	3	2	3	3	3	4	3	3
	organiz develop	Organizational Development	2	2	0	0	0	3	0	2	3	4	3	3	2	3	2	1	0	0	1	0	0	0	1	1	4	1	3	3	3	2	1	3	0	0	1	1	0	0	1	2	0	0	0	0	0	1	0	0
	organiz develop	Organizational Development	0	0	0	1	0	2	0	0	4	3	3	1	3	4	2	3	4	3	4	3	4	4	3	4	4	3	3	4	4	4	4	3	1	1	2	1	3	1	2	2	1	1	2	2	1	2	2	1
	organiz develop leadership sup	Organizational Development Leadership and Sup	3	3	3	3	3	3	3	3	3	3	3	3	3	3	3	3	3	4	1	1	3	3	3	3	4	4	3	1	3	4	4	3	3	3	3	3	3	3	4	3	3	3	3	3	3	3	4	3
	organiz leadership	Organizational Leadership	2	1	3	1	1	3	0	2	3	3	3	3	3	2	2	2	1	1	0	1	2	2	2	1	4	1	3	2	4	2	3	2	0	0	1	1	2	1	2	1	0	0	0	1	2	1	1	0
	organiz leadership	Organizational Leadership	0	1	0	0	1	0	0	0	0	1	0	0	0	0	0	0	0	0	0	0	0	0	3	0	4	3	4	2	4	3	2	1	2	1	2	1	2	2	3	3	1	1	0	1	2	1	2	1
	organiz leadership	Organizational Leadership	0	2	0	0	0	2	0	2	3	3	2	3	1	3	0	0	4	4	2	3	3	2	1	4	4	3	3	3	4	3	3	0	3	4	3	3	4	4	4	3	1	1	0	0	0	1	0	0
	organiz leadership	Organizational Leadership	0	1	0	0	0	3	0	2	3	0	0	2	0	1	0	0	0	3	4	3	4	3	4	1	4	4	1	4	3	3	3	3	1	1	2	2	4	1	3	3	0	0	0	0	2	2	2	2
	organiz leadership	Organizational Leadership	2	1	1	1	1	1	1	1	3	1	1	1	1	2	1	2	0	2	0	1	1	1	2	2	4	4	4	3	3	3	2	3	0	1	3	1	3	2	1	2	1	2	2	2	2	2	2	1
	organiz leadership	Organizational Leadership	0	0	0	0	0	0	1	0	0	0	0	0	0	0	0	0	1	2	0	2	0	0	0	0	3	3	1	0	1	1	0	0	0	1	3	0	4	0	0	0	3	0	1	2	1	2	2	0
	organiz leadership	organizational leadership	1	0	0	1	0	0	0	0	4	4	4	2	4	4	4	4	4	4	2	1	3	2	3	4	4	3	4	4	4	3	4	0	0	0	1	0	1	0	0	0	3	0	1	3	0	1	2	1
	organiz leadership	organizational leadership 	0	2	2	0	0	1	0	2	4	3	3	2	1	2	2	1	1	1	0	2	3	3	3	1	4	3	2	4	3	3	3	3	0	1	3	4	4	3	3	3	3	2	3	3	3	3	4	2
	organiz leadership	Organizational Leadership	2	0	2	2	0	1	0	1	3	1	1	3	2	2	2	2	3	3	3	4	4	4	3	2	4	4	3	1	3	3	3	1	0	0	1	0	4	0	1	2	0	0	2	2	2	2	0	2
	organiz leadership	Organizational leadership	1	2	1	2	2	4	2	3	2	2	1	2	2	2	1	2	1	1	1	2	3	4	4	1	1	3	0	3	0	1	2	0	0	2	1	2	4	1	2	3	0	2	1	2	1	2	1	2
	organiz leadership	Organizational Leadership	3	2	2	2	1	1	1	0	2	2	1	2	2	2	2	1	0	1	4	4	3	2	3	3	3	3	3	2	2	1	2	1	1	0	2	0	3	0	0	0	2	4	2	1	3	2	0	2
	organiz leadership	Organizational Leadership	1	0	0	1	0	1	0	0	1	0	1	0	1	1	0	1	3	3	3	4	4	4	1	3	4	4	2	3	3	1	2	0	0	1	2	0	4	1	0	0	0	1	1	2	2	1	0	0
	organiz leadership	Organizational Leadership	0	0	0	0	0	0	0	1	1	0	1	0	0	0	0	0	0	0	1	0	0	0	0	0	3	4	3	0	4	3	3	3	1	1	1	0	0	0	0	0	2	1	2	3	1	2	2	2
	organiz leadership	Organizational Leadership	0	0	1	1	2	1	1	1	3	0	1	2	2	1	1	1	2	3	2	3	3	2	1	2	3	2	3	3	3	2	3	3	2	2	2	2	3	3	3	1	3	1	1	3	2	2	2	2
	organiz leadership	Organizational Leadership	0	0	2	0	0	0	0	0	3	3	3	3	2	3	2	2	2	1	0	0	2	3	0	0	2	3	0	0	0	0	0	0	3	0	2	0	1	0	3	0	0	0	0	0	0	0	2	0
	organiz leadership	Organizational Leadership	2	0	0	3	0	2	0	0	4	4	4	4	4	4	4	4	4	2	3	4	2	4	4	3	3	2	2	4	2	2	2	1	0	0	0	0	4	0	0	2	0	2	0	0	2	0	3	0
	organiz leadership	Organizational Leadership	1	0	0	0	0	0	0	0	0	3	3	0	0	3	0	3	4	4	4	3	4	4	0	4	4	4	4	3	4	4	4	3	1	0	3	3	3	0	0	1	3	2	3	4	0	0	1	4
	organiz leadership	Organizational Leadership	0	0	0	0	0	0	0	0	4	4	4	4	4	3	4	1	2	2	3	2	2	2	3	1	4	4	4	1	4	4	4	4	1	1	2	0	1	0	2	2	0	1	1	0	3	0	2	0
	organiz leadership	Organizational Leadership	2	3	3	3	1	3	0	3	3	2	2	4	3	1	4	1	0	0	2	4	3	1	3	0	4	4	4	1	4	3	4	4	2	0	2	0	4	0	3	0	2	0	4	3	2	1	4	0
	organiz leadership	Organizational Leadership	3	2	0	2	1	2	1	2	3	2	3	3	3	3	3	2	3	2	3	3	3	3	2	3	3	2	1	3	1	1	1	2	0	0	2	2	2	1	1	1	0	1	1	2	3	2	1	1
	organiz leadership	Organizational Leadership	3	2	3	4	3	4	2	2	0	3	2	0	0	2	1	0	0	3	0	0	2	0	2	0	3	3	0	0	3	3	0	2	0	0	4	0	4	1	0	2	3	1	4	3	1	3	0	2
	organiz leadership	Organizational Leadership	3	0	0	1	0	0	0	0	0	2	1	2	0	3	0	1	3	3	3	2	2	3	0	1	4	4	4	3	4	3	4	4	2	1	3	0	4	1	2	3	4	4	4	4	4	2	3	4
	organiz leadership	Organizational leadership	1	3	2	0	0	3	1	3	3	1	0	0	2	2	1	0	3	3	4	1	0	3	0	0	4	4	3	4	3	4	3	1	3	4	3	0	3	3	3	3	0	3	1	3	0	3	2	0
	organiz leadership	organizational leadership	0	0	0	0	0	1	0	0	2	4	0	1	0	2	0	1	1	2	0	2	3	2	0	1	3	3	1	4	2	2	3	2	0	0	3	1	4	3	0	2	1	1	1	1	1	1	1	1
	organiz mangement	Organizational Mangement	1	3	1	2	2	3	2	3	2	3	3	1	1	1	1	3	1	2	1	2	1	1	2	3	2	2	2	3	2	2	1	2	2	3	3	2	4	4	1	2	4	3	4	4	4	4	2	3
	organiz mgt	Organizational Mgt	1	0	0	0	0	0	0	0	3	2	1	4	0	1	0	0	1	1	1	1	1	3	0	1	4	4	4	2	4	2	4	4	0	0	0	0	0	0	1	1	0	0	0	2	0	3	0	0
	organiz mgt	Organizational Mgt	1	0	0	0	0	1	0	0	4	2	1	4	1	1	1	0	2	3	1	2	1	2	0	0	4	1	4	2	4	3	3	3	1	1	1	0	3	1	1	1	1	1	0	1	3	2	0	0
	organiz supervis	Organizational Supervision	1	0	0	0	0	0	0	0	1	4	4	2	0	4	1	0	0	1	4	2	0	0	3	0	3	0	4	2	2	2	2	1	0	3	2	1	2	1	0	2	3	2	2	3	3	2	3	2
	orient	Oriental Studies	1	3	2	3	3	1	3	3	4	3	2	4	3	1	2	4	2	1	1	1	3	4	4	3	4	4	4	3	3	1	3	3	3	1	3	1	1	2	1	1	2	3	1	1	2	0	0	2
	orthodintist	orthodintist	0	0	0	0	0	0	0	0	0	4	3	2	3	3	2	3	0	0	4	0	2	0	0	0	2	2	0	0	4	0	0	0	2	0	1	3	3	0	0	0	2	0	0	0	0	2	0	0
	orthodont	orthodontic	0	0	0	0	0	0	0	0	4	4	4	4	4	0	2	0	4	0	4	4	4	4	0	0	1	4	0	4	4	4	4	2	0	4	0	0	0	2	1	0	0	0	0	0	0	0	0	0
	orthodontist	orthodontist	1	0	0	0	1	0	0	0	4	1	1	1	1	0	1	0	1	0	0	0	0	1	0	0	1	1	1	1	1	1	1	1	2	0	0	0	0	1	0	0	1	0	1	1	0	0	0	0
	orthoped	Orthopedics	1	0	1	1	0	0	1	0	4	2	3	4	4	2	4	2	0	0	0	0	0	0	0	0	1	3	2	1	1	0	0	0	0	0	0	0	0	0	0	0	0	0	0	0	0	0	0	0
	osh	oshe	2	1	3	1	4	3	1	1	3	4	3	3	3	4	1	1	0	0	0	0	0	0	4	0	3	2	3	4	4	3	2	3	3	4	0	4	4	3	4	0	3	3	1	0	3	2	2	2
	osh	oshe	0	0	2	1	1	2	1	2	4	4	3	1	3	3	1	1	0	0	1	0	2	0	4	1	3	2	3	4	4	3	2	2	3	3	1	3	4	3	4	0	2	2	3	1	3	1	3	2
	osh	OSH&E	3	2	1	2	2	3	3	1	4	4	3	0	3	3	2	0	0	0	0	0	0	1	1	0	2	1	1	2	4	1	0	0	0	2	0	0	0	0	3	0	0	2	0	0	0	1	0	0
	osha	OSHA	0	0	0	0	0	0	0	0	2	3	1	3	0	0	0	0	0	0	1	0	0	0	1	1	1	3	3	1	3	3	3	2	0	3	0	1	0	1	0	0	0	0	0	2	0	0	0	2
	osteopathi	Osteopathy 	2	3	0	2	1	3	1	1	4	4	3	3	3	4	3	1	3	0	1	0	0	2	0	1	3	4	4	4	3	3	2	2	1	1	1	3	1	1	0	1	2	2	1	1	0	0	2	1
	ot	OT	2	3	0	2	0	3	0	4	4	0	0	3	0	0	0	0	4	4	2	4	4	4	3	4	4	3	4	2	4	4	1	1	0	0	2	1	0	0	0	3	0	0	1	0	0	0	0	0
	ot	OT	0	0	0	0	0	0	0	0	3	3	2	3	3	3	2	1	1	2	1	1	3	3	0	3	1	3	3	1	3	2	3	4	1	2	0	2	2	0	0	0	0	0	0	1	0	0	0	0
	ot	OT	2	3	0	1	2	2	2	2	4	3	0	1	0	3	0	0	0	1	3	3	4	2	0	2	4	4	4	3	4	4	4	4	0	0	2	2	1	2	0	3	2	2	4	4	4	2	2	2
	ot	OT	0	1	0	1	0	1	0	1	4	3	3	4	4	3	3	2	4	4	4	4	3	4	4	3	4	4	4	4	4	4	4	4	1	1	2	2	1	2	0	3	2	0	1	1	0	0	1	0
	ota	OTA	2	0	3	2	1	1	1	1	4	4	4	4	1	4	1	4	3	3	3	4	3	3	4	3	3	3	4	3	4	4	4	3	1	1	1	1	1	1	2	3	1	3	1	2	1	2	1	1
	ota	OTA	2	1	2	2	2	1	1	1	4	4	3	4	1	3	1	3	3	3	3	4	3	3	3	3	3	3	3	3	3	3	4	3	1	1	1	2	1	1	1	3	1	2	2	2	1	2	1	1
	ota	OTA	4	2	0	4	0	4	4	1	4	3	2	0	4	3	4	2	0	4	0	0	0	0	0	2	2	4	4	4	4	3	4	4	2	2	2	0	1	1	2	0	0	2	3	0	2	4	4	0
	ota	OTA	0	0	2	0	1	1	1	1	3	4	3	4	1	4	1	3	3	3	3	4	3	4	4	3	3	3	4	3	4	4	4	3	0	0	0	1	1	0	1	2	0	0	0	1	1	2	1	0
	ota	ota	0	0	0	0	0	0	1	0	0	1	0	2	0	0	1	0	2	3	4	3	3	4	4	3	3	3	2	3	4	2	2	4	2	3	3	3	1	4	0	0	2	0	2	3	0	1	0	0
	ota	ota	0	3	2	1	1	2	1	3	2	2	2	2	1	3	2	2	1	1	2	1	2	2	3	1	2	2	3	4	3	4	3	3	3	3	3	2	3	3	4	2	3	1	2	1	2	2	3	2
	ota	OTA	2	0	0	0	0	0	0	0	3	4	0	0	0	0	0	0	0	0	0	0	0	0	0	0	4	4	4	0	4	3	4	3	0	4	0	2	0	3	0	0	0	2	0	0	0	0	0	0
	ota	ota	0	0	0	0	0	0	0	0	3	3	3	2	2	2	0	0	0	0	1	2	1	0	2	1	3	3	3	3	3	2	2	3	2	1	1	2	2	1	2	0	0	0	0	0	0	0	0	0
	ota	Pre-OTA	3	2	0	0	0	0	2	1	3	2	1	2	0	3	0	1	0	0	0	0	0	0	0	0	4	4	3	3	3	4	3	4	1	3	0	2	2	2	2	2	0	0	0	2	0	2	1	1
	other	others	2	0	0	1	0	0	1	0	2	0	0	1	2	0	0	0	1	1	0	0	0	0	0	0	2	2	0	0	0	0	1	0	2	0	3	0	3	1	2	1	0	1	2	0	0	0	1	0
	otpic engin	otpic engineering	4	0	2	1	0	2	0	0	1	0	1	2	0	0	0	0	4	2	3	2	2	2	0	0	4	4	4	3	3	2	2	4	3	3	3	3	3	3	2	3	3	3	3	3	3	2	3	3
	outdoor adventur learn	Outdoor and Adventure Learning 	0	0	0	0	0	1	0	0	0	0	0	0	0	0	0	0	3	2	3	4	2	4	0	3	2	2	3	2	3	3	2	3	1	2	0	0	1	2	0	2	0	2	0	0	0	2	0	0
	outdoor adventur learn	Outdoor Adventure Learning	2	0	0	0	0	0	0	0	0	4	3	0	2	3	0	0	0	0	0	3	0	3	2	0	3	4	2	4	2	4	0	2	3	2	1	0	2	1	0	0	3	0	2	2	0	0	3	0
	outdoor leadership	Outdoor Leadership	0	2	0	0	0	1	0	2	2	2	2	0	0	2	1	2	0	2	0	0	0	2	4	0	3	4	4	2	4	4	4	2	2	2	3	3	3	2	4	3	0	0	0	0	0	0	2	0
	p	p	2	0	0	0	0	0	0	0	4	0	0	4	3	0	1	0	2	0	0	4	3	1	0	3	3	1	0	4	4	3	4	0	0	0	4	0	4	3	1	2	0	1	1	1	1	1	1	1
	p	[/p-79y	2	2	2	0	4	0	2	2	2	1	2	0	4	2	3	2	2	2	1	0	4	2	0	2	2	0	2	0	4	2	2	2	1	1	2	4	0	3	2	2	1	2	0	4	3	0	2	2
	p	P	2	3	0	2	3	3	1	2	3	1	3	2	3	2	3	3	0	0	1	3	4	1	3	3	3	1	4	2	4	2	3	1	1	1	1	0	2	3	0	3	3	0	2	1	0	2	0	2
	padagog	padagogics	2	1	0	0	0	1	2	0	1	3	4	2	3	2	3	0	1	2	1	4	3	3	0	1	4	0	1	2	1	2	1	1	1	2	2	3	3	2	2	3	2	2	3	4	4	3	3	3
	paedagog	Paedagogics	2	2	1	2	1	3	0	1	3	4	3	3	3	3	2	3	3	4	3	4	4	3	3	4	3	4	3	3	3	3	3	3	1	1	3	2	3	2	1	3	0	1	2	1	1	0	0	1
	paediatr	Paediatrics	0	0	0	0	0	0	0	0	3	0	0	3	2	0	0	0	0	0	0	0	0	0	0	0	0	4	2	0	0	0	0	2	0	0	0	3	0	0	0	0	0	0	0	0	0	0	0	0
	paint	painting	4	2	0	0	1	1	0	2	3	4	3	2	1	4	3	0	0	3	3	2	4	0	1	3	1	0	1	1	4	1	1	1	0	0	2	1	3	2	0	4	0	3	0	1	0	1	0	1
	paint	Painting	0	1	0	0	0	0	0	0	3	2	0	0	0	0	0	0	1	2	3	2	4	0	0	3	1	2	2	0	3	0	2	0	0	0	0	0	0	0	0	0	0	0	0	0	0	0	0	0
	paint	painting	4	4	3	4	3	4	4	2	4	4	4	2	0	4	3	4	4	4	4	4	4	4	4	4	4	4	4	4	2	4	4	4	4	0	0	4	4	4	0	4	4	2	1	2	0	0	0	2
	paint	Painting	2	3	3	2	1	3	0	0	1	4	2	1	0	2	0	1	4	4	4	4	4	4	3	4	2	3	1	3	1	0	0	1	3	3	3	3	1	4	2	2	0	2	0	0	0	2	0	2
	paint	Painting 	4	4	0	4	0	4	0	4	4	4	4	1	2	4	3	0	1	2	3	1	1	4	4	4	2	4	1	1	4	4	4	4	2	1	2	3	0	2	0	0	4	4	2	3	0	0	0	3
	paint printmak	Painting/Printmaking 	0	1	1	0	0	1	0	1	2	2	2	2	2	3	2	3	2	3	4	3	4	3	2	4	3	3	3	2	4	3	3	2	0	1	2	1	1	1	0	3	0	0	0	0	0	1	0	0
	palaeontolog	palaeontology	2	1	0	0	0	0	0	0	3	4	4	0	4	4	4	4	0	0	2	0	3	2	0	0	0	0	0	2	0	0	0	0	0	0	0	0	2	0	0	0	2	0	2	2	3	2	2	2
	paleontolog	paleontology	2	2	1	0	0	2	0	0	2	4	4	0	3	3	2	0	0	4	2	0	4	2	3	1	2	2	3	0	3	0	1	0	0	0	0	0	0	0	0	0	0	0	0	0	0	0	0	0
	paleontolog	paleontology	0	0	0	0	0	0	0	0	1	4	3	0	1	4	0	1	2	4	3	0	2	1	4	3	0	2	1	0	2	0	0	1	0	1	0	0	1	0	0	0	0	0	2	2	1	1	0	0
	paramed	Paramedic	2	0	0	2	0	2	0	0	4	3	4	3	3	3	3	3	4	1	4	3	3	4	3	3	4	4	4	1	4	4	4	4	0	0	0	0	0	0	0	1	0	0	0	1	0	2	0	0
	paramed	Paramedic science 	1	3	0	2	0	3	0	0	4	4	4	4	3	3	3	3	3	3	2	3	3	3	1	3	2	1	3	3	3	4	3	3	0	0	1	1	1	1	0	2	0	1	0	0	1	1	0	1
	paramed	paramedic	0	3	2	2	0	2	0	3	4	0	0	3	2	0	1	0	1	0	0	3	0	4	2	0	1	3	1	3	2	0	0	0	0	0	1	0	3	0	0	0	0	0	0	0	2	2	0	0
	paramed	Paramedic	0	0	0	0	0	0	0	0	4	4	3	4	3	3	0	1	1	0	3	3	4	4	0	2	4	4	4	3	4	4	4	3	0	0	0	0	0	2	0	4	0	0	0	0	0	0	0	0
	paramed	AS Paramedic	2	3	3	4	2	4	2	3	4	3	3	4	4	2	4	3	0	0	3	2	0	3	4	3	3	3	3	3	3	3	2	4	1	2	1	2	2	2	3	3	1	1	1	3	0	2	1	2
	paramed	Paramedic	3	3	3	4	2	3	1	2	4	4	4	4	3	3	3	3	3	3	3	4	4	4	0	3	3	3	3	4	3	3	3	3	2	1	1	2	0	3	1	1	1	2	2	0	1	1	1	0
	paramed	Paramedics	2	3	3	2	1	3	2	3	3	3	2	3	1	3	3	3	0	0	1	0	0	1	4	1	3	1	2	3	2	3	3	3	3	3	3	1	3	3	3	3	3	1	1	1	2	3	2	2
	paramed	Paramedic 	4	4	0	2	0	3	2	3	3	4	4	3	3	2	4	3	0	4	3	0	2	1	1	4	2	4	2	2	2	0	0	0	2	1	2	1	2	2	1	4	2	2	2	4	2	3	2	4
	paramed	Paramedics	0	0	2	3	0	0	0	0	1	2	3	1	1	4	0	4	0	0	0	4	2	3	4	1	0	4	2	0	1	0	0	0	0	1	0	0	0	0	0	0	0	0	0	0	0	0	0	0
	paramed	Paramedic	0	2	0	3	0	0	0	1	3	2	2	3	3	3	3	1	0	2	2	3	1	3	3	3	3	1	3	3	2	2	3	1	0	1	3	3	3	2	2	1	2	1	0	2	0	0	1	1
	paramed	Paramedic Science	2	2	1	1	1	2	1	2	2	1	1	2	1	1	1	1	1	2	1	1	1	1	1	1	3	3	2	2	2	2	1	2	2	1	2	1	2	1	2	2	1	2	1	2	1	2	1	1
	parasitolog	Parasitology	3	0	3	3	0	4	1	0	4	4	4	2	4	2	3	3	4	2	1	3	3	4	3	1	0	3	2	1	0	1	3	2	0	0	2	0	0	0	0	3	0	0	0	0	2	2	0	0
	park recreat wildlif	Parks recreation and wildlife 	1	2	2	3	2	2	0	2	2	3	3	0	3	3	3	0	0	0	0	0	0	0	2	0	0	0	0	0	0	0	0	0	0	0	0	0	2	0	0	0	0	0	0	0	0	0	0	0
	pastor	pastoral	4	0	0	0	0	3	2	2	4	1	4	4	0	0	0	0	0	0	0	0	0	0	0	0	4	4	4	2	4	1	0	2	3	0	4	0	2	1	0	0	2	4	2	4	0	0	0	4
	pastor	Pastor 	3	0	0	0	0	0	1	0	0	0	0	0	0	0	0	0	2	0	0	0	0	0	0	0	0	2	3	2	2	0	1	1	0	3	0	0	0	1	0	1	0	2	0	0	1	3	2	2
	pastor ministri	Pastoral Ministry	0	1	0	1	0	3	1	2	3	0	0	3	2	1	1	1	4	3	2	3	4	3	1	2	3	4	3	1	4	3	3	2	0	2	1	1	2	2	3	1	2	2	2	1	2	2	2	1
	pastor ministri	Pastoral Ministries	2	2	1	0	0	2	1	1	0	1	0	1	0	1	1	0	1	0	0	1	2	1	1	0	3	4	3	2	4	0	2	2	1	1	3	0	2	1	1	1	0	2	0	0	0	1	1	2
	pastri	pastry	2	2	1	0	0	0	0	1	3	3	4	2	4	4	3	0	3	2	1	1	2	1	4	2	2	2	4	3	4	3	3	4	4	0	4	4	2	4	1	3	2	3	3	2	0	0	1	0
	pastri	pastry	4	2	0	0	0	0	2	0	4	0	4	4	0	4	2	0	2	0	2	0	4	0	0	0	4	4	4	0	4	2	4	4	4	2	2	2	0	0	4	0	0	4	4	4	0	2	0	0
	pastri art	pastry arts	0	1	0	2	0	0	0	0	2	3	3	1	0	3	0	1	3	4	1	4	3	3	3	3	2	2	1	0	3	3	3	2	0	1	0	1	0	2	0	1	0	0	0	0	0	0	0	0
	pastri bake	Pastry & Baking	0	0	0	0	0	0	0	0	0	0	0	0	0	0	0	0	0	0	0	3	0	0	0	0	0	4	0	0	0	2	3	3	0	0	0	3	0	3	0	4	0	0	0	0	0	0	0	0
	pastri bake	Pastry & baking	4	2	0	0	0	0	0	0	2	2	0	0	0	1	0	0	2	2	1	2	0	4	0	0	0	4	0	0	0	0	2	0	1	0	2	0	0	0	0	0	2	0	4	0	0	0	0	0
	pastri chef	pastry chef	3	0	0	0	1	0	2	0	2	3	0	0	0	2	0	0	0	3	1	1	1	1	0	1	2	2	2	0	3	3	2	2	1	3	3	1	2	1	1	2	2	0	1	2	3	1	1	1
	patholog	Pathology	2	2	2	2	2	2	2	2	4	2	4	4	4	2	4	2	2	2	4	2	2	2	2	2	4	2	4	4	2	2	0	2	2	2	2	2	2	2	2	2	2	2	2	4	2	4	2	2
	patholog	Pathology	3	1	0	0	0	3	3	0	1	4	0	3	2	4	0	2	1	3	4	2	4	3	0	3	4	3	0	4	4	3	3	2	0	4	4	3	1	3	3	4	0	1	2	1	1	3	0	1
	patholog	Pathology	4	3	3	3	3	4	2	4	4	4	4	4	4	4	4	4	4	4	4	4	4	4	4	4	4	4	4	4	2	4	4	4	3	4	4	0	3	4	4	4	3	4	1	3	4	0	1	4
	patholog	pathology 	0	0	0	0	0	0	0	0	4	0	3	4	4	0	4	0	2	0	0	0	0	0	0	0	0	2	0	0	0	0	0	0	0	0	0	0	0	0	0	0	0	0	0	0	0	0	0	0
	patholog	Pathology	2	2	0	2	0	2	0	0	4	2	2	3	0	2	1	3	0	0	2	0	2	3	0	0	3	3	0	0	2	0	0	0	3	2	4	0	3	3	0	0	3	3	4	3	3	2	3	3
	patholog	Pathology	1	1	0	1	0	2	2	1	4	3	3	3	4	2	4	1	0	0	0	1	2	2	0	0	0	2	1	0	0	0	0	3	0	0	0	0	1	0	0	0	0	1	0	1	0	2	0	2
	patholog	Pathology	2	1	1	1	2	2	2	2	3	2	2	1	2	2	2	2	2	2	2	2	3	3	2	2	2	3	3	2	2	3	4	2	0	1	3	2	2	2	1	2	2	2	2	3	1	3	2	2
	patholog	Pathology 	0	0	0	3	0	3	0	0	4	3	3	4	4	3	4	4	3	2	2	2	0	3	2	2	3	3	1	2	1	1	2	0	0	1	0	1	4	2	1	2	2	0	1	2	1	2	2	0
	patholog	pathology	2	4	0	2	0	0	2	2	4	4	4	4	4	4	4	4	4	4	4	2	4	4	4	4	2	4	0	4	4	4	4	4	0	4	0	2	2	0	0	4	4	2	0	0	4	4	2	2
	patisseri	Patisserie	3	1	0	2	0	1	2	2	2	3	2	1	2	2	2	3	2	3	1	2	2	3	3	2	1	3	2	3	3	4	4	4	0	2	4	2	1	3	1	2	1	0	1	4	1	2	1	2
	patisseri	Patisseries	3	1	0	1	0	1	0	3	2	4	3	0	0	2	0	0	0	1	2	0	1	0	0	2	2	3	2	1	3	4	4	3	3	2	4	2	2	2	1	2	1	1	3	2	2	2	1	1
	patisseri	Patisserie	0	0	0	0	0	0	0	0	1	4	4	0	0	3	2	2	0	0	2	1	2	3	2	2	2	4	1	1	3	2	3	2	0	2	2	0	1	1	1	3	0	1	0	1	1	0	0	1
	paucholog	Pauchology	1	1	2	3	3	0	2	2	1	3	3	2	0	1	3	3	3	0	2	4	4	2	1	1	2	2	4	0	3	0	3	3	1	0	2	3	0	4	2	2	2	4	1	2	2	3	1	4
	payett highschool	Payette Highschool	0	2	3	3	1	2	2	2	0	4	4	4	2	0	1	0	2	2	3	2	1	2	2	2	0	1	0	0	0	0	0	0	0	0	2	2	1	2	1	0	0	0	0	0	0	0	0	0
	payxholofi	Payxholofy	0	0	1	0	1	0	1	0	4	4	3	0	1	3	3	3	4	4	3	4	4	4	1	4	4	4	4	3	4	0	3	4	0	4	2	1	1	1	4	1	1	1	1	1	0	1	1	1
	pc repair	PC Repair	0	0	0	3	0	2	0	0	3	4	4	1	3	4	3	0	4	4	4	4	4	4	4	4	4	4	4	1	4	4	4	2	2	0	2	0	3	1	3	3	3	1	1	0	1	0	1	0
	pc support	PC support	2	0	0	2	2	0	2	0	3	1	3	3	3	0	3	3	1	1	2	3	3	0	2	1	1	2	2	0	1	0	0	0	1	2	3	0	2	2	2	2	2	3	3	2	2	3	1	1
	pcc	pcc	2	2	2	0	2	2	1	2	0	2	2	0	2	1	1	1	2	0	2	3	1	4	3	2	0	2	3	1	2	2	2	3	2	2	2	4	3	2	3	2	0	2	1	1	1	1	1	1
	pe	School PE	2	2	2	2	3	3	1	0	3	4	4	4	4	3	0	0	4	2	3	4	4	4	3	4	4	4	4	4	4	3	4	4	2	0	3	3	3	4	1	2	2	3	4	3	2	1	2	2
	pe	PE	3	0	0	2	2	3	2	0	3	2	1	1	2	0	2	0	0	0	1	0	0	0	2	2	2	1	0	0	0	0	0	0	0	1	0	0	0	0	1	0	1	2	2	2	2	2	0	2
	pe	P.E	2	2	2	0	0	0	0	0	2	4	0	0	2	0	2	0	4	2	4	2	2	2	2	2	2	4	4	4	2	4	4	4	0	0	0	0	0	0	0	0	0	0	0	0	2	2	0	2
	pe	Major in p.e	3	1	2	2	1	0	1	1	2	2	1	1	1	1	1	1	2	3	2	1	3	1	1	1	4	4	2	3	3	4	4	1	2	1	3	1	1	1	1	1	1	2	2	1	3	1	4	1
	pe	PE	2	3	3	3	2	3	2	3	3	3	2	2	2	3	2	3	3	4	2	3	2	3	2	3	3	3	1	4	2	2	3	2	1	2	3	2	2	2	2	3	2	1	3	2	1	3	2	2
	peac	peace studies	2	0	0	0	0	0	0	0	0	2	2	0	2	0	0	0	0	2	1	3	4	4	0	2	3	4	3	0	4	0	4	2	0	1	0	0	3	2	2	0	4	4	4	4	2	2	2	4
	peac	Peace Studies	3	1	0	1	1	1	1	1	4	4	3	3	3	4	3	3	4	4	3	4	4	4	4	4	4	4	4	2	4	4	4	4	3	3	3	2	3	3	3	4	2	0	0	3	0	2	4	1
	peac	Peace	2	3	0	1	0	2	1	2	3	3	2	2	3	2	2	2	2	3	1	2	1	2	2	2	2	3	2	2	3	3	3	2	1	1	2	1	2	1	1	2	2	1	2	2	2	2	1	2
	peac conflict	Peace and Conflict	1	1	2	0	0	2	0	1	2	2	1	2	0	1	0	1	0	1	3	1	3	1	1	4	4	4	4	1	4	2	3	2	0	0	3	1	3	0	2	0	1	2	1	2	2	2	2	1
	peac conflict	Peace and Conflict Studies	3	3	2	3	2	3	2	2	3	3	4	4	4	3	4	4	3	4	3	3	4	3	1	4	3	3	4	3	4	4	4	3	3	2	2	2	3	3	1	4	3	2	2	2	4	3	2	2
	peac conflict	Peace and conflict studies	2	2	0	1	0	1	1	0	3	3	2	2	2	2	2	0	2	3	2	3	2	4	0	3	4	3	3	2	3	1	2	1	0	1	2	0	0	0	0	1	1	2	1	0	0	1	1	0
	peac conflict	peace and conflict studies	0	2	0	1	0	2	1	1	4	3	2	3	2	2	1	1	2	2	4	4	4	4	2	4	4	4	4	4	4	4	4	2	0	0	2	2	1	1	0	4	0	1	0	0	1	1	0	0
	peac conflict	Peace and conflict studies	0	0	0	0	0	0	0	0	1	3	1	0	1	2	1	0	4	2	1	2	2	3	0	0	3	3	4	0	4	3	2	4	0	0	3	0	3	0	0	1	0	3	0	1	3	0	0	0
	peac develop	Peace and Development Studies	1	0	0	0	0	0	0	0	3	4	3	3	3	3	3	1	3	3	1	3	3	3	3	3	1	3	2	1	3	3	3	2	0	0	0	0	0	1	0	2	0	0	0	0	0	0	0	0
	peac global	Peace and Global Studies	1	2	0	1	0	2	1	1	4	3	3	4	3	3	3	2	0	0	3	1	2	3	0	1	3	4	3	3	3	3	3	3	0	1	1	0	2	1	0	1	0	2	0	1	2	1	0	0
	peac justic	Peace and Justice	2	2	0	3	0	3	1	2	4	4	4	3	4	3	2	0	1	3	4	2	3	4	0	4	4	4	3	3	4	3	2	3	4	3	3	3	4	3	3	3	0	0	0	1	0	2	2	0
	pedagog	Pedagogics	0	1	0	1	0	1	0	2	3	1	2	3	3	4	2	3	3	4	4	1	4	2	2	4	3	3	2	3	3	2	2	1	0	0	1	0	2	1	0	0	0	0	0	1	1	0	0	1
	pedagog univerc	Pedagogical univercity 	3	0	2	1	1	1	2	0	3	0	0	4	1	0	1	0	0	0	3	0	2	2	2	1	3	0	0	4	1	2	4	1	0	0	3	3	0	3	2	1	3	2	1	2	2	3	0	1
	pedagogi	pedagogy	3	1	0	0	0	0	1	0	2	4	4	1	3	4	3	3	1	2	3	2	1	1	1	0	3	3	2	4	4	4	4	1	3	1	3	4	1	4	1	1	3	0	2	1	0	1	1	1
	pedagogi	pedagogy	1	1	0	0	1	1	1	0	3	1	0	3	1	1	1	2	4	2	1	3	3	4	4	3	4	4	4	4	4	4	4	4	1	1	3	1	1	2	2	3	1	1	1	3	3	1	0	1
	pedagogi	pedagogy	4	1	0	3	2	4	1	0	4	3	0	3	1	0	0	0	0	3	1	2	0	2	0	0	4	1	2	0	4	3	3	0	2	1	2	3	4	2	2	3	0	0	3	2	3	4	0	1
	pedagogi	pedagogy	2	2	3	1	1	1	1	0	4	2	2	1	1	1	0	1	0	0	0	2	4	4	2	1	4	4	3	3	4	4	4	2	2	3	3	1	1	1	0	1	0	1	1	1	1	1	0	2
	pedagogi	pedagogy	0	0	0	0	0	0	0	0	4	4	3	3	1	3	3	0	0	0	0	3	3	3	2	0	1	4	2	4	4	4	4	2	0	0	0	2	0	2	0	2	0	0	0	0	0	1	0	0
	pedagogi	Pedagogy	0	3	0	1	0	1	2	3	1	0	0	0	0	0	0	2	0	0	4	1	3	2	0	4	2	4	0	4	2	3	0	3	4	3	4	1	4	3	3	4	0	4	3	1	0	0	0	0
	pedagogi	pedagogy	4	4	1	3	1	3	3	4	2	2	1	3	2	2	3	3	4	4	3	3	3	3	3	3	2	3	3	2	1	1	2	2	2	2	3	3	2	3	3	3	3	2	3	3	1	3	2	3
	pedagogi	 pedagogy	0	0	0	0	2	0	0	0	0	3	3	2	3	3	1	4	4	3	1	3	4	4	2	4	4	4	2	2	4	4	4	3	3	0	3	0	0	4	1	4	1	1	0	2	0	0	0	0
	pedagogi	Pedagogy	0	0	0	0	0	0	0	0	4	0	0	3	0	0	1	0	2	0	3	0	1	2	2	0	2	4	1	0	1	0	0	0	2	4	1	0	1	2	3	0	0	0	0	0	0	0	0	0
	pedagogi	Pedagogy	2	1	0	0	0	1	0	1	3	1	0	0	0	0	1	0	1	0	2	2	2	3	0	3	3	3	1	3	2	2	2	2	0	0	1	3	0	3	1	1	0	1	0	0	0	0	0	0
	pedagogi	Pedagogy 	0	1	0	0	0	0	0	0	1	2	1	1	1	0	0	0	0	1	3	2	2	2	0	2	4	4	3	3	4	4	4	3	0	1	3	3	4	2	1	3	2	1	0	3	3	2	0	0
	pedagogi	Pedagogy	2	1	0	3	0	3	2	3	1	2	1	2	1	2	2	1	3	2	0	2	2	2	2	2	3	2	1	1	2	3	4	3	2	0	2	1	0	1	0	4	0	0	1	0	0	0	0	2
	pedagogi	pedagogy	0	0	0	0	0	0	0	0	4	2	0	2	2	2	1	0	3	4	3	4	4	4	1	3	3	4	3	3	4	4	4	3	0	3	4	2	4	3	2	3	1	0	2	1	1	3	0	1
	pedagogi	pedagogy	1	0	1	2	0	1	0	2	2	2	2	1	2	1	1	2	3	4	3	4	3	4	2	3	3	3	3	4	3	3	4	2	2	2	2	3	2	3	3	4	2	2	2	1	1	0	1	2
	pedagogi	pedagogy	4	0	0	0	0	0	0	0	0	2	1	4	1	3	1	4	1	3	4	4	4	4	0	3	0	4	4	0	4	4	4	3	0	1	4	0	2	2	2	4	0	0	2	2	0	0	0	2
	pedagogi	pedagogy	0	1	0	3	1	2	0	1	3	3	2	2	2	3	2	1	0	2	2	2	4	1	2	3	1	3	3	3	3	4	4	2	0	2	1	1	0	2	0	1	0	1	0	0	1	1	0	0
	pedagogi	Pedagogy	1	0	0	0	0	0	0	0	4	3	0	4	0	0	0	4	0	0	3	0	2	2	2	0	4	4	4	0	3	0	0	0	2	0	0	0	0	1	0	0	0	0	0	0	0	0	0	0
	pedagogi	pedagogy	2	0	0	1	0	1	1	0	3	3	3	3	4	4	4	4	1	0	1	3	4	4	0	1	1	4	2	1	2	3	4	3	0	0	1	0	3	3	0	4	0	3	3	3	0	3	0	3
	pedagogi	pedagogy	0	0	0	0	0	0	0	0	4	3	3	0	0	0	0	0	0	3	3	0	2	0	0	0	4	3	3	3	3	3	3	2	2	0	3	2	3	3	2	2	1	0	3	2	0	0	0	2
	pedagogi	Pedagogy	2	2	2	1	2	2	0	1	3	1	3	1	2	1	1	2	0	3	0	1	1	4	2	1	3	3	2	3	4	2	3	2	3	3	3	4	4	3	3	3	2	3	2	4	0	1	2	1
	pedagogi	Pedagogy	2	2	0	2	1	1	2	1	4	1	1	2	2	1	2	2	2	4	3	2	2	2	1	3	1	0	0	4	1	2	2	1	3	1	4	4	3	2	3	1	3	2	2	2	2	2	2	1
	pedagogi theatr	Pedagogy, Theatre	1	2	0	0	0	2	2	2	3	0	3	0	0	2	0	3	4	4	3	4	4	4	4	4	3	2	1	4	2	3	2	0	0	0	3	1	2	2	0	4	0	0	0	1	0	0	0	2
	pedagogia	pedagogia	0	0	0	0	0	0	0	0	2	4	3	2	2	3	0	0	0	0	0	2	1	0	0	2	4	4	4	0	3	4	4	3	0	0	0	0	0	0	0	2	0	0	0	0	0	0	0	0
	pedagogia	Pedagogia	4	0	0	0	0	0	0	0	2	2	2	0	2	0	0	0	0	2	2	2	2	2	0	0	4	4	2	4	4	4	4	2	0	0	0	2	2	0	0	0	0	0	0	4	0	0	0	2
	pedagogia	Pedagogia 	0	0	0	0	0	0	0	0	4	3	3	2	2	2	2	0	2	1	3	2	4	2	0	0	1	3	1	1	0	1	2	1	0	0	0	1	0	2	0	0	2	1	0	0	0	0	0	0
	pedagogia	Pedagogia	1	3	0	2	0	2	1	3	3	1	1	0	0	0	0	0	3	0	1	1	3	1	0	1	4	2	3	3	4	1	1	2	0	0	4	2	3	2	2	2	2	1	0	3	0	0	0	0
	pedagogiek	pedagogiek	1	2	0	2	2	3	2	2	3	3	3	1	1	3	1	1	1	2	3	1	1	2	1	2	4	3	3	0	3	3	3	3	0	1	2	1	1	2	3	1	1	2	0	1	0	2	2	0
	pedagogik	pedagogik	2	1	2	1	1	3	1	1	3	2	3	3	4	2	2	1	0	3	3	1	4	0	2	2	4	3	4	2	3	4	3	3	2	2	4	1	2	3	4	3	0	1	0	0	1	1	1	0
	pedagogu	pedagogue	0	3	1	0	3	1	2	1	2	3	1	0	2	2	1	1	2	3	2	2	3	1	1	1	1	4	3	2	3	3	3	1	0	2	2	3	2	3	3	3	4	2	2	2	2	1	1	2
	pedagolog	pedagology	3	0	0	0	0	1	2	0	1	2	0	0	0	0	0	0	0	0	2	0	2	0	0	3	0	0	0	0	0	0	0	0	1	3	1	1	0	2	0	3	0	1	2	0	0	1	0	1
	pediactr	pediactric	0	0	0	0	0	0	0	0	4	3	3	3	3	3	3	2	0	1	1	1	1	1	2	1	4	3	2	3	4	4	4	4	2	1	0	2	2	2	1	2	1	2	0	0	0	2	0	0
	pediatr	Pediatrics	2	0	0	2	1	1	0	0	1	1	1	2	1	0	1	0	1	2	1	3	1	4	1	2	2	3	1	2	3	4	4	4	4	3	3	2	1	4	4	4	2	1	1	3	2	4	2	2
	pediatr	pediatrics	3	0	0	1	1	2	0	0	4	2	3	2	2	1	3	0	2	0	1	2	0	4	0	2	0	4	1	2	3	1	2	3	0	0	0	0	0	2	0	1	0	1	0	0	0	0	0	0
	pediatr	pediatrics	0	0	0	0	0	0	0	0	4	2	2	3	3	2	3	1	0	0	0	0	0	1	0	0	1	4	1	2	1	3	3	0	0	0	0	0	2	0	0	0	0	0	0	0	0	3	0	0
	pediatr cardiolog	pediatric cardiology 	0	0	0	1	0	0	0	0	4	3	3	3	3	2	3	0	0	0	0	0	0	0	0	0	3	1	3	2	3	2	2	2	1	2	2	2	1	2	3	0	2	1	2	2	2	2	2	0
	pediatr cure	pediatric cure	3	0	0	0	0	0	0	0	4	3	3	3	3	4	3	0	3	0	3	2	1	4	4	1	2	2	2	3	1	3	1	1	1	1	1	2	0	4	2	1	2	1	0	0	1	1	0	0
	pediatrician	pediatrician	3	1	1	2	1	1	1	3	4	4	3	3	3	3	3	1	0	0	0	0	0	3	0	1	3	3	1	1	3	4	4	3	1	3	2	1	3	3	1	3	3	1	3	2	3	3	3	3
	pediatrician	Pediatrician	2	0	1	1	0	0	0	1	2	3	2	4	0	3	0	0	3	2	3	4	4	4	3	2	4	4	3	4	4	4	3	4	1	4	3	4	2	4	1	3	0	2	2	2	1	0	1	1
	pediatrician	Pediatrician 	1	1	1	1	1	1	1	1	2	2	2	3	2	1	2	1	2	1	2	1	0	2	1	1	2	2	2	3	2	2	3	2	3	2	1	2	2	3	2	2	2	2	1	2	1	2	2	2
	pediatrician	Pediatrician 	3	1	0	2	1	1	1	0	2	4	4	3	3	4	1	3	1	2	3	2	1	2	1	1	2	2	3	2	0	1	0	1	2	3	2	2	1	3	0	2	2	2	1	3	1	0	1	3
	pediatrician	Pediatrician	4	0	0	0	0	4	2	0	0	3	0	4	0	4	1	1	3	0	2	4	0	4	1	1	2	3	4	3	4	4	4	4	2	3	3	4	4	4	4	4	1	1	0	0	2	4	0	0
	pediatrician	Pediatrician	0	2	0	1	2	2	0	0	4	4	4	3	4	4	4	4	3	0	0	4	4	4	0	0	3	2	2	0	4	2	4	4	1	0	1	0	3	0	0	2	1	1	0	1	3	4	1	1
	pediatrician midwif	pediatrician or midwife	2	4	4	2	3	4	3	4	4	4	4	3	4	4	4	4	4	2	4	3	4	4	3	4	4	2	4	4	3	3	4	3	2	1	3	3	3	3	3	1	2	0	2	4	3	2	3	2
	pediatrit	Pediatrition	2	0	0	2	0	0	0	0	2	0	0	4	0	0	2	0	1	0	0	0	0	1	0	0	1	0	0	0	1	1	0	0	0	0	0	2	2	1	0	0	0	0	3	2	0	0	0	2
	pediatrit	pediatrition	0	1	0	1	2	1	1	1	0	1	2	1	1	2	2	1	0	1	1	2	0	1	1	1	0	2	1	1	3	1	2	1	1	2	2	2	2	1	1	1	0	1	2	1	1	2	2	1
	pediaztr	pediaztrics	0	0	0	0	0	0	0	0	3	2	2	4	0	4	2	3	0	1	0	0	0	0	3	0	2	4	1	0	0	3	3	2	1	2	2	3	0	2	0	2	2	0	2	4	2	0	2	2
	pengurusan	pengurusan	2	1	0	0	0	0	0	1	0	1	0	0	0	0	0	0	0	0	0	0	2	0	0	0	0	2	0	1	1	2	1	2	0	0	2	1	0	2	0	0	0	0	0	0	0	0	0	0
	peni	penis	3	4	4	0	3	4	3	4	1	2	2	1	1	2	0	3	3	1	3	4	1	4	3	0	4	2	2	3	0	3	1	2	0	0	3	0	1	0	0	1	0	3	2	1	0	2	0	0
	pepe	pepe	4	4	4	4	4	4	4	4	4	4	4	4	4	4	4	4	4	4	4	4	4	4	4	4	4	4	4	4	4	4	4	4	4	4	4	4	4	4	4	4	4	4	4	4	4	4	4	4
	perakaunan	perakaunan	2	2	1	1	1	2	2	2	2	3	3	1	1	3	1	2	1	3	2	2	3	2	3	3	2	2	2	2	2	2	3	2	1	2	2	1	2	2	2	3	2	2	1	2	1	3	1	2
	perform	Performance 	2	0	0	1	0	1	3	0	3	3	3	2	3	1	3	1	4	4	4	4	4	4	3	4	4	3	3	3	4	4	4	4	1	1	2	3	3	3	3	3	1	1	0	3	1	4	2	1
	perform	Performance Studies	0	0	0	1	0	1	1	1	2	2	2	2	2	2	2	2	4	4	4	4	4	3	4	3	3	3	3	4	3	4	4	2	1	2	2	3	3	2	2	3	2	1	1	3	2	2	2	2
	perform	performance	0	2	0	0	0	2	0	2	3	3	3	0	0	3	0	3	1	4	3	4	4	4	4	4	0	2	0	2	0	0	0	0	0	0	0	0	0	3	0	2	0	0	0	0	0	0	0	0
	perform communic	Performance communication 	1	1	1	1	2	0	1	0	2	2	2	1	1	2	0	3	3	4	4	4	3	4	2	4	3	2	1	2	2	2	0	0	1	1	3	3	3	2	0	2	2	1	2	2	4	0	1	1
	perform product	Performance Production 	2	2	1	1	1	1	1	0	4	3	3	1	3	3	3	1	4	1	2	3	2	3	1	2	2	3	2	1	2	1	2	1	0	1	1	1	1	1	0	1	1	1	1	1	1	1	0	1
	perform product	Performance production 	2	1	2	3	2	2	3	1	3	1	1	1	2	2	2	3	2	2	3	1	2	2	3	4	2	3	2	2	3	4	1	1	2	2	3	2	2	2	2	2	2	2	2	2	2	2	2	2
	perpajakan	Perpajakan	2	2	3	2	2	2	3	4	2	2	2	2	2	2	2	2	0	4	0	0	3	2	2	2	2	2	2	2	3	3	4	4	2	4	2	2	4	3	2	2	4	4	4	4	4	4	4	2
	person ell	Personal elling	2	0	0	0	0	0	0	0	4	0	0	0	0	0	0	0	4	3	4	4	1	1	0	1	3	2	3	3	2	1	0	0	2	2	3	4	3	0	0	1	3	0	2	0	0	0	0	0
	person train	Personal training	0	0	4	0	0	0	0	0	4	4	4	4	0	0	0	0	0	0	4	4	0	0	4	0	4	4	4	4	4	4	0	4	4	0	4	4	0	4	0	3	4	0	0	0	0	0	0	0
	person trainer	Personal trainer	2	0	0	3	0	1	0	0	3	0	0	2	0	0	0	0	1	0	2	3	2	4	2	0	3	0	1	4	2	0	0	0	1	0	0	1	0	0	2	0	0	0	1	0	0	0	1	0
	person trainer	Personal Trainer	2	2	2	0	0	2	0	1	3	2	3	3	3	2	3	3	1	1	2	2	1	3	2	1	3	2	1	3	1	2	3	2	2	0	1	1	3	1	2	0	1	1	1	1	0	1	1	1
	pet rescuer	pet rescuer	3	0	0	2	0	0	2	2	2	4	4	2	2	3	2	3	2	2	2	4	3	2	0	4	1	1	3	1	3	2	3	3	0	2	0	4	2	2	2	1	1	0	1	1	1	0	0	0
	pet trainer	Pet Trainer	0	0	0	0	0	0	2	0	0	4	2	1	0	1	0	0	3	3	3	2	2	3	4	3	3	3	2	1	4	1	2	2	2	0	3	1	0	2	2	0	2	0	1	0	0	1	1	0
	petrochem ngineer	Petrochemical ngineering	2	2	0	4	1	0	3	2	3	2	0	0	0	0	0	1	3	0	3	0	0	4	0	3	3	0	0	0	0	1	1	0	2	1	4	2	4	3	3	3	4	2	4	1	0	2	2	2
	petroleum	petroleum	4	4	4	4	4	4	4	4	4	4	4	4	4	4	4	4	4	4	4	4	4	4	4	4	4	4	4	4	4	4	4	4	4	4	4	4	4	4	4	4	4	4	4	4	4	4	4	4
	petroleum	Petroleum sciences	2	4	3	2	3	4	3	3	4	4	3	3	3	3	3	4	3	1	1	1	1	1	4	3	2	2	1	3	2	2	3	2	2	2	3	1	3	3	3	3	3	3	3	2	3	3	2	2
	petroleum	Petroleum sciences	2	4	3	3	3	3	3	3	4	4	4	1	4	3	2	4	3	1	1	1	1	2	3	1	3	3	1	3	1	3	3	1	1	1	2	1	3	3	3	2	3	3	3	3	3	4	1	3
	pha	Pha	1	0	1	1	2	1	3	1	4	4	3	3	3	3	3	2	1	3	2	2	4	2	1	3	3	3	3	1	4	3	3	3	3	2	3	2	2	4	2	3	2	1	1	2	3	2	0	1
	phamacist	phamacist	2	1	0	1	0	1	2	2	3	1	1	4	2	1	3	2	4	3	4	2	4	4	3	4	1	3	2	2	3	4	2	3	3	1	2	1	3	4	1	4	1	1	1	2	1	1	1	2
	phamerci	phamercy	4	2	0	2	0	3	1	1	3	3	4	4	4	3	3	3	2	3	3	3	4	3	2	4	4	4	3	3	3	1	2	2	0	3	4	4	4	4	0	0	2	0	2	3	0	0	2	3
	pharm	Pharm	0	0	0	0	0	0	0	0	4	4	4	4	4	4	4	0	3	2	0	3	3	4	0	0	0	3	3	0	0	0	0	0	0	0	0	0	0	0	0	0	0	0	0	0	0	0	0	0
	pharmaceut	Pharmaceuticals	3	0	1	3	1	1	0	0	3	3	3	3	3	3	2	2	2	2	0	1	0	3	2	2	2	1	0	3	1	1	0	0	2	2	3	3	3	2	3	2	2	2	2	2	2	1	2	1
	pharmaceut	Pharmaceutic	2	1	1	1	1	2	1	0	4	4	4	4	4	1	4	2	2	2	4	3	4	1	4	2	2	4	0	2	2	2	1	1	0	4	1	2	3	4	0	1	1	2	1	2	1	1	1	1
	pharmaceut	PHARMACEUTICALS	4	0	2	1	0	0	0	0	2	0	1	4	4	1	4	0	3	0	4	0	1	4	0	2	4	3	3	0	3	3	4	3	1	1	3	0	3	2	2	0	4	2	3	4	3	4	0	1
	pharmaceut	pharmaceutics	2	2	2	4	2	2	2	0	2	1	0	1	2	1	3	0	3	0	1	0	0	3	0	2	4	2	4	4	4	4	3	2	4	4	4	1	4	4	4	4	2	3	4	3	4	4	3	4
	pharmacyst	pharmacysts	2	0	0	0	0	0	0	0	4	2	1	0	2	2	4	0	0	2	0	0	0	2	2	0	0	0	0	1	0	0	0	0	2	0	0	0	2	1	0	2	0	1	0	1	2	0	2	2
	pharmasict	pharmasict	2	0	0	0	0	0	0	0	4	2	2	3	3	1	2	0	2	2	0	2	1	3	3	1	4	4	4	1	3	1	2	2	0	0	2	0	0	1	0	2	0	0	0	0	0	1	0	0
	pharmesceut	Pharmesceutical	1	0	0	0	1	2	0	0	4	3	3	3	4	3	4	0	0	0	4	0	3	1	0	0	2	1	3	4	1	4	0	3	1	2	3	4	4	4	1	2	3	0	3	4	2	2	0	4
	pharmesceut	Pharmesceutical	0	0	0	1	3	0	0	3	4	4	3	3	3	4	3	3	2	3	3	0	3	2	2	3	3	2	1	3	3	3	3	1	3	3	3	2	2	2	0	3	3	2	2	2	0	3	2	0
	pharmesut	Pharmesutical	4	0	0	2	0	0	0	2	4	0	0	2	0	0	0	4	0	0	2	2	0	0	0	2	4	4	1	4	2	4	0	4	4	4	4	4	2	4	0	4	0	4	2	0	4	0	2	0
	pharnacist	pharnacist	2	1	0	1	1	3	2	1	3	1	1	2	2	2	2	1	1	1	2	1	1	1	1	1	1	1	1	1	1	1	1	1	2	1	3	1	3	1	1	2	2	2	2	2	2	1	2	2
	phi	phy	3	2	1	2	1	2	2	2	2	1	3	1	2	2	3	2	0	0	0	0	0	0	1	0	1	2	1	0	0	0	1	1	0	1	0	2	1	0	1	0	0	0	0	0	0	0	0	1
	phi	Phy	0	3	1	0	0	2	0	2	0	0	1	0	0	0	0	0	0	0	1	1	3	0	0	0	4	3	3	2	3	0	0	0	0	1	2	1	0	0	4	0	0	1	1	0	0	0	0	0
	philanthropi	philanthropy	0	0	0	0	0	0	0	0	0	2	0	0	0	0	0	0	3	4	0	3	0	3	0	3	4	4	3	4	4	4	3	3	1	1	3	1	2	2	3	4	0	0	0	0	0	0	0	0
	philippin	Philippine Studies	4	3	2	4	2	2	3	3	2	2	2	3	2	2	2	2	4	3	4	4	3	4	4	4	2	3	3	3	3	3	4	3	3	3	2	3	2	2	3	3	2	2	2	2	2	1	2	2
	philolog	philology	1	2	1	0	0	2	0	2	4	3	3	2	2	2	3	2	1	4	4	3	3	2	2	2	3	4	3	3	2	3	4	2	0	0	2	2	0	3	1	2	0	2	0	0	0	2	0	1
	philolog	Philology	2	3	2	2	2	2	3	1	3	0	0	2	1	2	2	1	1	1	2	4	4	2	3	2	4	2	0	4	3	1	2	0	2	2	2	1	1	1	2	2	3	3	4	4	4	4	4	3
	philolog	philology	0	0	0	0	0	1	0	0	1	2	2	0	1	2	0	0	1	3	3	3	4	4	1	0	4	1	2	3	3	0	2	0	1	1	0	0	0	0	0	0	0	0	0	0	0	1	0	0
	philolog	Philology	0	1	1	0	1	0	0	0	2	2	2	2	1	2	1	2	2	2	3	4	3	3	2	3	2	0	0	1	0	0	0	0	0	0	0	0	0	0	0	1	0	1	0	0	0	0	0	0
	philolog	philology	0	3	0	2	0	0	0	0	4	4	3	3	3	3	3	3	0	1	1	0	0	2	0	2	2	1	0	0	1	0	0	1	0	0	2	0	3	2	0	1	2	3	2	2	2	2	2	1
	philolog	philology	2	0	0	0	0	0	0	0	4	2	2	3	2	3	1	3	4	3	3	4	4	4	2	3	2	4	3	4	3	2	4	4	0	0	3	2	2	1	0	2	1	1	0	0	0	1	0	1
	philolog	Philology	3	3	0	0	1	1	0	1	3	3	3	3	3	3	3	3	2	3	3	3	4	1	1	3	2	3	2	1	3	1	3	1	0	1	1	1	1	1	0	1	0	1	0	1	0	0	0	0
	philolog	Philology 	0	0	0	0	1	1	0	0	2	2	0	0	1	0	0	0	3	4	4	2	3	2	4	2	4	4	2	4	4	3	2	2	4	2	4	4	4	2	2	2	2	1	2	4	2	1	2	1
	philolog	philology	0	1	1	0	0	2	0	0	2	1	1	0	1	0	1	2	1	2	2	0	4	1	0	2	4	2	2	4	2	0	4	2	1	0	2	1	1	0	0	0	1	0	0	1	0	0	0	0
	philolog	philology	1	2	1	2	0	3	1	2	2	4	3	1	1	4	0	3	3	3	4	4	4	4	2	4	4	3	2	3	3	3	3	2	0	1	1	3	2	2	1	4	0	1	2	0	0	0	0	0
	philolog	Philology	3	2	0	3	0	2	1	0	2	3	1	2	0	1	1	0	2	2	2	1	4	1	2	2	3	3	3	4	4	3	4	3	2	2	4	1	3	3	2	2	2	2	2	4	1	1	1	3
	philolog	philology	4	4	0	2	1	3	2	2	4	4	3	2	0	4	2	3	4	3	2	1	2	2	1	1	2	4	1	1	2	1	1	1	0	0	1	1	2	2	0	0	0	3	4	1	2	4	0	2
	philolog	philology	2	0	0	1	1	0	1	0	4	4	4	2	4	4	4	3	0	2	2	1	2	0	0	1	0	4	2	4	1	3	4	2	0	0	2	1	0	1	2	3	0	1	0	2	0	0	0	2
	philolog	philology	4	0	0	0	0	0	0	0	4	0	0	0	0	0	0	0	0	0	4	0	4	0	0	4	4	0	0	0	4	0	0	4	4	4	4	4	0	4	0	0	0	4	0	0	0	0	0	0
	philolog	philology	3	0	0	4	4	4	3	2	3	2	3	4	3	3	1	3	3	0	4	1	0	4	1	2	2	0	0	3	0	2	2	0	0	0	4	0	3	1	0	0	0	1	4	2	4	3	0	2
	philolog	philology	2	0	0	2	0	0	0	0	2	1	1	1	0	0	0	1	3	3	2	2	3	1	3	3	3	1	2	3	3	1	3	0	1	0	1	0	0	3	1	3	0	0	1	2	0	0	0	0
	phisic	Phisic	1	0	0	3	0	1	0	0	2	3	3	3	4	4	4	2	1	0	0	0	1	1	1	0	0	2	0	1	1	1	3	0	0	1	0	0	2	0	3	2	0	4	1	1	3	4	0	1
	phisic engin	phisics engineering	0	0	0	2	0	2	2	0	0	1	1	0	2	1	1	1	0	0	0	0	0	1	0	0	1	0	0	0	0	2	0	0	1	1	1	0	0	0	2	1	2	1	3	0	4	3	4	1
	phisich	Phisichs	2	0	0	3	0	2	0	0	3	2	3	3	2	2	3	3	1	1	1	1	1	0	0	1	2	0	0	2	1	1	2	0	1	0	1	0	0	1	0	1	0	1	1	0	3	4	1	1
	phisioterapist	Phisioterapist	2	0	0	2	0	3	1	0	4	1	2	3	3	3	3	3	2	2	4	1	3	4	3	3	3	3	1	3	4	4	4	3	0	1	3	3	3	4	3	3	0	1	3	3	2	2	2	2
	phisiotheraphi	phisiotheraphy	2	1	0	0	1	0	2	2	4	4	4	3	4	4	4	4	4	3	2	3	4	4	4	3	4	2	4	4	3	3	4	3	1	1	2	2	2	2	1	2	0	1	1	2	0	1	0	1
	phisiotherapi	Phisiotherapy	4	2	0	1	0	0	0	0	4	3	3	4	0	1	0	1	2	1	2	0	0	2	1	0	3	4	4	3	2	2	2	2	1	2	1	2	2	1	1	1	1	1	0	1	0	0	0	1
	phisyc	Phisycs	3	0	0	3	2	2	1	0	3	0	3	1	3	0	2	0	0	0	0	0	1	2	0	0	2	0	0	0	0	0	0	0	0	0	0	0	0	0	0	0	1	3	3	0	3	3	1	1
	phisyc	Phisycs	2	2	0	3	0	2	0	0	2	0	3	1	3	0	2	1	0	0	0	0	2	0	0	0	2	0	0	1	0	0	0	0	0	0	0	0	0	0	0	0	0	3	2	1	2	3	0	2
	phlebotomi	Phlebotomy 	0	0	0	0	0	0	0	0	2	1	0	2	2	2	0	0	0	0	0	4	0	0	1	0	1	2	3	3	4	2	4	4	0	3	0	4	1	4	4	0	1	2	1	1	0	0	2	1
	phlebotomi	Phlebotomy	3	3	3	3	3	3	3	3	2	4	4	3	4	4	4	4	1	1	2	3	4	3	0	2	0	3	2	1	3	0	0	1	1	1	1	0	2	1	0	0	0	3	2	0	2	3	0	1
	phlebotomi	Phlebotomy 	0	0	0	0	0	0	0	0	4	0	0	4	3	0	4	0	0	0	4	0	0	0	0	0	4	3	4	0	4	2	4	4	0	0	0	0	0	0	0	0	4	0	2	2	0	0	2	0
	phonograph product	Phonographic Production	0	2	0	0	0	0	0	0	0	0	0	0	0	0	0	0	4	3	3	4	3	3	3	3	4	3	2	4	2	0	0	2	3	1	3	4	4	4	0	3	2	0	3	3	1	3	1	4
	photnic	Photnics	2	1	2	2	2	3	3	2	2	1	3	3	2	3	2	4	4	4	4	4	4	4	4	4	4	4	2	3	4	4	3	3	2	2	3	2	4	2	3	2	1	3	2	2	3	2	3	2
	photoagrafi	PHOTOAGRAFY	0	0	0	0	0	0	0	0	0	0	0	0	0	0	0	0	2	0	3	3	0	0	0	0	0	0	1	0	3	0	0	0	0	0	0	0	0	3	0	0	0	0	0	0	0	0	0	0
	photograph art	Photographic Art	1	0	0	0	0	0	0	0	2	3	3	0	0	3	0	1	0	0	2	1	0	2	0	0	0	1	1	0	0	0	0	1	0	0	0	0	0	0	0	0	0	0	0	0	0	0	0	0
	photojourn	Photojournalism	0	0	0	0	0	0	0	0	3	3	3	2	1	4	0	3	2	1	4	3	4	3	2	1	4	4	2	2	3	0	3	2	1	1	3	4	1	3	3	3	3	2	0	2	0	0	1	0
	photojourn	Photojournalism 	2	3	2	3	0	3	2	3	3	4	4	4	4	4	3	4	1	3	3	0	1	3	3	3	3	4	2	3	2	0	0	2	2	1	4	1	3	1	3	1	0	0	1	0	3	2	1	2
	phtojourlist	phtojourlist 	3	1	0	1	0	2	1	1	4	4	2	1	3	4	2	0	2	0	4	4	4	4	2	1	1	4	4	3	4	3	3	4	1	2	1	4	1	4	2	4	2	2	1	3	0	4	1	2
	phycolog	phycology	2	0	0	1	0	0	0	0	2	3	2	0	1	1	1	0	0	0	0	0	0	0	0	0	3	4	2	1	3	3	3	0	1	3	3	0	3	3	1	3	2	3	3	0	3	2	3	2
	phycolog	phycology	3	1	1	1	0	1	1	1	3	1	1	1	1	1	1	1	1	1	1	1	1	2	1	1	3	0	1	3	1	1	1	1	1	1	3	1	3	1	3	1	3	1	1	1	1	1	1	1
	phycolog	phycology	0	0	0	0	0	0	0	0	4	1	0	0	0	4	0	2	1	1	4	3	0	4	0	0	1	3	2	2	2	3	0	0	0	4	2	2	1	3	0	0	0	1	0	0	0	2	0	0
	phycolog	Phycology	2	0	0	0	1	0	0	1	4	2	3	2	1	2	1	1	0	2	2	2	2	2	2	2	4	4	4	1	3	2	3	3	0	0	2	1	3	1	2	1	0	0	2	1	0	1	1	0
	phycolog	phycology	3	2	2	2	2	2	2	3	3	4	4	2	2	3	3	2	2	3	3	2	3	3	1	3	2	2	2	3	3	1	2	2	2	2	3	2	2	2	2	3	2	2	3	2	3	3	3	3
	phycolog	Phycology 	0	0	0	0	0	0	0	0	2	3	3	2	2	3	0	2	2	2	4	4	4	3	4	4	2	2	4	4	3	2	3	2	2	2	2	3	2	2	2	2	0	0	0	0	0	2	0	0
	phycolog	Phycology	4	2	4	3	1	3	3	0	4	4	4	2	1	0	3	0	0	0	0	4	2	0	4	0	2	4	4	3	4	3	4	4	0	0	2	3	0	3	1	3	4	4	0	1	1	1	1	1
	phycolog	Phycology	0	1	0	0	0	0	0	0	0	3	1	2	1	0	0	0	1	0	0	0	0	0	0	0	1	1	4	0	4	1	2	2	1	0	0	0	0	0	0	0	1	0	0	0	0	0	0	0
	phycolog	phycology	0	1	0	0	0	0	0	2	2	3	2	1	0	0	0	0	1	0	2	0	2	1	2	2	2	2	3	2	3	2	2	2	1	1	1	0	1	1	2	0	0	1	0	1	0	0	0	1
	phyisc	Applied Phyiscs 	1	0	3	3	0	1	1	2	3	3	2	1	2	2	2	3	1	1	1	0	1	4	0	3	1	3	2	1	1	1	3	1	0	1	2	0	2	2	2	4	0	0	0	0	0	4	0	0
	phyiscal therpey	Phyiscal Therpey	0	0	0	0	0	0	0	0	0	0	0	0	0	0	0	0	0	0	0	0	0	0	2	0	1	1	4	4	4	4	4	4	1	1	4	0	1	0	1	1	2	1	1	1	0	0	1	2
	phyiscal trainer	phyiscal trainer	0	0	0	0	0	0	0	0	2	0	0	0	0	0	0	0	0	0	0	0	0	0	0	0	2	0	0	4	0	0	2	0	0	0	0	0	4	0	0	0	0	0	0	2	0	0	0	0
	phyisic engin	Phyisics engineering	1	2	0	2	4	3	1	3	0	2	1	1	1	2	0	2	0	0	0	0	0	2	0	0	2	4	1	0	1	3	2	3	1	3	2	2	2	1	2	2	1	3	1	0	1	0	1	1
	phyisolgi	General Studies / Phyisolgy	2	3	3	1	1	3	2	3	3	3	3	3	1	3	3	3	1	1	1	0	0	1	2	1	3	2	3	2	1	1	1	1	2	1	3	1	3	1	3	2	2	2	1	1	1	2	2	2
	physcholog	Physchology	0	4	4	4	4	4	4	4	4	4	4	4	4	4	4	4	4	4	4	4	4	4	4	4	0	0	0	4	0	4	0	4	4	4	4	4	4	4	4	0	4	4	4	4	4	4	4	4
	physcholog	Physchology	4	2	2	4	4	2	3	2	2	2	2	4	2	4	3	2	3	2	4	2	1	4	2	4	2	1	2	4	4	0	2	4	2	2	2	4	4	4	4	4	4	3	4	0	0	3	0	4
	physcholog	Physchology	0	1	1	0	0	0	0	0	1	0	0	0	0	0	0	0	1	2	2	2	2	2	2	2	3	3	4	2	4	3	3	1	1	3	2	1	1	2	1	1	1	1	0	0	0	1	1	0
	physcholog	physchology	2	1	1	2	0	2	0	0	2	3	2	0	1	3	1	3	4	4	3	4	4	4	3	1	4	4	3	2	3	3	3	2	3	2	2	2	2	2	3	2	0	2	1	0	0	2	0	0
	physcholog	physchology	2	3	1	2	3	2	2	1	1	0	0	0	1	0	0	0	0	2	0	0	0	2	3	0	4	4	0	2	4	1	1	1	1	1	3	1	3	3	1	2	2	3	3	3	2	2	2	1
	physcholog	Physchology 	0	0	0	0	0	0	0	0	4	4	4	4	4	3	3	1	3	2	3	2	3	3	1	2	3	4	4	2	4	3	4	4	2	0	2	3	0	2	2	2	0	0	2	0	0	0	0	1
	physcial	physcial science	0	0	0	0	2	0	1	0	4	0	0	4	2	0	0	0	0	0	1	0	0	0	1	0	0	2	2	4	0	2	1	0	0	0	2	4	2	0	3	0	1	0	1	0	0	0	0	0
	physiatrist	physiatrist	3	2	4	4	2	2	3	4	3	2	4	3	2	2	2	4	3	0	4	3	2	2	3	4	3	2	4	3	1	2	3	4	2	4	4	3	1	2	3	4	2	4	4	2	1	2	4	4
	physiatrist	physiatrist	2	3	2	3	3	2	4	3	2	3	2	3	2	3	3	3	2	2	2	3	2	3	3	3	3	2	3	3	2	2	3	3	4	4	4	4	4	4	4	4	4	2	4	3	3	3	4	3
	physio	Physio	1	0	0	0	0	0	1	1	3	0	0	0	0	0	3	1	2	0	0	0	0	3	1	0	0	2	0	0	2	0	1	0	0	0	0	0	1	0	0	0	0	1	0	0	0	0	0	0
	physio	Physio	3	1	1	1	2	1	1	1	3	3	3	3	3	3	3	1	1	3	3	2	2	2	3	2	0	1	1	2	2	2	2	1	1	1	1	2	3	2	2	2	1	1	1	2	1	1	2	2
	physio	Physio	2	0	0	0	0	0	0	0	4	4	4	3	2	4	3	4	2	0	1	4	4	3	0	1	3	3	3	4	4	2	4	3	0	0	0	1	0	0	0	3	0	0	0	0	0	0	0	0
	physiotherapist	physiotherapist	2	0	0	0	0	0	0	0	4	0	0	4	2	0	2	0	0	0	0	0	0	0	0	0	0	0	2	4	2	2	2	0	0	0	0	0	0	0	0	0	0	0	0	2	0	0	0	0
	physiotherapist	Physiotherapist	1	0	1	1	1	1	1	1	4	1	2	4	3	1	3	1	2	2	1	2	3	2	2	2	3	3	3	4	3	3	4	3	2	3	3	2	2	2	1	2	2	1	1	2	1	1	1	1
	physiotherapist	Physiotherapist 	4	3	0	4	0	2	2	1	4	4	2	4	3	2	3	1	1	1	2	1	2	1	1	2	3	0	0	3	3	1	3	0	0	1	2	0	1	3	0	2	2	1	1	2	1	2	1	0
	physiotherapist	Physiotherapist	0	0	0	0	0	0	0	0	4	2	3	4	4	3	1	2	2	0	2	0	0	2	0	0	2	4	2	4	4	2	2	3	2	2	4	2	4	2	3	2	4	0	3	3	0	0	3	2
	physiqu quantiqu	physique quantique	4	2	1	2	1	2	1	2	3	3	4	3	2	3	3	3	2	3	1	2	4	3	2	3	1	4	2	2	3	3	3	3	0	2	0	1	2	0	2	2	4	3	4	1	4	4	1	1
	physocolgi	physocolgy	4	0	0	2	0	0	2	2	4	0	0	2	0	0	2	0	0	0	4	2	0	0	2	0	4	0	4	2	4	4	2	2	0	0	4	2	4	2	0	4	4	2	2	2	0	2	2	4
	physocolog	Physocology	2	1	2	2	1	1	2	1	2	0	2	3	1	2	4	0	1	2	2	1	2	3	4	1	4	0	1	2	2	1	1	1	1	0	4	3	2	2	2	2	1	2	3	3	3	2	3	2
	physoligi	physoligy	0	0	0	0	0	0	0	2	2	2	2	2	0	0	0	2	2	4	4	2	4	2	2	4	4	2	2	4	4	4	4	4	0	2	0	4	2	4	4	4	0	0	0	0	4	0	0	2
	piano perform	Piano Performance	3	1	0	2	1	1	1	1	4	3	3	0	1	3	1	3	4	4	3	3	3	4	4	3	1	3	3	1	4	4	4	1	2	2	3	0	2	2	0	4	2	1	2	1	1	0	1	2
	piano perform	Piano Performance	0	0	0	0	0	0	0	0	2	3	3	2	2	3	1	2	4	3	3	2	2	4	0	1	4	4	4	2	4	2	3	2	0	0	0	0	0	0	0	1	0	0	0	0	0	0	0	0
	piano perform	Piano performance 	4	2	0	0	1	1	2	0	4	1	0	0	2	1	1	2	3	3	0	4	2	4	4	1	4	4	3	4	2	4	2	4	3	0	2	0	4	3	2	3	1	0	0	1	4	0	2	2
	piano perform	Piano performance	3	1	2	4	1	3	3	1	1	3	2	1	1	2	2	2	4	3	3	1	1	4	2	2	2	1	1	1	3	2	2	3	4	0	0	1	4	1	2	3	1	3	2	0	2	1	1	1
	piano perform	Piano performance	2	0	0	0	0	1	0	0	4	2	3	4	3	3	3	2	4	4	3	4	4	4	4	3	3	4	3	1	4	2	4	2	0	2	1	0	2	2	1	0	1	2	2	1	2	2	2	0
	piano perform	Piano Performance	0	0	0	2	0	0	0	0	4	3	3	1	2	3	3	1	4	3	4	4	3	4	0	2	4	0	4	4	4	0	4	0	0	2	2	4	1	3	0	3	1	0	0	1	3	3	2	0
	pilot	pilot	3	0	0	0	0	0	0	0	2	3	3	2	3	3	2	2	0	4	0	0	0	2	4	2	2	2	2	2	3	2	3	3	2	2	1	3	2	2	2	2	2	2	2	2	2	2	2	2
	pilot	pilot	2	1	1	0	0	1	0	0	1	0	1	1	0	1	0	0	0	2	0	0	0	0	0	0	0	2	0	0	0	0	0	1	1	3	1	2	1	2	0	4	1	2	1	1	0	2	0	2
	pilot	pilot	2	0	0	2	0	0	1	0	2	0	0	3	2	0	2	0	3	4	0	1	2	1	0	0	2	2	1	1	4	2	0	4	0	2	2	0	2	1	0	2	0	2	2	1	1	1	0	1
	pilot	pilot	2	2	3	4	1	4	1	0	2	4	4	3	3	1	3	0	3	1	1	4	0	4	4	3	3	4	3	3	4	3	3	4	1	1	2	0	2	0	2	4	2	4	3	3	3	2	0	2
	pilot	pilot	2	3	3	3	2	3	2	2	1	3	3	2	2	2	1	3	4	2	2	3	3	3	3	2	1	4	2	1	4	2	3	3	0	2	2	1	4	3	3	3	1	3	3	3	2	2	2	3
	pilot	pilot	2	0	3	1	2	0	3	3	2	0	0	0	0	0	0	0	0	2	0	0	0	0	0	0	0	4	4	0	2	3	3	3	3	2	4	0	3	0	0	0	0	2	3	0	3	2	0	2
	pilot	pilot	2	0	4	0	0	0	2	0	4	4	4	4	2	4	4	4	0	4	2	2	4	4	4	4	4	4	4	4	4	2	4	4	4	0	2	2	4	4	2	4	0	2	2	4	4	4	2	4
	pilot	Pilot	4	2	0	4	2	4	3	3	0	0	0	0	0	0	0	2	0	0	0	0	0	2	4	0	2	0	0	4	2	2	1	0	2	4	0	2	0	2	1	4	0	2	3	0	0	0	0	2
	pilot	pilot	3	1	2	1	0	1	1	1	3	0	1	1	1	1	1	2	1	0	1	1	1	1	2	1	2	2	0	3	1	1	0	0	3	2	3	1	3	1	2	0	4	2	1	0	4	3	3	1
	pilot	piloting	1	2	3	4	1	2	2	4	3	4	3	4	1	2	4	4	3	4	4	4	4	4	4	4	3	4	3	4	2	2	3	4	3	4	2	3	1	3	2	3	3	4	3	3	2	2	2	2
	pilot	Pilot	2	0	0	0	0	0	0	2	4	4	2	4	2	0	2	2	2	2	4	2	2	2	2	2	4	2	4	2	4	2	4	4	2	0	4	4	2	2	2	2	2	2	4	2	2	2	2	2
	pilot	pilot	4	0	2	2	2	2	1	2	4	2	4	4	4	4	3	4	2	4	2	4	3	4	4	2	4	0	4	3	4	2	2	3	0	0	2	0	4	0	4	2	3	4	4	4	3	4	3	3
	pilot	Piloting	3	0	4	2	2	2	1	1	3	0	2	3	2	2	2	2	3	0	1	1	1	1	1	0	1	3	2	4	3	1	3	1	0	0	1	0	3	1	0	0	0	2	0	3	3	3	2	4
	pilot	Pilot	2	0	4	4	3	1	4	4	0	0	3	0	2	1	1	2	0	2	2	0	2	2	4	2	0	2	0	0	0	0	4	0	0	0	1	0	4	2	3	2	0	2	0	4	2	2	0	4
	pilotag	pilotage	2	2	2	1	0	1	0	0	0	3	0	3	1	3	1	0	3	2	2	2	2	4	2	1	4	3	4	0	3	1	1	0	1	1	2	4	0	3	3	3	0	2	0	0	1	0	1	2
	pimp dogg	pimping dogg	3	4	4	4	3	3	4	4	2	1	2	2	1	1	2	1	0	0	2	0	0	0	3	0	2	2	3	3	2	2	2	2	2	3	1	3	2	3	3	0	1	1	1	0	1	0	0	0
	plan communiti	Planning (community)	0	2	0	0	0	2	0	1	4	2	4	1	3	3	3	3	1	0	3	0	3	3	0	1	1	1	3	0	3	0	1	0	0	2	2	2	2	1	1	2	3	2	3	1	4	3	2	2
	plane	planing	4	2	2	2	2	2	4	2	3	3	3	3	3	3	3	3	3	2	2	1	2	2	3	4	3	3	4	1	4	4	4	4	4	2	3	1	4	3	4	3	4	3	2	2	3	4	4	2
	plane engin	plane engineering	0	0	1	4	2	0	1	0	2	1	2	2	3	1	3	0	0	0	0	0	0	0	0	0	0	0	1	0	0	0	1	0	2	2	2	0	2	2	2	2	2	3	3	2	3	4	1	3
	plastic art	plastic arts	3	0	0	4	0	0	1	3	0	0	2	0	0	0	0	4	2	2	4	2	3	2	2	4	2	1	0	2	1	1	0	2	1	2	1	0	0	4	0	1	0	3	1	0	0	1	1	0
	playwright	Playwrighting	2	0	0	0	0	0	0	0	4	3	3	3	3	2	2	1	3	2	1	3	4	3	2	0	3	4	3	2	4	4	4	3	1	2	2	3	1	2	1	3	0	2	0	2	1	2	0	2
	plumb	plumbing	0	0	0	0	0	4	0	0	0	0	0	0	0	0	0	0	0	0	0	0	0	0	0	0	0	0	0	0	0	0	0	0	0	0	0	0	0	0	0	0	0	0	0	0	0	0	0	0
	plumbl	plumbleing	4	4	4	4	4	4	4	4	0	0	0	1	1	0	1	0	0	0	4	0	0	0	4	0	4	3	1	0	0	2	1	0	2	1	0	0	2	4	0	1	1	0	0	0	0	1	0	0
	podiatri	Podiatry	0	0	0	0	0	1	0	0	4	2	3	4	4	0	3	0	3	3	4	4	4	2	3	3	3	4	1	1	1	0	4	3	1	1	0	0	1	0	3	0	0	0	0	0	0	0	0	0
	podiatri	Podiatry 	3	3	0	0	1	1	0	0	4	4	3	4	1	4	0	0	4	4	3	4	4	4	0	4	4	4	4	1	4	1	4	1	4	3	4	1	3	3	4	3	0	0	0	1	1	0	0	0
	podiatri	Podiatry	0	0	1	0	0	3	0	0	3	2	3	3	2	3	0	0	2	2	2	1	2	3	0	3	4	3	1	0	3	1	2	1	1	1	4	3	3	3	3	1	0	0	1	0	0	0	0	0
	podiatri	Podiatry	2	0	0	1	1	1	2	1	2	3	2	4	2	1	2	1	4	3	2	3	4	4	1	1	3	2	2	1	3	3	2	3	1	3	1	2	2	3	2	3	0	1	0	1	2	2	2	2
	podiatri	Podiatry	1	2	1	2	1	1	1	1	4	4	4	3	4	3	3	1	2	3	3	4	4	2	2	1	4	1	3	3	4	1	1	0	2	1	2	1	3	1	1	1	1	1	2	1	3	2	1	1
	podiatri	podiatry	0	1	0	0	0	2	3	1	3	2	3	3	2	3	2	0	2	1	0	1	3	3	1	1	0	4	3	3	2	3	4	2	0	2	2	0	2	1	1	3	3	1	2	2	1	4	2	3
	podiatri	Podiatry	2	3	0	3	1	2	1	2	4	4	3	2	2	3	2	1	2	1	1	1	2	4	0	1	3	2	3	3	2	0	2	2	1	1	3	3	3	1	2	1	3	3	3	3	2	3	2	2
	pol	Pols sci	3	0	1	0	0	0	0	0	3	4	3	0	2	3	3	3	0	0	0	0	1	0	0	0	4	3	2	1	2	3	4	3	3	0	0	0	1	0	2	2	2	1	0	1	0	0	1	1
	polic	police science	3	0	0	0	0	4	0	0	2	3	3	0	2	4	2	1	0	0	0	2	1	2	3	0	4	2	3	1	3	3	4	3	0	0	0	0	0	0	0	0	0	0	0	0	0	1	0	0
	polic	police	4	0	0	1	2	2	0	0	2	2	0	3	2	4	0	0	1	2	3	3	4	4	2	4	4	2	4	4	4	2	2	3	0	0	4	4	4	0	4	4	2	0	1	0	0	0	4	0
	polic	Polical sciences	2	3	1	0	1	1	0	2	2	4	3	3	0	4	2	3	3	3	1	4	4	4	0	2	4	1	1	4	0	3	3	0	0	3	2	2	2	3	0	2	0	2	0	3	0	0	1	0
	polic	Police	2	1	1	1	0	0	2	0	3	0	0	1	0	0	0	0	0	0	0	0	0	0	4	0	0	1	1	1	2	1	1	3	0	0	3	0	2	1	0	1	0	2	1	0	1	1	1	0
	polic	Police	0	0	1	4	0	1	1	0	2	2	4	0	0	2	2	1	4	4	4	4	4	4	4	4	1	0	2	1	2	2	4	2	1	0	1	1	0	2	1	4	1	1	1	1	4	2	0	4
	polic	Policing	0	3	0	0	0	2	0	0	2	3	4	0	2	3	1	1	2	3	0	3	4	2	4	2	3	3	2	4	3	1	0	1	3	1	1	0	1	1	2	1	0	0	0	0	0	0	0	0
	polic foundat	police foundations	3	3	4	3	1	4	1	4	4	4	4	0	3	4	3	4	0	0	2	4	4	4	4	4	2	3	2	2	0	3	4	1	2	4	1	1	3	1	3	3	3	0	4	1	0	1	2	2
	polic work	police work	0	0	0	0	0	0	0	0	0	4	4	0	0	0	0	0	0	0	0	0	0	0	0	0	4	0	3	3	3	0	0	0	0	0	0	0	0	0	0	0	0	0	0	0	0	0	0	0
	polici	policial science	1	0	0	0	0	0	0	0	3	4	3	2	4	3	3	4	3	1	0	3	4	2	0	0	2	3	0	0	0	0	1	0	0	1	0	0	0	0	0	0	0	0	0	0	3	1	0	0
	polici	policy studies	2	3	1	1	1	3	0	3	2	3	4	2	3	3	3	2	3	1	2	1	1	1	2	3	2	4	2	4	3	4	3	3	2	0	3	3	3	3	3	3	2	0	2	2	2	2	3	2
	polici	Policy	2	2	1	2	1	2	0	2	1	3	3	3	3	3	3	3	2	2	3	3	3	3	1	3	2	2	1	2	2	2	3	1	0	0	1	1	1	1	0	2	1	2	2	1	2	2	2	1
	polici	policy	0	1	0	1	0	2	0	0	3	2	2	3	3	1	1	1	3	3	3	2	3	3	0	2	4	4	4	3	4	2	3	2	0	0	3	2	3	1	1	0	0	0	1	1	3	2	0	0
	polici	policy	1	0	0	1	0	0	0	0	3	2	3	3	2	3	1	3	1	1	4	2	1	4	3	4	1	2	2	2	1	2	1	1	3	1	1	3	3	2	1	1	1	2	1	1	1	1	0	1
	polici	Policy	1	3	2	1	2	2	1	1	3	4	4	2	2	3	2	2	1	1	3	1	3	0	1	3	2	4	3	1	3	2	3	1	0	0	3	2	1	2	0	0	0	1	0	1	0	0	0	0
	polici	Policy	2	1	0	0	1	2	0	0	3	3	3	1	3	2	3	3	1	3	2	4	4	4	1	1	3	3	2	4	2	3	4	2	0	2	1	2	1	2	1	3	0	0	0	1	4	4	0	0
	polici analysi	Policy analysis	0	2	0	0	0	0	0	0	3	3	3	4	3	3	2	0	1	3	4	4	4	3	4	3	1	3	0	2	2	2	2	0	2	0	2	2	4	0	3	4	0	0	0	0	2	0	0	0
	policti	Polictial Science	2	0	0	2	1	0	0	0	3	3	2	3	3	1	3	0	3	2	1	2	3	1	1	2	3	3	3	3	3	1	1	1	2	1	2	3	4	1	1	3	3	1	3	3	2	2	3	3
	polish	Polish	3	0	0	0	0	0	0	0	3	0	0	0	0	0	0	0	2	3	4	0	4	0	2	3	3	1	3	3	2	0	0	0	3	1	4	3	2	3	4	3	3	1	1	1	0	0	1	2
	polish	Polish	2	0	0	0	0	0	0	0	0	1	0	0	0	0	0	0	1	2	4	1	3	3	0	0	0	0	0	0	0	0	0	0	0	0	0	0	0	0	0	0	0	0	0	0	0	0	0	0
	poll	Poll Sci 	0	1	0	0	1	4	0	0	4	4	4	2	2	4	1	4	1	2	3	3	4	3	2	3	4	4	3	4	4	1	2	3	1	2	2	2	0	2	2	3	0	3	2	1	0	1	2	1
	poltic	Poltical science	0	0	0	0	0	0	0	0	2	2	3	3	2	3	2	2	2	2	1	3	3	1	1	1	3	3	3	1	3	2	3	2	3	1	0	0	3	0	2	2	1	0	0	0	0	0	1	0
	poltic	Poltical Science 	0	0	0	0	0	1	0	0	1	3	3	3	3	3	2	0	3	4	4	4	4	4	0	1	3	4	1	1	3	2	2	0	1	1	2	1	3	1	0	0	1	0	1	1	0	1	0	0
	poltic	Poltical science	1	0	0	0	0	0	0	0	1	3	0	2	0	0	0	0	1	3	2	3	3	2	0	2	4	4	1	2	3	2	2	2	3	1	3	3	4	3	3	1	0	0	0	1	0	0	0	0
	polym engeenirng	polymer engeenirng	4	1	4	3	3	2	0	2	1	3	1	1	3	2	3	0	1	2	4	2	0	4	4	3	4	4	0	3	2	3	2	0	4	4	4	4	4	4	0	4	0	3	3	2	3	4	2	4
	polym engin	Polymer engineering	2	0	0	4	0	3	1	1	4	3	4	4	3	1	3	3	1	4	4	1	1	3	4	3	0	2	0	1	0	0	0	1	0	0	4	1	4	2	0	2	0	2	3	0	4	2	2	2
	polym engin	Polymer Engineering	2	4	3	2	2	2	3	2	2	4	4	4	4	4	3	4	2	4	3	2	4	4	2	3	4	4	4	4	4	4	0	2	2	0	1	4	4	4	0	4	1	2	4	2	2	2	0	4
	polym technolog	Polymer technology	4	2	3	0	4	2	4	2	4	2	3	4	4	2	4	0	0	2	2	0	2	0	1	0	4	4	2	2	4	3	0	3	4	3	2	3	3	2	0	2	2	2	3	4	0	0	0	2
	polym technolog	polymer technology	2	2	2	4	4	4	4	3	2	0	2	2	3	2	2	2	3	3	3	4	4	4	2	3	4	2	4	3	4	2	2	3	3	4	2	2	1	3	2	4	2	0	1	0	0	3	2	2
	polysomnograph	polysomnograph	3	2	1	2	1	2	2	2	3	1	2	3	3	1	2	2	1	2	2	1	1	1	3	2	3	2	3	3	3	3	2	1	2	2	2	2	2	3	3	1	1	2	1	1	1	2	2	1
	polysomnographi	Polysomnography	3	2	1	3	1	1	2	2	4	4	2	4	2	4	3	1	3	1	0	0	2	2	1	1	2	3	3	1	2	2	2	3	1	1	2	1	0	1	0	4	2	2	2	1	1	2	1	1
	polytech	Polytech	4	1	2	4	2	3	4	3	4	3	4	4	4	4	4	4	0	2	2	4	4	3	2	4	1	3	3	4	2	0	1	0	3	0	2	2	3	1	0	0	0	3	3	1	4	2	0	1
	poop	poop	4	4	4	4	4	3	4	3	2	4	3	0	4	4	4	2	4	4	0	0	1	3	0	4	3	0	2	1	2	4	3	3	2	2	2	2	2	4	0	0	3	4	2	4	0	0	3	0
	poop	poop	4	4	4	4	4	4	4	4	4	4	4	4	4	4	4	4	4	4	4	4	4	4	4	4	4	4	4	4	4	4	4	4	4	4	4	4	4	4	4	4	4	4	4	4	4	4	4	4
	porgram	Porgraming	4	4	4	4	4	4	4	4	4	4	4	4	4	4	4	4	4	4	4	4	4	4	4	4	4	4	4	4	4	4	4	4	4	4	4	4	4	4	4	4	4	4	4	4	4	4	4	4
	potato	Potatos	0	0	0	0	0	0	0	0	0	1	1	0	1	1	0	0	0	0	1	2	1	2	2	0	0	0	1	0	0	3	1	2	0	1	1	4	0	0	0	2	0	1	0	1	0	0	0	0
	poverti	Poverty Studies	0	0	0	0	0	0	0	0	0	2	2	0	1	2	1	1	0	0	3	0	3	1	0	0	3	4	3	1	3	3	4	1	0	0	1	0	0	0	3	4	0	0	0	0	0	0	0	0
	power electron	Power Electronics	0	0	0	2	0	0	1	0	3	2	2	2	2	3	1	0	4	3	3	3	2	4	3	3	2	3	2	2	3	2	2	2	1	0	2	1	2	1	0	1	0	1	2	1	3	3	0	0
	power engin	Power engineering	4	3	2	3	3	3	4	2	3	3	1	3	1	0	1	2	2	1	0	4	1	4	4	3	3	3	3	4	4	3	2	2	1	3	2	0	3	2	3	3	1	4	3	0	3	1	3	1
	power engin	Power Engineering 	2	2	2	2	2	1	2	2	1	1	1	2	0	1	2	2	0	1	1	1	0	2	1	2	1	2	2	1	2	2	1	2	1	1	2	0	2	1	1	1	2	2	2	2	2	1	2	2
	power lineman	Power Lineman	4	4	3	3	4	4	2	4	1	3	2	0	1	2	2	0	0	1	4	0	0	0	4	0	1	2	0	3	3	2	0	2	0	3	2	0	2	3	1	4	1	1	2	0	0	4	0	0
	ppe	PPE	2	1	0	2	1	1	3	2	4	3	3	3	1	3	1	3	3	3	2	2	2	3	3	3	3	3	1	2	1	3	3	3	1	1	1	3	3	3	2	1	1	3	1	1	1	3	1	1
	practition	general practitioner	2	0	1	1	0	1	0	0	4	3	4	4	4	4	3	2	3	1	1	3	4	4	2	3	2	3	2	4	2	4	3	1	0	0	0	0	0	0	0	2	0	0	2	0	0	1	0	1
	practition	General Practitioner	2	3	3	2	1	0	0	2	3	2	4	4	4	3	3	1	1	2	4	2	4	1	4	2	4	4	2	4	4	2	4	2	2	3	1	2	2	1	0	0	0	1	2	2	2	1	0	3
	pratic patisseri	Certificate in Pratical Patisserie 	0	0	0	0	0	0	0	0	0	1	0	0	0	0	0	0	0	0	0	0	0	0	0	0	0	1	1	2	1	1	1	1	0	0	0	0	0	0	0	0	0	0	0	0	0	0	0	0
	precis engin	Precision Engineering	4	1	4	3	4	0	4	0	4	0	4	2	3	3	4	3	2	0	2	0	0	0	0	0	0	0	0	0	0	1	0	0	0	0	0	0	1	0	0	0	0	4	3	2	3	0	0	2
	prefer robot engin	i prefer robotic engineering	4	1	0	3	0	2	0	1	4	4	4	2	4	2	4	2	1	4	1	4	2	1	0	1	4	4	4	3	4	3	2	2	0	0	0	1	1	0	0	0	1	1	0	0	2	4	0	4
	prek childcar adminstr	PreK Childcare Adminstration	2	4	3	0	3	4	4	4	3	3	3	1	0	1	1	0	0	4	0	3	0	4	4	3	4	4	3	4	4	4	4	4	0	1	0	0	0	0	4	0	0	3	1	0	0	3	0	0
	preoptometri	PreOptometry 	2	2	1	3	0	2	0	1	4	4	3	4	4	3	4	0	3	2	4	4	3	0	0	0	4	4	4	2	4	1	4	0	2	3	4	0	3	3	0	0	2	1	3	0	0	0	2	0
	prepharm	PrePharm	3	0	2	4	1	2	0	1	2	3	4	4	4	2	4	2	0	0	0	0	0	1	0	0	4	1	3	0	1	0	1	3	0	1	2	0	3	1	0	1	2	3	4	1	4	3	2	1
	preschool	Preschool studies	2	1	3	2	0	0	1	0	3	3	3	1	2	3	2	1	2	2	3	1	1	4	2	2	3	2	1	2	3	2	3	3	3	1	1	2	2	3	0	3	1	2	2	1	1	1	0	1
	presoci	PRESOCIAL	2	2	0	2	0	2	2	3	2	2	2	2	1	2	2	3	2	2	2	2	1	2	2	0	3	1	4	1	1	1	2	1	2	2	2	2	0	1	1	1	2	1	2	1	2	1	1	1
	prevent	Prevention Science 	3	0	0	1	0	0	1	1	1	1	1	1	1	1	1	2	2	3	4	3	2	1	2	3	3	2	2	3	2	2	2	1	2	2	3	2	3	2	3	2	2	1	1	2	2	1	2	2
	primari	Pre primary studies	2	0	0	0	0	0	1	0	3	3	3	1	2	2	2	0	0	2	0	0	0	1	2	2	2	4	2	4	3	2	4	3	0	0	1	2	3	2	1	3	1	0	1	3	0	4	0	2
	primari qts	Primary Studies with QTS	0	3	0	3	0	2	0	1	2	3	2	4	3	0	3	0	3	3	2	4	4	4	4	3	3	4	4	4	4	4	4	3	2	2	1	1	1	1	1	3	2	2	0	3	2	3	0	0
	print	Printing	1	0	2	0	1	0	2	0	2	0	1	1	2	3	3	1	1	1	0	2	2	2	2	1	1	0	1	0	1	2	1	0	2	2	3	3	1	3	0	2	0	1	1	1	3	1	0	2
	print packag engin	Printing and Packaging Engineering	2	0	3	1	0	0	0	0	0	3	1	3	0	2	0	2	3	2	3	1	0	4	0	0	1	3	1	3	3	1	0	1	1	3	2	3	3	3	0	4	1	3	1	1	1	0	2	1
	print packag graphic	Print packaging and graphics	4	3	1	3	1	2	2	2	4	4	1	4	1	3	2	3	1	1	3	3	3	4	4	3	3	3	2	3	2	2	2	2	0	1	1	1	2	1	2	4	0	2	1	1	3	2	1	2
	prm	PRM	4	3	3	2	2	3	2	3	2	2	1	2	2	2	2	3	2	2	1	2	2	2	2	2	3	3	2	3	3	3	3	3	2	3	3	2	3	3	3	3	2	3	3	3	3	3	3	3
	proccess engin	M.Sc. Proccess Eng.	4	2	2	4	2	3	2	1	3	2	1	3	4	1	2	1	1	3	0	2	3	3	1	2	2	2	1	4	1	1	2	2	0	0	2	0	4	2	1	2	1	1	4	0	4	2	1	2
	process engin	Process engineering	2	2	4	4	4	4	3	2	0	0	1	1	1	0	0	0	0	4	1	2	4	2	0	2	1	2	3	1	4	1	2	2	1	1	2	1	1	1	0	0	2	2	4	1	4	2	0	2
	process engin ministri	in process of engineering and ministry	3	1	1	1	2	4	1	3	1	0	0	2	2	2	2	4	1	1	0	2	1	0	2	3	0	3	2	3	1	2	3	2	0	0	0	0	4	0	0	0	0	2	1	1	4	2	0	2
	processo gerencia	PROCESSOS GERENCIAS	2	0	0	0	0	0	0	0	3	0	0	2	0	0	0	0	0	0	0	0	0	0	0	0	3	2	2	2	2	0	2	2	3	0	3	0	3	3	2	3	3	2	3	3	2	3	3	3
	procom	ProCom	4	3	2	4	3	3	3	1	3	4	3	1	2	3	2	1	3	4	3	3	3	3	4	2	0	3	1	2	4	4	4	3	2	3	2	1	3	2	2	4	2	2	2	2	1	1	1	2
	procur	procurement	2	0	2	2	0	0	3	0	4	4	1	0	1	1	0	0	4	4	0	3	2	4	0	2	2	4	3	3	3	4	3	3	2	3	4	0	3	3	1	2	2	4	3	4	3	4	2	4
	procur	procurement	4	3	3	3	3	3	3	4	4	4	3	3	3	4	3	4	3	4	4	4	4	4	4	4	4	4	4	4	4	4	4	4	3	4	4	4	4	4	4	4	4	4	4	4	3	3	4	4
	procur	procurement	4	1	1	1	2	2	3	2	2	3	2	2	1	3	0	1	0	1	0	1	1	4	0	1	2	2	4	4	4	4	4	2	0	3	3	2	3	4	3	1	4	2	2	4	1	2	4	4
	procur	procurement	0	2	2	0	2	2	2	4	2	2	2	2	2	2	2	4	4	4	4	4	4	4	4	4	4	4	4	4	4	4	4	4	2	4	4	4	4	4	4	4	4	2	2	4	2	2	4	4
	procur	Procurement	4	3	1	1	2	1	2	1	2	4	4	2	3	3	3	0	2	0	2	1	2	4	0	2	3	3	3	2	4	3	2	3	3	2	1	3	1	3	0	3	3	2	2	2	2	2	2	3
	procur	procurement	3	1	3	3	2	2	4	3	2	2	2	1	1	1	2	1	2	2	1	2	1	3	4	1	3	2	3	4	2	1	3	2	4	4	4	4	3	4	3	1	4	4	4	4	4	4	4	4
	procur	Procurement	2	1	2	2	2	2	2	1	2	4	2	2	0	2	1	0	4	2	4	2	2	4	1	2	4	4	4	2	4	4	4	4	4	4	2	2	4	2	0	2	4	4	4	4	2	4	2	4
	procuremnt	PROCUREMNT	4	0	0	0	0	2	4	1	2	2	4	3	0	4	0	0	0	0	4	4	0	4	3	0	2	4	2	4	3	3	3	4	4	3	3	4	4	4	4	3	3	0	2	3	4	4	3	3
	prod engg	prod engg	1	0	0	0	2	2	0	1	0	0	0	0	0	0	0	0	0	0	2	0	0	0	0	0	2	0	0	0	0	0	0	0	0	0	1	0	1	0	0	0	2	0	0	0	0	2	0	2
	product	production	2	3	4	0	3	4	1	1	4	3	4	3	3	4	3	4	4	4	4	1	1	3	1	1	4	3	4	0	3	3	1	1	4	4	4	0	3	1	1	4	0	4	0	0	1	1	1	0
	product	Production	3	0	1	2	1	0	3	2	1	3	3	1	2	1	2	3	0	2	4	3	1	1	2	3	3	2	1	2	1	3	2	0	2	3	3	2	3	4	3	3	1	3	3	2	1	2	1	2
	product	Production	2	2	0	1	1	2	1	1	1	3	2	2	1	3	0	3	3	2	4	2	2	3	4	4	3	3	1	2	2	2	3	2	3	0	1	3	1	1	2	1	0	0	1	1	0	2	0	0
	product	Production	1	1	0	1	0	1	0	1	1	3	3	0	1	1	2	3	0	2	3	3	4	0	0	3	1	4	3	0	3	3	1	1	1	1	3	0	1	3	1	3	1	3	1	2	1	0	1	2
	product develop	Product Development	2	0	0	0	1	1	1	1	3	1	1	0	1	3	0	3	1	0	4	0	1	2	3	4	3	0	0	0	0	0	3	0	1	1	0	0	3	3	3	2	2	2	0	2	2	3	2	3
	product develop	Product Development	2	2	0	2	1	2	3	2	3	2	1	2	1	2	1	2	3	1	3	2	2	3	1	3	3	2	2	2	2	2	3	2	0	2	1	2	1	2	0	3	1	2	1	2	2	2	1	1
	product develop	product development 	0	0	0	0	0	0	0	0	4	3	3	2	2	3	2	0	1	0	4	4	2	0	0	1	4	2	2	4	4	3	3	3	4	4	3	4	4	4	3	0	0	0	0	2	4	4	1	2
	product engg	Production engg	4	3	4	4	4	4	4	4	3	1	3	4	4	2	4	4	1	0	3	1	3	0	0	2	4	2	2	2	3	2	4	3	2	2	2	2	4	1	2	2	2	3	2	2	3	3	2	3
	product engin	Production engineering	1	1	4	4	3	2	3	1	3	1	4	4	4	4	4	4	0	4	3	2	3	3	4	4	1	1	0	2	0	3	1	0	2	3	3	1	3	3	3	4	1	3	2	1	2	3	4	4
	product engin	Production engineering	3	1	2	0	0	1	2	0	1	0	0	0	0	0	0	0	0	4	0	0	0	0	0	0	4	3	0	0	0	0	0	0	4	4	4	3	4	4	4	4	4	4	4	4	0	4	4	4
	product engin	Production engineering	0	3	0	0	1	2	0	0	3	4	2	2	3	0	0	0	0	4	2	1	4	1	3	1	4	2	4	4	2	2	3	1	3	0	3	2	3	2	3	2	0	0	0	0	1	0	0	0
	product engin	Production Engineering	1	0	4	0	4	0	4	2	0	3	4	2	3	3	0	0	4	4	1	4	4	4	0	4	3	1	3	2	3	0	4	3	3	2	3	3	4	3	3	3	3	2	3	2	4	4	2	2
	product engin	Production Engineer	3	3	1	4	2	4	4	2	2	3	0	4	0	0	1	0	0	4	0	2	3	2	2	3	4	0	1	2	2	0	0	1	3	2	4	4	4	0	3	3	0	2	4	0	4	4	2	0
	product fashion	Production in Fashion	0	0	0	0	0	0	0	0	3	2	2	1	0	0	0	1	2	4	4	4	3	4	4	4	3	4	2	4	2	3	3	3	1	0	3	3	2	2	2	1	0	0	0	0	0	0	0	0
	prof moral digit time	prof. morality in digital times	3	3	3	4	1	4	0	3	3	4	4	4	4	4	4	4	3	4	4	4	4	4	3	4	4	4	4	1	2	4	3	1	0	2	4	0	2	2	2	3	0	2	2	0	2	0	0	1
	profesion communic	Profesional communication	3	4	0	3	2	2	2	3	3	2	3	3	3	2	3	3	2	3	4	3	4	3	4	4	4	2	2	4	3	3	4	2	2	2	2	3	3	3	3	2	0	2	3	4	1	2	2	4
	profession	professional bachelor	3	1	3	0	1	2	1	1	4	3	3	4	3	4	3	3	2	2	1	3	3	4	2	1	3	4	3	3	2	2	3	3	1	0	3	1	1	1	1	1	0	1	1	1	2	1	1	3
	profession	Professional studies	0	0	0	1	0	0	0	0	1	4	3	1	1	3	2	3	0	0	1	1	2	2	1	0	3	3	1	2	1	0	0	0	3	2	1	1	2	3	3	0	1	0	1	1	2	2	0	0
	profession	Professional Studies	4	0	0	0	0	0	0	0	4	0	2	3	3	0	3	0	2	0	0	0	0	0	0	0	4	4	4	3	4	2	3	3	1	0	0	0	4	0	0	0	3	0	3	3	4	4	3	3
	profession	professional 	3	0	0	2	1	1	1	0	0	0	0	0	0	0	0	1	2	3	3	0	0	3	2	3	4	4	4	4	4	0	4	3	3	1	3	2	3	3	3	1	0	1	1	1	2	1	1	0
	profession communic	Professional Communication	2	2	0	0	2	1	0	1	2	4	3	2	2	4	0	0	1	2	3	3	4	3	2	2	2	2	0	2	3	2	4	0	1	3	3	3	2	4	2	2	2	1	2	3	1	2	2	2
	profession communic	Professional communication	1	0	0	0	0	1	0	0	2	4	4	0	1	4	1	0	4	4	4	4	4	4	2	4	1	3	2	2	3	3	4	3	1	2	0	1	2	2	0	3	0	0	0	1	0	0	1	1
	profession communic	Professional Communication	3	0	0	0	0	0	0	0	3	3	3	2	2	3	3	1	3	4	2	3	3	3	3	3	4	4	3	2	4	2	4	4	2	1	3	2	3	1	2	3	0	1	0	0	0	0	1	1
	profession communic	Professional Communication	2	2	1	1	0	3	1	1	0	3	1	3	0	3	0	0	3	4	3	4	4	4	4	4	4	3	4	4	4	2	4	1	3	3	4	3	4	4	4	3	0	2	3	0	1	0	0	1
	profession communic	professional communication	2	2	2	0	2	0	2	3	0	2	1	1	0	4	0	1	1	4	3	3	3	4	1	2	1	1	2	3	3	0	2	2	3	1	4	1	4	0	2	4	0	0	0	0	0	0	0	2
	profession communic	Professional Communication	1	0	0	0	0	1	0	0	3	4	3	0	0	3	0	0	1	1	3	3	4	3	3	4	4	4	1	3	4	3	3	3	1	1	0	1	0	3	0	3	0	1	1	4	0	0	1	3
	profession communic	Professional Communication	1	0	0	0	0	0	1	0	2	4	3	0	1	3	1	0	2	1	3	3	4	3	2	4	4	4	3	2	3	3	3	3	1	1	1	1	0	2	1	3	1	0	1	4	1	0	1	3
	profession communic	Professional Communication	2	0	1	0	0	0	0	0	2	0	0	0	0	0	0	0	4	4	4	3	3	4	4	4	4	4	3	3	3	2	2	3	2	2	4	4	3	4	0	4	2	0	0	3	0	1	0	1
	profession communic	Professional Communications	2	3	1	0	1	1	2	2	2	3	2	3	1	2	1	2	1	4	4	4	4	2	2	4	4	4	4	4	4	3	2	4	3	0	4	4	4	2	3	0	2	2	2	4	3	2	2	2
	profession communic	Professional Communications	0	0	0	0	0	0	0	0	1	0	0	0	0	0	0	0	2	4	2	3	4	3	2	2	4	3	0	1	0	2	3	1	1	2	3	2	3	2	1	2	0	0	0	0	0	0	0	0
	profession communic	professional communication	1	0	0	1	0	1	1	0	1	1	2	0	1	1	0	0	1	3	3	2	3	3	1	2	2	2	1	0	1	3	3	1	0	2	1	1	0	2	2	3	0	1	1	0	0	1	0	0
	profession communic	Professional Communication	0	0	0	0	0	0	0	0	1	4	2	0	2	3	0	0	2	4	0	4	2	4	3	4	0	3	4	0	4	1	1	1	0	0	2	0	4	0	2	1	0	0	0	2	2	0	2	1
	profession communic	Professional of communication	2	2	0	0	0	0	0	0	0	4	4	1	2	3	0	2	0	2	3	0	1	4	2	0	0	4	2	1	2	2	1	3	0	0	2	1	0	3	0	4	2	0	0	2	0	0	0	0
	profession communic	Professional communication	2	0	3	4	2	0	2	0	1	1	3	0	0	2	0	0	0	2	3	0	3	0	3	1	3	0	0	0	2	1	2	0	2	2	4	0	3	2	4	3	0	0	0	2	0	1	2	1
	profession communic	Professional Communication	3	0	1	0	0	0	2	1	2	3	2	1	0	0	1	0	0	2	4	1	2	1	4	3	2	4	2	2	3	2	2	1	1	2	4	2	4	4	2	3	2	0	3	3	3	2	2	2
	profession communic	professional communication	0	2	0	0	0	0	0	0	2	0	0	0	0	0	0	0	2	3	4	1	3	3	1	2	1	4	2	2	3	3	3	2	1	0	3	2	3	1	0	3	1	0	0	0	0	0	0	0
	profession qualif network en	only professional qualifications : network en	3	3	4	4	1	3	4	1	2	2	3	3	1	2	2	3	0	1	2	0	0	0	4	0	3	2	1	2	1	2	2	0	3	2	2	0	4	3	4	3	0	3	1	1	3	2	2	3
	profession servic	Professional services	1	0	0	0	0	0	1	0	2	1	1	1	0	0	0	1	3	3	2	3	2	3	2	2	3	4	3	4	4	2	2	2	0	3	0	4	3	3	1	2	2	1	1	2	1	2	2	2
	profession technic write	Professional Technical Writing	0	0	0	0	0	0	0	0	1	2	2	0	0	2	0	0	4	4	4	3	4	4	2	4	3	4	2	2	2	4	3	2	1	2	2	3	2	1	0	2	2	2	1	2	0	0	0	0
	profession technic write	Professional Technical writing	0	2	0	2	1	2	0	0	3	2	2	2	1	0	0	0	0	0	1	3	3	0	0	3	0	0	1	0	2	0	0	1	0	0	3	3	4	0	0	1	0	0	3	1	1	0	0	0
	profession write	Professional writing	2	2	2	3	3	2	2	2	1	1	1	0	1	1	1	1	3	3	3	4	4	4	0	3	0	2	1	1	0	0	0	0	0	0	0	0	0	0	0	0	0	3	0	1	0	2	0	0
	professor	Professor	2	1	0	0	0	0	0	0	4	2	2	0	0	0	0	0	0	1	4	0	0	0	0	4	1	4	4	4	4	4	1	4	0	4	4	4	4	4	0	2	1	0	0	2	0	0	0	1
	professor	Professor 	2	0	0	3	0	0	0	0	4	4	3	3	4	3	3	3	3	3	1	2	4	3	2	3	1	3	2	0	3	2	0	1	0	0	0	0	0	0	0	3	0	0	0	0	3	0	0	0
	professt	professtional	2	1	1	1	1	2	0	1	3	2	3	1	3	2	0	1	3	3	3	3	3	3	1	3	4	1	4	4	4	4	4	4	2	1	2	3	2	2	1	3	1	1	1	1	2	2	1	0
	program	Programming	1	1	3	3	1	2	2	1	4	2	3	3	3	1	3	2	2	2	4	2	2	2	2	2	2	0	0	0	1	0	0	0	1	0	1	1	2	1	1	3	0	2	0	0	0	1	0	0
	program	Programming	3	2	0	3	2	2	1	2	1	3	2	0	2	2	2	1	3	1	1	3	1	4	1	1	0	2	1	3	3	2	3	2	1	3	2	2	1	2	1	3	1	1	2	1	2	3	1	1
	program	Programming	2	3	1	3	2	1	3	1	1	1	0	0	0	0	0	0	0	0	0	0	0	1	2	0	1	0	0	0	0	0	0	0	0	1	1	0	1	1	2	1	2	2	3	1	2	2	2	2
	program	Programming	1	1	3	1	0	1	0	0	2	0	0	1	0	2	0	0	3	4	3	3	3	4	2	4	4	4	4	4	4	4	0	3	1	0	3	4	4	3	1	3	0	2	1	1	0	0	0	1
	program	Programming	4	3	3	4	3	2	3	4	4	2	3	2	4	1	2	2	4	3	4	3	2	2	2	2	2	2	2	2	0	1	1	0	2	0	2	2	4	1	3	2	2	3	3	2	2	1	3	2
	program	Programming	0	0	3	4	1	2	1	0	1	3	3	2	2	2	2	3	2	3	3	3	4	1	0	2	2	3	0	3	1	0	0	0	0	0	0	0	2	0	0	0	1	0	1	0	3	1	1	2
	program	Programming	0	0	0	2	0	0	0	0	0	0	1	2	0	0	0	0	0	2	2	3	3	3	0	0	0	1	0	0	0	0	0	0	1	0	1	0	1	0	0	0	0	0	0	0	2	0	0	0
	program	Programming	4	2	0	4	1	3	1	1	2	2	1	3	0	0	0	0	2	3	3	0	0	0	0	1	1	2	0	0	0	2	0	1	1	1	0	0	3	0	0	0	1	3	2	2	0	4	0	1
	program	Programming	2	0	0	4	0	0	0	0	1	2	1	0	1	2	0	0	1	1	0	2	0	2	0	0	0	1	0	1	0	1	2	2	0	2	0	0	0	0	0	0	1	1	0	0	2	0	0	0
	program	programming	0	0	0	4	0	0	2	0	1	0	1	0	0	0	0	0	2	0	0	0	0	3	0	0	1	2	2	0	3	2	1	2	1	2	2	0	2	0	0	0	1	3	2	1	3	2	2	2
	program	programming	2	3	0	3	1	2	2	1	3	4	3	2	3	3	3	2	3	4	4	2	2	3	3	2	3	2	3	3	3	1	2	0	1	1	2	2	1	0	1	1	1	0	1	0	4	2	2	1
	program	Programming	4	2	2	3	1	1	0	1	2	3	2	2	2	2	3	3	2	4	2	2	2	2	3	3	3	2	2	1	4	3	3	2	1	1	3	0	3	1	2	2	4	4	4	4	4	4	2	3
	program	Programming	2	0	1	2	1	0	1	0	1	0	1	0	0	0	0	3	0	0	2	1	1	1	2	2	2	0	1	0	1	0	0	0	2	1	2	0	2	0	1	1	1	2	1	0	1	0	0	0
	program	Programming	2	0	0	0	1	1	3	1	0	0	1	0	2	1	1	0	0	2	3	2	1	0	0	1	2	2	3	2	2	3	2	2	2	0	3	2	2	4	1	1	2	4	3	2	3	3	2	2
	program	programing	2	0	1	4	3	1	2	1	3	0	0	2	0	1	0	1	4	1	1	4	1	3	0	1	0	4	1	3	4	3	4	4	0	2	2	2	1	4	1	2	0	4	3	2	1	4	1	1
	program	Programming	3	2	0	4	2	4	2	2	0	0	1	3	0	0	0	0	3	2	1	2	4	3	1	4	3	2	3	3	4	3	1	3	2	3	2	0	3	3	3	1	2	2	2	2	4	3	3	2
	program	Programming	4	2	4	1	0	1	1	0	4	2	4	2	1	2	1	1	2	1	3	4	4	3	0	2	2	1	1	0	0	0	0	0	3	3	1	1	1	1	0	2	3	0	3	1	3	2	0	2
	program	Programming	4	2	4	4	4	3	4	2	4	2	4	2	2	2	2	3	4	0	4	2	2	1	0	0	2	4	0	0	0	0	0	0	0	0	0	0	4	0	0	0	4	4	4	4	4	4	2	4
	program	Programming	4	1	2	4	2	4	4	3	2	4	2	3	1	3	2	4	3	1	3	4	1	4	3	1	3	2	3	2	3	1	2	4	3	3	3	2	4	3	2	4	3	4	4	4	4	4	2	4
	program	Programming	0	0	0	3	0	2	2	1	4	3	2	4	2	1	0	0	0	3	0	3	2	2	0	1	2	2	2	2	2	0	0	0	1	0	1	1	1	1	2	3	0	1	4	0	2	2	3	2
	program	Programming	1	0	0	3	2	2	3	1	3	3	3	3	3	2	3	1	3	3	4	3	3	3	1	3	0	0	1	1	1	1	1	0	1	3	2	2	3	3	2	2	2	2	2	0	3	2	1	2
	program	programming	4	1	0	0	1	1	1	1	2	2	2	1	2	2	3	3	2	2	3	1	4	1	1	1	3	2	0	1	1	1	3	1	1	0	2	1	1	1	1	1	1	1	0	1	1	1	1	1
	program	PROGRAMMING	3	3	0	3	3	1	0	0	4	3	3	2	3	2	0	0	2	0	3	0	0	0	0	0	2	4	2	0	2	0	3	1	2	0	0	0	2	0	0	0	2	4	4	0	2	0	0	2
	program	Programming	4	0	0	4	0	1	0	0	3	3	3	3	3	3	3	0	0	4	4	4	4	2	4	4	0	2	2	1	1	1	2	2	0	0	1	0	1	0	1	1	2	0	4	0	4	0	3	0
	program	programing	4	0	0	4	3	3	4	3	1	4	2	3	0	1	1	4	4	2	3	1	4	3	1	4	2	1	1	2	2	2	4	3	3	3	3	0	4	4	2	4	4	4	4	2	4	4	3	4
	program	Programming	2	1	1	1	1	1	2	1	3	2	2	2	2	2	2	2	1	2	2	2	3	2	2	2	2	3	2	2	2	3	3	3	2	1	2	2	3	2	2	2	0	2	1	2	2	2	1	2
	program	programming	0	0	0	4	4	4	4	0	2	0	0	0	0	0	0	0	0	4	0	0	4	0	0	0	2	0	0	0	0	0	0	0	2	0	0	0	0	0	0	0	4	2	4	0	0	4	0	0
	program	programming	0	2	2	3	0	3	2	0	0	2	1	0	0	3	0	3	0	0	0	0	2	1	0	3	0	2	0	3	0	1	0	0	0	0	2	0	3	0	0	3	0	1	0	0	0	0	0	0
	program	Programming	3	0	0	4	0	1	0	0	2	1	0	4	0	1	0	0	3	2	4	4	4	4	3	2	3	4	4	2	0	2	2	3	0	2	2	3	1	2	0	3	0	2	1	3	3	4	0	0
	program	Programming	2	0	3	1	0	0	0	0	2	3	3	2	3	3	3	2	1	3	2	2	2	2	4	2	2	3	1	3	0	2	2	1	1	1	1	1	1	1	1	1	0	1	0	0	2	0	0	0
	program softwar	programming software	1	1	0	1	0	0	0	0	4	2	0	0	0	0	0	0	0	3	3	3	1	3	0	1	2	0	1	0	0	0	1	0	0	0	0	0	0	0	0	3	0	0	0	0	0	1	0	0
	programm	Programmer	2	1	2	0	1	0	2	0	3	2	1	2	0	3	0	0	1	2	3	3	3	3	1	2	2	0	3	3	4	0	0	4	1	3	4	2	4	4	3	0	0	3	3	1	2	2	3	3
	programm	Programmer	2	0	0	4	2	0	4	0	2	1	1	2	2	1	2	0	2	2	1	2	1	2	2	1	1	0	0	1	1	0	0	0	2	1	2	2	3	2	0	4	3	2	4	2	2	4	2	3
	programm	programmer	2	0	1	4	0	1	3	3	2	3	3	1	2	1	1	2	3	3	4	3	3	3	3	3	1	2	1	3	1	2	2	3	2	4	1	1	3	3	4	4	2	4	2	2	2	1	1	2
	programm	Programmer	2	2	0	1	2	2	2	0	4	3	2	3	1	2	0	1	0	2	0	0	1	0	0	1	3	0	0	1	2	3	3	3	2	1	2	3	3	3	0	3	2	2	4	3	0	3	2	3
	progress	in progress	0	0	0	0	0	0	0	0	2	3	3	0	0	1	0	0	2	3	2	2	3	2	0	3	4	3	4	2	4	4	4	2	2	1	4	4	0	2	3	1	3	3	2	3	0	1	3	2
	project leadership	project leadership	2	3	2	1	3	3	0	4	0	1	0	0	0	0	0	1	2	3	4	3	4	3	4	4	4	2	3	3	4	2	1	0	1	0	0	0	2	2	0	1	0	0	0	0	0	0	0	0
	project leadership	Project Leadership	0	0	0	0	0	0	0	0	1	2	1	2	1	2	1	3	1	1	1	3	2	2	0	0	4	2	1	1	3	1	3	0	0	0	0	0	3	0	2	0	0	0	1	2	3	2	0	0
	project mgt	Project Mgt	0	0	0	0	0	0	0	0	0	0	0	0	0	0	0	0	0	0	0	0	4	0	0	0	4	2	0	0	0	0	0	0	0	0	0	0	2	0	2	0	0	0	0	0	2	2	0	0
	properti	property	1	2	1	1	1	2	2	2	1	1	1	1	1	1	1	1	2	1	1	1	1	1	1	2	2	2	2	1	2	2	2	2	2	2	2	1	2	2	1	1	1	1	1	1	1	1	1	1
	properti	Property 	2	4	1	4	2	4	4	0	0	1	0	2	1	1	2	3	3	4	4	4	4	4	4	4	4	4	4	2	4	2	4	4	2	2	2	0	2	1	4	3	0	0	1	4	1	4	4	2
	properti	Property	4	2	2	2	2	2	1	2	4	2	0	1	0	1	0	1	2	0	2	2	3	1	2	0	4	2	4	2	4	0	4	1	4	2	0	2	2	3	4	4	0	2	4	0	4	4	4	2
	properti	Property	0	0	0	0	0	0	0	0	1	4	4	0	1	0	0	0	1	4	4	3	4	2	1	4	4	3	1	4	1	0	0	3	0	0	0	0	0	0	0	4	0	0	0	0	0	0	0	0
	properti	Property	2	2	1	1	1	1	0	1	2	3	1	1	1	0	0	0	0	3	1	0	0	2	0	0	3	3	1	3	0	1	0	0	2	3	3	1	3	3	3	2	3	2	2	2	3	3	2	2
	properti	Property	1	3	3	2	1	4	3	3	2	3	3	2	2	2	2	1	3	3	4	3	3	2	4	4	4	2	2	2	3	3	3	1	4	2	2	2	3	3	4	1	0	0	3	1	1	2	2	1
	prosecut	Prosecuter	0	0	0	0	0	0	0	0	0	0	0	0	0	0	0	0	0	0	0	0	0	0	0	0	0	0	0	0	0	0	0	0	0	0	0	0	0	0	0	0	0	0	0	2	0	0	0	0
	prosthet orthot	Prosthetics and orthotics	2	3	0	3	2	3	1	4	4	4	4	4	4	4	4	4	3	3	4	4	4	4	2	3	3	4	2	4	4	4	4	4	1	1	2	3	3	1	3	2	1	1	2	2	3	1	0	1
	protect enviro	protection of enviroment	1	2	0	0	0	2	0	3	3	3	4	2	2	4	1	4	1	1	4	2	1	2	0	4	3	3	1	3	0	3	3	0	2	1	1	1	1	1	1	2	0	1	0	0	0	0	0	1
	prótese dentária	Próteses dentárias	2	0	0	1	2	2	2	0	4	4	4	3	3	3	2	1	1	3	2	2	4	3	1	3	4	2	2	2	4	4	4	2	2	3	2	3	1	3	3	3	2	3	2	3	1	1	1	1
	pscgolog	pscgology	0	0	0	0	0	1	0	0	2	2	0	3	0	0	0	0	0	0	0	2	0	0	0	0	1	2	4	3	4	3	2	1	0	0	2	0	3	0	0	0	0	0	1	0	0	0	0	0
	pschotherapi	Pschotherapy	0	1	0	0	1	0	1	1	3	3	2	0	1	0	0	3	0	1	1	3	3	0	0	1	4	4	4	3	4	1	3	2	0	0	1	1	2	0	2	1	3	1	1	3	3	0	1	3
	pscm	PSCM	3	2	0	2	0	2	1	0	1	4	4	2	3	3	3	2	0	1	2	3	2	2	4	0	3	3	3	2	3	2	3	0	2	3	2	1	3	3	3	2	2	2	2	2	0	3	2	2
	pscyh	Pscyh	0	1	0	3	0	3	1	1	4	4	3	3	3	2	2	3	2	4	2	1	3	3	4	3	3	4	2	1	2	3	3	3	0	0	1	0	2	0	2	4	0	1	1	0	2	2	0	1
	pshychloygi	pshychloygy	2	3	1	3	2	2	3	1	3	3	3	3	3	3	3	3	0	4	3	3	4	4	3	4	3	2	3	2	1	0	2	0	2	3	3	2	2	4	3	2	4	3	3	2	4	2	3	4
	pshycholog busi	Pshychology, business	2	2	1	3	2	3	3	2	4	4	4	2	4	4	4	3	2	4	4	4	4	4	2	3	4	4	4	4	4	3	4	3	3	3	4	4	3	3	4	2	3	3	4	4	4	4	3	3
	pshycolog art	pshycology , art 	0	0	0	0	0	0	0	0	0	0	0	0	0	0	0	0	2	1	4	4	3	4	0	3	1	3	0	0	3	4	4	3	0	2	0	1	0	4	0	4	0	1	0	0	0	0	0	0
	psi	PSY	2	0	0	0	0	0	0	0	0	0	0	0	0	0	0	0	0	0	0	0	0	2	0	0	3	2	2	4	2	3	0	0	0	0	0	0	0	0	0	0	1	3	0	0	2	0	0	2
	psi	psy	0	1	2	1	1	1	1	2	3	4	4	3	3	3	3	3	2	3	3	3	3	4	2	3	1	4	3	3	2	4	3	3	1	1	3	3	3	3	1	3	1	1	1	0	4	3	0	0
	psi	Psy	2	2	0	2	0	3	0	1	4	4	4	3	4	4	2	2	4	4	3	4	4	3	3	4	3	4	4	4	4	3	4	3	0	1	0	2	0	0	2	3	0	0	1	1	0	1	0	0
	psi	psy	2	4	2	1	4	2	2	1	2	3	2	2	3	3	3	1	1	3	2	3	4	0	2	2	3	4	3	1	3	3	2	3	2	3	2	3	4	2	4	2	2	4	2	3	1	2	3	2
	psi	Psy	0	3	0	0	0	0	0	2	4	4	4	3	4	4	3	4	2	3	2	2	2	2	3	2	4	3	4	2	4	2	3	1	0	0	4	1	2	0	0	2	0	2	0	1	2	0	0	0
	psi	PSY	2	0	0	1	0	0	1	0	3	0	0	3	0	1	3	0	2	0	1	3	3	3	0	3	3	4	3	2	3	3	3	3	1	1	2	2	2	1	1	1	2	2	2	3	3	2	0	1
	psi	Psy	3	0	0	0	0	0	0	0	3	3	4	3	0	2	0	0	0	3	4	0	0	0	2	4	3	4	4	0	4	4	4	4	2	0	3	2	3	3	1	4	1	2	0	0	1	0	1	1
	psi	psy	1	4	3	2	2	3	2	2	3	4	2	2	4	4	3	2	4	3	3	3	4	3	2	2	4	3	4	3	4	4	4	2	4	2	2	3	3	4	4	2	3	4	2	2	3	2	2	3
	psi	psy	1	1	1	1	1	1	1	1	1	1	1	1	1	2	1	1	1	2	1	1	1	1	1	1	1	1	1	1	1	1	1	1	1	1	2	1	1	1	1	1	1	1	1	2	1	1	2	1
	psi cholog	psy chology	2	0	0	0	0	0	0	0	3	4	3	2	2	4	1	0	3	4	4	3	4	4	3	4	3	3	3	3	3	4	4	2	4	4	3	4	3	4	4	3	1	2	0	2	0	0	0	2
	psi cv holog	Psy CV hology	0	1	0	0	0	2	0	1	3	2	1	3	3	3	3	4	1	2	4	3	3	4	3	4	1	0	0	4	1	0	1	1	1	0	0	1	1	0	0	0	0	0	0	0	3	1	0	0
	psi engin	PSY/ENG	2	4	3	1	3	2	3	4	2	2	3	2	2	3	2	4	4	3	4	4	3	4	3	4	1	2	1	4	1	1	1	1	2	0	2	1	2	2	0	3	0	3	0	1	1	1	0	3
	psi holog	Psy hology	0	0	0	0	0	0	0	0	0	4	2	4	2	2	0	0	0	4	4	0	4	0	0	2	2	4	0	0	4	2	3	2	0	0	4	0	4	2	3	2	0	0	0	0	0	0	0	0
	psichiatri	psichiatry	3	0	0	2	0	1	0	0	4	4	4	4	4	3	4	1	4	4	2	4	4	4	4	4	4	4	4	3	4	4	4	4	0	0	2	0	2	0	0	4	0	3	0	0	0	0	0	0
	psicolog	Psicology	2	0	0	1	0	0	0	0	1	3	3	0	0	1	0	0	1	4	3	3	4	2	0	0	2	2	4	1	4	0	3	0	1	2	2	2	3	2	2	1	0	2	2	0	0	0	1	0
	psicologia	psicologia	0	0	0	0	0	0	0	0	0	0	0	0	0	0	0	0	2	3	3	4	4	4	0	0	3	3	1	3	1	1	0	0	1	1	0	0	4	1	0	0	1	0	0	0	0	0	0	0
	psicologia	psicologia	1	0	0	0	0	0	0	0	0	0	2	0	0	0	0	0	2	3	4	4	4	4	3	3	4	0	0	3	2	1	2	1	0	0	3	3	2	4	1	4	0	0	0	0	0	0	0	1
	psicologia	psicologia	3	4	1	0	0	1	3	1	4	3	2	1	1	0	1	1	4	4	4	3	2	4	3	2	3	4	3	4	4	4	4	2	1	2	1	2	1	1	1	3	0	1	0	2	0	2	0	2
	psicologia	Psicologia	0	0	1	1	0	0	0	0	3	3	3	4	3	3	3	1	2	4	4	3	3	3	4	3	4	2	4	3	4	4	3	3	2	1	4	1	4	2	2	2	1	2	3	3	3	2	3	2
	psicologia	Psicologia	2	0	0	0	0	0	0	0	4	3	3	4	1	2	1	0	2	3	1	2	4	2	1	0	4	3	3	3	3	3	3	3	0	0	1	1	2	1	0	2	0	0	0	2	0	1	0	0
	psicologia	Psicologia 	2	3	3	4	3	1	2	1	3	1	2	3	4	3	3	4	1	3	1	2	4	1	3	1	2	0	0	1	0	1	2	3	4	3	1	0	2	2	2	3	0	4	3	1	0	2	2	2
	psicologia	psicologia	2	1	1	1	1	1	1	2	4	4	4	2	3	3	3	3	3	3	2	2	2	2	2	1	1	3	3	2	3	2	2	2	0	1	2	2	2	1	2	2	0	1	1	1	0	1	1	1
	psicologia	Psicologia	0	0	0	0	2	0	1	0	4	0	1	2	2	1	1	0	2	2	1	1	2	2	1	0	4	2	3	2	3	2	2	3	0	3	3	1	2	2	2	2	2	1	3	2	0	1	0	1
	psicologia	Psicologia	1	0	0	1	0	0	0	0	3	3	0	3	1	2	1	0	0	3	3	1	1	2	2	3	4	4	4	3	4	3	3	4	1	3	2	2	3	3	0	3	1	2	1	2	0	0	0	1
	psicologia	psicologia	0	0	0	0	0	0	0	0	4	2	4	4	2	0	2	0	4	0	2	4	2	4	0	2	4	4	2	4	2	2	0	2	0	2	2	2	2	2	0	2	2	2	4	2	0	2	0	2
	psicologia	psicologia	0	2	0	0	0	4	0	4	4	0	2	4	4	0	4	0	4	0	0	4	4	4	4	0	4	2	4	4	4	4	4	2	0	0	4	4	4	4	0	2	0	4	0	4	0	0	4	0
	psicologia	Psicologia 	1	1	0	1	1	1	1	1	3	3	3	2	3	2	3	1	3	3	3	4	4	4	2	3	2	2	3	2	3	2	3	2	1	1	1	1	2	2	3	3	2	1	1	2	1	2	1	1
	psicologia	psicologia	1	0	0	0	0	0	0	0	1	3	1	2	0	1	0	0	2	2	2	3	2	3	2	2	4	3	2	2	3	1	3	2	0	2	2	2	3	1	1	1	2	1	1	2	0	0	0	1
	psicologia	Psicologia	1	0	3	4	1	4	3	0	4	4	4	4	4	3	4	3	0	1	4	2	1	3	4	4	1	3	2	3	1	2	3	2	3	2	4	4	4	2	4	3	1	3	4	4	3	1	2	3
	psicologia	psicologia	4	1	0	0	2	2	1	1	0	1	0	0	0	0	0	0	3	2	1	2	2	1	1	2	3	2	0	3	2	2	1	1	0	1	2	2	3	2	1	2	1	1	2	2	2	1	2	2
	psicologia	psicologia	0	1	0	1	0	1	0	1	0	0	0	0	0	0	0	0	0	2	1	0	0	2	0	1	2	1	0	2	1	0	1	0	1	0	1	0	1	0	1	0	0	2	2	1	0	0	1	2
	psicologia	psicologia	2	0	0	0	0	0	0	0	4	4	2	4	4	0	0	0	0	0	0	0	2	2	0	0	4	2	4	2	4	2	4	2	0	0	0	0	2	0	0	0	0	0	0	0	2	0	0	0
	psicologia	Psicologia	0	0	0	0	0	0	0	0	1	0	0	0	3	0	0	0	0	0	0	0	0	0	0	0	3	3	4	3	4	2	0	3	0	0	0	0	0	2	0	0	0	0	0	0	0	0	0	0
	psicologia	psicologia	0	0	0	0	0	0	0	0	4	4	4	3	3	3	2	1	3	4	1	3	3	3	4	0	4	3	2	4	4	2	4	3	0	1	2	1	3	2	0	2	0	0	0	1	0	0	0	0
	psicologia	Psicologia	0	0	0	0	0	0	0	0	4	2	4	4	3	2	0	0	1	2	0	2	1	0	0	1	3	4	4	3	4	2	3	4	0	2	0	0	0	0	0	0	0	0	0	0	0	0	0	0
	psicologia	psicologia	2	0	0	0	0	0	1	0	3	3	4	4	3	3	3	2	3	4	4	4	4	3	4	2	4	4	4	4	4	3	4	2	2	2	4	2	4	3	1	1	2	0	1	3	1	0	0	1
	psicologia	Psicologia 	1	2	0	0	0	2	2	0	2	3	1	2	3	1	3	0	1	2	2	1	3	3	3	0	2	2	1	1	2	1	3	1	0	1	1	0	3	1	0	2	1	0	1	2	2	1	0	1
	psicologia	psicologia	2	0	0	0	0	0	0	0	2	1	1	0	0	0	0	0	3	0	1	0	0	2	0	0	3	4	3	2	4	3	2	4	0	0	1	0	0	0	0	0	0	0	0	0	0	0	0	0
	psicologia	psicologia 	2	1	1	1	1	1	1	1	2	2	2	1	2	2	2	2	3	1	2	3	3	4	2	4	3	3	3	2	3	3	3	2	1	1	1	1	1	1	1	1	0	1	1	1	1	1	1	1
	psicologia	psicologia	1	2	2	0	1	2	1	1	4	1	3	3	2	2	2	2	3	2	0	2	2	2	2	1	4	3	4	2	4	3	1	3	1	1	1	3	0	1	1	1	4	0	1	3	1	1	1	1
	psicologia	psicologia	0	0	0	0	0	0	0	0	3	3	2	2	2	2	2	0	0	2	0	0	0	0	0	0	1	2	4	3	3	2	2	3	0	0	1	0	2	1	0	0	0	0	0	0	0	0	0	0
	psicologia	PSICOLOGIA	2	2	0	2	2	2	4	4	4	2	2	4	4	2	2	2	4	2	2	4	4	2	4	2	4	4	4	4	4	2	4	4	2	4	2	2	4	4	4	2	2	2	2	2	4	2	2	2
	psicologia	Psicologia	2	0	0	0	0	0	0	0	1	0	1	4	2	0	0	0	1	4	1	4	4	1	0	0	4	2	4	4	4	0	0	0	0	0	3	0	2	0	0	0	0	0	1	4	1	0	1	0
	psicologia	Psicologia	2	2	2	2	2	2	2	2	2	2	2	4	2	2	2	2	2	2	2	4	2	2	2	2	3	4	4	4	4	2	2	4	2	2	2	4	2	4	2	4	2	4	2	4	4	2	2	4
	psicologia	psicologia	3	2	1	1	2	1	1	0	1	2	2	3	1	2	0	2	3	3	2	2	1	1	0	1	4	4	4	3	4	3	3	3	2	3	3	3	4	2	1	2	4	3	3	3	1	2	3	3
	psicologia	Psicologia	4	0	0	0	0	0	0	1	2	1	0	2	0	0	1	0	1	1	0	2	2	1	0	0	4	2	3	1	4	1	3	3	1	0	2	1	2	2	1	0	1	0	3	2	0	0	0	1
	psicologia	Psicologia	3	0	1	1	0	2	0	1	3	3	3	3	3	3	3	2	0	2	2	3	2	2	3	2	4	3	4	3	4	3	4	4	3	3	2	2	3	0	3	3	0	1	1	2	2	2	1	3
	psicologia	psicologia	4	2	1	0	3	1	1	2	1	1	2	2	1	2	1	2	4	4	1	2	1	2	2	2	4	4	4	4	4	3	3	3	2	3	2	2	4	1	2	2	4	3	3	4	1	3	3	3
	psicologia	psicologia	0	0	0	0	0	0	0	0	3	0	0	0	3	0	3	0	0	0	0	0	3	3	0	0	4	3	3	0	3	3	4	3	0	0	0	0	3	0	1	0	0	0	3	0	1	0	3	0
	psicologia	Psicologia	2	0	0	0	0	1	0	1	1	1	0	3	0	0	0	0	1	3	2	4	4	3	1	1	4	4	4	4	4	4	4	4	3	0	0	1	3	0	2	2	0	1	0	0	0	0	1	2
	psicologia	Psicologia	1	0	0	0	0	0	0	0	3	0	0	3	0	0	0	0	0	1	0	0	0	0	0	0	3	4	3	3	3	4	3	1	0	3	4	1	4	3	2	3	3	2	4	4	2	3	3	2
	psicologia	psicologia	4	2	3	3	3	3	3	2	4	4	4	2	4	4	2	3	3	3	3	3	3	2	3	3	4	4	4	3	4	3	4	3	3	3	3	3	3	3	3	3	2	4	4	3	3	2	3	3
	psicologia	PSICOLOGIA	2	1	0	0	0	0	0	2	3	4	3	4	3	4	3	2	3	2	3	4	4	4	2	1	0	4	4	3	4	4	3	2	0	0	0	2	1	1	0	0	0	1	0	0	0	0	0	1
	psicologia	psicologia	0	0	0	0	0	0	0	0	2	2	0	0	0	0	0	0	0	0	0	3	0	1	0	0	4	3	4	0	2	3	1	3	0	0	0	0	0	0	0	0	0	0	0	0	0	0	0	0
	psicologia	Psicologia	2	2	1	0	1	1	1	1	4	3	4	4	4	4	4	3	3	2	4	4	4	3	2	2	4	4	4	2	4	4	4	3	0	1	2	2	2	2	1	2	3	3	3	3	1	2	2	4
	psicologica	psicologica	2	1	3	2	1	0	2	1	2	2	4	4	4	2	4	0	1	2	4	3	4	4	4	2	2	2	2	2	4	2	4	2	0	0	2	4	1	3	2	2	0	0	0	4	1	2	0	1
	psicología	psicología	2	0	0	0	0	0	0	0	4	0	0	0	2	0	2	0	2	1	0	0	3	2	0	0	3	3	4	3	4	2	2	4	1	2	1	4	2	2	2	2	1	1	1	2	0	2	2	1
	psikolog	psikologi	1	0	1	1	1	0	1	2	2	3	3	2	3	3	2	2	3	2	2	4	2	3	1	2	2	4	3	2	4	3	4	4	1	3	2	1	3	2	1	2	1	1	1	2	2	1	1	1
	psikolog	Psikologi	4	2	0	4	2	4	2	3	2	2	1	2	2	2	2	1	4	3	3	3	1	4	3	2	3	3	2	2	2	2	2	4	3	3	3	3	4	3	2	3	4	4	3	4	0	2	3	4
	psikolog	psikologi	0	1	1	1	1	1	1	1	4	0	0	0	4	0	3	0	2	0	1	2	0	1	0	1	4	0	0	0	4	0	0	0	1	0	0	1	0	1	1	1	0	0	0	0	0	0	0	0
	psikolog	Psikologi	4	2	2	3	2	4	3	3	0	2	2	2	2	3	2	2	4	2	4	4	2	4	3	3	2	3	2	3	2	3	2	3	4	1	3	1	3	3	2	3	3	3	3	3	0	3	3	3
	psikolog	Psikologi	4	3	3	3	3	1	1	3	4	4	4	4	4	3	3	1	4	4	3	4	0	3	3	3	3	4	4	3	4	3	4	3	3	4	2	4	3	4	2	4	4	4	1	4	1	2	1	3
	psikolog	Psikologi	4	0	0	0	0	0	0	0	4	4	4	2	4	2	4	0	0	2	4	4	4	0	0	2	2	2	2	2	4	2	2	4	0	0	0	0	0	2	0	0	0	2	2	2	0	0	0	2
	psikolog	psikologi	2	0	0	0	0	0	0	0	0	0	2	2	0	0	0	0	0	2	0	0	2	0	0	0	2	2	0	0	2	0	2	0	2	0	2	0	2	2	0	0	4	2	2	2	2	4	2	4
	psikolog	psikologi	1	1	0	0	0	1	1	0	3	3	3	0	3	2	2	0	1	0	2	1	3	1	0	0	3	0	2	0	3	0	0	3	1	2	2	1	0	3	0	1	1	0	1	0	0	2	0	1
	psikolog	psikologi	2	1	0	1	0	1	0	1	2	1	1	1	1	1	0	0	2	4	2	3	2	4	0	1	2	3	2	2	3	3	4	2	3	2	2	1	2	1	2	1	2	2	2	1	0	0	1	1
	psikolog	psikologi	2	0	0	0	0	0	0	0	2	2	2	2	0	0	0	0	0	2	0	0	2	0	0	0	2	2	0	0	4	0	2	0	2	0	4	2	4	2	0	0	4	4	4	2	4	4	4	4
	psikolog	psikologi	2	0	2	1	0	0	0	0	3	1	2	2	2	1	2	0	1	4	0	0	1	1	4	0	4	3	4	3	4	4	4	4	3	0	4	0	4	2	0	1	3	2	2	2	3	2	0	1
	psikolog	psikologi	4	2	4	2	2	2	2	2	2	2	2	2	2	2	2	2	0	3	0	0	2	0	3	2	4	2	0	0	0	0	3	1	0	2	2	0	2	0	0	2	0	3	1	2	2	4	0	2
	psikolog	psikologi	4	0	0	0	0	0	0	2	4	0	2	2	4	2	2	0	0	2	4	2	4	4	2	2	2	2	2	4	4	2	4	4	0	0	4	0	4	2	0	0	4	2	2	4	4	0	2	2
	psikolog undang undang	psikologi,undang undang	2	2	0	0	0	0	0	4	4	2	2	0	2	2	2	4	4	4	4	4	4	4	4	2	4	4	4	4	4	4	4	4	0	2	4	4	2	4	0	4	0	2	2	4	0	2	0	4
	psikoloji	psikoloji	3	2	0	3	0	0	2	0	3	2	3	0	3	3	3	4	3	3	3	2	2	4	1	1	0	3	3	2	4	4	2	3	1	0	2	3	1	0	0	0	1	0	1	0	3	0	0	1
	psyc	psyc	1	0	0	1	0	2	0	0	3	4	3	3	4	3	3	2	2	3	3	3	4	3	2	3	2	3	4	3	3	2	3	3	0	1	0	0	0	0	0	2	0	1	0	0	4	3	0	0
	psyc	psyc	0	0	0	0	0	2	0	2	3	4	3	3	3	3	3	0	2	4	3	4	4	4	0	2	4	4	4	4	4	3	4	1	2	2	2	2	2	2	2	2	0	0	0	0	2	0	2	0
	psyc	psyc	0	1	1	1	2	1	1	1	2	1	1	2	2	3	1	1	0	1	1	1	1	2	3	1	2	1	3	2	3	3	2	3	1	1	1	0	3	1	3	1	1	1	1	2	1	1	1	1
	psyc	Psyc	2	0	2	2	1	1	1	0	3	3	3	3	3	1	3	2	3	2	1	2	2	3	0	2	2	3	3	2	2	2	2	1	1	0	0	0	2	0	0	1	1	1	2	2	2	2	0	1
	psyc	Psyc	0	0	0	3	0	3	0	0	4	4	1	4	2	0	1	3	0	1	3	0	3	4	0	3	2	1	1	0	0	0	2	0	3	1	4	4	4	4	0	2	0	0	2	0	2	2	1	0
	psyc	psyc	0	4	0	0	0	0	0	0	3	3	3	3	3	4	3	3	0	3	4	3	4	3	3	3	4	4	3	2	3	0	2	2	1	0	3	2	0	0	4	1	2	0	0	1	0	0	2	0
	psyc	PSYC	1	0	0	0	0	0	0	0	1	0	0	0	0	0	0	0	2	2	1	2	3	3	0	0	2	3	3	0	3	2	2	1	0	0	0	0	0	0	0	0	0	0	0	0	0	0	0	0
	psyc	psyc	0	0	0	0	0	0	0	0	0	0	0	0	0	0	0	0	0	0	0	3	3	2	0	0	3	0	2	0	2	0	0	0	0	0	0	0	0	0	0	0	3	0	3	2	0	0	0	0
	psyc	psyc	0	0	0	4	0	0	4	0	0	0	0	4	2	2	2	4	0	0	0	0	4	2	0	0	2	4	1	1	2	0	0	2	1	0	2	0	4	0	0	2	0	0	4	0	4	4	2	2
	psyc	psyc	0	0	1	1	1	1	2	2	3	3	3	0	3	3	3	3	0	0	1	0	2	1	2	3	1	2	2	3	2	3	3	3	1	1	2	1	3	1	3	1	0	2	1	1	1	2	1	1
	psychiatr rehab	psychiatric rehab	2	1	0	2	0	1	1	1	2	3	3	3	2	2	2	2	1	3	3	3	4	2	2	3	0	1	1	0	2	1	1	0	1	0	1	0	2	0	1	3	0	0	0	0	1	1	0	0
	psychiatri	psychiatry 	2	0	0	1	2	1	0	0	4	3	3	4	4	3	3	3	0	3	3	2	2	0	0	2	2	3	4	3	4	4	4	4	1	2	3	3	3	2	1	3	3	3	3	2	4	0	2	3
	psychiatri	Psychiatry	0	2	0	0	1	0	0	0	4	3	3	4	4	3	4	4	4	4	3	4	4	4	0	2	1	3	2	2	3	0	2	3	3	0	2	1	3	2	3	2	2	0	1	2	1	1	2	0
	psychiatri	psychiatry	1	0	0	2	0	0	0	0	4	0	0	4	4	0	4	0	2	2	0	2	2	2	4	2	4	4	4	4	4	0	2	2	0	0	0	0	3	1	0	1	0	0	0	1	4	2	0	3
	psychiatri	psychiatry	1	0	0	2	0	0	0	0	4	1	0	4	4	0	4	0	2	3	0	1	2	2	4	0	4	3	4	4	4	0	1	1	0	1	0	0	3	0	0	0	0	1	0	1	4	2	0	3
	psychiatri	psychiatry 	0	0	0	0	0	0	0	0	1	0	0	2	0	0	0	0	0	0	2	0	0	0	0	0	3	3	4	2	4	2	2	2	0	0	0	1	0	0	1	0	0	0	0	0	0	0	0	0
	psychiatri	Psychiatry	0	0	0	0	0	0	0	0	4	3	3	3	3	2	3	0	3	0	1	2	1	4	0	0	4	2	3	2	3	0	2	2	0	0	0	1	0	0	0	0	0	1	0	0	0	3	0	0
	psychiatri	psychiatry	0	2	2	1	2	2	2	1	4	3	2	3	2	3	2	3	2	2	2	1	2	4	2	2	2	4	4	4	4	4	3	4	1	2	3	2	2	2	2	1	2	2	1	2	2	2	2	0
	psychiatri	psychiatry	2	2	1	2	1	2	2	2	2	3	3	2	2	2	2	1	2	2	1	4	3	3	1	2	4	3	3	4	3	3	3	3	2	3	2	2	3	3	3	3	3	1	2	2	3	3	3	1
	psychiatri	Psychiatry	0	0	0	0	0	0	0	0	3	3	3	2	2	3	2	2	2	0	4	0	1	3	3	3	4	2	3	3	1	3	3	2	0	0	0	0	2	3	3	0	0	0	0	0	0	0	0	0
	psychiatri	Psychiatry	4	0	0	0	0	0	0	0	4	0	0	4	4	0	0	0	4	2	0	2	2	2	0	0	4	4	4	2	4	4	2	2	0	0	0	0	0	4	0	0	0	0	0	0	4	0	0	0
	psychiatrist	psychiatrist	3	0	1	2	0	1	2	0	4	3	4	4	3	3	3	2	3	3	3	2	4	3	1	3	4	4	3	3	4	4	3	3	3	2	3	3	1	3	0	3	1	2	2	1	2	2	1	1
	psychiatrist	psychiatrist	2	0	0	3	0	0	1	1	1	2	3	2	3	3	2	2	2	2	2	2	2	4	3	2	3	2	3	2	2	2	1	1	3	2	2	1	3	2	1	2	1	2	2	1	1	0	1	1
	psychlolgi	(psychlolgy)	0	2	0	0	2	4	3	4	2	4	4	2	2	4	4	4	0	4	4	2	4	0	4	4	2	0	4	2	4	4	4	4	0	2	1	0	4	0	4	4	2	1	4	1	1	4	0	4
	psycho	psycho	0	0	0	0	0	0	0	0	2	0	0	0	0	0	0	0	0	0	0	0	2	0	0	0	3	0	0	0	0	0	0	0	0	0	0	0	0	0	0	0	0	0	0	0	2	0	0	0
	psycho	psycho	2	3	1	1	1	2	1	2	3	1	1	1	1	3	2	3	3	2	2	3	2	3	3	3	1	2	2	2	1	1	1	1	2	1	2	1	2	1	1	1	2	2	2	2	2	1	2	2
	psycho ogi	psycho;ogy	0	0	0	0	0	0	0	0	2	3	2	2	0	0	0	2	3	0	0	0	3	4	0	2	4	2	2	4	0	3	4	1	0	0	3	0	4	0	2	4	0	2	0	2	2	4	0	0
	psychogi	Psychogy	3	2	0	0	1	0	0	0	2	3	2	1	2	0	0	0	2	3	2	2	2	1	0	0	4	4	4	2	4	4	3	4	2	2	2	2	4	2	0	0	2	0	0	1	1	0	0	0
	psychohlgi	Psychohlgy	4	3	4	4	3	2	3	3	3	3	1	4	2	2	2	0	2	2	0	4	4	4	3	1	4	4	4	4	4	4	4	1	1	0	4	0	3	4	2	1	2	0	1	4	2	2	2	2
	psycholgoy	psycholgoy	0	0	0	0	0	0	0	0	4	3	2	3	1	0	0	0	0	0	0	1	0	0	0	0	2	4	4	0	4	0	3	3	0	0	2	0	4	1	1	0	1	3	1	0	1	0	1	0
	psycholgoy	psycholgoy	2	0	0	1	0	2	0	0	3	2	2	3	2	2	3	1	2	3	4	3	3	3	3	2	4	4	4	2	4	4	4	4	4	3	3	3	3	3	3	3	3	0	1	2	2	2	2	2
	psycholgoy	Psycholgoy	2	2	1	1	2	1	0	2	3	3	3	1	1	1	1	2	3	2	3	4	2	4	4	2	4	3	4	4	4	3	3	1	1	2	0	0	1	1	2	1	0	1	1	1	2	2	1	1
	psycholgoy	Psycholgoy	1	0	0	1	2	0	0	0	2	2	2	2	2	2	2	2	1	4	4	2	4	2	1	4	3	2	3	1	4	3	4	2	1	2	2	2	2	2	1	3	2	1	2	2	2	2	2	2
	psycholi	psycholy	2	4	1	0	2	0	2	1	3	2	4	4	3	4	4	0	4	1	4	4	4	4	4	4	4	2	4	1	4	4	4	1	4	3	2	3	4	4	3	4	2	4	1	1	2	4	2	0
	psycholigi	psycholigy	2	2	2	2	3	3	3	2	2	1	1	1	0	1	0	1	1	3	1	3	3	1	2	3	3	3	2	4	2	3	4	2	2	3	3	2	2	2	3	1	1	1	1	2	1	1	1	1
	psycholigi	psycholigy	2	2	0	0	3	0	0	0	3	2	4	2	3	2	2	3	1	2	4	3	4	3	3	3	1	3	4	4	4	1	2	2	0	0	0	0	0	0	0	0	0	0	0	0	0	0	0	0
	psycholoci	Psycholocy	2	1	0	0	0	1	1	1	2	2	1	1	0	3	0	2	1	1	1	2	1	2	1	1	2	4	4	1	4	3	2	4	1	2	1	1	1	1	1	1	1	1	1	2	0	2	1	0
	psycholodi	Psycholody	1	1	2	2	1	1	1	1	1	1	1	2	1	1	0	1	1	1	3	2	2	2	2	1	3	4	4	1	4	4	4	3	1	4	4	4	4	4	4	3	3	2	2	4	1	2	4	2
	psycholofi	psycholofy	4	2	1	2	2	1	1	1	4	3	4	3	4	3	4	3	0	1	1	3	3	2	1	2	3	2	1	0	0	1	2	1	1	0	0	0	0	0	0	2	0	2	2	2	2	1	0	1
	psycholofi	Psycholofy	0	0	0	0	0	0	0	0	4	3	3	4	4	2	1	1	0	0	1	0	1	0	0	0	1	3	4	0	3	3	3	1	1	1	1	0	2	0	0	1	0	0	0	1	0	0	0	0
	psycholohi	psycholohy	0	0	0	0	0	0	0	0	0	4	2	0	0	3	0	1	0	0	3	2	2	1	0	1	1	1	3	2	4	4	4	2	0	2	0	2	0	0	0	0	1	2	0	2	0	0	1	0
	psycholohi	psycholohy	0	0	0	0	2	0	2	2	0	2	2	2	2	2	2	0	2	4	2	2	2	4	4	4	4	4	2	4	4	4	4	4	2	2	4	4	4	4	4	4	2	2	2	4	4	2	2	2
	psycholoji	psycholojy	3	4	2	3	3	3	0	0	3	4	4	1	4	4	2	4	1	2	4	1	3	2	3	3	4	4	3	3	3	2	1	2	2	1	3	2	4	2	2	2	3	3	4	4	4	3	1	4
	psycholoti	Psycholoty	1	1	0	0	0	0	0	0	3	2	3	1	3	3	2	0	0	1	2	3	4	1	3	3	4	2	2	2	4	3	2	3	1	2	2	1	1	3	4	2	2	2	1	1	0	1	1	1
	psycholpgi	psycholpgy	2	1	1	2	1	2	2	1	4	4	4	4	4	4	4	4	4	0	4	4	4	4	3	4	4	4	4	4	4	4	4	4	2	0	3	3	0	2	2	4	3	3	4	4	3	4	4	3
	psycholpgi	Psycholpgy	3	0	0	0	0	0	0	0	3	4	4	4	4	0	0	0	1	0	0	0	3	0	0	0	4	4	4	4	4	4	4	4	2	0	4	0	0	0	3	3	3	0	3	4	4	3	0	0
	psychotherapi	Psychotherapy	0	0	0	0	0	0	0	0	3	4	4	0	0	0	0	0	0	0	0	0	3	3	0	0	4	4	4	0	4	1	3	1	0	2	0	0	0	0	0	0	0	0	1	0	0	1	0	0
	psychotherapi	Psychotherapy	2	4	0	4	0	4	1	4	3	4	4	3	1	4	2	4	4	4	4	4	4	4	1	4	4	4	4	4	4	4	4	4	1	0	1	1	1	0	0	3	1	1	0	0	0	1	0	0
	psychotherapi	Psychotherapy 	4	4	4	4	2	4	4	4	3	2	3	4	4	2	4	4	2	4	4	4	4	4	4	4	4	4	4	0	4	4	4	4	3	0	0	0	0	2	0	4	0	2	0	0	0	0	0	0
	psychotherapi	Psychotherapy	0	1	0	0	0	0	0	0	2	4	0	1	1	3	0	2	4	2	3	4	4	4	2	3	4	3	4	2	4	3	3	3	0	1	1	1	2	1	2	1	0	1	0	2	0	0	0	0
	psychotherapi	Psychotherapy 	2	0	0	0	0	0	0	0	0	3	3	2	0	3	0	0	1	3	0	0	3	4	0	0	4	3	4	4	3	0	0	0	0	0	2	0	2	0	0	0	0	2	3	3	2	0	1	0
	psychotherapi	Psychotherapy	1	3	4	0	0	0	0	0	4	3	3	4	0	0	0	0	2	3	0	0	0	0	4	0	3	0	0	4	0	0	0	0	3	1	3	4	3	2	3	0	0	0	0	0	0	3	0	0
	psycjologu	Psycjologu	2	0	0	0	0	0	0	0	3	4	4	3	3	2	3	0	3	4	4	3	4	4	0	3	2	1	2	0	2	0	1	2	0	0	0	0	0	0	0	1	0	0	0	0	3	0	0	0
	psycoholgi	psycoholgy	2	0	0	0	0	1	1	0	2	4	4	2	2	3	3	2	1	2	4	2	1	2	2	2	4	3	2	3	2	2	2	2	1	2	2	2	1	2	1	2	1	2	2	2	1	2	1	1
	psycot	Psycot	4	0	0	0	0	0	2	0	4	4	2	1	0	2	0	0	2	2	1	4	4	4	1	4	4	4	4	4	4	4	4	4	2	3	4	1	4	4	0	2	0	1	1	4	0	0	0	2
	psygolog	psygology	2	2	0	0	0	0	1	0	3	4	4	3	3	4	4	4	3	4	3	4	4	4	4	4	4	4	4	4	4	4	4	4	3	2	4	1	2	3	3	4	4	0	0	1	1	1	0	2
	psyhitr	Psyhitric	2	2	2	1	0	1	1	1	1	1	0	0	0	0	0	1	3	3	0	2	2	3	2	1	2	4	2	2	2	3	2	2	3	4	3	1	3	3	1	2	2	3	3	2	2	2	1	2
	psyjolog	Psyjology	1	2	2	1	1	2	1	0	3	4	4	3	2	4	2	2	3	3	3	3	3	3	3	2	3	4	4	3	4	3	4	3	1	1	3	1	2	2	2	3	2	2	1	2	1	1	1	1
	psykolog	psykologi	3	1	0	1	0	3	2	0	3	2	3	0	4	2	1	0	0	3	4	0	3	3	2	3	4	3	3	3	4	3	4	3	0	2	3	1	3	4	0	2	1	2	2	2	0	1	0	0
	psyvholigi	psyvholigy	0	1	2	0	1	1	1	2	1	0	0	0	0	0	0	0	0	2	3	0	2	0	1	0	4	2	2	3	3	2	0	3	4	4	3	3	3	3	3	2	2	2	0	3	0	0	2	0
	pszicholog	pszichology	1	1	0	0	0	0	0	0	2	3	3	2	3	2	2	1	0	2	1	1	3	2	2	2	3	4	4	2	4	3	3	4	1	1	2	0	2	1	0	1	1	2	1	2	0	1	0	1
	pt	PT	2	0	0	0	0	0	0	0	4	1	4	4	3	1	2	0	1	1	2	1	2	2	1	2	2	2	3	4	3	4	4	3	3	3	1	1	1	3	2	1	3	1	1	3	0	1	0	1
	pt	Pre Pt	2	3	4	3	4	3	0	3	4	4	4	3	3	4	3	4	4	3	2	4	2	4	4	3	3	3	2	4	2	3	2	2	2	2	1	2	2	2	3	2	1	1	2	2	2	2	2	1
	pta	pta	0	1	1	1	1	1	1	0	3	1	1	2	0	0	2	1	1	1	1	1	1	2	1	1	1	2	1	1	1	1	1	1	1	1	1	2	1	1	1	1	1	1	1	1	1	1	1	1
	pta	PTA	1	0	0	0	0	0	0	0	2	1	0	3	0	0	1	0	4	3	0	3	2	4	1	3	3	3	2	2	3	3	3	1	2	2	1	1	2	2	0	2	2	1	0	2	0	1	0	0
	pta	Pta	2	2	1	3	1	3	2	3	4	4	4	4	3	4	3	3	1	3	3	2	0	2	1	1	2	2	1	3	2	2	1	3	3	3	3	3	2	3	4	3	2	2	3	2	1	2	1	1
	pta	pta	4	3	0	3	3	3	3	3	3	2	1	2	2	3	2	3	1	0	2	3	1	2	2	3	2	1	2	3	2	3	3	2	1	2	2	3	3	3	2	3	3	3	2	3	2	4	3	3
	pta	PTA	0	0	0	0	0	0	0	0	0	3	0	0	0	0	0	0	0	2	2	2	3	3	0	2	4	3	4	3	4	4	4	4	0	3	2	3	0	3	0	3	0	0	0	2	0	0	0	0
	public	Publicity	2	2	1	1	0	0	1	0	3	1	0	1	0	0	0	0	0	2	3	3	3	0	3	1	3	0	0	2	1	0	0	0	3	2	0	0	3	4	3	3	1	1	1	2	1	1	3	3
	public	Currently in 1st year of undergrad in public 	2	1	1	2	2	2	2	0	1	4	2	4	2	2	2	2	3	2	3	4	4	4	4	3	3	4	4	2	4	4	4	4	1	1	3	2	2	3	0	4	1	1	1	2	2	2	1	1
	public	Public 	2	0	0	0	0	0	0	0	2	0	0	0	0	0	0	0	1	1	0	0	3	2	0	0	4	4	2	4	3	0	3	4	0	3	0	0	3	0	0	2	2	2	3	3	2	4	3	0
	public adm busi	Public Adm & Business	3	3	0	4	1	3	2	4	4	3	1	3	2	2	2	3	4	4	4	4	4	4	1	3	4	3	2	4	3	2	4	4	1	3	3	2	3	3	3	2	2	3	4	3	4	4	3	2
	public affair	Public Affairs	0	3	0	3	1	1	1	3	2	3	3	1	3	3	3	4	3	4	3	1	1	3	0	3	4	4	4	0	4	4	3	2	0	1	3	1	3	3	3	3	1	1	0	1	1	1	3	1
	public affair	Public Affairs	1	2	1	3	1	3	2	3	3	3	3	3	3	3	3	3	1	1	2	3	3	3	2	1	3	2	3	3	3	1	1	1	1	1	2	1	2	1	2	1	1	2	2	1	3	2	1	1
	public affair	Public Affairs	3	2	0	3	3	2	3	1	4	4	4	3	4	4	3	2	1	2	3	1	0	1	3	3	3	3	1	1	0	3	0	0	2	1	4	1	2	1	2	0	3	1	4	3	3	3	2	3
	public communic	public communications	2	0	0	1	0	1	0	1	2	2	1	2	2	1	1	2	1	4	3	1	2	3	2	2	3	4	3	1	3	1	4	1	2	0	2	0	4	1	3	2	3	2	3	3	2	2	2	2
	public communic	public communications 	0	3	0	0	0	3	0	3	4	4	3	4	3	3	3	3	3	1	3	3	3	3	1	3	3	2	3	3	3	1	3	3	0	1	2	1	2	1	0	1	2	1	2	2	2	2	2	2
	public communic	Public Communications	0	1	0	1	0	2	0	1	0	0	1	1	0	0	0	0	4	4	4	4	4	4	4	1	4	4	2	4	3	4	4	3	1	3	3	4	3	3	3	1	2	2	2	3	0	0	1	0
	public privat secur	public and private security	4	0	0	2	0	1	2	0	4	0	0	0	2	0	2	2	3	0	0	2	2	4	2	1	4	2	2	4	3	2	2	2	0	2	3	2	2	2	2	2	0	0	2	2	2	2	2	2
	public realtion	PUBLIC REALTIONS	0	0	0	0	0	0	0	0	2	2	4	2	2	2	2	2	4	4	2	4	4	4	4	4	4	4	4	4	4	4	4	4	4	4	2	2	4	4	4	4	4	0	4	4	4	4	2	2
	public realtion	Public Realtions	3	1	0	1	1	1	1	1	1	1	0	1	0	1	1	1	1	2	1	2	2	1	1	1	1	1	1	1	3	3	2	1	3	2	3	1	3	3	3	2	2	1	2	1	1	1	3	1
	public safeti	public safety	2	3	3	2	1	2	1	3	3	2	1	2	1	1	1	1	0	1	1	0	1	1	2	1	3	3	3	4	4	1	1	2	3	2	2	2	3	2	3	1	0	2	1	0	1	2	1	1
	public safeti	Public Safety	0	0	0	0	0	0	0	0	0	2	2	0	2	2	2	3	0	0	4	0	0	0	0	0	2	4	3	2	3	2	3	3	0	0	0	0	0	0	0	0	0	2	0	0	0	0	0	0
	public safeti	public safety	0	0	0	4	0	0	0	0	0	0	0	4	0	0	0	0	0	0	0	4	0	4	0	0	4	4	4	4	4	4	4	4	4	0	4	4	4	4	4	4	4	4	4	0	0	4	4	4
	public safeti	public safety	1	3	3	1	2	3	1	3	3	2	3	2	2	4	1	3	0	1	0	1	0	3	3	1	0	2	2	3	2	2	2	3	0	0	0	1	2	0	2	3	0	0	0	0	0	0	0	0
	public safeti	public safety	4	3	2	4	0	4	0	0	4	4	2	1	0	1	0	0	2	2	4	1	4	4	4	1	4	4	3	4	4	3	4	2	2	2	4	4	4	0	2	0	3	4	4	4	4	4	4	4
	public servic	Public Service	2	0	1	3	2	2	2	2	3	3	3	2	2	2	2	2	0	1	1	3	2	2	3	2	3	2	3	4	3	3	2	2	3	1	2	1	2	2	2	2	1	1	2	2	2	2	2	2
	public servic	Public Service	2	0	0	0	0	1	1	0	3	3	2	2	2	1	1	0	1	0	0	0	2	0	1	0	4	4	4	2	4	4	1	4	0	2	2	2	2	1	1	0	4	4	3	3	2	4	4	0
	public servic	Public Service	0	0	0	0	0	0	0	0	2	0	0	1	2	0	1	0	1	1	1	1	2	1	2	1	3	3	3	2	4	4	4	3	3	1	2	2	2	2	3	1	2	1	2	1	2	0	2	1
	public servic	public services	2	0	0	0	0	0	0	0	0	3	0	0	0	0	0	0	0	3	0	2	3	4	1	3	2	4	4	3	4	3	2	3	2	3	4	4	3	2	4	2	0	1	0	2	0	0	0	0
	publicidad	Publicidade	3	2	2	2	0	0	1	2	0	1	0	0	0	0	1	2	1	3	0	0	0	0	3	2	2	2	1	0	0	3	2	4	3	2	1	0	0	1	2	2	2	1	1	0	0	1	2	2
	publicidad diseño grafico	Publicidad, Diseño Grafico	0	0	0	3	0	0	0	0	2	0	0	1	0	0	0	0	1	3	4	3	3	3	4	4	1	2	2	1	1	1	1	0	0	1	1	1	1	3	2	0	0	1	1	0	0	0	0	1
	publish	Publishing 	3	2	1	1	3	1	2	1	3	3	2	0	0	2	1	3	2	2	3	1	1	2	0	1	2	3	1	4	3	2	2	3	3	3	2	2	3	4	1	3	3	2	3	3	3	3	1	3
	publish	Publishing	0	3	3	0	0	2	0	2	1	3	4	0	3	3	4	4	3	4	2	4	3	1	3	4	4	4	0	4	3	0	0	1	0	0	2	3	1	0	0	0	0	0	0	0	0	0	0	2
	publish	Publishing 	3	4	2	2	4	2	4	1	3	4	4	1	2	2	2	4	4	2	2	4	2	4	3	3	2	3	4	4	3	4	4	4	0	0	2	0	1	0	0	1	4	4	4	4	4	4	3	3
	publish	publishing	2	3	3	1	1	2	1	2	3	4	3	3	2	3	2	4	3	4	3	4	4	4	4	3	3	3	3	2	3	1	3	2	1	0	0	1	0	0	0	3	0	1	0	0	0	1	0	0
	publish	Publishment	2	0	2	2	0	1	1	1	0	0	0	0	0	0	0	1	3	1	4	4	3	4	4	4	4	2	3	3	3	2	4	2	2	1	2	4	3	3	4	3	2	3	1	3	2	1	4	2
	publish creativ write	Publishing and Creative Writing	2	0	0	1	0	1	1	0	2	1	1	0	1	0	1	0	0	1	2	3	3	2	0	3	2	2	0	1	2	0	2	0	0	0	1	0	3	0	1	3	2	2	2	2	1	2	1	1
	publishit	PUBLISHIT	0	0	0	0	1	0	0	4	0	2	0	3	3	3	0	0	4	1	4	2	4	3	0	0	3	3	3	4	1	3	0	3	3	3	3	4	3	3	0	1	1	0	0	0	1	1	3	2
	purchas	Purchasing	3	0	0	0	0	1	0	0	1	1	2	3	2	2	1	2	0	0	0	3	4	2	0	0	3	2	0	3	1	2	3	1	0	1	2	0	3	1	0	3	1	1	2	2	4	3	0	2
	purchas	Purchasing	2	1	3	1	1	2	1	1	4	3	2	3	2	3	2	2	0	1	1	1	1	1	4	1	4	2	0	3	2	0	4	0	1	1	3	0	4	1	1	1	1	2	2	2	2	1	1	2
	pure	pure science	3	0	1	3	3	2	3	1	4	3	4	2	3	3	3	3	3	3	3	3	3	3	3	3	3	1	1	2	1	1	1	1	2	2	1	0	3	1	3	3	3	3	2	1	3	2	1	1
	pure	pure science	3	1	2	2	0	0	1	0	4	4	4	3	4	4	4	3	0	1	0	0	1	0	0	0	0	4	1	0	1	0	0	0	0	2	3	0	1	0	0	0	1	1	0	0	0	4	1	0
	pure	Pure Sciences 	3	1	1	1	1	1	1	0	4	1	2	3	3	3	2	2	4	3	2	4	3	4	1	2	4	4	2	2	3	3	3	4	2	3	2	1	3	1	2	2	2	3	1	2	2	1	0	2
	pure	Pure Science	2	0	0	0	0	0	0	0	4	2	2	2	2	0	0	0	0	2	0	0	0	0	0	0	4	2	2	0	2	0	2	2	2	2	2	0	0	0	0	0	2	2	0	0	2	0	0	0
	pure	pure science	2	0	0	0	0	0	0	0	2	0	0	0	0	0	0	0	0	0	0	0	4	0	0	0	3	0	0	0	0	0	0	0	0	0	0	0	2	0	0	0	2	3	2	0	2	3	0	4
	pure	pure science	4	4	1	4	3	4	4	4	3	1	0	2	1	2	0	0	2	0	0	3	4	4	3	0	2	4	1	4	4	4	4	4	2	2	2	4	3	4	4	4	4	1	4	3	2	4	3	4
	pure	pure science	0	3	3	0	0	0	0	1	0	0	0	3	0	0	0	2	4	3	3	2	3	2	0	2	2	3	0	0	0	0	0	0	0	0	4	0	4	1	0	0	4	0	4	4	4	2	1	4
	pure scuenc	pure scuence	2	0	0	0	2	1	2	0	4	3	2	0	2	4	2	0	3	0	2	3	3	4	0	2	2	4	1	1	4	4	4	3	0	1	1	3	0	2	0	2	0	0	0	2	1	2	2	2
	pussi punch	pussy punching	0	1	1	0	0	0	0	0	0	4	4	0	0	4	0	2	0	0	0	0	0	0	0	0	0	2	2	1	0	0	0	0	0	0	0	0	0	0	0	0	0	0	0	0	0	0	0	0
	pych	pych	0	0	0	1	0	0	1	0	3	4	4	3	3	3	3	4	0	1	4	0	0	3	0	4	3	1	4	1	3	0	1	1	0	3	3	1	0	3	3	1	0	1	1	0	3	3	1	0
	pyhscholog	Pyhschology 	0	0	0	0	0	0	0	0	0	2	0	0	2	0	0	0	0	2	2	0	2	2	2	2	2	2	2	2	2	2	4	2	2	0	2	2	0	2	0	2	2	2	2	0	2	0	0	2
	pyhsic	pyhsics	3	1	3	3	4	3	3	2	2	1	1	3	1	0	1	0	4	3	4	0	2	4	1	1	4	4	0	3	0	4	4	3	0	0	4	0	4	2	0	3	0	3	0	4	3	4	0	4
	pysac	Pysacal	0	0	0	0	0	0	0	0	0	1	0	0	0	0	0	0	1	2	2	2	2	1	0	3	2	0	0	0	0	2	3	2	0	0	1	2	0	2	0	1	0	2	0	0	0	0	0	0
	pysch	pysch	0	0	0	0	0	0	0	0	3	2	3	3	3	0	4	0	0	0	3	0	0	0	0	0	3	2	0	0	0	0	0	0	0	0	0	0	0	0	0	0	0	0	0	3	0	0	0	0
	pyschcolog	pyschcology	0	0	0	0	0	0	0	0	3	2	2	2	3	2	3	0	0	0	0	0	0	0	0	0	1	2	4	0	4	0	3	3	0	0	0	0	0	0	0	0	0	0	0	1	0	0	0	0
	pyschcolog	pyschcology	2	0	0	3	0	3	0	3	4	3	3	2	3	3	3	3	3	3	4	3	3	0	3	4	2	4	4	2	4	4	3	4	3	3	3	3	4	4	3	4	0	3	3	3	0	3	3	3
	pyschol sicienc	pyschol sicience	4	2	2	2	3	3	4	2	4	1	1	1	1	2	1	1	0	1	1	2	1	1	0	1	3	4	4	2	4	4	4	4	4	4	3	4	4	4	2	3	3	3	4	4	4	4	3	4
	pyscholgi elementari	pyscholgy,elementary	0	0	0	0	0	1	0	0	0	3	1	0	0	3	0	0	1	1	0	0	0	0	1	1	4	4	3	0	4	3	4	2	0	0	1	0	1	0	0	0	1	1	1	2	0	2	1	0
	pyscholog busi	pyschology and business	2	1	1	3	1	1	3	1	2	3	3	3	2	3	2	3	3	3	3	3	3	3	3	2	3	3	3	3	3	3	2	2	3	3	3	2	3	3	3	3	1	1	1	1	1	1	3	1
	pyscholoy	pyscholoy	3	3	3	3	2	3	2	3	0	3	2	1	1	3	0	2	2	2	3	3	3	3	4	3	0	3	2	2	2	4	3	1	3	0	0	1	3	0	1	3	0	1	1	0	0	0	0	0
	pyscolog	pyscology	2	0	0	0	0	0	1	0	4	3	3	4	3	3	3	1	1	1	1	3	1	3	1	3	4	2	4	2	4	3	3	3	3	2	2	3	3	2	4	1	2	2	2	2	4	3	3	2
	pyshcolog	pyshcology	1	1	0	0	0	3	1	1	3	4	4	3	3	4	3	3	3	4	3	3	3	3	3	3	4	4	4	4	0	4	4	4	2	3	0	3	3	3	0	3	2	2	2	2	1	1	1	3
	pysholog	pyshology	0	2	0	0	0	0	1	1	3	4	3	1	2	4	2	3	3	2	2	1	1	3	2	3	3	3	2	3	1	3	2	1	1	0	1	1	1	1	0	2	0	0	1	0	0	1	0	0
	qualiti	quality 	2	2	4	0	0	2	2	1	0	0	2	2	2	2	2	1	0	0	0	0	0	0	1	1	4	2	4	4	4	4	4	4	4	0	4	2	4	2	1	2	4	2	4	4	4	4	2	3
	qualiti	quality	0	0	0	0	2	0	4	0	0	2	2	0	0	2	0	0	0	4	0	0	2	0	2	4	4	2	4	4	4	4	4	2	2	4	4	4	4	4	2	4	2	2	4	4	0	0	0	0
	qualiti engin	Quality Engineering	1	1	1	1	1	1	1	1	2	2	3	3	2	1	3	2	1	2	1	1	1	1	1	1	3	1	3	1	3	2	3	1	1	1	2	1	2	1	1	3	1	1	1	1	3	1	1	1
	qualiti engin	Quality engineering	3	0	0	0	0	2	0	0	3	3	3	4	3	2	3	2	1	1	4	2	2	1	0	3	1	2	1	2	2	1	1	2	0	0	0	1	2	0	0	0	0	0	0	1	3	0	0	0
	qualiti engin mgmt	Quality and Engineering Mgmt	2	2	0	3	2	2	2	2	4	4	4	4	4	4	4	4	4	4	4	4	4	4	4	4	4	2	2	4	2	4	4	2	2	0	2	0	2	0	2	0	3	2	2	2	2	2	0	2
	quantit analysi	quantitative analysis	2	2	2	2	1	1	1	1	2	3	2	2	2	2	1	2	2	2	3	2	2	2	0	2	2	3	2	2	2	2	2	2	2	2	3	1	3	2	1	2	2	2	2	2	2	1	2	2
	quantit social	Quantitative Social Science	2	1	0	1	0	1	0	1	3	1	0	1	0	0	0	1	3	2	0	0	3	4	4	3	4	3	2	0	3	4	4	0	3	0	3	0	3	0	0	3	3	3	2	3	3	0	3	3
	quantiti surv	Quantity Surving	2	2	2	2	2	1	2	1	3	3	3	2	2	3	3	3	1	3	1	2	2	2	3	2	2	3	2	2	2	3	3	2	2	3	3	2	3	3	1	2	3	3	3	2	3	3	2	2
	quantiti surveri	Quantity Surverying	2	3	0	2	2	1	4	2	3	3	0	1	1	2	1	2	1	1	1	2	1	2	1	1	3	2	3	2	3	3	3	3	2	3	3	2	2	3	3	2	4	3	4	4	4	2	4	4
	quantiti surveryor	Quantity Surveryor	2	3	1	0	1	0	1	1	0	0	0	0	0	0	0	1	1	4	0	1	0	1	0	1	0	2	0	4	0	0	0	0	4	1	4	3	4	3	3	2	1	1	2	1	1	0	0	0
	quantiti survey	quantity surveying	3	2	1	3	3	1	3	3	3	3	3	1	3	3	3	3	2	1	1	1	2	1	1	1	3	3	1	1	1	3	3	3	1	1	3	3	1	2	1	3	2	2	3	2	3	3	1	1
	quantiti survey	Quantity Surveying	1	2	2	2	0	2	0	2	4	4	4	4	4	4	4	4	2	3	2	3	3	3	4	3	3	3	3	2	3	1	3	3	0	0	1	2	2	0	0	2	0	0	0	0	0	2	0	0
	quantiti survey	Quantity Surveying	4	4	3	3	2	3	3	3	1	3	3	2	0	3	0	2	2	2	3	1	1	2	1	3	3	3	1	4	1	3	3	2	4	3	4	1	4	3	2	3	4	3	3	3	4	3	3	4
	quantiti survey	QUANTITY SURVEYING	2	2	4	0	0	0	0	0	2	2	0	2	0	2	2	2	0	2	0	2	2	4	4	0	4	4	0	4	4	0	4	4	4	2	4	2	2	4	4	0	4	0	2	4	2	2	0	4
	quantiti survey	quantity surveying	2	0	0	0	0	0	0	0	2	1	0	0	0	1	0	1	2	3	3	2	2	3	2	3	2	3	1	2	3	3	3	3	2	3	3	3	2	3	3	3	2	3	3	2	3	3	3	2
	quantiti survey	quantity surveying	4	2	0	3	1	1	3	1	4	3	2	1	3	1	3	1	0	1	1	1	1	1	1	1	4	3	3	3	2	3	3	3	0	2	3	1	0	2	1	1	4	1	3	3	3	3	1	1
	quantiti survey	Quantity Surveying	3	1	3	2	0	1	3	3	3	3	3	1	2	0	2	4	2	1	3	1	4	3	0	4	0	2	1	0	3	0	2	3	0	0	2	2	3	3	0	3	2	3	3	3	3	4	0	4
	quantiti survey	Quantity Surveying	2	0	0	1	1	0	2	0	3	2	1	0	1	3	2	0	4	4	3	3	3	3	1	3	4	4	3	4	3	4	3	4	1	3	3	3	4	3	3	2	2	1	2	4	2	1	2	3
	quantiti survey	Quantity surveying	2	3	1	2	2	3	2	2	0	2	0	0	0	0	0	0	2	2	3	4	4	4	1	4	0	4	2	0	2	3	2	2	1	1	3	0	2	2	0	4	3	3	3	2	4	4	2	3
	quantiti survey	Quantity surveying	0	0	2	3	0	2	0	0	3	1	1	0	3	4	0	2	2	3	2	2	2	4	0	2	4	4	2	4	4	3	2	3	0	2	3	3	3	2	2	1	3	0	3	4	2	0	1	4
	quantiti survey	Quantity surveying 	3	0	3	0	0	0	1	0	0	0	0	3	0	0	0	0	4	2	2	2	0	4	3	2	2	1	1	2	4	4	3	2	1	1	4	0	2	4	1	1	3	1	3	1	2	4	4	3
	quantiti survey	Quantity surveying	2	0	0	3	0	0	0	0	0	0	0	0	0	2	0	0	4	4	4	1	0	2	2	0	3	2	2	3	2	3	3	2	3	2	4	4	2	3	0	0	4	0	4	3	3	3	0	2
	quantiti survey	Quantity Surveying 	2	3	2	1	1	3	2	3	2	1	1	2	1	1	1	4	2	2	4	1	1	1	3	3	4	4	3	3	4	4	3	4	2	3	3	3	3	4	3	2	3	2	2	3	1	3	3	2
	quantiti survey	Quantity Surveying 	0	0	0	3	0	1	0	2	2	0	0	2	0	2	2	2	3	4	4	3	4	3	4	4	3	2	2	4	1	4	4	3	3	0	3	3	3	0	4	3	2	2	4	0	4	3	4	0
	quantiti survey	Quantity surveying	2	4	0	3	2	3	2	3	0	4	0	0	0	0	0	0	1	1	2	4	2	4	1	4	0	4	2	0	2	3	3	2	0	2	2	0	1	2	0	4	4	1	2	3	4	4	3	4
	quantiti survey	Quantity Surveying	4	2	2	3	3	1	3	0	2	3	4	3	3	3	4	4	1	1	1	0	0	2	0	0	1	3	2	1	1	1	1	0	1	0	0	2	0	1	0	0	3	2	3	1	2	4	0	2
	quantiti survey	quantity surveying	1	0	0	3	0	2	2	1	0	0	0	3	0	0	0	0	1	1	1	3	0	2	0	1	2	3	1	2	2	2	2	2	2	2	2	0	2	0	0	2	3	3	4	2	4	4	3	2
	quantiti survey	Quantity Surveying	2	1	0	2	0	0	3	0	4	0	0	3	3	0	3	0	3	1	3	1	1	3	4	4	2	2	1	3	2	3	3	1	3	2	3	4	3	4	0	3	2	1	2	2	1	2	0	2
	quantiti survey	Quantity Surveying	2	0	3	1	0	1	0	0	1	0	0	2	0	0	0	1	4	3	3	4	3	4	4	3	2	1	0	1	2	4	4	1	1	0	3	0	4	1	2	1	1	1	1	3	3	4	2	0
	quantiti survey	quantity survey	2	0	0	3	0	0	2	0	0	0	0	3	0	0	0	0	0	0	1	2	0	2	0	0	2	3	0	2	1	2	2	1	1	2	2	0	2	2	0	2	3	4	4	4	4	4	4	4
	quantiti survey	Quantity Surveying	2	0	0	0	0	0	0	0	4	0	0	2	2	2	0	2	0	0	0	0	0	0	2	0	4	2	2	0	4	4	4	2	4	2	2	4	4	2	2	4	4	0	2	2	0	2	2	2
	quantiti survey	Quantity Surveying	2	0	0	0	0	1	1	1	0	0	4	4	1	2	1	3	3	3	4	3	2	3	3	3	4	2	1	4	3	3	2	2	4	0	1	2	2	2	3	1	1	2	2	0	3	3	1	1
	quantiti survey	Quantity surveying	1	0	0	3	1	0	1	1	0	2	3	1	0	1	0	1	2	3	4	2	3	3	2	3	2	3	1	2	3	2	3	2	2	3	3	3	2	4	1	3	3	3	3	3	4	4	3	3
	quantiti survey	Quantity Surveying	2	1	0	1	1	0	2	0	4	0	0	2	2	0	2	1	3	2	4	1	1	4	4	4	2	2	1	2	2	3	3	1	3	2	4	3	3	4	0	4	2	2	2	2	1	2	0	2
	quantiti survey	Quantity Surveying	3	0	3	1	1	2	1	0	4	2	2	1	3	3	0	0	4	4	3	4	3	4	4	4	1	0	1	0	1	3	3	1	0	1	3	2	3	0	1	2	2	1	2	3	3	2	1	2
	quantiti survey	quantity surveying	1	0	0	3	0	2	2	0	3	2	0	0	2	3	4	0	0	0	0	0	2	4	1	0	2	4	0	4	3	4	4	4	4	4	3	4	3	4	0	4	0	2	4	2	1	4	2	2
	quantiti survey	Quantity surveying	2	3	3	4	3	4	3	3	4	4	4	2	4	4	4	3	4	4	3	4	4	4	3	3	2	4	2	2	2	2	2	2	2	2	2	2	3	2	3	2	3	2	2	2	2	4	1	2
	quantiti survey	Quantity Surveying	2	2	0	3	0	0	1	0	3	2	3	2	3	2	2	0	0	0	3	1	2	3	0	0	4	4	3	2	4	1	2	0	4	1	0	0	4	2	0	2	3	2	2	3	3	4	4	3
	quantiti survey	Quantity Surveying	2	2	1	1	1	1	1	1	0	0	1	1	1	1	1	1	3	2	1	1	3	2	1	1	2	3	2	2	2	2	3	3	1	1	1	1	1	1	1	1	0	2	1	1	1	1	1	1
	quantiti survey	Quantity Surveying	3	2	0	2	1	1	3	1	4	0	0	2	3	1	3	0	3	2	3	1	1	3	4	4	3	2	1	2	2	3	2	1	3	2	3	3	3	4	0	4	2	2	2	2	2	2	0	2
	quantiti survey	Quantity surveying 	0	0	2	2	2	1	1	1	4	2	1	2	2	2	1	2	0	2	0	0	0	0	2	1	3	2	2	3	3	4	3	2	2	2	3	3	2	2	2	2	2	1	2	2	1	2	1	1
	quantiti survey	Quantity Surveying	1	1	3	1	1	1	1	1	0	0	0	0	0	0	0	1	4	4	4	4	4	4	4	4	2	2	1	1	1	3	2	1	3	1	4	0	4	1	1	4	3	3	3	3	3	4	1	2
	quantiti survey	quantity surveying	4	1	2	2	2	2	2	2	4	4	4	4	4	4	4	0	3	4	0	2	4	4	4	4	0	4	4	0	4	4	4	4	0	0	2	4	2	4	2	4	2	2	2	2	2	4	2	4
	quantiti surveyor	Quantity Surveyors	4	1	0	1	2	3	0	0	2	1	1	0	0	0	0	1	0	2	0	0	1	0	4	3	3	4	3	2	3	3	2	3	4	4	2	0	3	3	2	3	2	2	4	3	2	4	3	2
	quantiti surveyor	Quantity surveyor	2	4	4	3	2	3	2	2	0	2	2	1	0	2	0	0	4	3	1	2	2	4	2	2	3	2	0	1	2	3	2	2	1	2	0	0	1	0	0	2	1	3	2	1	2	2	0	2
	quantiti surveyor	QUANTITY SURVEYOR	2	4	0	4	4	2	4	2	4	4	0	2	4	4	4	2	4	4	4	4	4	4	4	4	2	4	2	4	4	4	2	2	4	4	4	4	4	4	2	2	4	4	4	4	4	4	4	4
	quantiti surveyor	Quantity Surveyor	4	2	3	1	1	2	1	2	1	1	1	0	1	1	0	3	0	2	4	0	0	1	0	2	1	2	2	2	3	3	2	2	1	1	4	1	2	1	3	3	3	2	2	4	2	1	2	3
	quantiti surveyor	QUANTITY SURVEYOR	2	0	0	4	0	0	0	0	2	0	0	0	0	0	0	0	4	4	4	0	0	4	0	2	2	2	0	4	0	4	0	2	4	4	4	4	4	4	0	4	4	4	4	2	4	4	0	4
	quantiti surveyor	Quantity Surveyor	2	0	0	0	0	0	2	0	0	1	1	0	0	0	0	0	2	3	3	1	1	4	2	1	2	3	3	3	3	2	3	4	2	2	3	4	4	3	3	3	4	3	3	3	3	4	4	3
	question inclus mis	Your question above is not inclusive. You mis	3	0	0	3	2	1	3	0	2	3	1	2	0	2	2	0	2	4	2	3	4	2	0	3	4	4	2	3	2	2	2	2	3	3	4	2	3	3	2	3	4	2	4	4	4	4	4	4
	quimica	Quimica	2	1	2	2	0	2	3	0	2	0	1	3	3	1	3	0	3	2	0	3	2	4	0	1	3	3	3	3	3	0	2	2	0	1	2	3	2	2	0	2	0	0	1	1	0	2	2	1
	quran hadith	Quran hadith	3	3	0	1	2	1	2	3	2	1	1	2	0	2	0	2	2	1	2	1	3	4	4	2	2	4	2	2	2	4	4	3	1	3	2	4	3	4	2	4	1	3	3	2	1	2	3	2
	qwertyuiopasdfghjklzxcvbnm	qwertyuiopasdfghjklzxcvbnm1234567890	2	0	0	0	0	0	0	0	0	2	0	0	0	0	0	0	4	4	4	4	4	4	4	4	3	4	3	0	3	3	2	2	2	0	2	1	4	2	4	3	3	1	0	3	1	1	1	2
	r n	R N	4	0	0	0	2	2	4	2	2	2	4	4	4	2	4	2	0	4	4	2	4	2	2	4	4	4	4	2	4	4	4	4	0	2	2	4	2	4	0	2	4	4	4	4	0	2	2	4
	rabbi	rabbi	3	0	0	3	1	2	1	1	2	0	2	4	4	1	2	2	1	0	1	1	1	3	0	0	2	0	2	1	3	0	0	0	2	0	3	1	4	4	2	3	1	1	1	1	0	2	0	0
	rad technolog	RAD tech	2	1	0	1	0	2	0	0	4	4	4	3	4	4	1	4	0	2	1	3	1	0	3	1	3	4	2	4	2	4	4	3	4	4	2	4	2	3	4	3	2	2	1	3	3	2	4	3
	radiat	radiation	2	2	2	3	2	3	3	3	3	3	3	3	2	3	3	1	0	0	1	0	0	0	3	0	3	3	3	4	4	2	3	3	1	2	2	3	2	3	3	3	0	2	2	2	2	3	3	2
	radiat	radiation	3	3	2	2	0	3	2	3	3	3	3	3	3	3	3	1	0	0	1	0	0	1	2	0	3	3	3	3	3	2	3	3	1	1	2	3	0	1	3	2	1	2	0	1	0	3	1	2
	radiat therapi	Radiation Therapy	3	3	0	4	0	1	3	1	1	1	1	4	3	0	2	1	0	0	0	3	0	4	0	0	1	1	0	3	1	1	3	3	0	2	2	0	3	1	1	3	4	3	4	4	4	4	3	4
	radio	Radio	0	0	0	0	0	0	0	0	3	2	2	2	0	2	0	0	0	3	1	2	3	2	2	2	2	3	3	3	3	3	3	2	1	0	2	2	2	2	3	3	0	0	0	1	0	0	0	0
	radio broadcast	Radio Broadcasting	2	0	1	2	2	0	1	1	1	3	3	0	2	3	1	1	3	3	3	4	3	4	2	3	3	1	3	2	3	1	1	1	0	3	2	2	0	2	3	3	1	2	2	2	0	1	2	2
	radio broadcast	Radio Broadcasting	0	0	0	0	0	0	0	0	1	0	0	0	0	0	0	0	2	2	0	4	3	4	0	0	1	3	0	0	0	0	0	0	0	0	0	0	0	0	0	0	0	0	0	0	0	0	0	0
	radio broadcast	Radio Broadcasting 	1	2	1	0	0	2	0	1	2	3	1	0	0	3	0	0	4	3	4	4	3	4	3	4	1	4	2	3	3	4	3	4	0	3	2	3	0	3	3	3	0	1	0	0	0	2	0	0
	radio broadcast	Radio broadcasting	1	1	0	1	1	1	1	1	2	2	2	2	2	2	2	2	2	3	3	3	3	2	3	4	2	3	2	3	2	1	2	2	2	2	1	2	2	1	2	1	1	2	2	1	1	1	2	1
	radio televis	radio and television	2	2	0	0	0	2	0	1	4	4	4	2	4	4	3	4	1	3	1	3	2	3	2	1	3	4	3	3	3	2	3	3	2	0	3	1	3	1	2	2	3	2	4	4	3	3	2	4
	radio televis	Radio-Television	2	0	0	1	0	2	1	0	2	3	3	3	2	3	2	3	3	4	3	4	3	4	2	3	4	2	1	4	2	3	2	4	0	1	2	1	1	1	2	2	0	1	3	1	2	2	1	2
	radio telivis	Radio and Telivision	2	2	0	1	2	0	0	1	2	2	3	1	1	2	0	2	0	4	3	4	4	4	4	3	1	2	1	2	2	0	1	1	2	2	2	2	2	0	2	1	2	2	1	2	1	0	1	1
	radioelectron	Radioelectronics	4	2	0	4	2	2	1	2	4	3	2	2	2	1	1	2	2	4	2	2	2	3	2	2	2	2	0	2	1	2	2	0	1	1	1	1	2	0	0	3	1	0	2	1	2	4	0	1
	radioengin	radioengineering	3	2	4	4	3	3	3	2	2	3	4	3	4	3	3	4	0	2	3	0	1	2	1	1	0	3	0	0	0	0	0	0	0	0	1	1	2	1	1	1	2	3	2	2	3	3	2	2
	radiographi	Radiography	1	0	2	0	0	1	0	0	4	3	3	4	3	3	3	2	0	0	0	0	0	0	2	0	0	2	4	3	4	1	2	4	0	0	1	0	2	0	0	0	0	0	0	0	0	0	0	0
	radiographi	Radiography	0	0	0	2	0	0	0	0	4	3	4	4	4	4	4	2	0	0	4	0	0	3	2	0	1	4	0	2	0	3	0	0	0	0	0	2	0	0	3	0	0	0	0	0	4	2	1	0
	radiographi	radiography	1	1	0	0	0	0	0	0	4	4	4	3	3	3	1	3	4	3	2	3	4	4	3	3	4	3	3	3	4	1	3	4	2	2	2	1	2	0	3	2	0	2	1	2	0	2	0	0
	radiographi	Radiography	0	0	0	0	0	0	0	0	4	3	4	3	2	2	2	0	1	3	4	3	4	4	4	3	0	3	2	2	1	3	2	2	1	0	3	1	3	4	3	3	0	0	0	0	2	0	0	0
	radiographi	Radiography	0	0	1	2	0	0	1	0	4	4	3	0	2	3	0	3	4	4	4	3	4	3	2	4	3	1	3	0	4	2	0	3	2	3	2	0	2	4	4	0	0	2	3	0	3	1	1	0
	radiographi	radiography	3	2	1	3	1	2	3	0	4	4	4	3	4	3	4	1	1	0	2	1	2	2	1	2	2	1	1	2	2	2	3	2	0	0	1	0	1	2	0	1	0	2	2	2	4	3	0	2
	radiographi	radiography	4	0	3	1	2	2	2	0	2	4	4	3	4	4	3	0	0	2	2	0	0	0	0	2	2	3	3	2	3	3	3	2	2	2	2	0	3	2	2	2	4	2	3	4	3	0	0	2
	radiographi	Radiography	0	0	0	3	0	0	0	0	4	3	0	3	0	0	0	0	0	0	3	3	3	3	0	0	0	3	0	2	2	2	2	0	0	0	0	0	0	0	0	0	0	0	0	0	0	0	0	0
	radiographi	Radiography	0	0	0	0	0	0	0	0	4	2	3	2	3	2	3	3	3	4	3	2	3	4	0	3	3	4	3	0	3	2	1	3	0	1	1	0	3	2	0	3	0	0	0	3	0	0	0	0
	radiographi	Radiography 	4	3	0	3	0	3	0	0	3	2	0	3	0	0	0	0	0	0	3	0	0	3	0	3	0	0	0	0	3	0	0	4	0	0	0	0	0	0	0	0	0	0	0	0	0	3	0	0
	radiographi diagnost imag	Radiography and Diagnostic Imaging	4	3	1	1	3	3	2	2	3	4	1	1	1	3	1	1	2	2	4	1	1	3	1	3	2	4	3	3	3	2	3	3	2	1	2	2	1	2	0	2	3	1	1	3	1	2	0	1
	radiophys	Radiophysics	4	0	2	4	2	4	3	0	3	1	2	4	3	3	3	4	0	4	2	4	2	4	1	4	1	2	2	3	1	3	1	1	1	1	2	1	3	2	1	4	3	2	3	1	3	4	0	4
	random cours	Random courses	3	3	0	0	1	2	0	2	2	3	3	3	2	1	1	1	1	2	3	3	4	4	3	4	4	2	3	3	4	2	2	2	0	2	3	1	4	0	1	1	4	1	3	4	2	2	1	3
	ras	ras	3	1	1	4	2	3	1	1	3	3	3	0	3	2	2	2	2	2	3	2	3	3	1	2	3	2	4	4	4	1	1	3	2	1	3	3	3	1	1	2	1	2	2	3	3	2	1	2
	reabilit	Reabilitation	2	0	0	2	0	0	0	0	4	2	1	4	3	2	3	0	1	1	1	0	0	1	2	0	2	4	4	4	4	3	3	3	3	1	0	1	2	1	1	0	0	1	1	1	0	0	2	0
	read	reading 	1	2	0	2	0	2	0	0	2	2	2	0	0	0	2	0	4	0	0	0	2	0	0	0	4	0	2	2	4	2	2	4	0	2	2	4	2	2	2	0	0	2	2	2	0	4	0	2
	read	reading	4	4	0	4	4	2	0	4	4	4	4	4	4	2	0	4	4	0	4	4	4	2	4	4	4	0	4	4	4	2	4	4	4	4	4	4	4	2	4	4	0	0	4	4	2	0	4	4
	reahab servic	Reahab services	0	1	0	0	0	2	0	1	2	2	0	0	0	0	0	0	0	1	2	1	0	2	4	0	4	1	3	1	2	4	4	4	2	2	0	0	2	4	2	4	0	2	0	1	0	2	1	1
	real chang alot	No real major, I changed alot	0	0	0	1	0	0	1	0	0	0	0	0	0	0	0	0	0	2	1	0	2	0	2	2	1	0	0	0	1	1	0	0	1	0	2	0	2	1	2	1	1	1	1	1	1	3	0	0
	real estat	real estate	3	3	2	3	2	4	3	4	3	2	3	4	4	3	2	4	1	1	1	3	1	4	3	1	3	4	4	4	4	3	4	4	4	3	4	2	4	3	4	4	3	3	3	3	3	4	4	4
	real estat	real estate	0	2	4	1	0	2	2	1	0	2	4	1	0	2	2	3	1	2	0	1	0	1	3	2	1	3	0	2	1	3	2	1	2	2	0	1	1	3	4	3	2	3	0	0	1	2	0	4
	real estat	Real Estate	4	1	3	1	3	1	4	1	4	4	4	4	4	4	4	4	3	3	0	0	1	3	3	1	4	4	4	4	4	4	4	4	3	3	4	4	4	4	4	3	4	4	4	4	4	4	4	4
	real estat	real estate	2	3	3	1	2	3	2	3	3	3	3	2	2	3	2	3	1	3	2	1	3	2	2	3	3	2	1	3	2	2	2	2	1	1	3	3	2	3	3	2	2	3	2	2	2	3	3	2
	real estat	Real Estate	0	2	2	0	0	0	0	0	2	2	2	0	0	0	0	0	2	2	2	4	0	4	0	0	2	4	2	0	0	0	4	0	4	4	2	4	0	0	4	4	4	2	4	0	0	4	4	0
	real estat	Real Estate	0	1	0	1	0	0	0	0	0	1	0	0	0	1	2	0	0	0	0	0	0	0	1	0	2	1	1	1	1	1	0	0	0	0	0	2	2	1	4	0	0	1	0	0	0	0	2	0
	real estat	Real Estate	2	3	3	0	2	1	0	3	1	1	1	2	3	2	0	3	0	2	2	2	1	3	4	3	2	3	0	2	1	0	1	2	0	0	0	1	3	1	3	1	0	0	0	0	1	1	0	0
	real estat	Real Estate	0	2	0	1	0	3	1	2	3	4	3	2	0	2	0	1	2	3	3	1	1	4	4	0	2	2	3	4	1	3	4	3	3	2	4	3	4	4	4	3	2	1	2	1	1	3	3	1
	real estat	Real Estate	1	3	0	2	0	3	0	3	3	3	3	3	3	4	3	3	3	4	4	4	4	4	3	4	3	2	1	1	1	3	2	1	1	0	3	1	3	4	4	3	1	1	0	0	3	2	2	2
	real estat	real estate	0	0	0	0	0	0	0	0	1	1	0	2	0	0	0	0	3	2	0	3	2	1	0	0	4	2	3	3	3	2	1	2	2	2	2	2	0	3	2	1	0	0	0	0	0	0	1	0
	real estat	Real Estate	4	4	0	1	2	0	3	2	4	4	4	0	2	3	3	0	0	4	3	4	4	4	3	2	2	4	1	2	1	3	4	2	1	3	1	4	0	3	1	2	2	3	2	2	2	0	2	1
	real estat	Real Estate	2	3	3	2	3	3	3	4	1	1	2	3	0	0	1	0	3	3	3	1	2	3	3	0	2	0	2	4	3	0	2	1	2	4	3	3	4	3	4	2	2	3	2	3	3	3	3	3
	real estat	Real Estate	0	3	0	2	0	1	1	3	2	3	3	3	3	3	3	4	0	3	4	2	3	2	1	3	3	4	2	3	3	3	3	4	0	0	3	3	1	3	0	4	0	0	1	3	0	0	3	1
	real estat	Real Estate 	4	1	1	0	0	1	2	2	4	1	2	2	3	2	2	2	0	2	4	2	3	1	2	2	3	3	0	3	3	2	2	2	2	2	3	4	3	2	3	2	3	2	3	4	3	2	2	2
	real estat	Real Estate	2	1	0	2	1	3	3	1	3	1	1	3	3	3	3	3	0	1	0	0	1	0	1	1	1	2	0	1	1	1	1	1	0	1	1	2	2	1	2	1	3	3	2	3	3	3	2	3
	real estat	real estate	2	1	2	1	2	1	2	3	0	2	2	1	0	1	0	1	1	2	1	2	1	1	1	1	2	3	1	2	2	2	3	3	1	3	3	1	3	2	3	3	3	2	3	1	3	2	3	2
	real estat	Real Estate	3	2	2	2	1	2	1	3	3	1	1	3	2	1	2	3	1	1	3	2	1	2	1	2	3	2	2	2	2	1	2	2	3	1	3	1	3	1	3	1	1	1	1	2	3	2	2	2
	real estat	Real Estate	3	1	0	1	1	2	2	1	3	4	2	1	1	2	1	1	2	3	4	2	2	2	3	3	3	4	2	0	2	2	1	1	3	2	4	2	4	3	4	2	0	2	0	3	0	1	2	3
	real estat agent	Real Estate Agent	1	3	0	0	0	0	0	0	2	2	3	2	0	2	1	0	1	2	1	4	3	4	0	4	2	0	2	4	2	4	4	2	2	0	4	4	0	4	3	4	3	3	2	2	0	1	0	2
	real estat properti	real estate property	3	3	0	0	0	1	0	0	1	3	0	0	0	0	0	0	2	1	0	3	3	2	0	0	3	2	3	3	3	3	4	4	2	4	1	1	1	3	4	3	0	0	0	0	3	3	0	0
	real estet sienc	Real estete sience	4	0	0	0	0	1	0	0	2	0	0	0	3	0	0	0	3	4	0	3	3	3	0	0	4	3	0	3	3	0	3	0	1	0	3	1	1	0	4	0	0	0	0	1	1	0	1	0
	realest	realestate	2	4	3	4	3	0	3	4	4	1	1	2	2	0	0	0	0	0	4	0	2	0	3	0	4	1	2	4	2	0	0	2	4	2	3	2	4	2	4	0	3	2	3	2	0	0	4	0
	realli	i dont really know 	0	0	0	0	0	0	0	0	2	4	4	0	1	2	3	0	0	0	0	0	0	0	0	0	4	0	3	3	4	3	2	4	1	0	1	4	2	2	1	0	0	0	0	1	3	0	0	0
	rec therapi	rec therapy 	1	1	0	0	1	0	3	0	4	3	2	4	2	2	0	2	0	0	2	0	4	1	0	1	1	3	3	1	1	4	3	3	1	1	0	2	1	0	0	1	1	0	0	1	0	2	0	0
	record art	Recording arts	1	1	1	2	1	3	0	2	3	3	2	3	1	3	1	1	3	3	2	4	3	4	3	3	4	3	2	4	4	3	4	4	0	0	1	1	1	1	1	3	2	0	1	1	0	0	0	0
	record art show product	Recording Arts and Show Production	2	0	0	3	0	2	0	0	4	2	3	3	2	2	2	3	4	3	4	4	4	4	3	3	3	2	2	3	3	2	3	1	1	3	1	1	2	1	2	2	2	1	1	0	0	2	1	1
	record industri	Recording Industry	3	0	0	2	0	0	0	0	2	1	0	0	1	1	1	1	2	2	3	3	3	4	0	1	3	2	0	1	1	2	1	0	0	1	1	0	0	1	1	2	1	2	0	1	1	1	1	2
	record industri	Recording Industry	0	0	0	0	0	0	0	0	1	3	1	1	1	3	3	1	2	1	2	3	3	3	1	3	2	4	3	1	4	1	2	2	0	0	1	1	1	1	2	1	3	0	0	2	0	1	0	0
	record industri	Recording Industry	3	0	3	0	2	1	2	0	3	3	1	0	3	3	3	2	3	2	2	3	3	4	3	3	4	1	3	2	3	2	2	1	1	0	2	0	3	0	3	0	1	1	2	0	3	2	1	0
	record industri	Recording Industry	0	0	0	0	0	0	0	0	3	3	3	2	3	3	2	2	4	4	4	4	4	4	2	4	3	2	4	3	4	3	2	3	0	1	0	2	0	0	1	1	0	0	0	0	0	0	0	0
	recreact therapi	Recreactional  Therapy	2	0	1	1	1	1	2	0	4	2	2	2	1	2	1	0	1	1	3	1	0	2	2	3	2	3	3	3	4	4	3	4	2	2	2	2	2	3	2	3	3	3	2	3	2	2	2	3
	recreat	recreation	4	0	0	3	0	0	2	0	3	2	2	0	2	2	2	2	2	2	2	2	1	2	0	2	0	2	0	4	0	2	3	4	0	2	2	2	3	2	2	2	0	3	0	3	3	1	3	2
	recreat	Recreation	0	2	1	0	0	1	0	2	3	2	1	1	1	2	1	2	0	2	2	2	3	0	1	2	4	3	4	1	3	2	1	2	0	0	0	0	2	0	0	1	0	0	0	0	1	0	0	0
	recreat	Recreation	2	2	3	1	2	1	2	1	3	4	4	2	3	3	3	2	3	4	4	3	4	3	3	4	2	2	3	3	3	1	0	1	0	3	2	2	3	3	1	1	3	2	1	2	2	2	2	2
	recreat	Recreation	2	1	2	1	2	2	1	1	3	2	1	3	1	3	3	2	1	1	2	3	3	3	3	3	3	4	3	3	3	3	3	4	3	3	3	3	1	3	1	3	1	2	2	2	1	2	1	1
	recreat	recreation	0	2	3	0	0	2	0	2	4	2	2	2	3	4	3	4	0	0	1	2	0	2	4	1	2	2	2	3	2	2	2	1	0	0	0	0	2	0	0	1	0	0	0	2	0	2	0	0
	recreat	recreation	2	1	1	1	1	3	1	2	3	3	3	3	3	3	2	3	3	3	3	3	4	4	3	3	4	3	4	2	3	2	3	2	1	1	3	2	2	3	3	3	0	0	0	2	3	1	1	2
	recreat	Recreation	3	0	0	0	0	0	1	0	2	2	1	1	1	1	0	1	2	2	3	3	3	3	4	4	4	3	3	3	4	4	3	2	2	0	4	3	3	2	3	3	3	3	2	4	2	4	3	2
	recreat	recreation	1	2	1	0	0	1	1	2	3	4	3	4	3	3	3	4	2	1	3	2	2	2	0	2	3	3	3	1	1	2	4	2	0	1	2	0	0	0	1	3	1	2	1	0	3	1	0	2
	recreat	Recreation	2	2	0	2	1	3	1	1	4	4	2	3	3	2	2	1	3	0	3	3	1	3	0	2	4	2	3	2	3	2	3	0	0	0	0	1	0	1	3	1	3	1	3	3	1	2	2	3
	recreat	Recreation	2	2	3	2	0	2	1	2	2	2	3	4	2	2	1	1	0	2	1	2	1	1	2	1	3	3	2	3	3	4	1	1	1	2	4	4	4	4	2	1	1	1	3	2	1	3	1	1
	recreat	Recreation 	0	0	0	0	0	0	1	0	0	0	0	0	0	0	0	0	2	1	3	2	2	2	1	2	4	4	1	1	3	4	4	0	1	2	0	0	2	2	2	2	2	1	0	4	0	2	1	2
	recreat	Recreation	3	3	3	3	3	3	3	4	4	1	0	4	3	0	1	4	0	3	1	0	0	1	4	3	4	4	3	4	3	4	3	2	4	0	4	0	4	2	4	1	2	4	3	3	1	2	1	3
	recreat	Recreation	1	3	2	2	0	2	1	2	2	3	3	2	1	3	1	3	1	1	2	2	2	3	4	2	2	3	2	1	2	2	2	2	0	0	1	1	1	1	1	2	0	1	0	1	2	2	2	1
	recreat	Recreation	1	2	0	1	2	2	2	3	4	3	3	1	2	4	3	0	2	1	3	2	3	3	1	1	3	4	3	2	3	3	3	3	0	0	2	2	0	0	2	0	1	1	2	1	0	0	0	2
	recreat	recreation	1	0	0	0	0	1	1	0	1	4	3	0	0	3	1	0	0	1	1	1	1	3	3	1	4	3	3	3	3	1	3	3	3	1	3	3	3	3	1	3	3	3	3	3	3	3	3	3
	recreat	Recreation	2	1	2	1	1	1	1	1	4	4	4	3	3	4	3	4	0	0	4	0	0	0	4	4	1	1	3	4	1	4	3	1	1	1	4	0	4	4	3	2	1	1	1	1	3	1	1	2
	recreat	Recreation	0	0	0	0	0	0	0	0	3	1	3	1	1	1	0	0	1	0	2	2	1	3	1	0	3	3	2	3	2	1	2	2	0	0	2	0	0	0	1	0	0	0	0	0	0	0	0	0
	recreat health promot	Recreation and health promoting	3	3	0	0	0	1	0	0	4	3	2	3	2	2	2	3	2	2	3	4	4	4	2	3	4	3	3	4	4	3	3	2	1	2	2	3	3	2	1	3	1	1	1	3	0	0	1	1
	recreat leadership	Recreation Leadership	0	0	0	0	0	0	0	0	2	2	0	0	0	2	0	2	0	0	2	0	2	0	3	0	0	4	4	3	3	4	4	4	0	0	2	0	0	0	0	0	0	0	0	2	0	0	0	0
	recreat park mgmt	Recreation and Park Mgmt	0	0	0	0	0	0	0	0	0	2	2	1	0	2	0	0	2	0	0	2	0	3	4	0	3	0	1	2	3	4	4	0	0	4	0	3	3	3	1	3	2	2	2	3	0	0	1	0
	recreat theraphi	Recreational Theraphy	2	1	0	3	0	1	1	2	3	3	2	2	2	3	2	2	0	1	3	2	1	2	2	2	2	2	2	2	4	4	4	2	2	1	1	1	2	1	1	1	2	3	2	1	0	3	1	0
	recreat therapi	recreational therapy	0	0	0	0	0	0	0	0	2	0	0	4	0	0	0	0	2	0	2	2	2	0	0	0	4	2	4	4	4	2	4	4	2	2	1	2	4	2	3	3	2	2	1	2	1	0	2	1
	recreat therapi	Recreational therapy 	3	0	0	4	0	3	0	0	4	1	1	3	2	0	2	0	4	2	1	4	4	4	3	2	2	3	3	2	3	3	2	4	1	0	3	0	3	1	1	4	3	0	2	0	0	0	0	1
	recreat therapi	recreational therapy  	4	3	1	2	2	4	2	3	3	4	2	1	0	2	3	1	3	3	3	3	0	2	4	1	4	4	4	4	4	4	4	3	2	2	2	2	1	2	0	3	2	2	2	1	1	2	0	1
	recreat therapi	Recreational Therapy	0	3	0	0	0	3	0	3	4	4	4	3	3	3	3	0	1	0	0	4	3	4	0	0	3	4	2	4	4	4	3	4	0	3	0	0	1	3	3	2	3	0	0	3	0	0	3	0
	recreat therapi	Recreation Therapy	0	0	0	0	0	3	0	0	4	4	3	3	2	4	3	2	0	3	4	2	2	4	2	3	4	2	4	4	4	3	2	3	2	1	3	1	3	2	3	2	0	0	0	0	0	0	0	0
	recreat therapi	Recreational Therapy	2	1	0	0	2	0	0	0	2	2	2	2	0	2	2	0	4	3	2	4	2	4	4	2	2	4	2	4	2	4	4	4	2	2	1	2	3	2	1	2	0	0	0	0	0	2	2	1
	recreat therapi	recreation therapy	0	0	0	0	0	0	0	0	4	3	0	3	1	2	2	2	2	3	0	1	1	2	0	2	2	1	4	4	3	2	2	3	0	0	2	0	0	0	2	0	0	0	0	0	2	0	0	0
	recreat therapi	Recreational Therapy	3	3	1	2	2	2	2	1	2	3	2	1	2	3	1	1	2	2	3	2	2	4	4	2	3	3	2	4	2	2	3	4	3	2	2	3	2	2	3	2	1	2	1	1	1	1	2	1
	recreat therapi	Recreational Therapy	4	1	0	0	1	0	1	1	2	1	1	4	2	0	1	0	0	1	0	1	0	0	0	0	1	3	4	3	4	3	2	3	3	4	3	4	2	4	2	1	4	4	3	4	3	4	4	3
	recreat therapi	Recreational Therapy	1	3	3	3	2	4	1	2	3	4	3	4	3	3	1	3	0	2	1	2	2	2	4	2	3	2	3	4	3	4	3	3	3	2	1	3	1	2	2	3	1	0	1	2	1	1	1	2
	recreat therapi	Recreation Therapy	0	0	0	0	0	0	0	0	4	3	3	0	2	4	3	2	0	0	0	0	0	0	0	0	4	2	4	0	4	2	4	3	0	0	0	0	0	0	0	0	0	0	0	1	1	2	0	0
	recreat therapi	Recreational therapy	1	1	0	0	0	1	1	0	3	1	0	0	0	1	0	0	2	1	2	1	1	1	0	2	3	4	3	3	4	4	3	3	0	2	1	3	1	2	1	3	0	0	0	0	0	0	0	0
	recreat therapi	Recreational Therapy	0	2	0	0	0	3	2	2	2	3	3	1	3	4	3	1	1	4	4	4	4	4	3	4	3	4	4	4	4	4	4	4	0	0	2	3	0	0	4	3	0	0	0	0	0	2	1	0
	recreat therapi	Recreational Therapy 	4	0	0	0	1	0	0	0	3	3	3	3	3	3	3	2	4	3	3	3	3	4	3	4	3	3	3	3	3	4	3	4	2	1	3	1	2	2	1	3	0	1	0	1	0	0	0	0
	recreat therapi	Recreational Therapy	0	0	0	0	0	0	0	0	3	0	0	2	0	0	0	0	0	0	2	0	0	0	2	0	3	2	0	4	0	0	0	2	0	0	0	0	0	0	0	0	0	0	0	0	0	0	0	0
	recreat therapi	recreational therapy	3	0	0	1	2	0	0	0	3	3	3	3	3	0	3	1	0	0	1	2	1	0	3	0	4	4	3	4	4	3	4	4	2	2	2	2	2	1	3	1	1	0	1	3	1	0	2	0
	recreat therapi	Recreational Therapy	2	2	1	2	2	2	2	2	3	4	3	2	2	4	2	1	0	1	1	0	0	3	3	1	3	4	4	4	4	4	3	3	0	2	3	3	3	2	3	2	2	2	3	3	3	2	3	2
	recreat therapi	Recreational Therapy	0	0	0	0	0	0	0	0	3	3	3	0	3	3	3	2	0	0	0	2	0	0	2	0	4	2	4	4	4	4	4	3	1	3	4	0	1	3	4	2	0	1	2	1	0	2	0	0
	recreationaltherapi	recreationaltherapy	2	1	0	1	0	0	0	1	3	3	2	2	0	2	1	0	0	0	3	0	0	1	2	1	1	2	2	2	0	2	3	3	0	1	0	3	0	3	1	1	0	1	0	1	0	0	1	0
	recreatopm	Recreatopm	2	0	0	0	0	1	1	0	0	0	0	0	0	1	1	0	4	0	0	0	3	1	4	0	2	4	0	3	3	4	3	0	0	4	0	4	1	3	3	0	0	0	0	0	1	1	0	0
	region	regional	2	2	0	2	1	3	0	3	2	3	3	1	3	1	2	0	0	3	1	0	2	0	3	2	4	1	3	3	4	3	2	1	2	2	3	1	2	2	3	2	2	1	1	2	1	1	1	1
	regist health technolog	registered health tech	2	2	0	0	1	2	2	2	2	0	1	0	3	0	0	0	1	0	0	2	1	0	0	0	2	4	2	1	4	2	2	4	0	2	1	0	0	2	2	2	0	2	2	0	2	3	0	4
	rehab	rehab	2	1	1	2	1	0	1	2	1	2	2	3	2	1	4	1	1	1	3	2	0	3	1	2	0	0	2	1	1	1	1	1	2	2	1	1	2	2	2	2	1	2	1	3	3	3	2	2
	rehab	rehab	4	0	0	0	0	0	0	0	3	0	0	0	0	0	0	0	0	0	0	0	0	0	0	0	4	4	4	4	4	4	4	4	0	0	0	0	2	2	0	0	0	0	0	2	0	0	0	0
	rehab	rehab	3	3	4	3	2	4	2	3	2	0	0	0	0	0	0	0	0	0	2	4	3	4	0	0	2	2	3	3	2	2	3	3	4	3	2	2	2	2	4	2	0	3	0	0	0	0	0	0
	rehab	rehab	0	0	0	0	0	0	0	0	2	0	0	2	0	0	0	0	2	2	1	2	1	1	1	1	3	4	4	1	4	0	2	2	0	3	2	2	3	2	1	0	1	0	0	1	0	0	0	0
	rehab	rehab studies	2	0	0	4	0	0	2	0	4	2	2	4	4	0	4	0	0	0	2	2	0	0	0	0	0	4	4	2	4	4	4	4	2	4	4	2	2	4	4	0	4	4	4	4	4	0	4	4
	rehab	rehab	2	2	2	2	0	1	3	2	2	2	2	0	1	2	2	2	2	2	2	2	3	2	1	2	2	2	3	1	1	2	2	1	2	2	2	2	0	3	0	1	2	2	3	1	1	3	0	2
	rehab	rehab	0	0	0	0	0	0	0	0	3	2	0	0	0	0	0	0	0	1	0	0	0	0	0	0	4	4	0	0	0	0	0	0	2	0	0	0	0	0	0	0	0	0	0	0	0	0	0	0
	rehab	Rehab	2	0	0	0	0	1	0	0	4	3	2	3	0	1	1	0	1	3	1	4	2	2	0	2	4	4	3	4	4	4	4	4	0	2	1	2	0	2	1	2	0	0	0	2	0	1	0	0
	rehab deaf	Rehab in deaf studies 	2	0	0	4	0	0	0	2	0	4	2	0	0	2	0	0	4	4	4	4	4	2	4	4	0	4	4	4	4	4	4	4	3	2	1	0	0	1	2	2	0	4	0	4	0	4	0	0
	rehab disabl	rehab and disability studies	0	0	0	0	0	0	0	0	2	4	4	4	4	4	4	4	3	4	2	4	3	3	1	3	2	4	4	0	4	4	3	4	0	3	1	0	1	1	0	2	0	0	0	0	0	0	0	0
	rehab disabl	Rehab and disability	0	0	0	1	0	0	0	0	4	3	3	4	3	3	3	2	1	3	3	3	4	4	1	3	4	4	4	4	4	4	4	4	0	0	2	1	0	0	1	2	2	1	1	2	0	1	0	0
	rehab sciencd	Rehab sciencd	0	0	0	0	0	0	0	0	2	0	0	0	0	4	2	0	0	0	0	0	0	0	0	0	2	4	2	2	2	0	0	4	0	2	4	0	4	4	2	0	4	2	2	4	3	3	0	2
	rehab servic	rehab service	0	0	0	0	0	0	0	0	4	2	2	3	1	1	2	0	2	2	2	1	1	3	0	1	4	4	4	4	4	2	4	4	0	2	1	1	4	2	0	1	4	1	2	2	2	4	3	0
	rehab servic	Rehab Services	2	0	0	4	0	0	0	0	4	2	2	4	2	0	2	0	4	4	2	2	4	0	4	4	4	4	4	4	4	2	4	4	2	4	4	2	2	2	4	4	2	4	4	4	4	2	4	4
	rehab servic	Rehab. Services	3	1	0	1	2	0	2	1	4	0	0	2	0	0	0	0	0	3	4	0	2	0	2	2	4	2	4	3	4	2	4	4	1	2	0	4	1	2	4	2	2	4	2	3	1	4	2	2
	rehab servic	rehab services	0	0	0	1	0	0	0	0	2	0	0	2	0	0	2	1	0	0	2	2	0	0	0	1	0	2	3	2	2	2	4	1	2	2	2	2	4	4	3	2	0	1	2	1	2	0	0	1
	rehab servic	Rehab services 	2	0	0	0	0	4	0	0	2	2	2	4	0	4	0	0	4	3	4	4	4	4	4	4	4	4	4	4	4	4	4	4	0	0	0	4	4	0	0	2	0	0	0	4	0	0	0	0
	rehab servic	Rehab Services	1	1	0	0	0	1	0	0	2	2	1	2	1	2	0	0	0	0	0	2	0	0	0	0	2	0	3	3	3	1	1	3	1	0	0	1	0	0	0	0	1	0	0	0	0	0	0	0
	rehab servic	Rehab services	2	0	0	0	0	1	0	1	4	3	3	4	4	3	4	0	0	4	4	3	4	3	4	4	4	4	4	4	4	4	3	4	2	3	4	0	4	4	3	1	4	2	4	4	0	1	3	1
	rehab servic	Rehab Services	0	0	0	0	0	0	0	0	4	3	4	4	4	3	3	2	0	0	1	0	0	0	0	0	2	1	4	3	4	0	1	2	0	3	2	0	3	0	1	0	1	1	1	2	3	2	1	1
	rehab servic	rehab services	4	3	0	2	2	0	1	2	4	0	1	4	2	2	3	1	2	1	2	2	1	2	0	1	4	4	4	1	4	3	2	4	2	2	3	2	3	2	1	1	4	3	1	1	3	4	3	2
	rehab servic	Rehab Services	2	2	1	1	0	0	1	2	4	2	1	3	0	1	1	0	2	0	1	0	0	0	3	0	2	3	2	3	2	2	3	2	2	2	2	2	2	1	2	1	2	3	2	2	2	2	2	2
	rehab servic	Rehab Service	0	4	2	2	4	0	2	4	0	2	0	2	2	0	2	4	0	2	0	4	0	0	4	4	4	2	0	4	2	0	4	4	4	2	0	4	2	2	4	4	4	2	0	4	2	2	4	4
	rehab servic	Rehab Services	3	0	1	2	1	2	1	1	2	3	3	3	2	3	1	3	0	0	1	0	0	0	4	0	3	3	3	3	2	3	2	2	2	1	1	0	3	1	1	0	1	2	2	2	1	1	1	0
	rehab servic	Rehab Services	2	0	0	0	1	0	1	0	3	0	0	4	2	0	2	0	1	1	1	1	1	0	0	0	1	4	3	2	4	4	4	4	2	2	1	1	1	3	0	0	1	1	0	1	1	1	0	1
	rehab servic	rehab services	1	0	0	0	0	0	1	0	3	3	4	1	0	3	1	0	1	0	1	0	0	2	3	0	3	4	4	2	4	3	3	4	0	0	3	0	2	3	2	4	0	2	2	2	1	2	0	0
	rehab servic	rehab services	0	0	0	0	0	0	0	0	4	0	2	4	4	0	4	0	0	0	0	2	3	0	2	0	2	4	4	4	4	2	3	3	0	0	0	0	0	2	2	0	0	0	0	0	2	2	0	0
	rehab servic	rehab services	2	1	1	1	1	0	1	0	2	1	0	1	0	0	0	0	3	1	0	0	0	4	0	0	3	2	1	2	1	2	2	2	1	2	2	0	1	1	2	1	2	2	1	1	0	2	1	1
	rehab servic	Rehab Services	2	1	3	4	4	3	1	4	4	3	4	4	4	3	4	4	3	3	3	3	4	3	3	4	4	4	4	4	4	4	4	4	2	0	4	4	4	0	4	4	4	3	4	4	4	4	4	4
	rehab servic	Rehab. Services	2	2	0	0	1	0	0	4	4	2	0	3	0	0	0	0	0	3	2	0	2	0	0	1	4	3	4	4	4	2	4	4	2	1	1	2	0	0	4	0	2	2	4	1	0	4	2	2
	rehab servic	Rehab Services	2	0	0	3	0	0	0	0	4	0	0	3	0	0	0	0	2	0	0	4	0	0	2	0	4	4	4	4	4	4	4	4	4	1	4	4	4	4	2	4	4	1	4	4	0	4	2	4
	rehab servic	rehab service	1	0	0	0	0	0	0	0	4	0	1	4	1	0	2	0	0	1	2	0	0	2	2	0	4	4	4	2	4	2	4	4	0	2	0	0	1	2	1	1	4	0	1	2	1	3	4	0
	rehab seviv	rehab sevives	1	3	3	0	0	3	1	3	4	4	4	4	4	4	3	4	2	4	4	4	4	4	4	4	2	4	3	4	1	4	3	1	4	4	1	3	2	3	4	2	1	1	0	1	1	0	1	0
	rehabatilion servic	rehabatilion services	1	0	0	0	0	0	1	0	0	1	0	1	0	0	1	0	0	2	1	2	0	4	3	0	1	2	0	4	3	4	3	2	0	1	2	1	4	3	2	1	1	0	0	3	0	2	2	2
	rehabilit	rehabilitation	2	1	1	1	0	1	2	1	3	2	1	2	1	2	1	2	1	2	1	0	1	1	2	1	3	3	3	4	4	4	2	3	2	2	2	1	2	2	1	1	1	1	1	1	1	1	1	1
	rehabilit	Rehabilitation	1	0	0	0	0	0	1	0	0	2	1	2	0	2	0	0	1	1	2	1	1	2	0	0	2	3	1	2	3	1	1	2	0	0	2	2	2	2	0	2	1	1	1	2	1	1	1	2
	rehabilit	Rehabilitation	4	0	0	0	0	0	4	0	4	4	4	4	0	0	4	0	0	4	4	0	0	4	0	0	4	4	4	4	4	4	0	4	4	0	4	4	0	4	0	0	0	4	0	4	0	4	0	0
	rehabilit	Rehabilitation	0	0	0	0	0	0	0	0	0	0	0	0	0	0	0	0	0	0	0	0	0	0	0	0	4	3	4	4	4	0	2	4	0	2	3	0	3	0	0	0	0	0	0	3	0	0	0	0
	rehabilit	rehabilitation	2	3	1	2	2	3	2	3	3	2	2	2	3	2	1	1	2	2	2	3	3	3	1	3	3	2	4	3	4	3	3	3	1	2	3	2	2	3	3	2	2	2	3	3	2	2	2	2
	rehabilit	Rehabilitation	4	0	0	0	0	0	0	0	3	3	4	3	4	2	3	0	4	4	4	4	2	4	1	1	2	4	0	0	1	0	0	0	0	4	0	0	4	0	0	0	0	0	0	0	2	0	0	0
	rehabilit	Rehabilitation 	3	0	0	1	0	1	1	0	4	3	4	4	4	3	2	3	3	2	2	3	2	3	2	2	3	3	3	4	3	3	3	3	1	0	1	1	2	1	0	0	1	2	2	2	4	3	1	1
	rehabilit	REHABILITATION	2	0	0	0	0	0	0	0	1	3	0	2	0	0	0	0	0	0	0	0	0	3	0	0	1	2	4	4	4	3	4	3	1	1	1	1	2	0	0	0	2	1	2	4	2	0	2	0
	rehabilit	Rehabilitation	2	2	0	1	1	2	1	2	3	3	3	2	1	1	0	2	1	2	3	2	3	3	1	2	4	4	3	2	4	3	3	4	0	1	2	2	2	3	1	1	0	1	1	3	0	1	0	1
	rehabilit	Rehabilitative science	3	1	1	0	4	0	2	1	4	2	4	0	4	4	3	4	0	0	0	2	4	0	4	0	0	0	0	0	0	0	2	0	0	0	0	4	0	2	3	4	2	2	0	0	0	0	0	0
	rehabilit	Rehabilitation	2	0	0	0	0	0	0	0	3	0	0	3	0	0	0	0	0	2	0	0	0	0	3	0	4	4	4	3	4	3	3	3	2	3	4	0	4	2	0	0	4	4	4	3	0	0	3	3
	rehabilit	rehabilitation	0	0	0	0	0	0	0	0	3	4	3	4	3	4	1	3	1	1	4	4	4	4	0	1	3	4	0	3	3	1	3	4	0	0	0	1	0	0	1	0	2	1	3	1	1	2	0	2
	rehabilit	Rehabilitation	0	0	0	0	0	0	0	0	2	2	1	3	2	1	1	1	2	2	1	1	1	2	1	1	4	4	4	2	4	3	4	4	1	2	1	0	0	1	0	1	1	1	1	1	1	2	0	0
	rehabilit	Rehabilitation	3	0	0	1	1	1	1	1	3	2	2	1	2	1	2	1	1	1	2	1	1	1	2	1	2	2	2	3	3	3	4	3	1	2	2	2	3	2	2	2	3	3	1	3	1	3	2	3
	rehabilit	Rehabilitation Science	3	3	3	3	0	4	0	4	4	3	4	4	3	2	1	4	1	0	0	0	0	4	1	1	3	2	0	4	1	1	2	4	0	0	2	0	4	0	0	1	0	0	0	0	4	4	0	0
	rehabilit	rehabilitation	2	3	0	0	0	0	1	3	4	4	3	2	1	4	2	0	3	4	4	4	4	4	4	2	4	4	4	4	4	4	3	3	1	4	3	3	2	2	2	2	0	0	0	0	0	2	0	0
	rehabilit	Rehabilitation 	0	3	1	3	0	4	0	0	4	4	2	4	3	3	2	3	2	1	0	4	3	3	4	2	4	2	3	3	4	3	4	3	0	0	1	0	0	0	0	0	1	0	0	0	0	0	0	0
	rehabilit	rehabilitation	2	2	0	1	0	2	0	3	0	1	0	1	0	0	0	0	4	3	1	3	3	3	2	3	4	4	3	2	3	2	3	3	0	3	3	1	2	2	3	2	2	2	2	2	0	2	2	1
	rehabilit	general rehabilitation	4	0	0	1	0	0	1	0	3	1	3	1	2	2	1	0	0	0	0	1	3	0	1	0	3	3	3	2	3	2	3	1	2	1	3	2	2	2	2	0	4	2	2	3	2	1	1	3
	rehabilit	Rehabilitation	2	2	0	2	2	0	2	0	3	2	0	1	2	0	3	0	3	0	1	2	3	4	2	3	3	1	3	2	3	3	3	3	0	2	2	3	2	3	0	1	2	2	2	3	2	1	0	1
	rehabilit	rehabilitation	0	0	0	0	0	1	0	0	3	4	2	3	2	4	2	2	2	3	3	3	2	1	2	1	3	3	3	1	4	2	3	4	1	2	2	1	1	1	3	1	0	0	0	0	0	0	1	0
	rehabilit consel	Rehabilitation Conseling	0	0	0	0	0	0	0	0	2	4	2	0	0	0	0	0	2	3	3	0	2	1	2	0	3	3	3	4	3	2	0	2	3	0	4	0	3	3	0	0	0	0	0	0	0	0	0	0
	rehabilit conselor	Rehabilition Conselor	0	0	0	0	0	0	0	0	0	0	0	0	0	0	0	0	0	4	0	4	4	0	0	0	4	4	4	0	4	4	4	4	4	0	4	4	4	4	4	0	0	0	4	4	0	0	0	0
	rehabilit disabl	rehabilitation and disability studies	0	1	0	0	0	2	0	0	4	3	3	3	0	3	1	3	4	4	3	4	3	4	4	4	3	4	3	3	3	1	1	3	1	3	1	2	0	0	1	2	0	0	0	0	0	0	0	0
	rehabilit servi	Rehabilitation Servies	2	0	0	0	0	0	0	0	4	0	0	4	4	0	2	0	0	0	2	0	0	0	0	0	2	4	4	4	4	2	4	4	0	2	0	0	0	0	0	0	2	2	0	4	0	2	0	2
	rehabilit servic	Rehabilitation Services	0	2	0	0	0	0	0	0	4	0	0	0	0	0	0	0	0	0	2	0	0	0	0	4	2	2	0	0	0	2	0	0	0	0	0	0	0	0	2	0	0	2	0	2	0	0	0	0
	rehabilit servic	Rehabilitation Services	2	0	1	1	1	0	1	1	4	2	2	4	2	1	2	2	0	3	3	2	0	0	2	2	2	4	4	2	4	4	4	4	0	4	1	0	2	4	0	4	2	2	1	2	2	3	1	2
	rehabilit servic	Rehabilitation Services	3	2	1	3	3	2	3	2	4	2	3	4	4	2	4	1	2	1	4	2	3	4	4	4	4	4	4	4	4	3	4	2	1	3	2	4	4	4	4	2	1	2	2	2	2	3	2	2
	rehabilit servic	Rehabilitation Services	0	1	2	1	0	0	1	0	4	2	2	4	4	3	4	2	1	2	4	2	0	0	2	4	4	4	4	2	4	4	4	4	1	4	1	0	2	4	0	4	1	1	1	2	1	2	1	1
	rehabilit servic	Rehabilitation Service	0	0	0	0	0	0	0	0	0	0	0	3	0	0	0	0	0	0	3	0	0	0	0	0	4	4	4	4	4	3	0	0	0	2	3	1	0	0	1	0	0	0	0	0	0	0	0	1
	rehabilit servic	Rehabilitation Services	0	0	0	0	0	0	0	0	4	1	3	4	4	0	3	1	0	0	0	0	0	0	0	0	3	4	2	4	2	0	0	1	1	0	0	0	3	1	0	0	1	1	0	2	3	2	0	1
	rehabilit servic	Rehabilitative Services	2	2	0	0	0	1	0	0	3	2	1	1	0	1	0	0	1	2	1	1	0	1	2	0	4	3	4	3	4	3	2	4	1	0	3	3	2	1	4	2	0	1	1	3	1	0	0	0
	rehabilit servic	Rehabilitation Services	0	0	0	0	0	0	0	0	2	0	0	0	0	0	0	0	0	0	0	0	0	0	0	0	4	4	4	2	4	4	2	3	0	0	0	1	2	1	0	1	1	2	1	4	1	3	0	4
	rehabilit servic	Rehabilitation services 	0	0	0	0	0	0	0	0	4	0	0	4	4	0	4	0	4	4	4	4	4	2	4	4	2	4	4	2	4	4	4	4	2	4	2	2	0	2	2	2	2	2	0	0	4	2	0	1
	rehabilit servic	Rehabilitation Services	3	0	0	0	0	2	0	0	3	0	0	2	0	0	0	0	4	2	2	3	2	2	4	2	4	4	4	4	4	4	4	4	4	4	4	4	2	4	2	2	2	3	0	3	1	4	3	3
	rehabilit servic	Rehabilitation Services	1	0	2	2	1	0	1	0	4	4	4	4	4	3	4	2	1	2	4	2	0	1	2	4	4	4	4	4	4	4	4	4	2	4	1	0	2	4	0	4	1	1	1	1	1	2	1	1
	rehabilit servic	Rehabilitation Services	0	0	0	0	0	0	0	0	3	2	0	4	1	3	0	2	2	2	0	3	2	3	0	1	3	3	4	3	4	4	4	4	1	0	0	0	4	0	2	0	0	0	0	0	0	0	0	0
	rehabilit servic	rehabilitation serviceds	0	0	0	0	0	0	0	0	3	0	0	0	0	0	0	0	0	0	0	0	0	0	0	0	4	3	4	3	4	0	4	1	0	1	1	3	3	0	0	0	1	0	0	3	1	0	1	0
	rehabilit servic	rehabilitation services	0	0	0	0	0	0	0	0	3	0	0	0	0	0	0	0	0	0	0	0	0	0	0	0	4	3	4	3	4	4	3	3	0	1	0	3	3	0	0	0	1	0	0	3	0	0	0	0
	rehabilit servic	Rehabilitation Service	2	4	2	4	4	4	2	4	4	4	0	4	0	4	2	4	0	0	0	0	0	2	0	0	4	4	4	4	4	4	4	4	2	2	2	0	4	0	4	0	4	0	4	4	2	2	4	2
	rehabilit servic	Rehabilitation Services	3	0	0	0	0	0	1	0	3	0	0	3	0	0	0	0	0	0	0	1	2	0	1	0	3	4	3	2	4	4	4	2	1	4	0	1	1	4	2	2	2	2	1	1	0	2	2	1
	rehabilit servic	Rehabilitation Services	2	1	0	2	1	1	1	1	4	4	4	3	4	4	4	2	1	2	4	2	1	1	0	2	4	3	3	3	2	3	3	4	1	0	1	1	1	1	1	2	2	1	1	2	2	2	1	1
	rehabilit servic	Rehabilitative Services	2	0	0	0	0	0	0	0	3	0	0	4	2	0	0	0	2	0	0	3	3	0	0	0	2	0	0	4	2	0	0	0	0	0	2	2	0	0	0	0	0	0	0	0	0	0	0	0
	rehabilit servic	Rehabilitation services	0	3	2	4	0	2	4	4	4	4	4	4	4	4	4	4	2	2	2	0	0	0	4	2	4	4	4	4	4	4	2	4	0	2	2	4	2	4	2	2	2	4	2	0	2	0	4	2
	rehabilit servic	Rehabilitation Services	4	2	0	2	2	2	2	4	4	4	0	4	0	2	2	0	4	2	4	4	2	4	0	4	4	4	4	4	2	4	4	4	2	4	2	2	0	4	2	4	4	4	2	2	2	4	4	2
	rehabilit servic	rehabilitation services	2	0	0	2	0	0	0	0	4	0	0	3	3	3	2	0	4	0	2	4	0	2	4	0	4	0	4	4	4	0	4	3	2	4	2	4	3	4	2	0	2	2	0	2	0	4	2	1
	rehabilit servic	Rehabilitation services 	2	1	0	1	1	1	1	1	4	2	1	3	3	2	3	1	2	2	3	1	1	3	1	1	4	3	3	3	3	2	3	3	0	1	3	3	3	3	1	3	4	2	3	3	3	1	1	3
	rehabilit servic	Rehabilitation Services	0	0	0	0	0	0	0	0	4	0	0	4	0	0	0	0	0	2	0	1	1	2	0	2	4	4	4	4	4	4	4	4	0	1	0	0	0	0	0	0	2	0	0	2	0	0	0	0
	rehabilit servic	rehabilitation services	0	0	0	0	0	0	0	0	4	0	4	0	4	0	4	0	0	0	0	0	0	0	0	0	2	4	4	0	4	2	4	4	0	0	0	0	0	0	0	0	2	0	0	0	2	0	0	0
	rehabilit servic	Rehabilitative Services	0	0	0	0	0	0	0	0	3	1	1	2	0	0	1	0	0	0	0	0	0	1	0	0	4	4	4	2	4	4	4	4	2	3	2	2	1	2	1	1	2	2	0	2	1	0	2	0
	rehabilit servic	Rehabilitative Services	4	0	3	4	3	3	4	0	4	3	3	2	3	3	3	3	2	0	0	1	0	2	0	0	4	2	4	3	4	3	3	4	1	0	1	0	0	0	0	0	3	3	4	3	4	4	0	3
	rehabilit servic	Rehabilitation Services	0	0	0	0	0	0	0	0	3	1	1	2	0	0	0	0	0	0	0	1	0	0	0	0	4	3	4	3	4	2	3	4	1	1	0	0	0	0	1	0	3	0	0	1	0	0	0	0
	rehabilit servic	rehabilitative services	0	0	0	0	0	0	0	0	3	4	3	2	3	2	2	0	0	2	0	0	0	1	0	2	4	3	4	3	4	3	2	2	2	0	1	2	0	0	2	0	0	0	0	0	0	0	0	0
	rehabilit servic	Rehabilitation Services	2	3	1	1	2	2	2	3	2	3	2	2	1	3	1	3	2	1	3	1	1	2	1	3	3	4	3	3	3	2	3	2	1	3	0	2	1	2	3	2	1	3	1	0	1	2	1	1
	rehabilit servic	Rehabilitation services	3	0	0	0	0	0	0	0	4	3	2	4	4	0	4	0	2	0	0	0	0	2	4	0	3	4	4	4	4	3	4	4	0	0	0	0	0	0	0	3	3	3	2	3	3	3	0	3
	rehabilit servic	Rehabilitation Services	4	3	4	4	3	4	3	3	4	3	3	4	1	3	2	0	0	0	0	3	0	4	3	2	3	3	2	4	3	2	1	2	0	2	1	4	4	2	4	2	2	1	2	0	0	0	3	2
	rehabilit servic	Rehabilitation Services	1	0	0	2	1	1	1	0	4	2	2	4	4	2	3	0	0	0	0	0	0	0	1	0	3	3	3	4	4	4	2	4	2	2	2	0	1	1	4	0	3	1	1	1	2	4	2	0
	rehabilit servic	Rehabilitation Services	3	0	2	1	0	0	1	2	4	1	2	1	1	0	1	0	1	2	3	1	2	0	2	3	4	3	4	4	4	3	3	3	2	3	2	2	3	2	3	1	3	2	1	3	2	2	3	2
	rehabilit servic	Rehabilitation Service	2	0	2	2	0	1	2	0	3	1	1	3	0	1	0	0	0	0	2	0	0	0	0	0	2	0	4	2	4	2	3	4	1	2	1	0	2	0	1	2	1	2	2	0	2	2	1	1
	rehabilit servic	Rehabilitation Services	0	0	0	0	0	0	0	0	0	4	0	4	4	2	4	4	0	0	0	0	0	2	0	4	4	4	4	4	4	2	0	4	0	0	0	0	0	0	2	0	0	0	0	0	0	2	0	0
	rehabilit servic	Rehabilitation services	3	1	1	3	1	2	1	2	3	2	2	3	1	1	2	1	1	0	3	3	1	3	3	1	2	2	2	3	1	3	3	2	1	2	1	2	1	2	3	1	1	1	1	1	1	1	2	1
	rehabilit servic	Rehabilitation Services	0	0	0	0	0	0	0	0	2	1	1	4	2	1	2	0	0	0	2	0	0	0	0	0	2	3	4	4	4	2	2	4	0	0	2	2	0	0	0	0	1	0	0	0	0	0	0	0
	rehabilit servic	Rehabilitation Services	4	4	0	0	0	0	4	0	4	4	0	4	4	0	4	0	0	4	4	4	4	4	4	4	4	4	4	0	4	4	4	4	4	4	0	4	4	4	4	4	4	0	0	0	4	4	4	0
	rehabilit servic	Rehabilitation Services	0	0	0	0	0	0	0	0	2	0	0	0	0	0	0	0	0	0	0	2	2	0	2	2	4	4	4	4	4	2	0	4	0	0	0	0	0	0	0	0	0	0	0	0	0	0	0	0
	rehabilit servic	Rehabilitation Services	2	0	0	2	0	0	2	0	4	2	1	3	0	2	0	1	0	1	1	2	0	1	2	1	3	2	3	3	3	3	3	3	2	2	3	2	2	3	2	3	3	3	2	3	3	2	3	3
	rehabilit servic	Rehabilitation Services	1	0	1	1	1	0	1	0	2	0	0	3	1	0	1	0	1	2	1	2	1	2	3	0	3	4	4	4	4	4	4	4	2	2	2	4	2	2	2	2	2	2	2	2	1	3	2	2
	rehabilit servic	Rehabilitation Services	1	0	0	0	0	0	0	0	2	0	0	3	3	0	3	0	1	0	3	1	1	4	0	0	3	4	4	1	3	4	4	4	1	2	1	2	1	2	2	2	1	1	1	1	1	2	3	1
	rehabilit servic	Rehabilitation Services	3	0	0	0	0	0	0	0	4	4	3	4	3	3	3	1	0	1	3	3	3	4	2	0	4	4	4	4	4	0	3	4	0	1	2	1	0	0	0	0	0	0	1	1	0	0	4	0
	rehabilit servic	Rehabilitation Services	1	0	0	0	0	0	1	0	2	1	0	3	2	0	2	0	2	1	4	2	1	4	1	1	3	4	4	1	3	3	3	3	2	2	2	3	2	3	3	2	2	1	2	1	2	2	2	1
	rehabilit servic	Rehabilitation Services	4	1	2	1	2	0	3	1	4	4	2	3	3	2	3	1	2	2	2	2	2	1	4	2	4	3	4	2	4	2	4	4	4	4	4	1	4	4	4	4	4	4	4	4	2	3	4	4
	rehabilit servic	Rehabilitation Services	3	3	2	4	3	4	3	4	3	4	4	4	2	4	2	3	3	2	4	4	4	4	3	4	4	4	4	3	4	3	3	4	2	3	4	4	3	2	4	3	2	3	3	3	2	2	3	3
	rehabilit servic	rehabilitation services	2	1	3	1	0	1	1	1	4	3	3	4	3	2	3	1	3	3	2	3	3	3	4	3	4	4	4	4	4	3	3	4	2	3	2	3	4	3	1	4	1	3	1	2	2	2	3	3
	rehabilit servic	Rehabilitation Services	3	1	0	4	1	3	2	3	3	2	2	4	1	1	1	2	1	1	3	4	1	3	4	3	1	2	3	4	2	3	4	3	1	2	1	2	2	4	3	1	1	2	2	1	1	2	3	1
	rehabilit servic	Rehabilitation Services	0	0	0	0	0	0	0	0	4	0	0	4	2	0	2	0	0	0	0	0	0	0	0	0	2	2	4	4	4	0	0	4	1	0	0	2	0	0	0	0	1	0	0	0	0	0	0	0
	rehabilit servic	Rehabilitation Services	1	0	0	0	0	0	0	0	3	0	0	3	0	0	1	0	1	3	0	2	1	0	4	0	4	4	4	4	4	4	4	4	3	2	3	3	4	3	3	3	2	3	2	1	1	3	3	1
	rehabilit servic	Rehabilitation Services	1	0	0	0	0	0	0	1	3	1	1	4	3	0	2	0	1	1	3	2	2	4	2	0	3	4	4	1	4	4	3	3	1	1	2	2	3	2	3	2	1	2	1	1	2	2	2	1
	rehabilit servic	Rehabilitation Services 	0	0	0	0	0	0	0	0	4	4	0	0	4	0	4	0	0	0	0	0	0	0	0	0	4	4	4	0	4	4	4	4	0	0	0	0	0	0	0	0	0	0	0	0	0	0	0	0
	rehabilit servic	Rehabilitation Services	1	0	0	0	0	0	0	0	3	0	0	1	0	0	1	0	0	0	1	0	0	0	0	0	2	2	3	0	3	2	1	1	0	1	1	1	1	1	0	0	0	0	0	0	0	0	0	0
	rehabilit servic	rehabilitation services	0	0	0	3	0	0	0	0	0	0	0	1	1	0	0	0	0	0	0	0	0	0	2	0	3	4	3	2	3	4	3	2	0	0	0	0	0	0	0	0	1	0	1	2	1	2	2	2
	rehabilit servic	Rehabilitation services	0	0	0	0	0	0	0	0	3	0	2	0	0	0	0	0	0	0	0	0	0	0	0	0	3	2	3	0	3	0	0	2	0	0	0	0	0	0	0	0	0	0	0	0	0	0	0	0
	rehabilit servic	Rehabilitation Services	3	2	2	0	2	2	2	2	2	4	3	4	2	3	2	2	1	1	4	2	2	0	3	3	4	3	4	1	3	4	3	4	2	2	3	2	2	3	2	4	0	2	1	2	1	1	0	3
	rehabilit servic	Rehabilitation Services 	2	3	2	1	2	2	2	3	3	0	0	0	0	0	3	0	0	0	0	0	0	4	0	0	4	4	3	0	4	4	4	3	2	4	3	4	4	4	4	4	4	4	4	4	4	4	4	4
	rehabilit servic	REHABILITATION SERVICES	2	0	0	0	0	0	0	0	2	0	0	2	2	1	0	0	0	0	0	2	0	3	1	0	2	3	4	4	4	4	4	4	0	0	0	0	0	0	4	0	0	0	0	0	0	0	0	0
	rehabilit servic	Rehabilitation Services	0	1	0	2	0	1	1	0	4	2	3	4	3	3	3	0	2	3	1	0	0	4	0	1	3	4	3	3	4	4	1	4	0	2	2	1	4	4	3	4	0	3	0	0	0	3	1	0
	rehabilit servic	rehabilitation services	0	0	0	0	0	0	0	0	0	0	0	0	0	0	0	0	0	0	0	0	0	0	4	0	0	0	0	0	0	0	0	0	0	2	0	0	0	0	0	0	0	0	0	0	0	4	0	0
	rehabilit servic	rehabilitation services	2	2	0	4	0	0	0	0	2	0	0	4	0	0	2	2	4	4	0	4	4	4	4	4	4	4	4	4	4	4	4	4	4	4	4	2	0	4	4	4	4	2	2	4	2	4	4	4
	rehabilit servic	Rehabilitation Services	0	0	2	0	0	0	0	0	3	3	3	2	2	2	2	0	0	0	0	1	1	1	0	0	3	3	3	3	3	1	2	2	0	0	0	0	0	0	0	0	0	0	0	2	0	0	0	0
	rehabilit servic	Rehabilitation Services	2	0	0	0	0	0	1	0	1	3	3	3	0	1	0	0	0	0	0	0	0	0	4	1	3	4	4	4	4	4	4	4	2	3	2	2	1	2	0	3	2	0	2	3	1	2	3	1
	rehabilit servic	rehabilitative services	0	0	0	0	0	0	0	0	3	4	4	2	3	3	3	0	0	3	0	2	0	1	2	3	4	4	4	4	4	3	4	2	2	0	2	2	0	0	2	0	2	2	2	2	0	0	0	0
	rehabilit servic	Rehabilitation Services	0	3	0	1	0	0	0	1	4	4	2	2	1	3	2	0	2	3	2	2	2	1	1	1	3	4	4	3	4	2	4	4	1	2	2	2	2	2	2	1	1	1	1	2	1	2	1	0
	rehabilit servic	Rehabilitational Services	4	2	3	2	0	1	0	3	4	3	2	3	2	2	1	1	2	2	3	2	2	3	4	2	4	1	4	3	4	0	2	3	1	0	0	2	3	0	0	0	3	0	3	2	2	1	0	3
	rehabilit servic	Rehabilitation Services	0	0	0	0	0	0	0	0	2	0	0	4	4	2	2	2	0	0	0	2	0	2	0	2	2	4	4	2	4	4	2	3	0	0	0	0	0	0	0	2	0	0	0	0	0	0	0	0
	rehabilit servic	Rehabilitation Services	0	0	0	0	0	0	0	0	4	3	3	4	4	2	4	0	0	0	0	0	0	0	0	0	3	3	3	4	3	3	2	4	2	0	0	0	1	1	4	0	2	1	0	1	1	2	0	0
	rehabilit servic	Rehabilitation Services	1	0	0	0	0	1	1	0	3	3	4	2	3	2	3	0	0	2	4	0	1	0	0	3	3	3	4	2	3	3	3	4	0	1	1	1	1	1	1	1	1	3	1	1	2	2	0	1
	rehabilit servic	Rehabilitation Services	0	0	0	0	0	0	0	0	4	3	1	2	1	1	2	0	0	0	0	0	0	1	0	0	2	4	4	2	4	3	1	2	0	1	1	0	0	0	0	0	0	1	0	2	0	0	0	2
	rehabilit servic	Rehabilitation Services	2	1	1	2	1	0	1	0	4	2	3	2	2	1	2	1	0	3	3	2	3	0	3	3	4	3	4	4	4	2	2	3	2	3	3	3	3	2	4	1	2	2	2	3	2	1	3	3
	rehabilit servic	Rehabilitation Services	2	0	0	0	0	0	0	0	4	0	0	4	2	0	0	0	0	2	0	0	0	0	0	0	2	4	4	4	4	4	2	4	0	2	0	1	0	0	0	0	2	1	1	2	0	0	1	0
	rehabilit servic	Rehabilitation Services	0	0	0	0	0	0	0	0	3	0	2	2	3	0	3	0	0	0	0	0	0	0	0	0	3	4	3	0	3	4	4	3	0	3	0	0	0	3	0	3	0	1	0	0	0	0	0	0
	rehabilit servic	Rehabilitation Services	4	0	0	2	1	2	2	1	4	3	2	3	1	1	2	1	4	4	3	4	4	0	4	4	4	4	4	4	4	4	4	4	2	4	2	4	4	4	4	4	3	3	3	3	2	3	4	3
	rehabilit servic	Rehabilitation Services	0	0	0	1	0	0	0	0	4	3	3	4	4	3	4	0	0	0	0	0	0	0	0	0	3	2	4	4	3	3	3	4	0	1	0	0	0	0	2	0	0	0	0	0	0	2	0	0
	rehabilit servic	Rehabilitation services	2	1	0	0	0	0	0	0	3	4	3	2	0	2	2	2	0	1	4	1	1	1	3	4	4	4	3	3	3	3	2	3	1	3	1	2	1	3	0	3	0	1	1	2	0	0	0	1
	rehabilit servic	Rehabilitation Services	3	3	1	4	4	4	4	4	2	4	4	2	2	3	2	4	3	3	3	4	4	4	4	4	4	4	4	3	4	4	4	4	1	1	3	3	3	3	4	4	2	3	2	2	1	3	2	3
	rehabilit servic	Rehabilitation Services	0	0	0	0	0	0	0	0	4	0	0	2	0	0	0	0	0	1	0	0	0	1	1	1	4	4	4	1	4	4	2	3	0	2	1	2	2	0	0	0	2	0	1	3	0	0	0	0
	rehabilitaion servic	Rehabilitaion Services	2	0	1	1	0	0	1	1	3	0	0	3	3	0	1	2	1	0	4	2	2	4	1	1	4	4	4	2	3	4	3	3	1	3	2	3	3	4	3	2	2	3	4	2	2	2	3	1
	rehabilitaiton servic	Rehabilitaiton Services	2	0	2	3	3	0	1	4	3	3	2	1	1	0	4	1	3	1	1	1	0	2	1	0	3	3	1	3	1	1	1	0	2	2	1	3	1	1	1	3	3	3	0	3	1	1	1	2
	rehabilt servic	Rehabiltation Services	1	0	0	0	0	0	0	0	2	0	0	0	0	0	0	0	0	0	0	0	0	0	0	0	0	4	4	1	4	0	3	4	0	0	2	0	3	2	0	0	0	0	2	3	1	0	2	0
	rehablili servic	Rehabliliation Services	0	0	0	0	0	0	0	0	0	0	0	0	0	0	0	0	0	2	2	2	2	0	0	2	2	4	4	4	4	4	4	4	0	0	0	0	0	0	0	0	0	0	0	0	0	0	0	0
	relat	Foreign Relations	0	2	0	0	0	3	0	3	2	1	2	0	0	2	0	0	0	2	1	0	1	0	4	2	2	4	4	4	4	3	3	4	0	0	2	2	3	2	0	2	0	0	0	1	0	0	0	0
	relat	science related	2	0	0	0	0	0	0	0	3	3	4	4	4	3	4	2	0	0	0	0	0	1	2	2	0	0	0	2	1	1	0	1	0	2	2	0	0	1	0	0	1	0	3	0	0	0	0	0
	relat trade	Relations Trade	4	3	4	1	4	3	3	3	1	0	1	3	3	3	0	3	4	3	3	4	4	4	0	3	0	4	4	4	4	4	4	3	0	0	3	1	3	0	1	3	1	3	1	1	1	3	3	1
	remot sens	remote sensing	1	3	3	3	3	3	3	3	4	3	4	4	4	4	4	4	3	3	1	4	4	4	4	1	3	3	0	3	0	1	3	0	0	3	3	1	4	3	3	4	0	3	1	1	1	3	1	3
	remot sens gis	remote sensing and GIS	2	1	1	0	1	1	0	2	3	3	1	2	3	4	2	4	0	3	0	2	3	0	0	3	3	4	2	1	0	2	2	2	1	0	1	0	2	1	1	2	2	2	1	2	2	2	0	2
	remot sens gis	Remote Sensing GIS	0	0	4	0	0	0	2	0	4	4	4	4	4	4	4	4	0	2	2	2	4	0	0	2	4	4	2	2	4	4	4	4	0	4	4	0	4	4	0	4	4	2	4	4	2	2	4	4
	renew energi	renewable energies	2	0	1	3	3	2	3	1	1	0	2	1	1	1	1	2	0	0	0	1	0	3	3	1	2	2	2	0	2	1	1	0	0	0	1	0	4	1	1	0	0	2	1	0	3	3	3	2
	renew engeri	Renewable engery 	2	3	0	3	2	2	3	3	3	3	3	3	3	2	2	3	0	1	0	0	1	1	2	0	2	2	2	2	3	2	2	2	2	1	1	1	2	1	2	2	1	2	2	2	1	2	1	3
	renuabl energi	renuable energy	2	0	4	3	0	0	0	0	0	0	0	0	0	0	0	0	0	0	4	0	0	0	0	0	3	0	0	4	2	0	0	0	4	0	0	0	3	0	3	0	3	3	0	0	0	0	0	0
	reproduct health	Reproductive Health	2	1	0	0	0	0	0	0	4	3	1	3	3	2	3	0	0	0	2	2	1	2	1	0	2	2	3	3	3	0	2	2	0	2	1	2	3	1	2	0	0	1	1	2	2	2	1	0
	req rn	pre, reqs for RN	0	2	2	0	0	1	0	2	4	3	3	3	3	3	3	3	2	2	3	2	2	3	3	3	3	2	3	4	3	3	3	3	0	2	2	3	1	3	1	3	0	0	0	1	1	1	1	1
	reseach	reseacher	3	2	3	2	2	2	3	0	2	3	2	0	2	3	3	0	2	3	2	2	3	2	3	2	3	0	3	2	2	2	2	0	0	2	2	3	2	2	2	0	2	3	3	2	2	2	2	0
	research	Research 	0	2	0	0	0	0	0	0	3	1	2	3	0	1	0	0	3	1	4	4	4	3	0	2	3	3	2	2	3	2	2	1	2	1	0	2	0	0	1	2	0	0	0	1	4	0	0	0
	research	Research 	0	0	0	0	0	1	0	0	2	0	0	0	3	0	2	0	0	0	1	3	4	3	0	0	0	4	4	0	4	1	4	0	0	0	0	0	1	0	0	0	0	0	0	0	4	1	0	0
	research	researcher	0	0	0	0	0	0	0	0	4	4	4	4	4	0	4	0	4	0	3	0	3	3	0	0	4	4	0	3	0	4	4	4	4	0	0	0	0	0	0	0	0	4	0	0	4	0	0	0
	research	researcher	1	2	0	0	1	2	0	1	1	1	1	0	0	2	2	2	2	1	1	0	0	1	1	1	1	1	2	0	1	1	1	1	1	1	1	1	1	1	1	1	1	0	0	1	2	0	1	2
	research	researcher	3	3	2	0	3	2	0	2	2	3	3	2	2	1	0	2	2	1	2	0	4	2	2	1	3	1	3	4	3	3	3	3	0	1	0	2	3	0	0	0	2	3	0	1	0	2	3	2
	research	research	0	0	0	0	0	0	1	0	2	4	3	2	2	4	2	1	3	3	3	4	2	4	4	3	4	4	4	3	3	4	4	4	0	3	2	3	1	4	2	4	1	0	0	1	0	1	1	1
	research	Science Research 	1	0	2	3	2	3	1	0	4	4	4	4	4	4	4	4	0	1	3	0	4	1	2	2	1	2	0	2	0	0	0	0	0	0	0	0	0	0	0	1	0	4	1	0	4	2	0	0
	residenti engin	residential engineering	3	3	3	4	2	4	3	4	4	3	3	3	4	4	4	4	0	0	3	0	2	0	0	4	1	2	3	1	3	0	0	0	1	1	2	1	2	2	2	1	3	3	4	3	4	3	1	4
	respiratori	Respiratory 	2	0	0	0	0	0	0	0	4	3	0	0	0	0	0	0	4	4	4	4	4	0	0	4	4	4	4	0	4	0	0	0	0	0	1	0	0	0	0	0	0	0	0	0	0	0	0	0
	respiratori	respiratory	2	0	0	1	0	1	1	1	4	3	2	3	2	2	2	1	1	0	1	3	1	3	1	1	4	3	2	0	2	2	3	2	0	2	1	2	2	2	1	1	0	2	1	1	1	2	1	1
	respiratori care	Respiratory Care	2	0	0	1	0	3	2	0	4	4	3	4	4	0	2	0	3	2	0	3	1	4	1	2	4	4	4	3	4	4	4	4	2	4	3	1	4	1	1	1	0	4	4	4	0	2	4	4
	respiratori care	respiratory care	3	3	0	1	0	1	3	0	4	4	4	2	3	4	4	2	0	4	0	1	4	2	0	2	3	4	4	1	4	3	4	4	0	2	0	0	2	2	0	4	3	4	3	4	3	3	2	3
	respiratori care	Respiratory Care	1	0	0	3	0	0	0	0	4	3	3	4	4	1	4	0	1	1	0	4	1	3	0	0	4	3	1	4	0	0	0	0	0	0	0	4	0	0	0	0	0	0	0	0	0	0	0	0
	respiratori care	Respiratory care	0	2	0	1	0	2	0	1	3	2	0	3	0	1	1	0	2	3	2	3	2	3	1	1	2	2	1	2	3	0	3	2	1	1	3	1	3	1	2	2	0	1	1	0	1	1	1	1
	respiratori care	Respiratory Care	2	0	0	0	0	0	0	1	4	2	2	2	0	3	1	2	4	2	2	3	2	3	0	3	4	4	4	3	4	3	4	4	0	2	2	2	0	1	2	0	0	0	0	1	0	0	2	1
	respiratori therapi	Respiratory therapy	2	0	1	1	1	1	1	1	3	1	2	3	3	3	3	1	2	1	2	1	2	1	0	1	2	3	3	1	2	3	2	3	2	1	1	1	1	1	1	1	2	2	1	1	0	1	1	1
	respiratori therapi	respiratory therapy	3	4	0	3	0	4	0	4	4	1	1	3	3	4	3	1	1	3	3	2	2	1	3	4	2	4	2	4	2	1	1	1	2	0	3	1	3	0	4	0	2	1	0	0	0	0	0	0
	respiratori therapi	Respiratory Therapy 	1	3	3	0	0	3	2	3	4	2	1	4	2	1	0	0	0	0	0	1	1	2	0	0	3	4	3	3	4	2	3	4	0	0	0	2	0	0	0	2	0	0	0	0	0	2	0	0
	respiratori therapi	Respiratory Therapy	4	0	1	2	2	2	3	1	4	3	3	3	3	2	3	2	1	1	3	3	2	3	2	3	4	3	1	1	3	1	3	2	1	2	1	1	1	1	3	3	1	1	3	2	3	1	3	1
	respiratori therapi	Respiratory therapy	0	2	2	3	2	2	3	4	4	3	1	2	1	4	1	2	4	1	4	4	4	4	3	4	0	3	0	3	4	4	4	4	0	2	0	4	0	4	1	2	0	0	0	1	0	0	0	0
	respiratori therapi	Respiratory Therapy	2	2	0	2	1	3	2	2	4	3	3	4	3	2	3	2	1	1	1	2	1	3	0	2	4	3	4	3	4	3	3	3	1	0	1	2	1	0	2	0	0	1	1	1	1	2	1	0
	respiratori therapi	Respiratory Therapy	2	1	0	1	1	1	2	1	4	3	3	4	4	2	3	1	4	4	2	4	3	1	0	3	4	4	3	1	4	2	3	3	1	2	2	2	4	3	3	2	3	2	2	3	3	1	1	1
	respiratori therapi	Respiratory therapy	2	3	0	0	0	3	0	2	4	4	4	4	4	2	4	0	0	0	2	3	3	3	2	0	2	4	2	3	4	4	3	4	3	1	2	2	1	1	1	1	2	0	1	0	0	2	0	0
	respiratori therapi	Respiratory Therapy	0	0	0	0	0	2	0	0	4	3	3	4	3	3	4	2	1	1	1	1	1	1	0	0	3	1	3	2	3	2	3	3	0	0	0	0	0	0	0	0	0	0	0	0	0	0	0	0
	respiratori therapi	respiratory therapy	2	0	0	0	0	0	0	0	4	4	4	3	0	4	3	1	0	0	4	3	2	2	3	0	2	4	4	4	2	2	4	2	2	1	0	4	3	0	3	0	3	0	2	2	0	3	2	0
	respiratori therapi	Respiratory therapy	4	2	1	3	2	2	1	1	4	2	1	4	3	3	3	2	1	3	3	4	3	3	2	2	2	4	3	2	2	3	3	3	3	1	2	2	1	2	0	3	1	4	1	1	3	2	1	1
	respiratori therapist	Respiratory Therapist	1	0	0	0	0	0	0	0	2	0	0	3	2	0	2	0	0	3	0	0	0	0	0	0	3	2	0	0	0	0	1	0	2	0	3	0	3	0	0	0	1	1	2	0	0	2	2	1
	respiratori therapist	Respiratory therapist 	4	3	3	3	0	4	3	3	4	4	4	4	3	4	4	4	2	3	1	3	3	3	0	2	4	0	0	1	1	2	1	3	0	0	2	1	0	0	2	2	0	2	2	0	1	0	0	2
	respitori therapi	respitory therapy	3	0	1	2	1	1	1	2	4	1	2	3	4	3	3	3	1	0	2	2	0	1	2	0	3	2	3	3	4	2	3	1	3	0	3	0	3	0	3	1	1	2	4	4	4	4	3	2
	restor	restoration	0	0	0	0	0	0	0	0	2	0	3	0	3	1	2	0	0	0	3	0	2	2	0	2	0	3	0	0	2	3	2	0	0	0	0	0	0	2	0	2	0	0	0	0	0	0	0	0
	retail	Retail	1	0	0	0	0	0	0	0	3	3	3	0	2	3	1	1	1	2	4	4	4	4	1	3	4	3	4	3	4	1	2	1	2	1	3	3	3	3	3	3	3	4	3	3	3	1	3	3
	retail	retail	0	0	0	0	0	0	0	0	0	0	0	0	0	0	0	0	0	0	0	0	4	0	0	0	4	4	4	4	4	0	0	4	4	0	0	0	0	0	4	0	0	0	0	4	4	4	0	4
	retail	Retail	0	0	0	0	0	0	0	0	2	3	1	0	0	0	0	0	4	4	3	4	4	4	3	2	4	3	3	0	3	0	4	2	1	4	3	3	3	4	3	4	2	0	0	3	0	0	1	0
	retail	retailing	2	0	0	0	0	0	0	0	2	3	3	0	2	3	1	3	0	3	0	0	2	2	2	3	4	4	2	3	3	4	4	2	2	1	2	2	3	2	3	2	1	2	0	0	2	1	2	2
	retail	Retailing	1	1	1	4	1	3	1	1	4	4	4	4	4	4	4	3	0	4	4	3	1	2	1	3	4	4	4	3	4	4	3	2	0	3	3	0	4	4	0	4	3	3	3	3	4	4	1	4
	retail merchandis	Retail Merchandising	0	0	0	0	0	0	0	1	3	3	3	2	1	3	1	1	0	0	3	1	1	0	1	1	3	3	3	1	3	3	3	2	2	3	3	3	3	3	3	3	0	0	0	1	0	0	1	0
	rh	rh	4	2	0	1	0	1	0	1	4	0	0	2	1	0	3	0	0	1	1	1	0	2	0	3	4	3	2	4	4	4	4	2	4	3	3	4	4	4	1	4	2	1	4	4	1	2	1	3
	rhs	RHS	2	0	0	4	3	0	2	0	2	4	4	4	3	3	2	4	0	0	4	4	2	2	2	4	4	4	4	4	1	2	4	4	0	4	4	4	3	2	4	4	0	4	4	3	3	0	4	4
	rhs	RHS	0	0	0	1	0	0	0	0	0	4	3	0	2	4	2	0	0	4	3	4	4	2	4	2	0	2	4	0	3	2	2	2	0	0	0	1	0	1	0	2	0	0	0	0	0	0	0	0
	rhs	RHS	1	0	0	0	0	0	0	0	1	2	2	0	0	0	0	0	1	0	0	0	3	0	0	0	3	1	3	0	4	0	3	2	1	0	0	0	0	0	0	0	0	0	0	0	0	0	0	0
	rhs	rhs	0	0	2	2	1	2	4	0	4	4	4	4	4	1	4	2	1	4	1	1	1	3	4	0	4	4	4	4	4	4	4	4	4	0	4	0	4	3	4	4	1	4	4	4	1	2	4	4
	right	In university right now, undecided	1	0	0	0	0	0	0	0	3	3	2	2	3	2	2	0	2	3	3	2	3	3	2	4	3	3	3	3	4	4	4	3	1	2	2	3	2	1	3	3	0	2	2	2	0	0	1	1
	rn	RN	2	1	1	0	0	1	0	3	4	4	2	4	2	4	2	0	0	3	2	0	0	3	4	1	0	3	3	2	4	4	3	4	3	2	0	3	2	3	2	4	0	0	0	0	0	1	0	0
	rn	RN	2	0	0	0	0	0	0	0	4	4	4	4	4	4	4	4	0	0	0	4	0	0	1	0	2	0	4	2	4	0	0	4	2	0	2	3	3	0	4	1	4	0	0	3	2	0	4	2
	rn	Rn	2	0	0	3	0	3	3	0	3	4	4	3	2	2	2	0	2	2	0	3	0	3	0	2	2	3	2	3	2	4	3	4	0	0	1	0	0	0	0	0	0	0	0	0	0	0	2	3
	rn	RN	1	1	0	1	0	1	1	0	3	4	0	3	0	0	0	0	3	0	0	4	4	4	0	0	4	0	3	0	3	1	1	0	0	0	0	1	0	1	0	0	1	0	0	1	0	0	0	0
	rn	rn	1	0	0	2	0	0	1	0	4	2	3	3	2	1	3	0	2	2	3	1	0	0	0	0	3	3	2	3	2	2	2	3	2	2	2	3	1	3	0	2	1	2	1	2	0	2	0	2
	rn	RN	4	2	2	2	0	0	1	1	4	4	0	4	4	2	4	1	0	2	1	1	0	0	1	1	4	4	4	1	4	2	1	4	0	4	1	2	1	1	4	1	3	2	1	1	0	2	2	1
	rn	RN	0	0	0	0	0	1	4	2	4	2	1	3	1	1	1	0	0	0	0	0	0	0	4	0	1	4	2	4	4	4	4	4	2	4	1	2	4	2	2	3	2	4	0	4	0	4	2	2
	rn	RN	0	0	0	0	0	0	4	0	4	1	1	1	1	1	1	0	0	0	0	0	0	0	1	1	4	4	1	4	3	4	4	4	0	2	1	2	4	2	2	2	2	4	1	2	1	4	1	1
	rn	RN	3	1	3	0	4	0	4	0	3	3	2	3	2	3	4	4	0	0	0	0	0	0	0	0	2	2	4	1	4	4	4	4	0	3	2	0	2	4	0	4	2	3	4	4	0	4	0	4
	rn	Pre RN 	4	4	2	4	1	2	4	4	4	4	2	4	4	3	4	2	2	3	4	4	4	2	4	3	4	3	4	2	4	4	4	4	4	3	3	3	4	3	4	2	4	4	2	2	4	2	3	3
	road engin	road engineering	3	2	3	3	1	1	1	2	3	3	3	3	3	3	3	3	3	3	3	3	3	3	3	3	1	3	2	2	2	1	0	0	1	1	2	2	2	2	1	2	2	2	2	2	3	3	1	2
	robot	Robotics	3	0	3	3	0	0	1	0	1	3	3	3	3	3	3	3	1	0	3	3	3	3	0	1	0	3	0	0	0	0	3	1	0	0	0	0	2	3	2	2	0	3	3	0	1	2	1	0
	robot	robotics	0	1	2	0	0	2	0	2	4	4	4	4	4	4	3	3	1	3	3	3	3	3	3	4	2	2	1	1	0	1	1	1	1	1	2	1	2	1	1	2	0	0	0	0	0	0	0	0
	robot	robotics	2	3	0	2	1	2	1	1	3	3	4	2	2	1	2	1	1	1	1	3	0	1	2	1	2	3	3	2	2	2	0	1	2	2	3	1	3	4	3	2	2	2	2	2	2	1	2	2
	robot	robotic	2	1	2	2	2	2	2	2	1	0	1	0	1	0	1	3	0	1	0	0	0	1	2	1	1	2	1	2	0	1	1	0	0	0	1	0	2	0	0	2	0	1	2	1	2	2	1	2
	robot	Robotics	4	0	0	4	2	4	4	2	2	4	3	3	3	2	3	2	0	3	1	1	1	1	0	0	3	4	2	3	1	0	1	2	0	0	0	0	2	0	0	0	0	4	3	0	4	4	0	2
	robot	Robotics	4	4	0	4	4	4	4	4	4	0	0	4	0	0	0	0	4	0	0	4	4	4	0	0	4	4	4	4	4	4	0	4	4	4	4	4	4	4	4	0	4	4	4	4	4	4	4	4
	robot	Robotics	0	0	0	0	0	0	0	0	3	1	1	3	3	3	3	3	0	0	3	4	4	4	0	4	0	2	0	0	0	0	0	0	0	0	2	0	0	0	0	0	0	0	0	0	0	0	0	0
	robot	robotics	1	3	1	4	1	3	3	3	4	4	3	2	3	1	3	1	1	2	4	3	3	3	1	3	1	1	0	0	1	1	0	0	0	3	0	1	1	1	0	3	0	1	1	0	3	3	0	1
	robot	Robotics	0	0	0	0	0	0	2	0	2	2	0	0	2	0	0	2	2	4	2	2	2	4	0	2	4	4	2	4	4	2	2	2	0	0	0	0	4	0	0	0	2	2	0	4	4	4	0	0
	robot engin	robotics engineering 	4	1	0	4	2	2	3	1	2	2	1	2	1	3	2	0	2	1	3	4	1	4	4	4	3	3	3	3	4	1	1	2	2	2	2	2	2	4	4	1	2	4	3	1	3	1	2	3
	robot engin	Robotic Engineer	0	0	1	4	1	1	1	1	1	2	3	1	1	3	2	3	2	3	3	4	1	4	4	3	1	1	1	3	1	2	1	2	1	1	1	1	1	3	1	3	1	2	2	2	3	2	1	1
	robot engin	robotic engineering	2	0	0	3	1	1	1	1	1	0	2	3	2	1	2	3	0	0	3	0	2	0	0	2	1	1	1	0	2	3	1	2	0	0	0	0	3	2	2	2	1	2	3	1	3	3	3	3
	robot engin	Robotics Engineering	3	0	0	4	3	2	3	0	2	3	3	1	2	3	2	2	1	0	3	0	0	0	2	0	0	2	1	0	0	0	0	0	0	0	0	0	0	0	0	0	0	0	0	0	2	3	0	0
	robot engin	robotic engineering  	1	4	0	4	4	4	2	4	0	2	3	0	4	2	2	0	0	0	0	2	0	4	0	0	0	0	0	1	1	0	0	1	4	0	2	1	2	0	3	3	2	0	1	0	0	0	2	1
	robot engin	robotic engineering	3	3	0	4	2	4	4	4	0	3	3	0	0	0	2	0	2	3	4	4	2	4	4	3	1	0	2	3	0	4	0	0	1	2	0	2	3	0	2	2	2	4	0	0	0	0	2	2
	robot engin	Robotic engineering	0	0	0	0	0	1	0	1	3	4	4	3	4	4	3	3	1	2	3	3	4	3	3	3	2	3	2	3	2	2	3	2	0	0	1	1	0	0	0	3	0	0	0	0	0	1	0	0
	robot engin	Robotic Engineering	1	1	0	4	1	4	2	2	2	0	2	3	3	1	3	0	1	1	2	3	3	3	0	0	2	0	1	2	0	0	0	2	0	0	0	0	2	0	0	0	0	0	3	0	1	3	0	0
	robot engin	robotic engineering	2	2	2	4	1	3	2	1	3	2	2	3	1	1	1	1	0	2	1	0	0	0	1	1	1	2	1	0	1	1	2	2	0	1	1	0	4	2	2	1	0	2	1	0	2	2	1	1
	rocket scientist	Rocket scientist	0	1	2	0	0	3	1	2	3	1	1	1	0	1	1	1	2	2	0	2	2	2	2	1	3	3	2	3	2	2	2	2	1	1	1	0	3	1	4	1	0	1	1	0	1	1	1	0
	rocket scientist	rocket scientist	4	4	4	4	4	4	3	4	4	0	0	1	0	4	1	4	4	4	0	4	4	0	4	0	0	0	4	0	0	1	0	0	0	2	0	0	0	0	2	4	0	0	0	0	0	0	2	2
	rotc	R.O.T.C.	1	3	3	3	2	2	3	2	1	3	3	1	1	0	1	2	0	2	1	2	0	0	4	2	2	3	2	4	1	4	3	3	1	1	1	2	1	1	1	1	0	1	0	0	2	0	2	1
	rotc	ROTC	0	2	0	4	3	4	0	2	4	4	3	2	4	4	0	4	2	3	2	3	3	4	1	2	4	4	3	4	2	0	2	2	3	4	4	3	2	2	2	2	4	4	0	2	2	0	2	2
	rotc program	ROTC program 	0	0	0	0	0	0	0	0	3	3	0	0	0	0	0	0	0	0	0	0	0	0	0	0	0	0	3	0	3	0	0	0	0	0	0	0	0	0	0	0	0	0	0	0	0	0	0	0
	rt	RT	0	0	0	0	0	0	0	0	3	4	3	2	0	4	2	3	0	0	0	0	0	0	0	0	0	1	2	0	2	2	3	2	0	0	0	0	0	0	1	2	0	0	0	0	1	0	0	0
	rt	Rt 	2	0	0	0	0	0	0	0	4	3	3	3	2	3	2	3	0	0	0	0	0	0	2	0	3	3	2	2	3	3	3	3	0	0	0	0	0	0	0	0	0	0	0	0	0	2	0	0
	rtf	RTF	2	3	0	2	0	2	2	2	1	4	4	4	0	3	1	0	2	3	3	4	3	3	3	2	0	3	3	3	4	1	3	0	3	0	2	2	3	2	4	3	2	3	3	0	3	3	1	2
	rtvf	rtvf	3	0	1	1	0	1	0	1	2	2	3	3	2	3	3	3	2	3	4	3	3	3	3	3	3	3	2	1	2	2	2	1	0	0	3	1	3	0	2	1	0	1	2	1	2	0	2	1
	rtvf	RTVF	0	0	1	1	0	3	0	0	4	4	4	3	1	3	2	4	2	3	4	3	4	3	3	4	3	2	2	3	3	3	4	3	1	0	3	1	3	0	3	0	0	0	1	0	0	0	0	0
	rural survey engin	Rural and Surveying Engineering	0	0	0	0	0	0	0	0	3	3	2	3	3	2	1	3	2	0	0	3	3	2	1	1	2	4	1	4	4	1	2	2	0	0	0	0	2	0	0	2	0	0	0	0	0	0	0	0
	sac	sac	2	0	0	4	4	1	2	0	1	0	1	4	1	2	1	0	4	4	4	1	1	0	4	4	4	4	4	4	4	4	4	4	0	2	4	4	4	4	4	4	4	3	4	4	4	4	4	4
	safeti	safety	3	0	2	0	1	0	3	1	3	0	0	1	3	0	0	1	1	0	0	1	1	0	0	0	3	4	0	1	1	3	4	3	3	3	1	1	3	4	4	3	3	3	3	4	3	4	4	4
	safeti	Safety 	2	1	0	1	1	1	1	2	2	1	1	1	1	1	1	2	2	1	1	3	2	2	0	2	2	2	3	2	2	3	3	3	2	2	3	1	2	2	3	2	2	2	2	2	2	2	2	2
	safeti	safety	2	2	2	0	1	1	0	0	4	3	3	4	3	3	2	3	1	4	2	4	4	3	2	3	4	3	3	2	3	2	3	2	0	0	1	0	0	1	0	1	0	0	0	0	0	0	0	0
	safeti	Safety 	2	0	0	0	0	0	0	0	3	2	1	0	0	3	0	1	0	0	0	0	0	0	0	0	3	3	2	0	2	0	0	0	1	0	0	0	0	0	3	0	0	1	0	0	0	0	2	2
	safeti	Safety Sciences	0	0	0	3	0	1	0	0	0	1	1	0	0	1	0	1	3	3	3	3	3	4	3	0	2	1	1	1	1	0	1	0	1	1	1	0	1	1	0	3	0	0	1	0	0	0	0	0
	safeti	SAFETY	4	0	0	4	0	0	4	0	4	4	4	4	0	4	0	4	0	0	0	0	0	0	0	0	4	4	4	0	4	4	0	4	2	0	4	0	4	0	0	0	0	4	0	2	0	0	0	0
	safeti engin	Safety Engineering	2	4	4	3	4	4	4	4	0	3	3	2	0	2	2	2	0	1	0	2	0	4	4	0	2	2	0	3	0	2	0	0	0	0	0	0	2	0	1	1	0	0	0	2	2	3	0	2
	safeti engin	safety engineering	3	4	4	2	3	4	3	3	1	3	0	0	1	1	1	0	0	0	0	0	0	0	4	0	2	2	0	1	3	3	2	2	3	1	2	1	4	3	3	2	2	1	0	1	0	1	2	3
	safeti health	safety and health	2	4	3	4	4	4	4	2	2	4	4	4	4	4	4	3	4	4	0	4	4	4	4	0	4	3	4	4	4	3	3	4	0	2	4	3	4	2	0	2	4	3	2	4	2	4	3	4
	safeti health environ	safety,health and environment	0	0	0	1	0	2	0	0	2	2	2	1	2	2	0	0	3	4	3	3	4	2	0	3	3	2	2	3	3	2	0	0	0	0	1	1	1	0	0	0	0	0	1	0	0	0	0	0
	safeti mgmt	Safety mgmt	0	0	0	0	0	2	0	0	2	1	1	3	3	1	3	3	1	0	0	0	0	2	3	0	0	1	0	0	0	0	0	0	0	0	0	0	0	0	0	0	0	1	0	0	0	0	0	0
	safeti risk analysi	Safety and Risk Analysis	3	2	2	0	0	3	0	1	4	3	3	2	2	3	1	3	0	0	1	1	0	1	3	0	2	1	0	3	4	1	4	1	0	0	0	0	0	0	0	0	0	0	0	0	1	1	0	0
	safeti secur	Safety and Security	1	0	0	0	0	1	0	0	4	4	3	4	3	3	2	2	4	4	3	4	4	4	2	2	4	4	4	4	4	4	4	4	1	4	4	4	2	4	2	4	4	4	4	4	0	2	3	4
	safeti work	safety at work	3	3	3	3	3	3	3	3	3	3	3	3	3	2	3	3	3	2	3	3	3	3	3	3	3	2	3	3	3	3	3	2	1	1	2	3	3	3	3	3	2	3	3	2	3	3	2	3
	sain	SAINS	3	0	0	1	0	0	1	0	3	0	0	1	2	0	2	0	1	1	0	1	3	1	0	1	1	1	0	0	2	3	3	1	3	1	3	0	3	3	2	2	2	2	2	0	1	1	2	3
	sain	Sains	2	1	0	2	1	0	2	0	4	3	4	4	4	4	4	3	0	0	0	0	1	0	0	0	2	0	4	2	4	2	3	4	0	0	2	1	2	1	1	0	0	1	2	0	1	4	1	1
	sain komput	sains komputer	4	2	4	3	2	2	2	0	4	2	4	3	4	4	4	0	2	0	2	0	2	2	0	0	4	4	2	0	4	2	0	2	3	2	4	1	4	2	0	1	4	2	2	4	4	3	0	3
	sain sukan	sains sukan	2	2	3	3	2	2	2	2	0	2	1	1	1	1	1	2	1	4	1	1	3	1	2	3	1	2	2	3	3	3	2	3	1	2	3	2	2	2	2	3	2	2	2	2	2	2	1	2
	sain sukan	sains sukan	2	2	2	2	2	2	2	2	1	3	1	1	1	2	1	2	1	4	1	1	1	1	1	3	2	2	2	3	3	3	3	3	1	2	2	2	2	2	2	2	2	2	2	2	2	2	1	2
	sain sukan	sains sukan	2	2	2	2	2	2	2	2	1	2	1	1	1	2	1	2	1	4	2	1	1	1	1	2	2	2	2	3	2	3	3	2	1	2	2	2	2	2	2	2	1	2	2	2	2	2	2	2
	sale	sales 	0	0	0	0	0	0	0	0	0	0	0	0	0	0	0	0	2	4	0	2	4	0	4	4	2	4	2	0	4	3	4	0	0	1	0	0	2	0	2	0	0	0	0	0	0	0	0	0
	sale	sales	2	2	2	0	3	3	1	3	0	1	3	1	1	3	0	4	1	3	0	1	1	1	4	1	3	0	3	4	3	4	4	2	3	3	4	3	3	4	4	4	2	2	0	3	0	2	4	1
	sale	Sales	2	1	3	3	1	2	3	2	2	2	1	1	1	1	1	1	1	1	1	1	1	1	3	2	2	3	3	1	3	1	2	2	1	2	3	1	2	2	4	2	3	2	3	1	2	1	1	2
	sale	sales	0	0	0	0	0	0	0	0	1	1	0	0	0	0	0	0	0	0	0	0	0	0	0	0	2	0	0	0	2	0	0	0	4	2	0	0	3	3	4	3	1	2	0	1	2	1	0	1
	sale	sales	1	1	0	2	1	2	1	1	1	3	2	3	2	2	2	3	3	3	3	3	4	4	1	3	3	3	1	3	2	1	3	2	2	3	4	3	3	3	2	3	2	2	1	2	2	2	2	2
	sanskrit	sanskrit	4	4	4	2	4	4	4	2	2	2	4	2	2	0	2	2	4	4	4	4	2	2	0	4	4	4	4	4	2	4	4	4	2	4	4	2	2	4	4	4	4	2	4	4	4	2	3	4
	santé	santé	0	2	0	1	2	1	1	1	3	1	3	1	1	2	0	0	0	1	4	0	0	3	0	0	2	2	3	2	3	3	3	3	0	1	2	0	2	0	2	3	0	1	1	2	1	0	0	2
	sc forwstri	Sc. Forwstry 	3	2	2	3	2	2	2	2	2	4	4	2	3	3	1	2	1	3	0	2	3	2	2	3	3	3	3	2	3	3	4	2	2	2	2	2	3	2	2	2	3	3	3	3	3	2	1	2
	scandinavian	Scandinavian Studies	1	3	3	2	1	2	1	2	3	4	4	3	3	3	3	4	2	4	4	3	2	1	2	4	3	2	3	3	3	0	0	1	2	1	3	4	2	3	2	0	3	1	2	2	1	1	2	2
	scandinavian area	Scandinavian Area Studies	3	2	1	2	1	2	1	0	3	3	3	2	3	3	2	3	2	3	1	4	3	4	1	3	3	3	4	2	3	2	3	2	0	0	0	0	3	0	2	3	1	3	2	2	1	2	1	2
	scandinavian area	Scandinavian Area Studies	2	2	1	2	1	2	2	0	2	2	2	1	2	3	1	3	2	2	1	3	4	3	2	1	2	3	3	1	3	2	3	1	0	1	1	0	2	0	2	0	1	2	1	1	0	3	1	1
	sceinc	sceince	2	4	4	1	4	4	3	4	3	4	4	4	4	4	4	4	3	4	4	4	3	4	4	4	3	4	2	3	3	3	0	2	2	3	1	4	2	2	0	3	2	2	0	0	1	0	1	2
	sciecnc	sciecnce	2	0	0	0	0	0	3	0	3	3	3	3	3	2	4	0	0	0	1	0	0	0	1	0	3	1	0	2	1	1	1	1	0	0	0	0	1	1	0	0	0	0	0	0	1	0	0	0
	scien	sciene	2	0	3	4	2	2	3	1	2	4	3	1	2	4	3	1	0	3	1	0	0	1	0	1	1	1	1	4	1	2	4	2	3	2	2	2	3	4	3	2	2	1	4	0	1	4	1	2
	scienc	Sciencs	2	0	0	0	0	0	0	0	2	0	0	1	3	1	3	0	0	1	2	3	2	3	0	1	1	0	3	3	3	2	3	0	1	1	2	1	0	3	0	0	0	0	0	0	0	1	0	0
	sciencec	sciencec	2	3	3	2	1	4	1	4	3	3	3	4	3	4	3	4	4	3	4	4	3	4	3	3	3	3	3	3	3	4	3	3	1	2	3	2	3	3	0	3	1	2	2	1	3	2	0	2
	sciencw	Sciencwe	0	0	0	0	0	0	0	0	4	0	0	4	3	0	2	0	0	0	0	0	0	0	0	0	2	3	4	0	0	0	0	2	0	0	0	0	0	0	0	0	0	0	0	0	0	0	0	0
	scienti	Scienties	1	1	0	1	0	1	0	0	4	4	4	3	4	4	4	1	0	0	1	0	1	3	0	0	1	2	0	2	1	1	1	2	0	0	0	0	0	0	0	0	0	0	0	0	0	0	0	0
	scientif technic communic	Scientific and Technical Communication	2	3	0	1	0	1	2	2	2	1	2	3	1	1	1	3	1	1	3	3	1	1	0	2	3	4	3	1	3	1	2	3	1	0	4	3	4	1	3	2	2	0	3	2	2	3	2	1
	scientist	scientist	1	0	1	1	0	2	1	1	3	1	2	3	4	2	3	4	2	1	3	3	3	4	0	4	2	2	2	2	2	2	2	3	1	3	2	1	3	3	2	2	2	4	2	3	3	2	2	1
	scientist	Scientist	0	0	0	0	0	0	0	0	4	4	4	2	4	4	4	0	0	0	2	0	0	4	4	0	2	2	2	2	4	0	4	2	0	0	0	0	0	0	0	0	0	0	0	0	0	0	0	0
	scientist	Scientist	0	0	0	0	0	0	0	0	4	4	4	2	4	4	4	0	0	0	2	0	0	4	4	0	2	2	4	2	4	0	2	2	0	0	0	0	0	0	0	0	0	0	0	0	0	0	0	0
	scientist	scientist	2	2	1	1	1	0	0	2	4	4	4	3	4	4	4	0	3	2	1	0	4	0	0	1	1	2	3	2	4	4	4	2	1	1	3	1	2	3	0	2	1	1	3	4	2	0	2	3
	scinc	scince	2	2	2	1	1	1	1	1	1	1	2	1	1	1	1	1	3	3	0	1	1	1	1	1	3	0	4	1	3	3	3	3	3	2	2	3	1	3	1	1	1	1	1	2	1	1	1	1
	scinc	scince	0	0	0	2	0	1	0	0	4	4	4	4	4	3	4	2	0	2	2	2	4	2	0	2	1	4	1	2	2	3	3	2	0	2	1	0	0	1	0	0	1	0	0	1	0	0	0	0
	score	Scoring	1	1	0	3	0	1	0	0	3	3	3	3	3	3	3	3	1	1	1	1	1	3	1	1	3	1	3	1	3	3	1	1	0	1	0	0	0	0	1	1	1	1	1	1	3	3	1	1
	screenwrit	Screenwriting	0	0	0	0	0	0	0	0	2	0	0	0	0	0	0	0	2	4	2	4	4	4	1	0	3	2	3	0	3	0	0	0	0	2	3	0	0	0	2	0	0	0	0	0	0	0	0	0
	screenwrit	screenwriting	1	3	3	1	3	1	3	1	1	1	1	1	1	1	1	1	1	1	3	3	4	4	1	1	1	1	1	1	1	1	1	1	1	1	1	1	1	1	1	1	1	3	3	1	3	3	1	1
	screenwrit	Screenwriting	0	1	0	0	0	1	0	0	1	3	2	0	1	2	0	2	0	3	2	2	4	1	2	4	2	1	1	2	2	1	1	1	1	0	0	1	1	1	1	1	1	1	0	1	0	0	0	0
	screenwrit	screenwriting	3	0	0	1	1	1	1	1	3	3	3	2	3	3	3	3	4	4	4	4	4	4	4	4	4	1	0	4	2	3	4	3	1	1	0	1	2	3	3	3	0	1	1	3	1	3	2	3
	screenwrit	Screenwriting	0	1	3	1	0	2	0	0	2	2	3	2	3	2	2	3	1	2	3	2	4	1	0	3	3	3	3	1	4	2	0	1	0	3	1	0	1	1	0	0	0	2	0	0	0	0	0	0
	screenwrit	screenwriting	0	0	0	2	0	1	0	0	4	4	4	2	4	4	3	2	3	3	4	3	4	3	3	3	2	2	3	1	3	0	2	2	0	2	1	1	0	2	1	3	0	2	0	0	0	2	0	0
	screenwrit playwrit	Screenwriting and Playwriting	1	0	2	0	0	0	0	0	3	3	3	3	2	3	2	2	1	3	3	3	4	3	3	3	2	2	4	1	3	1	1	2	0	0	0	0	0	0	0	0	0	1	0	0	0	0	0	0
	screw	screwing up	2	2	2	2	2	2	2	2	2	2	2	2	2	2	2	2	2	2	2	2	2	2	2	2	2	2	2	2	2	2	2	2	2	2	2	2	2	2	2	2	2	2	2	2	2	2	2	2
	scriptwrit	Scriptwriting	0	0	0	1	0	0	0	0	3	4	4	3	3	4	3	3	4	4	4	4	4	3	1	3	2	3	3	2	3	3	3	1	2	1	1	1	3	1	1	3	0	0	0	0	0	0	0	0
	sculptur	Sculpture	0	0	0	0	0	0	0	0	3	3	3	0	0	2	0	1	0	4	4	1	0	0	4	4	3	2	1	2	2	0	2	0	0	2	2	0	3	1	0	3	0	0	0	1	2	0	0	0
	sculptur	sculpture	4	4	0	4	4	2	4	3	4	4	4	4	3	4	4	4	4	4	4	4	4	4	2	4	4	4	4	4	4	4	4	4	0	0	4	2	4	0	0	3	0	2	1	2	3	2	0	2
	sculptur	Sculpture	1	3	2	2	2	2	1	2	3	2	2	2	1	2	1	3	1	3	1	3	4	2	2	3	2	1	1	2	1	1	2	1	2	0	1	1	0	1	3	2	1	2	2	0	1	2	1	0
	scuptur	Scupture	2	1	0	0	0	2	0	0	4	0	1	0	0	1	0	0	3	3	2	2	4	3	0	4	1	2	1	3	3	2	2	2	0	1	0	1	0	0	0	0	0	0	0	0	0	3	0	0
	sdfg	sdfg	1	3	3	1	1	4	1	3	2	2	4	2	1	4	1	3	1	1	3	3	1	4	0	3	4	0	2	4	1	3	1	3	4	1	1	3	2	2	1	3	4	2	0	2	3	1	2	3
	se	no se	2	2	2	2	2	2	2	2	2	2	2	2	2	2	2	2	2	2	2	2	2	2	2	2	2	2	2	2	2	2	2	2	2	2	2	2	2	2	2	2	2	2	2	2	2	2	2	2
	seaman	seaman	2	2	1	3	2	0	0	2	3	3	3	3	2	2	2	2	3	2	0	4	2	4	3	2	1	2	3	3	3	1	3	3	2	1	2	0	2	1	2	2	2	1	3	1	3	3	3	2
	seaman	seaman	2	2	0	4	0	0	0	0	2	2	0	0	0	0	0	0	0	0	0	0	0	0	0	0	0	2	2	2	4	0	4	0	0	0	0	0	0	0	0	0	0	2	0	2	2	0	0	4
	search result pedagogi	Search Results pedagogy	4	3	0	1	0	3	1	1	0	4	4	3	3	4	4	3	4	4	4	4	4	4	4	3	4	0	0	3	0	0	3	0	0	0	4	3	4	0	0	3	0	3	0	0	0	0	0	3
	secretari	Secretary	2	2	4	4	2	1	1	1	0	2	0	2	0	3	0	3	1	2	1	0	2	1	4	1	4	4	3	3	4	3	2	3	3	0	3	4	3	4	2	2	4	4	4	4	4	2	3	4
	secretari	Secretarial	0	0	0	2	0	0	4	1	3	2	2	3	2	1	1	1	2	2	2	0	2	2	0	4	2	4	2	1	0	4	4	3	2	3	4	4	4	4	4	3	4	1	4	4	4	1	4	4
	secretari	Secretarial Sciences	0	0	0	0	0	0	0	0	4	0	0	4	4	0	4	0	0	0	0	0	4	4	0	0	4	4	4	4	4	0	4	4	0	0	0	0	0	0	0	0	4	4	4	4	4	4	4	4
	secretari	secretarial science	3	2	0	2	1	1	3	1	2	0	1	1	0	0	0	1	1	0	1	1	1	3	0	1	2	3	1	2	1	2	3	2	1	1	2	0	2	1	2	1	3	4	4	4	4	4	3	4
	secretari	secretary	1	0	0	0	0	0	0	0	4	2	2	4	1	1	2	0	4	2	0	4	4	3	2	1	4	4	0	3	4	4	4	3	3	2	0	0	3	3	0	2	4	4	0	2	4	3	2	3
	secretari	secretarial	0	2	0	0	1	3	1	2	2	3	3	3	1	4	1	1	2	0	4	4	1	4	2	3	2	4	3	0	3	1	2	0	3	2	4	3	1	4	3	0	1	1	0	0	0	0	0	0
	secretari	Secretary 	2	1	0	1	0	1	1	1	3	2	1	2	2	0	2	0	1	1	1	1	0	4	0	0	3	4	1	3	1	2	2	3	0	3	2	2	2	2	1	3	4	2	3	4	3	3	4	3
	secur	Security	1	3	1	1	1	3	1	3	3	3	3	1	3	3	1	2	1	3	3	1	3	3	3	3	1	0	0	1	1	2	1	1	0	0	1	1	1	1	1	1	0	1	0	1	1	1	1	1
	secur	Security 	2	1	1	3	1	1	3	1	4	4	4	3	4	3	3	3	1	1	0	1	1	1	0	1	2	0	4	2	4	1	1	1	0	1	1	0	1	1	1	1	3	3	3	3	3	3	1	3
	secur	Security	3	1	3	3	3	1	2	2	2	2	3	3	3	3	3	3	2	1	1	1	1	2	2	1	3	2	2	1	2	2	2	1	2	1	2	2	2	2	2	2	2	3	2	2	1	2	2	2
	secur	security	0	2	0	0	0	1	0	0	4	1	0	0	0	0	0	0	0	0	4	4	4	4	0	2	4	3	0	4	4	4	4	2	0	1	0	2	4	2	4	0	2	0	0	2	0	0	2	0
	secur	Security	0	0	0	0	0	0	0	0	0	4	4	0	1	3	1	2	0	2	3	0	2	3	3	2	3	4	4	4	4	0	0	4	2	0	0	0	0	0	3	0	2	0	0	2	3	0	3	0
	secur	security studies	0	0	0	0	0	0	0	0	0	0	0	0	0	0	0	0	0	2	0	3	2	2	0	0	0	0	2	0	3	0	0	0	0	0	0	0	0	0	0	0	0	0	0	0	0	0	0	0
	secur	Security	4	0	0	4	2	3	4	0	2	0	0	3	0	0	0	0	0	0	1	3	0	0	0	0	3	3	3	3	2	3	3	3	0	0	3	0	3	0	0	0	0	0	0	0	2	2	0	0
	secur	SECURITY	3	2	2	3	2	3	2	2	1	2	1	1	1	1	1	1	1	1	3	2	1	2	2	3	4	2	3	3	3	2	2	2	1	2	1	3	2	3	2	3	2	3	3	3	1	2	1	2
	secur technolog	Security Technology	2	1	1	3	0	1	1	0	3	0	4	0	3	4	2	4	0	0	2	3	2	0	0	4	0	3	0	0	3	0	0	1	0	0	2	0	0	0	0	4	3	1	2	2	4	3	0	3
	secur technolog	Security Technology	4	3	3	4	2	4	3	3	3	2	3	2	2	1	1	2	2	3	3	2	2	2	2	2	3	3	2	4	3	3	3	3	2	2	3	3	4	4	3	3	4	4	4	4	4	4	4	4
	secur technolog	Security Technology	0	1	0	1	0	1	1	0	0	2	1	1	1	1	0	0	3	3	3	4	4	3	3	3	3	2	3	0	4	2	3	2	0	0	2	4	1	2	0	4	2	2	4	4	4	2	2	2
	secur technolog	Security Technology 	3	0	1	3	1	1	1	1	4	3	3	4	4	4	4	3	1	0	0	0	1	2	1	1	4	1	4	1	3	0	1	0	1	1	1	0	1	1	0	1	3	3	3	3	3	3	1	3
	secur technolog	security technology	4	3	0	4	3	3	3	2	0	3	0	0	2	4	2	3	0	2	3	1	3	1	4	3	0	0	0	0	3	0	1	0	0	0	0	0	3	0	0	3	1	3	4	0	4	4	0	2
	seem	SEEM	4	1	1	3	2	4	3	2	2	1	1	3	2	2	1	2	3	1	1	2	3	4	1	2	3	4	3	3	4	3	3	2	2	2	2	4	2	3	2	3	2	2	1	2	1	2	2	2
	sell man cook	sells-man, cook	1	0	0	2	0	0	1	0	0	0	0	2	2	0	0	1	0	4	2	3	4	2	0	3	3	1	3	0	3	3	2	0	2	3	1	1	1	2	2	3	0	1	1	0	2	2	2	1
	selu	Selu 	2	0	0	4	0	0	0	0	0	0	0	0	0	0	0	0	0	0	0	0	0	0	0	0	0	0	0	0	0	0	0	0	0	0	0	4	4	0	4	0	4	4	4	4	0	4	0	4
	seni visual	seni visual	3	3	1	2	2	1	2	1	3	3	2	2	2	2	1	1	3	4	4	4	4	4	3	2	4	2	3	3	4	3	3	3	3	3	2	2	3	3	2	3	3	3	3	2	2	2	2	4
	senior high	Senior High school	3	0	0	0	0	0	0	0	3	4	4	3	2	3	4	0	1	1	1	1	0	2	1	1	3	4	2	2	3	2	1	2	4	3	3	2	3	3	3	3	3	0	3	2	0	0	3	2
	senior high	senior high school	3	3	1	0	1	0	2	3	4	3	2	3	2	3	3	3	3	0	4	2	2	4	0	4	2	3	2	0	2	2	1	2	1	1	2	2	3	3	2	3	1	2	1	1	1	1	1	2
	senior high	Senior High School	1	1	0	2	0	0	3	0	4	4	4	4	4	4	4	4	3	3	3	4	4	4	1	3	2	4	4	4	4	4	4	4	1	1	1	1	3	1	1	1	3	0	0	1	4	4	1	0
	senior high	senior high school	4	0	0	0	0	0	0	0	3	1	2	3	2	1	3	1	3	3	3	2	2	4	2	2	3	3	2	2	3	2	2	3	2	0	3	0	3	1	2	1	1	0	1	0	3	4	2	0
	senior high	Senior High School	3	2	0	3	2	1	3	0	4	4	4	4	3	4	3	2	3	4	3	3	4	3	1	4	3	2	3	3	3	1	3	3	2	2	2	2	2	2	2	2	2	0	2	2	2	2	1	1
	senior high	Senior High School	0	0	0	1	0	0	0	0	4	3	4	4	4	2	4	0	3	4	4	4	4	4	3	4	0	4	0	0	1	0	0	2	0	0	0	0	2	0	0	0	0	0	0	0	0	0	0	0
	senior high	Senior high school	2	3	2	2	2	2	1	3	3	1	1	1	1	2	1	1	1	3	2	2	4	3	3	4	3	3	4	3	4	4	1	2	2	1	3	2	2	3	2	2	1	1	1	2	0	1	1	2
	senior high	senior high school	0	0	1	1	0	0	0	0	2	2	2	2	2	2	2	3	2	2	2	2	3	2	0	2	1	1	1	0	1	1	0	0	0	0	1	0	1	1	0	0	2	1	2	0	3	4	3	1
	senior high	Senior High School	3	0	0	1	2	2	2	0	4	4	4	4	4	4	4	3	2	4	4	3	4	3	2	3	3	3	3	3	3	3	3	3	1	2	1	2	4	4	2	2	1	1	1	2	4	2	2	2
	senior high	Senior High School	3	2	1	2	1	1	3	1	2	1	1	1	1	1	1	0	2	3	2	1	1	2	3	3	2	3	2	2	2	3	3	3	2	3	3	2	3	3	2	2	2	3	3	3	2	3	2	3
	senior high	Senior High School	4	0	0	0	0	0	0	0	0	2	1	0	0	0	0	0	0	3	2	0	2	0	0	0	0	1	0	2	2	0	1	3	2	2	4	1	4	2	2	4	3	2	0	1	0	0	0	3
	senior high	Senior High School	3	0	0	0	0	0	0	0	4	2	2	3	2	3	3	2	4	4	0	3	4	4	0	4	0	2	0	0	0	0	0	0	0	0	1	0	2	0	0	3	0	1	0	0	0	0	0	2
	senior high	senior high school	4	1	0	0	0	0	0	0	2	3	0	4	3	0	4	4	4	4	3	4	4	4	4	4	4	4	4	2	4	0	2	3	1	0	1	0	4	4	2	0	1	0	0	2	0	0	2	2
	senior high	Senior High School	0	0	0	0	0	0	0	0	1	1	1	0	0	1	0	0	1	1	4	1	0	1	2	2	0	0	0	1	1	2	1	1	2	0	1	0	1	3	2	1	2	2	0	0	0	0	2	0
	senior high	senior high school	3	0	2	1	1	3	0	1	4	4	4	4	4	4	4	3	1	2	4	1	2	1	4	2	3	3	3	4	3	3	3	1	2	1	2	0	2	1	2	1	3	1	1	1	2	0	1	1
	senior high	senior high school	2	0	0	0	0	0	0	0	1	2	2	2	2	2	0	0	2	2	0	2	2	2	0	3	2	4	2	0	2	2	3	2	0	2	0	0	0	0	0	0	0	2	2	2	0	2	0	0
	senior high	Senior High School	2	0	0	0	0	0	0	0	4	0	2	4	4	4	4	0	0	2	2	2	2	0	2	0	2	4	2	2	4	2	2	4	0	0	4	2	2	4	0	2	0	0	0	2	0	0	0	2
	senior high	senior high school	3	3	2	2	2	1	3	2	3	2	2	2	2	2	2	3	2	2	2	1	2	2	1	3	3	4	3	1	4	3	4	4	3	2	2	1	2	4	2	3	3	2	2	2	4	3	2	3
	senior high	senior high school	2	2	2	2	2	2	2	2	1	1	1	2	2	1	2	2	3	2	3	2	2	2	3	2	2	3	3	3	3	2	3	3	2	2	3	2	2	2	2	2	2	2	2	2	3	3	2	2
	senior high	senior high school	2	2	1	0	2	2	0	0	2	4	4	2	2	4	2	4	3	2	2	3	2	3	2	2	3	3	4	3	4	3	4	4	2	1	2	2	1	2	1	2	2	2	2	2	0	1	0	2
	senior high stem strand	Senior High School (STEM Strand)	2	2	0	1	0	1	0	2	2	4	4	0	3	4	2	3	1	0	4	2	4	3	3	2	2	4	4	1	4	2	4	4	3	2	3	2	2	3	2	4	4	4	4	2	0	1	1	2
	sequenti art	Sequential Art	0	0	0	0	0	0	0	0	0	4	4	0	1	4	2	0	0	3	4	0	3	0	0	3	0	3	0	0	0	2	0	1	0	0	0	0	0	0	0	0	0	0	0	0	0	0	0	0
	serv	serving	2	2	2	2	2	2	2	2	2	2	4	2	1	2	1	2	2	2	3	3	2	2	3	2	2	2	2	2	2	2	3	3	2	2	3	2	2	3	2	3	2	2	2	2	2	2	2	2
	serv	serving	2	2	2	2	2	2	2	2	2	3	3	2	1	2	1	0	2	2	2	3	2	2	3	2	2	2	2	2	2	2	3	3	2	2	3	2	2	4	2	4	2	2	2	2	2	2	2	2
	servant leadership	Servant Leadership	2	1	1	1	0	2	1	1	2	3	1	1	1	2	1	4	3	4	4	4	4	4	4	4	4	4	2	4	4	0	2	1	1	2	3	0	2	1	3	0	1	1	1	1	1	1	1	1
	servic	Foreign Service	2	2	1	0	1	1	1	1	3	3	3	3	3	3	3	2	3	4	2	3	3	4	2	2	4	2	1	2	3	1	2	1	1	1	1	1	3	1	0	1	2	1	1	1	2	2	1	1
	servic	Foreign Service	2	1	1	2	1	2	2	1	2	1	1	2	2	1	2	1	2	2	1	2	2	2	1	2	4	4	4	4	4	4	4	4	4	2	4	2	2	4	4	4	2	2	4	4	2	4	2	4
	serviço social	Serviço Social	2	2	0	0	0	0	0	1	4	3	3	4	3	3	2	2	0	2	2	2	3	1	3	0	3	4	4	3	4	4	4	4	3	4	4	1	2	4	2	2	3	2	0	3	0	2	1	4
	ses	SES	3	3	1	0	1	2	1	2	4	4	2	3	2	2	3	1	0	0	0	1	0	0	3	0	2	4	1	4	1	3	1	2	1	2	1	1	1	1	1	1	2	1	0	2	2	2	1	1
	sex	sex	1	0	0	4	0	1	3	2	1	2	2	1	0	2	0	0	1	1	0	4	2	2	4	0	1	3	2	0	0	0	0	2	2	2	1	0	1	0	2	0	2	0	2	2	0	0	0	0
	sexual edjucatin	SExual edjucatin 	2	0	0	1	0	0	0	0	2	0	2	3	2	2	4	0	0	0	0	3	4	0	1	0	1	2	0	2	2	0	0	0	2	0	0	2	1	0	0	0	0	1	0	1	0	0	0	0
	shakespear	shakespear	1	0	2	1	2	2	2	2	2	3	2	2	2	2	1	2	2	2	2	2	2	2	2	2	1	1	2	2	2	1	2	2	0	2	2	2	2	2	2	2	1	2	2	1	1	2	2	2
	ship	shipping	3	0	2	0	1	1	1	1	3	2	2	2	1	2	1	1	2	3	1	0	2	2	2	1	2	0	1	3	2	1	2	1	1	0	3	0	3	1	2	1	3	4	4	3	2	1	3	3
	shoe	shoes	2	2	1	1	1	2	1	1	3	3	3	3	2	3	2	1	0	0	1	1	1	1	4	1	1	0	2	4	2	1	2	2	2	4	2	2	2	4	4	1	1	2	0	1	1	2	2	1
	shop	Shop	3	3	3	2	3	4	4	4	1	2	1	1	1	1	0	1	0	0	0	0	0	1	4	2	3	4	2	1	3	1	2	0	0	0	0	2	1	0	4	2	0	2	1	1	3	2	0	1
	shs	SHS	2	3	2	2	1	3	2	2	3	3	2	3	2	2	1	2	2	2	1	3	2	2	1	1	2	3	1	3	1	1	1	1	1	2	1	1	1	1	1	1	2	2	1	1	2	3	1	1
	shs abm strand	SHS-ABM strand	1	0	0	3	0	1	0	0	3	2	3	2	2	2	2	0	3	4	2	3	3	4	1	3	2	2	2	2	1	2	1	1	1	0	2	1	2	1	1	1	1	0	1	0	1	1	0	0
	shs health alli	SHS HEALTH ALLIED	3	2	1	2	2	2	1	2	4	3	3	4	4	4	3	2	4	3	3	4	4	4	1	4	4	3	4	4	4	4	4	4	2	2	3	2	2	2	3	2	1	2	1	2	2	2	1	1
	shs stem	SHS-STEM	0	0	0	1	0	0	0	0	2	3	4	3	3	3	3	0	0	3	4	4	4	2	4	2	1	2	1	3	1	1	3	3	0	2	1	4	2	4	1	3	2	3	3	2	1	2	0	1
	si	si	0	2	3	3	4	3	3	3	2	2	3	3	3	3	3	3	4	2	2	3	2	4	3	4	3	2	4	4	3	4	3	4	3	2	4	4	3	4	3	3	3	2	4	3	3	4	3	3
	sicolog	SICOLOGY	2	0	0	0	0	0	0	0	0	3	1	0	0	0	0	0	1	1	2	1	0	1	0	2	4	3	4	1	3	3	3	1	0	0	0	1	0	0	0	2	0	0	0	2	0	0	0	0
	sienc	sience	2	2	1	3	1	3	2	1	2	2	1	2	1	2	1	2	3	3	2	3	3	4	0	2	3	1	2	2	2	2	3	1	1	1	1	3	1	1	1	2	1	1	3	1	1	2	1	1
	sienc	sience	2	1	0	3	2	2	2	2	1	0	0	1	1	0	2	1	2	0	0	1	0	0	1	2	1	3	0	1	1	0	1	2	2	3	2	1	1	2	1	2	1	2	1	1	0	2	1	1
	sing	singing	4	3	1	3	2	2	3	1	3	4	3	4	4	4	4	4	4	4	3	4	4	4	4	4	2	2	2	3	3	2	4	2	0	0	0	1	0	0	0	0	0	3	0	0	3	3	0	0
	sing	Singing	1	1	1	2	1	2	1	1	1	2	2	1	2	3	2	2	3	4	3	4	3	4	3	3	1	0	1	0	2	2	2	2	1	1	0	2	1	0	0	1	0	3	1	1	1	1	1	2
	sing	singing	1	1	1	1	1	1	0	1	0	1	1	1	1	1	0	1	2	1	3	3	2	3	1	2	3	1	1	2	1	2	1	1	1	1	2	2	1	2	2	1	2	1	1	1	2	0	1	1
	singer	singer	0	0	0	0	0	0	2	0	0	2	2	0	0	0	4	0	0	4	4	4	4	0	4	4	0	0	0	4	0	0	2	4	0	0	0	0	0	0	2	0	0	0	0	0	0	3	0	0
	site supervisor	site supervisor	4	3	2	3	2	2	2	2	2	4	3	2	2	2	2	2	1	2	0	0	2	2	4	2	2	2	2	2	2	2	2	2	0	2	2	2	3	2	2	4	2	2	3	2	2	3	2	4
	site supervisor	site supervisor	2	3	4	2	2	3	1	2	3	2	2	3	0	3	1	2	0	4	1	2	2	3	3	3	2	2	2	2	4	1	4	3	4	2	4	3	4	1	2	2	2	3	4	2	2	3	2	3
	skill	skill	0	0	0	0	0	0	0	0	2	0	0	0	0	0	0	0	0	0	0	0	2	0	0	0	0	2	0	0	2	2	2	2	0	0	2	2	0	4	0	0	2	0	2	0	0	2	0	0
	skill	Skill	2	1	1	2	2	1	2	3	4	1	1	2	1	1	1	1	2	3	1	1	1	1	2	3	2	2	1	2	1	1	1	2	1	1	2	2	2	3	1	2	1	1	1	2	2	0	1	1
	skin esthet	Skin Esthetics	3	0	0	0	0	0	0	0	2	2	2	2	0	1	0	0	0	0	1	1	2	0	0	0	2	1	3	3	3	2	2	1	0	0	0	0	0	1	0	0	1	3	2	0	2	2	1	3
	skydiv	Skydiving	4	1	4	2	3	2	3	0	4	3	4	4	4	4	4	3	3	1	0	1	3	2	4	1	0	2	0	4	0	2	1	0	0	0	0	0	0	0	1	0	1	3	1	0	1	3	1	0
	slavic visual performi	Slavic Studies/Visual , Applied, and Performi	1	2	0	2	2	2	1	2	2	1	1	0	0	0	0	0	4	4	4	4	4	4	3	4	1	1	0	3	0	1	1	1	0	2	0	2	0	3	0	2	0	0	0	0	0	1	0	0
	sleep	sleeping	2	4	0	4	3	3	0	2	1	2	1	4	2	2	0	0	3	1	2	3	2	3	2	2	3	1	4	3	4	2	4	4	2	1	3	2	4	4	4	2	2	1	4	3	4	2	0	2
	slhs	SLHS	0	0	0	0	0	1	0	1	3	0	2	4	3	2	3	0	0	0	0	1	1	1	3	0	4	4	4	3	4	4	4	2	1	0	2	1	1	1	2	3	1	0	0	0	1	0	1	0
	slp	SLP	3	2	4	4	2	4	3	2	4	0	0	4	4	0	3	4	1	0	0	2	0	3	0	0	0	4	4	4	0	4	4	4	0	0	0	0	0	0	0	0	0	3	2	2	2	2	0	2
	smoke weed	Smoking Weed	0	0	0	0	0	0	0	0	0	0	0	0	0	0	0	0	0	0	0	0	0	0	0	0	0	0	0	0	0	0	0	0	0	0	0	0	0	0	0	0	0	0	0	0	0	0	0	0
	soc	soc	0	0	0	0	0	0	0	0	0	2	0	0	0	0	0	0	0	0	0	0	3	0	0	0	3	3	0	3	3	0	0	0	0	0	0	0	0	0	0	0	0	0	0	0	2	0	0	0
	soc anth	Soc/anth	2	2	0	0	0	0	0	0	0	2	0	0	0	0	0	0	0	2	4	2	4	0	0	0	3	4	4	0	4	4	0	4	4	0	0	4	4	0	4	0	4	2	4	4	4	2	4	4
	soccer	soccer	4	4	4	4	4	4	4	4	4	4	4	4	4	4	4	4	4	4	4	4	4	4	4	4	4	4	4	4	4	4	4	4	4	4	4	4	4	4	4	4	4	4	4	4	4	4	4	4
	soccer	soccer	4	1	0	2	0	0	2	0	2	3	2	2	2	3	2	3	0	0	1	0	0	2	4	0	2	0	2	4	0	4	1	3	0	2	3	3	4	4	4	0	3	2	2	2	3	4	2	2
	soccer	soccer	4	3	0	0	1	0	3	3	0	1	0	3	1	2	1	3	0	1	4	3	3	3	3	2	0	1	0	3	0	1	0	0	0	3	2	3	0	3	3	0	0	0	0	1	0	0	1	0
	soccer	Soccer	1	0	0	0	0	0	0	0	0	0	0	0	0	0	0	0	0	0	0	0	0	0	0	0	1	0	0	1	0	0	0	0	2	0	0	0	0	0	0	0	1	0	0	0	0	0	0	0
	social antrhopolog	Social Antrhopology	0	2	0	0	0	1	0	1	0	3	1	0	1	0	2	0	0	3	2	0	0	0	2	2	3	3	0	1	3	3	1	0	0	1	0	1	0	1	0	0	0	0	0	0	0	0	0	0
	social behavior	Social behaviors 	0	2	1	1	2	2	2	2	3	4	4	1	2	3	2	2	2	2	4	4	3	4	2	2	2	3	4	2	3	3	3	2	2	3	1	2	2	2	2	2	2	1	1	2	2	2	2	2
	social behavior	social & behavioral science	1	0	0	1	0	2	0	0	3	3	2	2	1	2	1	0	2	2	3	1	3	4	0	4	4	3	3	3	3	3	2	0	1	2	2	2	3	3	1	0	2	3	3	1	2	3	0	2
	social busi	Social Sciences, MBA	1	1	0	1	0	1	0	3	3	2	3	4	3	4	1	4	1	3	3	4	4	3	1	3	3	4	2	2	3	3	3	3	0	1	3	2	2	2	0	1	0	3	2	2	1	1	0	1
	social care	Social Care	2	0	0	2	0	0	0	0	3	4	3	2	2	3	2	2	0	0	2	3	0	2	0	2	3	2	0	3	3	0	2	3	0	0	0	1	0	0	0	0	1	2	1	2	0	0	0	0
	social care	social care	0	0	2	1	1	1	1	1	4	2	3	1	4	3	3	2	2	0	1	1	1	3	0	1	1	0	1	1	0	1	0	0	0	0	2	0	1	1	1	2	3	2	3	2	2	2	2	2
	social chang	Social Change	0	1	1	1	0	0	0	0	0	3	2	1	0	3	0	0	3	4	3	2	3	3	1	2	4	4	4	3	4	4	4	3	2	1	1	3	1	1	3	4	1	1	0	0	0	0	1	1
	social communic	Social communication 	1	1	0	0	0	0	0	0	2	3	3	2	3	3	1	3	2	2	4	4	2	4	4	2	1	1	0	0	0	0	1	2	1	1	0	0	0	1	1	3	0	0	0	0	0	0	0	0
	social communic	social communication	1	3	0	0	0	0	0	2	1	3	4	0	0	3	2	2	3	3	4	3	2	4	4	3	3	3	0	4	0	3	1	1	1	1	1	3	4	3	3	4	0	0	0	0	0	0	0	0
	social communic	Social communications 	4	4	2	4	0	2	0	2	4	4	4	0	4	4	4	4	4	0	4	4	4	4	4	4	4	4	4	4	4	0	0	4	2	0	4	0	2	2	2	1	2	4	4	2	2	2	2	1
	social communic	Social Communication	0	0	0	0	0	0	0	0	3	3	3	2	3	3	3	3	2	2	3	3	4	4	2	3	3	3	3	2	4	2	2	3	0	1	2	3	3	1	3	0	1	0	1	1	2	1	1	0
	social communic	Social Communication	2	0	2	2	2	2	2	2	3	2	2	2	2	2	2	2	1	2	3	3	3	2	2	2	2	2	2	2	2	2	2	2	2	2	3	2	2	3	2	2	3	2	2	2	2	2	2	2
	social communic	Social communications	1	2	0	0	0	2	0	0	2	2	2	2	2	3	2	0	2	3	4	4	3	4	2	3	4	1	3	3	4	3	2	2	1	1	2	3	3	3	2	2	1	2	0	2	1	1	0	1
	social comun	Social comunications	4	4	4	4	4	4	4	4	4	4	4	4	4	4	4	4	0	0	2	4	4	4	4	0	0	4	2	4	2	4	4	0	0	0	2	0	4	4	2	4	2	4	4	4	4	4	4	4
	social comun	Social Comunication	1	0	0	0	0	0	0	0	0	1	0	0	0	0	0	0	3	4	3	3	4	3	3	3	4	2	3	4	3	3	3	3	2	0	4	1	4	3	2	2	0	0	0	0	0	0	0	0
	social develop	Social Development	1	1	1	1	1	2	1	1	1	1	1	1	1	2	1	1	0	1	4	2	3	2	1	3	3	4	3	2	3	2	3	2	0	0	2	1	3	2	1	2	2	2	1	2	3	3	1	1
	social develop	social development	4	3	3	2	4	1	2	3	4	4	4	2	3	4	4	3	1	4	4	2	2	4	4	2	2	3	2	4	2	3	2	4	3	2	3	3	2	3	3	4	2	4	3	2	2	4	2	3
	social enterpris	social enterprise 	1	2	1	1	0	2	0	0	2	2	1	0	1	0	3	0	0	2	2	1	3	0	0	0	3	4	2	3	4	3	4	1	2	3	3	0	2	0	0	2	2	2	3	2	1	0	0	2
	social entrepreneurship	social entrepreneurship	2	0	0	1	1	1	1	0	4	2	1	1	1	1	1	0	3	3	4	3	4	3	2	4	4	4	4	3	4	4	4	3	2	2	3	2	4	3	1	4	1	0	1	1	1	2	2	2
	social global	Social Science , Global Studies	1	0	0	0	0	2	0	0	0	2	2	0	2	2	0	2	3	3	3	2	4	2	0	2	2	2	3	3	3	3	3	0	0	0	3	3	2	2	3	2	0	0	0	2	0	0	2	1
	social histor	Social and Historical Studies	0	0	0	0	0	0	0	0	1	1	1	1	1	0	0	0	1	0	2	2	1	2	0	0	3	3	1	2	3	3	3	1	2	1	3	3	3	1	3	0	4	1	2	3	1	2	3	2
	social inquiri	social inquiry	0	0	0	0	0	0	0	0	0	3	3	2	0	3	0	0	2	3	4	4	4	3	3	4	4	4	3	2	3	3	2	3	2	0	2	2	2	2	1	3	0	0	0	0	0	0	0	0
	social justic	social justice 	0	1	0	0	0	0	0	1	1	1	1	0	1	1	0	1	1	1	3	1	1	1	0	0	4	4	4	1	4	3	4	3	0	1	0	0	3	1	3	0	0	1	0	1	1	0	0	0
	social justic	social justice	4	4	1	3	3	4	3	4	2	2	2	2	2	1	1	1	0	2	3	2	1	0	1	4	2	4	3	3	3	3	3	2	0	0	2	2	2	1	3	3	1	2	0	1	2	1	2	1
	social justic	social justice	2	2	3	1	1	3	0	2	0	0	0	0	1	1	0	0	1	3	2	3	4	3	3	2	0	3	0	2	2	0	2	1	0	0	0	1	2	0	3	0	0	0	0	1	0	0	1	1
	social justic	social justice	2	0	1	0	1	0	0	0	3	3	2	1	2	2	1	0	2	1	1	0	1	1	1	0	1	2	3	1	3	2	1	0	1	1	0	1	3	1	0	0	1	1	1	1	0	0	0	0
	social landscap	social science,landscape	3	2	0	1	2	2	2	2	0	0	0	1	1	0	0	0	1	1	1	0	0	0	1	0	2	1	2	2	2	3	3	0	2	2	2	1	2	3	2	2	2	1	0	2	0	1	0	1
	social patholog	Social pathology	2	0	0	0	0	0	0	2	2	2	2	0	0	0	0	1	0	3	0	0	1	0	2	3	0	0	0	3	2	1	0	0	0	0	0	0	0	0	0	3	1	0	0	0	0	3	0	2
	social patholog	Social pathology	0	4	4	4	4	1	4	4	2	1	1	4	4	3	3	4	2	4	3	3	4	2	4	4	2	2	2	1	2	1	0	2	1	2	3	1	3	2	3	1	0	3	1	0	0	2	2	0
	social pedagog	Social pedagog	1	0	0	0	0	0	0	0	0	3	2	0	0	3	0	2	0	1	3	4	4	1	2	2	2	4	4	4	4	4	4	4	2	1	4	4	2	4	3	4	0	2	0	1	0	0	2	1
	social pedagogi	social pedagogy	0	1	1	1	1	1	1	1	3	2	2	2	2	2	2	2	3	3	3	4	3	4	3	2	3	4	4	4	4	2	3	3	2	2	2	2	1	2	1	3	0	1	1	2	0	1	1	2
	social polici	Social Policy	2	0	0	1	0	0	0	0	3	1	1	3	1	0	1	1	4	1	0	2	1	4	0	0	3	3	0	1	0	1	0	0	1	1	2	0	4	3	3	0	2	0	2	2	3	3	3	0
	social polici	Social policy	2	3	0	1	0	2	1	2	3	3	2	4	3	3	1	2	3	4	3	4	4	3	0	3	4	4	4	3	4	3	4	3	3	3	4	3	3	3	2	3	1	1	1	1	2	3	1	1
	social polici	Social Policy	2	3	3	2	3	2	2	2	3	3	0	2	2	2	3	2	2	1	1	1	2	3	2	2	4	4	4	2	3	3	2	3	2	0	2	2	1	2	1	2	3	2	1	2	1	3	1	1
	social polici	Social policy	0	0	0	0	0	0	0	0	3	4	0	0	0	3	0	0	0	2	0	2	4	0	0	0	2	3	2	0	1	1	3	2	0	0	0	0	0	0	0	0	0	0	0	0	0	0	0	0
	social polici	social policy	1	4	0	1	2	2	2	2	0	1	0	3	0	2	0	2	2	4	0	0	1	0	4	4	0	2	4	1	4	0	3	3	2	2	4	4	3	3	4	4	0	2	2	3	2	2	2	2
	social polici	Social policy	2	0	3	3	0	0	0	0	3	3	3	3	3	3	3	2	2	2	1	1	2	0	2	1	3	3	3	3	3	3	4	1	0	3	2	0	3	2	2	3	0	1	1	2	3	2	2	2
	social polici	social policy	2	2	2	2	2	2	2	1	2	2	1	2	2	1	2	1	0	2	0	1	1	1	1	0	4	3	4	3	3	3	4	3	2	3	2	2	3	2	3	1	0	1	2	3	2	2	3	1
	social polici	social policy	0	0	0	0	0	0	1	0	1	4	4	1	1	4	1	2	3	4	4	4	4	3	1	3	2	2	3	2	2	2	3	2	1	1	2	2	2	2	1	1	0	0	1	1	1	2	0	0
	social polici	Social Policy	2	1	2	1	0	3	2	1	1	3	0	2	0	1	0	0	3	3	2	2	3	3	2	3	1	1	3	3	3	3	3	0	1	1	1	1	1	0	3	1	1	2	1	1	1	1	1	0
	social polici	social policy	0	0	0	1	0	1	1	1	4	3	3	3	3	3	3	3	3	3	2	3	3	3	1	3	2	3	3	3	3	1	3	2	0	1	2	1	3	3	1	1	1	1	1	1	1	1	1	0
	social relat	social relations	1	2	0	2	1	3	1	2	2	1	1	3	1	1	1	0	1	1	3	1	1	0	1	2	3	3	3	1	3	2	2	3	1	2	3	0	4	2	3	2	3	3	4	3	4	2	3	3
	social relat polici	Social Relations and Policy	3	2	0	0	0	2	0	1	4	3	4	2	1	3	2	0	4	4	4	3	3	4	2	4	2	4	2	1	3	1	3	3	0	0	3	0	1	1	0	0	1	0	0	2	0	0	0	0
	social research	Social research	1	0	0	0	0	0	0	0	3	2	4	3	3	1	2	3	2	3	2	2	2	2	2	3	1	2	2	1	1	0	1	3	0	2	3	0	3	1	0	1	0	3	0	2	3	1	1	1
	social servic	social services	0	0	0	0	0	0	0	0	2	0	0	0	0	0	0	0	0	0	0	0	0	1	0	0	3	4	3	0	3	0	0	0	0	1	1	0	3	2	0	0	3	1	1	2	0	1	3	0
	social servic	social services	0	0	0	0	0	0	1	0	1	3	3	0	3	4	4	3	3	3	2	0	3	4	1	3	3	3	3	3	4	3	4	3	0	0	0	0	2	0	0	4	0	2	0	0	2	2	0	0
	social servic	social services 	0	0	0	0	0	0	0	0	3	3	0	0	0	0	0	0	1	3	0	0	0	3	3	3	4	4	4	3	4	4	3	4	1	4	4	4	3	4	4	1	0	0	0	3	0	0	0	0
	social servic	Social Services 	3	2	0	3	1	3	1	2	4	3	1	3	1	1	1	1	1	2	1	1	1	1	3	3	4	3	2	4	3	2	3	3	3	1	3	1	4	3	3	1	1	2	1	0	1	2	1	1
	social servic	Social Services	2	0	0	0	0	0	0	0	2	0	0	4	0	0	0	2	0	0	0	4	4	0	0	3	3	4	4	4	4	3	4	2	2	2	4	4	0	0	2	0	1	0	0	0	0	0	2	0
	social servic	Social services	0	0	2	0	0	1	0	1	1	0	0	0	0	0	0	0	0	0	1	3	3	0	1	0	4	3	3	2	4	0	1	0	0	3	4	1	2	4	4	0	0	1	0	0	0	0	0	0
	social servic	Social services	2	2	0	2	1	2	2	1	2	3	3	2	2	2	2	2	2	3	3	2	3	3	2	3	3	3	4	3	4	1	2	2	1	2	0	3	3	3	3	3	1	3	3	3	2	2	2	2
	social servic	Social Services 	2	0	0	0	0	0	0	0	2	0	0	0	0	0	0	0	3	0	0	2	2	4	0	0	3	3	0	3	1	1	2	2	0	0	0	0	0	0	0	0	0	0	0	0	0	0	0	2
	social servic	Social Services	4	2	0	0	0	0	0	3	3	1	0	0	0	0	0	0	0	0	2	0	0	0	0	0	4	4	3	4	4	4	4	1	0	2	2	0	4	0	4	0	0	0	0	0	0	0	0	0
	social servic	Social services	1	0	1	2	0	2	1	0	4	4	4	3	4	3	4	3	2	2	2	4	4	3	3	2	2	4	4	3	4	3	3	4	2	1	1	2	1	1	1	3	0	0	0	0	0	3	0	0
	social servic	Social Services	2	2	0	0	0	2	0	0	3	4	4	2	2	3	0	2	0	0	0	0	0	0	0	0	4	4	4	4	4	4	4	4	2	2	2	0	4	0	2	0	2	2	2	4	2	2	0	0
	social servic	Social services	2	1	2	3	2	3	2	2	2	4	4	2	1	4	1	3	3	2	3	2	2	2	3	3	4	3	2	3	4	3	3	3	0	1	0	3	2	2	0	3	3	4	3	2	3	2	1	2
	social servic	Social services 	2	1	0	1	0	1	0	0	1	3	3	1	2	2	1	1	3	3	3	4	4	3	1	3	3	3	3	1	3	3	3	2	0	0	0	3	1	2	2	2	0	1	0	1	0	0	0	0
	social servic	social service	0	0	0	0	0	0	0	0	1	0	0	0	0	0	0	0	4	2	0	2	2	2	0	2	0	2	3	2	3	2	3	2	0	1	1	0	2	1	2	1	0	2	1	1	0	2	2	2
	social servic	Social Service	4	1	2	1	0	2	0	0	2	2	2	2	0	0	0	2	1	4	1	2	0	4	0	3	4	4	4	1	4	2	4	4	2	2	4	4	4	4	2	4	4	3	4	4	2	4	2	4
	social servic	Social Services	3	0	0	0	0	0	0	0	1	0	0	0	0	0	0	0	0	1	0	4	0	0	0	0	3	2	0	0	2	2	0	0	3	0	4	0	2	2	4	3	1	4	1	1	1	2	0	2
	social servic	Social services	4	3	0	2	0	2	1	2	2	3	2	2	0	1	0	1	0	2	1	1	0	1	1	3	3	4	4	2	4	4	4	4	2	4	4	1	4	4	4	4	2	4	4	4	4	4	4	4
	social servic	Social Services	0	0	0	0	1	1	2	1	0	0	0	0	0	1	0	0	1	3	1	3	4	2	1	1	4	2	3	2	4	2	2	1	2	1	2	0	3	1	2	3	2	2	2	3	3	2	2	3
	social servic	Social Services	2	0	0	1	0	1	1	1	1	3	1	1	0	2	1	0	0	0	1	3	0	1	1	2	3	3	3	3	4	3	0	1	0	0	2	3	2	2	3	3	0	0	0	1	0	3	0	1
	social servic	social services	2	0	0	0	0	0	0	0	2	1	1	2	0	1	0	0	0	0	0	0	0	0	0	0	4	3	4	0	4	3	4	4	0	0	0	0	1	0	0	0	2	0	0	1	0	0	2	3
	social servic	Social Services	3	1	0	2	0	4	2	2	4	3	3	3	2	1	0	0	0	0	0	0	0	0	0	0	2	4	4	4	4	4	4	4	0	2	1	0	0	0	0	1	2	2	1	2	0	2	1	0
	social servic	Social Services	2	0	0	0	0	0	0	0	3	0	0	2	0	0	0	0	0	0	0	0	0	0	0	0	4	4	3	0	4	2	3	3	0	0	2	2	4	0	2	0	0	0	0	2	0	0	0	0
	social servic	social services	0	0	0	0	0	0	0	0	0	0	0	2	0	0	0	0	0	0	2	3	4	2	2	3	4	2	3	2	3	3	3	2	0	0	2	3	2	3	0	2	0	0	1	2	1	1	1	0
	social servic	Social Services	0	0	0	0	0	0	0	0	1	0	0	0	0	0	0	0	0	0	0	0	0	0	0	0	4	4	4	4	4	4	2	2	1	3	4	4	4	4	4	3	4	3	3	4	0	1	4	1
	social servic	social service	2	0	0	0	0	2	0	0	3	3	3	0	0	2	0	2	1	0	0	0	2	0	0	0	2	4	4	0	4	4	4	3	0	2	0	0	2	0	1	2	0	2	0	2	0	0	0	0
	social servic	social services	0	0	0	0	0	0	0	0	2	3	2	0	0	0	0	0	3	4	2	4	4	4	2	4	4	4	1	2	3	4	4	1	2	3	0	0	2	3	2	3	0	0	0	0	0	1	1	0
	social servic work	social service work	1	1	0	0	1	1	1	1	1	2	2	1	1	3	2	1	1	1	3	1	1	3	2	3	4	4	4	3	4	3	3	3	1	1	1	2	2	2	3	1	0	0	1	2	1	1	2	1
	social servic worker	Social Service Worker	1	1	0	1	1	0	1	0	3	3	3	2	1	3	1	0	1	2	3	2	2	2	1	1	4	4	4	3	4	3	4	4	0	2	1	1	3	3	1	3	0	0	1	1	1	0	1	1
	social sienc natur sicenc cook	social sience , natural sicence, cooking	0	0	0	0	0	0	0	0	4	4	4	2	3	2	2	0	0	0	2	2	0	0	0	0	2	0	2	1	4	2	1	0	0	0	0	0	0	0	0	0	1	0	1	0	0	0	0	0
	social welar	Social Welare	1	1	1	1	0	1	1	1	2	3	2	2	2	2	2	1	1	3	3	4	4	1	1	3	3	4	4	2	4	1	3	1	1	1	3	3	2	2	3	1	1	1	1	1	0	1	1	1
	social welfar	Social welfare	1	1	1	1	0	1	0	0	3	2	2	0	0	1	0	0	1	1	3	2	3	2	3	2	2	3	3	0	3	3	3	3	3	1	2	0	3	2	2	2	1	1	1	2	0	0	0	0
	social welfar	Social Welfare Studies	4	4	2	2	1	2	3	2	2	2	3	3	2	3	2	4	2	3	4	4	4	3	2	4	4	4	4	3	4	4	4	3	3	3	4	3	4	3	4	2	3	3	3	4	2	3	3	3
	social welfar	Social Welfare	1	1	0	0	0	1	0	0	3	3	2	2	1	2	1	0	2	2	4	3	2	3	0	3	3	3	0	3	2	3	2	0	0	2	1	0	2	0	1	0	3	3	2	2	2	2	2	2
	social welfar	Social welfare	0	0	0	0	1	1	0	0	4	3	0	1	1	3	0	0	2	2	1	1	3	3	0	1	3	1	2	1	3	1	0	3	0	2	1	1	3	1	0	1	0	0	0	1	1	1	0	0
	social welfar	Social Welfare	1	3	0	1	1	3	2	3	3	1	0	1	2	0	2	1	4	1	1	4	4	4	0	1	4	3	4	3	4	1	2	2	4	3	4	1	4	4	4	2	1	2	2	2	1	2	2	1
	social welfar	Social Welfare	1	3	0	1	1	3	1	3	3	2	0	1	0	0	1	0	4	2	0	4	4	4	0	0	4	4	4	4	4	0	3	3	4	4	4	0	4	4	3	4	0	2	2	2	1	2	2	1
	societi cultur	Society / Culture	2	1	1	1	0	0	0	0	4	3	3	2	3	3	2	2	4	3	4	3	4	4	2	3	2	4	2	2	2	1	2	1	2	1	2	2	3	2	0	2	0	1	1	0	0	0	0	0
	socio hdfs	socio and HDFS	2	3	0	1	0	1	1	3	3	1	0	0	0	0	0	0	1	3	0	0	0	3	0	4	4	4	4	0	4	4	4	1	3	1	4	0	3	2	1	4	4	4	4	4	3	2	3	4
	socioligi	Socioligy	2	1	0	3	3	1	1	1	3	3	3	3	3	3	3	1	3	3	2	2	1	3	1	3	4	4	3	3	4	4	3	4	3	3	3	3	3	3	0	4	3	1	3	3	1	2	3	3
	sociowork	Socioworker	0	0	0	0	0	0	0	0	0	3	0	0	0	0	0	0	0	4	0	0	4	0	0	0	0	4	4	4	4	4	2	4	0	0	0	0	0	0	0	0	0	0	0	0	0	0	0	0
	softwar develop	software development	2	3	2	4	3	4	3	3	3	4	3	3	2	1	2	4	1	3	3	2	4	3	2	2	3	1	2	3	3	1	1	1	2	1	3	1	2	1	3	1	1	3	1	0	3	1	0	2
	softwar develop	Software development	1	2	1	2	1	3	1	4	2	2	1	3	2	1	2	2	0	1	2	3	1	3	2	2	3	3	2	3	4	2	4	2	2	0	3	2	3	1	4	0	2	1	2	2	2	2	2	1
	softwar develop	Software Development	3	1	1	3	0	1	1	1	1	0	0	0	0	0	0	0	1	0	2	0	0	2	1	1	2	1	2	1	1	2	1	0	2	2	3	1	1	2	2	3	1	3	2	1	2	2	2	2
	softwar develop	software development	2	0	0	0	0	0	0	0	0	0	0	0	0	0	0	0	0	0	4	0	0	4	3	0	0	0	4	0	0	0	1	0	0	0	0	0	4	4	0	0	0	4	4	0	0	0	0	0
	softwar develop	Software Development	3	2	3	3	0	2	2	2	4	3	4	2	4	3	3	3	0	2	4	4	3	2	4	4	1	2	2	3	2	1	1	3	0	1	3	0	0	0	0	1	2	2	2	2	3	2	1	2
	softwar develop	Software Development	4	2	0	4	2	2	3	3	2	1	1	3	2	1	2	2	3	0	3	2	0	2	4	2	3	1	1	1	3	0	1	1	1	2	1	1	1	0	2	0	0	1	1	0	0	2	1	0
	softwar develop	Software developement	2	2	3	3	0	2	2	2	2	3	3	2	3	3	3	3	3	4	2	3	1	3	3	2	2	1	1	1	3	1	1	0	1	2	2	1	3	2	2	2	1	2	2	2	2	0	2	2
	softwar develop	Software Development	1	1	0	3	0	2	0	0	4	4	4	1	4	4	3	4	0	1	3	0	3	3	0	1	0	0	0	0	0	0	0	0	0	0	0	0	0	0	0	0	0	0	0	0	3	2	0	0
	softwar develop	Software Development	2	0	0	4	1	2	2	0	1	3	3	3	3	3	3	3	2	3	4	2	4	3	4	3	0	3	2	0	2	2	2	1	0	0	1	0	2	0	0	1	2	1	2	1	3	2	2	2
	softwar develop	Software Development	3	1	1	3	1	3	2	2	2	1	3	2	3	2	2	1	1	0	3	1	4	4	0	3	4	1	3	1	4	1	2	2	0	1	2	0	4	2	2	1	2	1	2	2	3	2	2	3
	softwar develop	Software Development	3	3	2	3	2	4	2	4	0	3	2	4	3	2	3	4	0	1	2	1	3	2	3	4	3	2	0	2	0	0	1	0	0	0	3	1	3	2	1	3	1	0	1	2	3	3	1	2
	softwar develop	Software Development	0	2	2	2	1	0	0	0	4	3	3	2	3	4	3	4	4	4	2	4	4	4	4	4	0	2	0	2	0	2	4	0	0	0	0	2	1	0	0	2	0	0	0	0	2	0	0	0
	softwar program	(will be) software programming	2	1	0	3	0	3	1	0	3	0	0	2	2	0	0	0	4	2	3	4	4	4	3	2	2	2	2	2	3	0	1	1	2	3	3	2	3	3	2	3	0	1	2	0	2	2	2	0
	softwar system	Software Systems	4	4	3	4	4	3	4	4	3	0	0	2	1	0	1	2	0	0	1	0	1	0	3	1	3	3	1	4	3	2	2	3	3	2	2	2	2	2	3	3	2	4	4	3	4	4	3	3
	softwar system	Software Systems	4	4	3	4	4	3	4	3	3	2	0	3	2	0	1	1	0	0	2	2	0	2	3	2	3	3	1	4	2	2	2	3	3	2	2	3	3	2	2	3	3	3	3	3	4	4	2	3
	softwar technolog	Software Technologies	2	0	0	1	0	0	0	0	1	0	0	0	0	0	0	0	0	0	0	0	0	2	0	0	0	2	0	1	0	0	0	0	0	1	0	0	0	0	0	0	0	2	3	2	1	3	2	1
	solteira	Solteira 	2	2	2	0	0	2	0	0	2	2	0	0	0	4	0	0	4	4	0	4	2	4	0	1	2	4	4	4	2	0	0	0	0	4	2	4	2	0	0	0	4	2	4	0	1	0	2	0
	somatolog	Somatology	2	4	3	4	3	4	3	4	1	2	4	2	2	4	2	4	4	4	2	4	2	2	4	4	3	4	4	2	3	3	3	4	2	2	2	2	3	2	3	2	1	1	1	1	1	2	1	2
	somatolog	somatology	0	0	0	0	0	0	0	0	0	4	4	3	3	4	4	0	1	0	0	0	0	0	0	0	2	4	3	2	2	0	0	3	1	0	0	0	0	0	0	1	3	0	0	0	0	0	0	0
	someth	something in science	2	2	3	2	2	3	1	1	4	3	4	3	4	4	4	3	1	2	1	1	2	1	4	2	2	1	3	3	3	3	3	2	2	2	2	0	2	1	2	2	2	1	2	1	1	2	2	1
	someth relat engin	something that is related to engineering	2	2	2	2	1	2	2	1	3	3	2	2	1	3	1	1	2	2	3	3	2	3	3	2	3	3	3	3	3	4	4	4	1	1	3	3	3	4	1	4	2	1	2	1	2	1	1	3
	someth toward car	something towards car	0	0	0	4	4	0	4	0	0	4	0	0	0	0	0	0	0	0	0	0	0	0	0	0	0	0	0	0	0	0	0	0	0	0	0	0	0	2	0	0	0	0	0	0	0	2	0	0
	sonagraphi	Sonagraphy	0	0	0	0	0	0	0	0	3	0	0	3	0	2	0	0	0	0	0	3	0	2	1	3	3	4	3	0	4	4	4	0	1	3	3	4	3	3	4	2	1	0	0	0	0	0	0	0
	song write	song writing	1	3	3	3	1	2	1	2	2	3	2	1	2	2	2	2	3	0	3	4	3	2	3	2	2	0	0	2	1	1	1	1	0	1	1	0	0	0	1	0	1	2	1	0	1	0	0	0
	sonograhpi	sonograhpy	0	0	0	0	0	0	0	0	2	1	0	2	1	0	1	0	0	0	0	3	0	0	0	0	1	0	0	0	1	1	0	1	1	0	0	0	0	1	0	0	1	0	0	0	0	0	0	0
	sonographi	Sonography 	2	1	2	1	0	2	0	0	2	3	3	1	2	3	2	0	0	0	1	0	0	1	0	0	2	4	4	2	3	2	2	2	3	1	1	1	2	1	2	1	2	2	2	2	0	2	1	1
	sonographi	Sonography	4	2	0	4	2	3	1	0	4	4	4	3	3	4	3	4	2	2	3	2	3	4	1	4	1	3	3	0	4	4	4	2	0	0	2	3	3	1	1	0	1	2	3	3	1	2	1	0
	sonographi	Sonography	2	1	0	2	2	2	1	0	1	3	2	3	3	1	2	0	0	3	2	0	3	2	0	2	0	0	3	4	3	0	3	1	0	1	3	2	3	3	2	4	1	0	2	1	2	0	1	2
	sonographi	sonography	4	0	2	2	2	1	1	1	2	3	3	4	3	3	3	4	0	2	1	2	1	1	2	2	4	4	4	2	4	4	4	4	3	3	4	3	4	1	4	4	4	2	4	4	4	4	4	4
	sonographi	sonography	0	0	0	0	0	3	0	0	3	3	4	4	2	4	2	3	0	0	4	0	0	0	3	0	1	4	4	4	4	4	4	4	0	3	0	2	2	3	4	0	0	0	0	0	0	2	0	0
	sonographi	Sonography 	3	4	1	3	3	3	4	4	4	4	4	4	1	4	3	4	3	4	4	3	3	4	4	4	4	4	4	4	4	4	4	4	3	3	3	4	4	4	4	4	1	1	4	1	1	4	4	3
	sonographi	Sonography 	3	4	1	3	1	3	3	4	4	4	4	4	3	4	3	3	3	4	4	3	3	3	4	4	4	4	4	4	4	4	4	4	3	3	3	4	4	4	3	4	3	3	3	3	1	3	3	3
	sosialog	sosialogy	0	0	0	1	1	0	1	1	0	1	4	0	1	0	0	3	2	2	0	1	2	2	2	2	3	3	1	2	3	2	4	3	0	0	3	3	2	2	1	1	3	1	2	2	0	2	1	0
	sosiologhi	sosiologhy	2	2	0	4	0	4	2	4	3	4	4	4	1	1	1	4	3	4	2	4	4	3	4	4	4	0	4	4	4	4	4	4	3	0	2	4	4	4	4	4	3	0	4	4	1	1	4	4
	sosyolog	sosyology	2	3	0	0	0	1	1	2	2	2	1	0	0	0	0	0	3	4	4	3	4	3	3	4	4	4	3	1	3	3	2	2	0	1	0	0	1	2	0	2	1	3	0	1	0	0	0	1
	sound	Sound	3	2	0	3	0	2	2	2	0	0	0	0	0	0	0	0	0	2	2	2	2	3	1	3	2	0	0	0	0	0	0	0	0	0	0	0	0	0	0	0	2	3	2	2	2	0	0	0
	sound engin	Sound Engineering	3	2	2	2	1	0	0	1	1	3	3	2	3	3	1	3	3	3	3	3	3	4	2	3	2	2	0	3	1	0	1	1	0	0	1	2	2	2	1	1	1	1	1	1	1	2	1	3
	sound engin	Sound Engineering	3	0	0	3	2	2	0	2	2	1	2	1	1	2	1	1	4	3	3	4	2	4	4	4	4	3	2	4	2	3	3	1	2	2	3	0	3	3	0	4	2	3	3	3	1	2	0	1
	sound engin	Sound engineering	2	2	1	3	2	2	2	3	3	3	3	2	2	3	4	4	3	1	2	2	2	4	2	2	2	3	2	2	2	2	3	3	2	2	2	2	2	2	3	2	2	2	2	2	3	2	2	2
	sound engin	Sound engineering 	2	2	2	2	0	2	1	1	3	2	3	2	3	3	2	3	3	4	3	4	4	4	4	4	2	3	2	2	3	3	3	2	0	0	1	1	0	1	0	2	0	0	0	0	0	2	0	0
	sound engin	Sound Engineering	0	0	2	0	0	0	0	0	1	1	1	2	1	2	2	3	1	1	2	3	3	3	2	1	0	0	0	0	0	0	1	0	0	0	0	0	2	0	1	2	0	0	1	0	0	1	0	1
	sound engin	sound engineering 	0	0	0	0	0	0	0	0	0	0	0	1	0	0	0	0	1	1	1	0	0	0	0	0	1	0	0	0	0	0	0	0	1	0	0	0	0	0	0	0	1	0	0	0	0	0	0	0
	sound engin	Sound Engineering	1	1	3	2	1	2	1	2	2	2	2	3	1	1	1	2	2	3	3	3	3	4	3	3	3	2	2	3	2	3	2	1	3	2	2	1	3	3	4	3	1	1	1	2	2	1	1	1
	sound engin	Sound engineering	4	2	1	4	4	2	3	1	0	4	3	3	3	3	3	2	4	4	4	4	3	4	1	3	2	3	3	2	3	2	3	3	2	4	4	4	4	3	3	3	2	3	4	3	3	2	1	3
	sound technolog	Sound technician	1	0	1	2	0	1	0	0	2	3	0	0	0	0	0	0	1	4	3	3	4	3	0	3	0	1	0	3	1	3	0	0	0	1	1	2	1	2	0	2	2	1	0	2	1	0	0	1
	southeast asian	Southeast Asian Studies	2	2	0	2	2	2	0	2	4	4	2	2	4	4	2	2	0	2	2	2	4	4	4	4	4	0	0	0	0	2	2	0	0	0	0	2	2	0	0	0	4	3	4	4	2	2	0	0
	southsid virginia communiti	Southside Virginia Community College	0	0	0	0	0	0	0	0	4	0	0	3	0	0	0	0	0	0	0	0	0	0	0	0	0	4	0	0	0	0	0	0	0	0	0	0	0	0	0	0	4	4	4	4	3	0	4	4
	space	space studies	2	0	3	0	0	1	2	0	2	3	3	3	3	3	2	2	1	1	1	1	2	2	1	0	0	1	0	0	1	0	0	0	0	0	1	0	0	0	0	0	0	0	0	0	2	0	0	2
	space	Space Studies	0	0	0	0	0	0	0	0	3	3	3	3	3	3	3	3	3	2	4	3	3	4	0	2	3	2	2	2	3	4	4	2	0	0	2	0	4	2	0	2	1	1	1	3	1	3	2	1
	spacecraft engin	Spacecraft engineering	2	3	1	4	3	1	4	1	2	3	3	3	4	3	4	4	3	3	2	4	3	4	2	3	2	3	1	1	1	0	2	0	1	1	0	1	1	2	2	1	0	2	0	0	0	0	1	0
	spani	Spanis	2	1	1	1	1	1	1	1	2	1	1	1	1	1	1	1	2	1	1	1	1	1	3	1	3	2	1	3	1	1	1	1	3	1	3	1	1	1	3	1	1	1	1	1	1	1	1	1
	spanich	Spanich	0	0	0	0	0	0	0	0	2	3	1	0	0	0	0	0	4	4	2	4	3	3	1	3	4	4	4	4	4	4	3	1	0	0	3	2	0	1	1	0	0	0	0	0	0	1	0	0
	spatial plane	spatial planing	3	3	3	3	3	4	3	3	3	3	3	4	3	2	3	3	2	3	4	3	4	4	4	4	4	4	3	3	3	3	4	3	3	3	3	3	4	4	3	3	2	2	2	3	4	4	2	3
	spazzzz	spazzzz	0	2	4	2	0	2	4	2	1	1	3	3	1	1	3	3	2	0	2	4	2	0	2	4	3	1	1	3	3	1	1	3	4	2	0	2	4	2	0	2	3	3	1	1	3	3	1	1
	speach patplogyst	speach patplogyst	2	1	1	2	2	4	4	3	4	3	1	3	1	1	0	1	0	3	4	2	1	2	4	3	4	3	0	4	2	3	3	0	2	3	2	4	3	3	4	4	1	2	2	3	1	2	2	3
	speaker	Speakers	2	0	0	0	0	0	0	0	0	0	0	0	0	0	0	0	2	1	2	2	3	2	2	0	3	2	2	1	3	1	1	0	1	1	3	1	3	1	0	0	1	1	1	0	0	0	0	1
	special	Specialized Studies 	2	0	0	0	0	0	0	0	2	1	0	0	0	0	0	0	0	4	2	2	2	2	1	1	4	3	4	3	4	3	2	3	4	3	3	4	4	4	4	3	2	2	2	4	0	1	3	0
	special need	Special needs	2	0	0	0	0	0	0	0	2	0	0	0	0	0	0	0	0	3	3	0	3	0	0	3	3	4	4	4	4	4	4	4	1	1	1	4	1	1	0	3	4	1	3	4	0	0	0	4
	special need inclus	Special Needs and Inclusion 	1	2	0	1	0	0	0	0	3	1	1	0	0	3	0	2	0	2	0	0	0	0	2	1	4	4	4	0	4	4	4	4	1	2	2	0	2	2	1	4	0	0	1	0	0	0	0	0
	special pedagogi	special pedagogy	2	2	2	1	1	1	1	2	2	3	3	1	1	2	1	1	2	3	2	3	2	2	1	3	3	3	1	3	3	1	1	2	2	3	2	2	1	1	2	3	1	2	2	2	1	2	2	2
	specialis translat	Specialised Translation	3	1	0	2	1	2	1	3	2	3	3	2	2	2	2	3	1	2	3	2	3	3	2	4	2	3	1	3	3	4	4	3	0	2	1	1	1	3	3	4	0	1	1	1	2	2	1	2
	specialist	specialist 	3	2	2	2	2	2	2	1	3	3	3	3	3	3	3	3	3	3	3	3	3	3	1	3	3	3	2	3	2	3	3	2	1	2	1	1	4	1	1	2	2	2	1	3	2	0	1	2
	specialist	specialist 	3	2	2	2	2	2	2	1	3	3	3	3	3	3	3	2	4	4	3	3	3	4	1	3	2	2	2	3	3	4	3	2	2	1	1	1	4	3	2	3	3	2	2	2	1	1	1	2
	specialist	specialist 	4	1	3	2	3	2	2	1	4	2	3	3	3	3	3	2	3	4	3	3	3	4	1	2	2	3	2	3	2	4	2	2	3	2	1	1	3	4	1	2	3	4	2	2	2	1	1	1
	speech	Speech	3	2	0	2	1	2	2	2	1	3	3	2	2	3	3	3	0	0	0	0	3	0	0	0	3	3	3	3	3	3	4	4	1	1	2	0	3	1	2	2	0	1	0	2	1	0	0	2
	speech	Speech	2	1	2	1	0	1	1	1	3	2	2	2	1	2	2	1	2	4	3	2	3	3	3	3	4	4	4	3	3	3	3	1	3	3	3	3	3	3	3	3	1	1	1	1	1	1	1	0
	speech	Speech sciences	0	1	0	0	1	2	1	1	4	2	3	3	3	2	3	2	2	2	3	2	4	2	0	3	4	4	4	1	4	0	2	2	1	1	1	1	1	1	1	2	1	0	1	1	3	2	1	1
	speech	speech science	4	2	0	0	0	1	0	1	4	3	2	3	2	0	1	0	2	2	3	2	3	3	1	1	4	3	3	2	4	0	1	1	0	0	0	0	2	0	0	0	0	0	0	0	0	0	0	0
	speech	Speech	3	2	1	1	1	3	1	1	3	4	4	4	4	4	3	3	2	4	4	4	4	3	2	4	4	4	4	2	4	3	3	3	1	2	1	1	2	1	1	3	1	1	1	1	1	1	1	1
	speech communic	Speech communication 	1	2	0	0	0	0	0	0	3	2	1	2	0	1	0	1	4	4	4	3	3	3	2	3	3	3	0	3	2	3	4	2	0	1	1	2	1	2	2	1	1	1	1	1	1	2	1	0
	speech communic	Speech communication	2	0	0	0	0	0	0	0	3	3	3	0	2	4	2	0	0	3	3	4	3	4	0	0	4	3	4	4	4	3	2	3	0	0	2	2	0	0	2	0	0	1	1	1	0	0	0	0
	speech communic	Speech Communication 	1	1	1	1	2	2	1	1	1	0	0	0	1	0	0	0	2	1	1	3	2	3	2	1	3	2	3	2	3	1	2	1	1	1	1	1	2	1	1	0	1	1	1	3	2	2	0	1
	speech communic	Speech Communication	3	0	0	1	0	0	0	3	1	1	0	0	0	0	0	3	0	0	1	0	0	1	0	0	1	3	0	3	0	0	0	0	0	3	1	3	3	1	3	1	3	3	1	3	1	1	0	3
	speech communic	Speech communications	0	2	2	0	0	0	0	1	3	3	2	1	2	4	1	1	4	4	4	4	4	4	4	3	3	3	4	2	3	2	2	3	0	0	0	2	0	1	0	1	0	0	0	0	0	0	0	0
	speech communic	Speech Communication	0	0	0	0	0	0	0	0	2	3	2	2	1	4	1	1	3	4	2	4	4	3	2	2	4	4	4	3	4	4	4	3	0	0	1	2	3	1	1	3	0	0	1	1	0	1	1	0
	speech communic	Speech Communications	0	0	0	0	0	0	0	0	0	0	0	2	0	0	0	0	0	2	0	2	2	0	0	0	4	2	0	2	0	0	0	2	0	0	0	0	0	0	0	0	0	0	2	0	0	0	0	0
	speech communic	speech communication	1	1	0	1	1	1	1	1	1	1	1	1	1	1	1	1	2	3	3	2	4	3	3	3	4	3	3	2	4	3	3	3	1	1	2	2	2	1	2	2	2	2	2	2	2	2	1	2
	speech communic	Speech communication	4	0	0	0	1	1	2	0	1	3	4	0	0	3	0	0	0	0	0	0	0	0	0	0	3	3	3	4	3	3	4	1	2	2	3	2	3	2	3	2	3	3	3	3	3	3	3	3
	speech hear	speech & hearing sciences	2	0	0	2	0	2	1	0	3	3	3	3	3	3	3	2	0	0	0	0	2	0	0	0	2	3	2	2	2	1	2	2	0	0	1	0	0	0	0	2	0	0	0	0	1	0	0	0
	speech hear	Speech and Hearing Sciences	1	0	0	0	0	0	0	0	3	3	3	3	4	3	3	2	0	0	0	0	0	2	2	0	2	4	3	2	3	2	3	3	0	0	1	0	0	0	0	0	1	1	0	1	3	1	0	1
	speech hear	Speech & Hearing Sciences	3	2	1	4	2	1	3	2	3	2	0	0	1	2	2	1	0	0	1	0	4	2	0	0	3	2	1	3	3	1	3	1	0	0	0	1	0	0	0	2	0	2	3	0	2	2	0	1
	speech hear	Speech and Hearing Science	0	0	0	0	0	0	0	0	3	0	0	2	0	0	0	0	0	0	2	0	0	0	2	0	2	2	2	1	3	3	4	2	0	0	0	3	0	0	0	0	0	0	0	0	0	0	0	0
	speech hear	Speech and Hearing Science	0	0	0	0	0	0	0	0	4	2	2	0	2	0	1	0	2	2	2	3	0	4	0	0	3	2	3	1	4	4	4	2	0	1	3	3	1	2	3	0	0	0	0	0	0	0	0	0
	speech hear	Speech and Hearing Sciences	0	0	0	0	0	0	0	1	4	2	2	4	0	3	0	2	0	4	3	4	4	4	1	4	4	4	4	4	4	4	4	2	0	1	4	4	2	3	4	1	0	0	0	0	0	0	0	0
	speech hear	Science of speech and hearing	1	1	0	1	1	1	3	1	3	1	1	1	1	1	1	1	1	1	1	1	1	3	3	1	3	3	3	3	4	4	4	4	2	3	2	1	2	3	3	3	3	1	1	3	3	3	1	3
	speech terapi	Speech Terapy	4	0	0	2	2	0	0	0	0	3	2	4	4	2	2	4	4	3	3	4	4	4	0	4	2	4	0	0	2	4	4	2	2	0	3	3	4	3	4	4	4	4	4	3	4	3	4	4
	spi	spies	2	1	2	1	2	3	1	3	3	4	4	2	4	3	3	3	1	4	1	2	4	3	2	3	2	3	2	2	2	4	2	2	3	1	2	3	1	2	1	3	2	1	3	2	1	2	1	2
	spirituallti	Spirituallty	4	1	2	2	1	0	1	0	0	2	2	3	1	1	0	1	4	1	4	4	4	4	0	1	4	3	3	3	4	1	2	2	3	2	2	2	4	3	0	1	2	3	2	0	2	0	1	2
	srt	Srt	2	3	0	1	0	2	1	2	3	4	3	1	2	4	3	2	0	4	3	3	3	3	3	3	2	3	0	4	0	4	2	2	0	1	0	0	0	1	0	1	0	0	0	0	0	1	0	0
	ssw	College SSW	2	0	0	0	0	0	0	0	2	3	2	0	0	2	0	0	3	4	4	4	3	2	3	4	4	3	4	1	4	3	4	2	3	2	3	2	1	3	4	3	1	1	1	2	1	3	0	1
	stage technolog art	stage tech art 	2	4	0	4	1	3	1	4	4	3	0	2	3	4	3	2	3	2	2	2	2	3	4	4	1	3	0	3	0	3	3	3	2	0	2	2	2	2	1	4	0	2	2	0	3	0	0	3
	stat	stat	2	1	2	2	1	2	4	0	1	3	3	3	2	1	4	1	2	2	3	3	3	1	3	1	2	3	2	2	2	2	2	1	3	1	1	1	1	3	1	3	3	2	1	0	0	4	0	4
	stat	stats	2	0	0	2	0	0	1	0	3	4	2	2	3	3	3	2	2	2	2	2	3	1	2	2	4	3	3	4	4	2	2	2	1	0	3	2	3	2	1	2	1	0	3	1	1	2	0	0
	statesmanship	Statesmanship	0	1	0	0	0	0	0	1	1	1	2	2	2	1	0	0	1	1	1	0	3	1	0	0	4	2	0	0	3	0	2	2	0	1	3	2	4	3	1	1	2	1	2	2	1	2	2	2
	stationari engin	Stationary Engineering	1	4	3	3	3	4	3	3	2	4	3	2	3	3	3	2	3	3	2	3	3	3	4	2	1	2	1	1	1	1	2	1	1	0	2	1	3	0	0	1	0	2	0	0	0	2	0	0
	steam	STEAM	0	1	3	2	0	2	2	1	3	4	4	4	4	4	4	3	2	2	3	2	2	2	4	1	3	1	1	2	1	2	1	0	2	0	0	2	4	0	2	0	2	1	1	2	4	4	2	2
	stem	STEM	2	1	0	1	0	0	2	1	3	2	3	3	3	3	4	2	1	1	2	2	1	1	1	1	1	1	1	1	1	1	0	1	3	4	1	2	2	4	3	2	2	4	3	2	3	4	1	3
	stem	STEM	0	0	0	1	0	0	0	0	0	0	4	0	4	0	4	0	0	0	0	0	0	0	0	0	0	0	0	0	0	0	0	0	0	0	0	0	0	0	0	0	0	0	0	0	3	4	0	0
	stem	STEM	4	4	0	2	0	0	4	0	0	0	0	1	0	2	0	4	4	4	4	4	2	4	4	4	2	3	0	2	0	0	0	0	0	4	0	0	4	4	0	4	0	4	4	0	0	4	0	0
	stem	STEM	1	0	0	0	0	0	0	0	4	2	4	4	4	1	4	1	0	3	2	1	3	1	2	0	1	4	1	2	3	1	1	3	0	0	0	0	0	0	0	0	0	0	0	0	0	0	0	0
	stem	STEM	1	2	1	0	1	0	1	3	0	1	1	1	0	1	1	3	1	0	3	1	2	2	0	2	1	3	2	1	2	1	3	3	2	0	2	2	3	1	2	3	2	1	1	2	2	1	1	2
	stem	STEM	4	4	1	4	4	4	4	4	2	1	1	1	0	0	0	0	1	0	3	0	0	3	3	0	0	3	2	3	2	1	1	2	3	2	1	3	3	2	0	3	2	4	3	1	3	3	2	3
	stem	STEM	3	4	2	3	3	2	2	4	4	3	3	4	4	3	4	3	1	4	3	2	4	2	4	4	3	3	4	4	4	3	2	3	2	2	3	2	4	2	4	2	3	2	3	2	2	2	3	2
	stem	STEM	3	3	1	3	2	1	1	4	0	3	2	2	0	0	0	1	1	2	0	0	0	0	1	0	3	1	3	1	4	0	0	0	3	0	4	0	4	2	2	1	2	0	3	0	2	2	1	1
	stem	STEM	4	1	1	1	2	0	1	1	3	2	1	2	1	3	1	2	4	4	4	3	4	3	2	4	1	1	2	3	3	3	3	4	0	1	3	3	3	4	3	0	0	0	3	2	1	0	0	2
	stem	stem	3	3	2	2	2	2	2	2	3	3	3	3	3	4	2	4	2	2	3	2	3	3	2	2	2	2	1	0	1	1	0	0	1	1	1	0	2	2	0	2	3	3	3	3	4	4	3	3
	stem	STEM	4	2	1	4	2	3	3	4	3	4	2	1	2	3	2	3	1	4	2	2	3	4	2	2	1	1	2	2	2	2	2	2	2	2	2	0	2	2	3	2	2	3	3	1	3	4	2	2
	stem	STEM	4	2	2	3	2	3	3	0	4	2	3	4	3	3	4	0	4	4	4	4	4	4	4	4	4	2	3	3	4	1	0	2	2	2	2	1	4	4	0	4	2	2	2	3	0	2	0	2
	stem	STEM	3	1	0	0	0	0	0	0	4	2	2	3	2	3	2	1	4	3	1	3	3	4	1	2	2	1	4	3	4	3	2	2	1	0	1	0	1	0	1	0	0	0	0	0	0	0	0	0
	stem	STEM	2	4	0	3	0	3	1	2	0	3	1	0	0	0	0	0	3	1	0	2	0	4	4	0	1	0	4	4	2	4	2	3	0	0	2	4	1	2	0	3	0	1	0	1	1	0	0	0
	stem	STEM	4	4	2	4	4	4	3	4	3	4	3	2	1	3	2	2	2	2	4	3	1	3	3	2	3	2	1	3	3	2	3	3	3	3	2	1	2	3	3	2	2	2	3	2	2	2	2	2
	stem	STEM	2	0	2	1	0	0	2	0	2	3	3	4	2	2	2	4	0	0	0	0	3	2	0	0	0	2	0	0	0	0	2	2	2	0	2	0	3	0	2	2	4	2	3	0	3	3	0	2
	stem	stem	2	1	2	3	1	2	1	1	4	0	1	2	1	2	2	3	0	0	1	1	0	0	2	1	2	2	2	3	2	1	1	3	2	1	1	2	2	3	3	3	2	1	1	1	2	2	2	1
	stem	STEM Associates	1	3	0	3	1	3	1	2	4	3	3	4	4	3	4	3	1	0	1	3	3	3	0	1	3	3	2	3	1	1	3	0	0	0	1	2	3	0	0	1	1	1	0	0	3	1	0	0
	stem	STEM	3	4	2	4	0	3	4	4	0	3	3	1	3	4	3	4	4	1	0	0	0	4	3	0	0	4	0	0	2	0	0	0	0	0	0	0	3	3	0	3	0	2	0	0	2	4	0	0
	stem	STEM	2	0	0	1	0	0	1	0	1	1	0	1	1	1	1	1	4	4	4	4	3	2	3	3	2	3	2	1	2	4	3	4	3	1	3	2	2	2	3	2	1	2	2	2	1	1	1	2
	stem	Stem	3	1	1	2	1	0	2	0	3	3	2	2	2	0	2	0	2	1	3	2	1	2	1	0	3	3	3	2	4	2	3	3	2	3	2	4	1	3	3	1	1	3	3	2	1	3	2	2
	stem	STEM	2	2	0	0	2	0	1	0	2	3	3	3	3	3	3	4	2	3	4	4	4	4	3	4	2	3	2	2	2	2	1	3	1	1	4	4	4	4	0	4	3	2	2	3	3	3	3	3
	stem	STEM	2	2	1	1	0	0	0	0	2	2	1	1	0	1	0	1	2	3	1	2	0	2	1	1	2	4	2	1	2	3	1	3	1	1	1	1	0	1	0	1	1	2	1	0	0	0	0	0
	stem	STEM	0	0	1	1	2	0	1	0	3	2	2	2	2	1	3	1	3	3	3	3	3	3	3	3	2	4	3	3	4	3	3	4	3	2	3	0	4	1	3	3	1	3	3	1	3	3	1	1
	steward	stewardes	2	2	2	2	2	1	2	2	2	0	2	2	1	4	2	2	2	2	4	1	4	0	4	4	2	4	2	0	4	4	4	4	0	1	2	3	2	2	2	2	0	0	1	2	1	1	3	2
	steward	stewardes	3	2	2	2	2	3	2	3	2	4	4	4	3	4	3	3	4	4	4	3	4	4	4	4	3	3	4	3	4	4	4	4	3	2	3	4	3	4	2	4	3	3	3	3	3	3	2	4
	stil	stil in school	0	0	0	0	0	0	0	0	4	2	2	4	2	2	1	0	2	3	3	4	4	3	2	3	3	3	3	3	3	2	3	3	0	0	0	0	0	0	0	0	0	0	0	0	0	2	0	0
	still	still in school	3	2	0	2	2	2	2	2	3	2	1	2	2	2	2	1	0	2	4	2	2	0	0	4	4	4	4	4	4	4	4	4	4	4	1	2	4	4	2	2	2	4	4	2	4	4	4	2
	still	Not yet, Still in school	0	0	0	0	0	1	0	0	1	3	2	1	1	3	1	1	2	3	3	3	2	4	2	3	3	4	2	4	3	4	3	3	0	1	0	2	1	1	1	3	0	0	0	0	0	0	0	1
	still	still attending 	0	0	0	2	0	0	3	0	3	4	2	4	4	4	0	4	1	4	4	4	0	4	4	4	4	4	4	4	4	3	4	4	4	4	4	0	4	3	4	1	3	0	4	1	1	4	4	0
	still enrol	Still enrolled in University 	0	0	0	0	0	0	0	0	4	4	4	4	3	4	4	1	0	0	0	0	0	0	0	0	3	0	3	3	3	2	2	2	1	2	0	0	2	2	3	0	1	0	0	0	0	0	1	0
	still high	Still in high school	2	2	1	2	0	1	2	1	4	4	4	4	4	4	4	0	3	0	1	3	2	4	1	0	1	4	3	2	2	2	2	4	1	0	1	1	2	1	0	4	2	2	1	1	2	0	0	1
	still high	still in high school	4	4	2	2	2	2	3	3	2	4	3	2	2	4	2	2	4	3	4	4	2	4	4	4	4	4	4	4	4	4	4	4	3	4	4	4	4	4	4	2	3	4	4	4	1	2	2	3
	still high	Still in High School	3	0	0	2	0	0	0	0	0	2	0	0	0	0	0	0	0	0	0	0	0	0	0	0	3	0	4	2	3	2	1	4	1	2	2	0	0	0	1	0	0	3	0	0	1	1	0	0
	still high	Still in high school 	2	1	1	1	1	2	1	1	4	4	4	4	3	4	4	4	1	2	2	2	2	1	3	3	2	4	3	2	3	1	1	1	1	1	2	3	1	0	0	1	2	1	2	2	2	2	1	2
	still high	no still in high school	0	0	0	0	0	0	0	0	0	0	0	0	0	0	0	0	0	0	0	0	0	0	0	0	0	0	0	0	0	0	0	0	0	0	0	0	0	0	0	0	1	0	0	0	0	0	2	0
	still high	Still in high school	0	0	0	0	0	0	0	0	3	2	2	2	2	2	1	0	4	4	3	4	4	4	3	3	4	4	4	4	4	4	4	4	0	0	2	2	1	2	0	2	0	0	0	0	0	2	0	0
	still high	Still in high school	0	0	1	1	1	1	0	1	4	3	4	3	4	3	4	2	2	3	2	3	2	2	2	2	3	3	2	3	3	3	3	2	2	2	2	2	2	2	2	2	1	1	1	2	1	2	1	1
	still high	Still in high school 	2	1	2	1	0	0	1	1	1	2	1	2	0	0	0	0	0	0	4	0	4	4	1	0	1	4	4	4	4	4	3	4	3	4	2	4	2	3	3	2	1	0	1	1	1	2	1	1
	still high	Still in High School	0	0	1	1	1	0	0	1	1	1	1	1	1	1	1	1	0	0	1	0	0	1	1	1	0	0	0	1	0	1	0	0	1	0	1	0	4	1	3	1	1	0	1	1	1	2	1	1
	still high	still in high school	2	0	0	0	0	0	0	0	0	3	0	0	0	0	0	0	0	0	0	1	0	2	0	0	0	0	1	1	0	3	0	0	0	1	0	4	0	0	3	1	0	0	0	0	0	0	0	0
	still high	Still in High School	0	2	0	0	0	0	2	0	0	3	2	0	0	0	2	0	0	0	0	2	2	0	0	0	2	0	2	0	2	0	2	2	2	0	0	0	0	2	0	0	0	0	0	0	0	2	0	0
	still high	Still in high school	4	0	0	4	2	1	2	0	2	2	0	1	2	4	1	2	3	2	0	0	1	4	4	1	2	0	2	0	3	2	0	2	1	3	1	0	2	1	3	1	1	4	3	2	3	4	1	2
	still highschool	still in highschool	2	3	0	1	0	0	2	0	2	3	0	1	0	0	0	4	0	4	4	2	4	0	4	4	1	2	3	2	4	4	3	2	3	4	4	4	3	4	4	4	3	2	2	1	0	0	2	1
	still sophomor moment	Still an Undeclared Sophomore at the moment	1	0	1	0	0	1	1	0	0	3	1	0	0	1	1	0	0	0	0	0	0	0	0	0	2	2	0	0	0	0	0	0	3	1	2	0	2	2	2	0	2	2	0	2	1	1	0	1
	stock	stock	3	0	3	2	1	3	3	0	0	0	1	0	0	1	0	0	0	0	0	0	0	2	0	0	0	0	0	0	0	2	2	2	0	0	2	0	0	0	3	0	4	0	1	0	0	3	2	1
	stori	Story	2	0	1	2	0	1	1	0	3	1	2	3	3	2	4	2	3	3	2	3	4	4	0	3	3	4	3	4	2	3	4	1	0	1	2	1	4	2	0	2	1	2	3	2	3	3	1	2
	strateg	Strategic studies	1	3	1	1	0	0	0	0	4	4	4	4	4	2	2	2	3	2	4	4	4	4	4	3	3	2	2	2	2	4	4	4	0	0	3	3	1	0	0	0	0	1	1	0	2	0	0	0
	strateg communic	Strategic Communications 	2	0	0	0	0	0	0	0	1	3	1	1	0	3	0	0	0	3	1	0	3	0	3	0	2	4	2	2	3	3	4	3	1	2	2	0	4	1	0	4	0	1	0	1	0	0	0	0
	strateg communic	Strategic Communication 	2	2	2	3	3	3	3	3	3	3	3	3	3	2	3	3	2	1	4	3	2	4	2	3	2	4	1	1	1	1	1	1	1	3	4	1	1	1	2	4	0	2	2	1	3	2	0	2
	strateg communic	Strategic Communication	2	3	2	3	3	2	3	2	4	4	4	0	3	4	3	4	4	2	3	1	3	3	0	2	2	2	2	3	2	2	2	4	1	0	2	1	2	1	0	1	1	2	1	2	0	1	0	1
	strateg plan	Strategic Planning 	0	2	2	2	2	2	2	2	3	3	3	3	3	3	3	3	2	3	2	2	3	3	2	3	2	3	1	2	1	2	1	2	0	1	1	1	1	1	1	2	0	0	0	0	3	2	0	0
	strategi	Strategy	2	1	1	1	1	3	2	1	3	1	1	3	1	1	1	3	2	2	1	1	3	1	1	3	3	3	1	3	1	1	2	1	1	3	3	1	3	3	3	3	1	2	1	1	1	1	1	1
	strategi	Strategy	0	0	0	0	0	0	0	0	2	0	0	0	0	0	0	0	3	3	3	3	4	4	3	3	0	1	0	0	3	1	3	0	0	0	3	0	3	0	0	2	0	0	0	0	0	0	0	0
	strategi	Strategy	1	0	0	0	0	0	0	0	0	1	0	0	0	0	0	0	0	3	4	1	4	2	2	0	1	3	3	0	4	0	1	1	0	1	0	0	2	3	0	1	0	1	0	3	0	0	0	0
	strategi	Strategy	0	0	0	0	0	0	0	0	3	0	3	0	3	0	3	0	0	0	4	0	2	1	0	0	4	3	3	3	3	0	3	0	0	1	1	3	4	1	2	0	0	0	0	2	3	0	0	0
	stream	Science stream	2	1	1	3	1	2	3	2	4	3	3	3	3	4	1	1	2	3	2	1	2	2	3	1	2	3	3	2	2	2	3	3	2	3	2	1	3	2	2	2	2	2	3	3	2	4	2	2
	strength condit	Strength and Conditioning 	2	0	0	0	0	0	0	0	4	1	1	4	0	0	0	0	0	0	1	0	0	1	0	0	3	4	2	3	2	1	1	3	0	2	0	0	3	1	0	0	1	0	0	2	1	0	0	1
	structur engen	Structural engeneering	3	0	4	0	0	0	0	0	4	3	4	3	4	3	4	2	0	2	2	0	2	1	2	1	3	1	4	2	3	2	2	1	3	2	3	1	4	0	3	2	0	3	0	0	1	2	0	0
	structur engin	Structural engineering	0	0	0	0	0	0	0	0	0	0	0	0	0	0	0	0	0	0	0	0	0	0	0	0	0	0	0	0	0	0	0	0	0	0	0	0	0	0	0	0	0	0	0	0	0	0	0	0
	structur engin	Structural Engineering	2	3	4	2	1	1	1	1	3	3	3	3	3	3	3	4	1	3	1	3	3	3	2	4	3	3	1	2	1	1	1	1	1	0	2	0	4	1	0	1	1	0	3	0	2	4	2	1
	structur engin	Structural Engineering 	0	2	0	0	2	0	0	3	4	2	3	4	4	4	4	4	0	4	4	2	4	4	2	4	4	4	2	4	4	4	4	2	4	0	2	3	4	0	4	4	0	0	0	0	0	2	0	0
	sts	sts	3	4	1	3	1	1	3	3	3	4	3	3	3	1	3	1	0	1	1	2	1	1	1	1	3	3	3	3	3	3	3	1	1	3	3	1	1	3	3	1	1	3	3	3	3	3	1	3
	stude busi	Studing business	2	2	2	0	0	2	0	2	2	3	2	0	1	2	0	1	0	1	2	4	3	3	3	0	1	2	0	2	1	2	3	2	1	1	3	2	4	3	2	4	3	3	4	3	3	2	3	4
	student	Student	2	3	0	1	1	1	2	3	1	4	4	2	2	3	2	2	4	1	2	4	2	3	2	1	2	3	2	3	3	2	2	2	2	1	3	2	1	3	3	3	2	1	1	2	1	1	2	3
	student	student	0	0	0	0	0	0	0	0	4	2	2	2	2	2	2	2	4	4	4	3	4	3	4	3	4	2	4	4	3	4	4	3	0	0	0	0	0	0	0	0	0	0	0	0	0	1	0	0
	student	Student	0	0	0	0	0	0	0	0	2	4	4	0	4	4	3	0	0	0	2	3	0	4	0	0	0	2	0	0	0	1	1	0	0	0	0	1	0	0	0	0	0	0	0	0	0	0	0	0
	student affair	Student Affairs	0	2	0	1	0	0	1	0	2	4	1	1	0	1	0	2	0	0	1	1	1	1	0	3	4	4	4	4	4	3	3	4	0	2	0	0	0	0	0	0	0	2	0	1	1	2	0	1
	student affair	Student Affairs	0	0	0	0	0	0	0	0	2	1	1	1	1	1	0	2	0	0	0	1	0	1	0	0	4	3	2	2	4	3	3	3	2	1	2	0	3	1	3	2	0	2	0	2	3	2	1	1
	student affair	Student Affairs	2	2	0	1	1	2	1	2	3	3	2	0	1	3	0	0	4	2	1	3	1	4	0	1	4	3	2	2	3	1	3	3	0	0	1	0	1	0	0	0	0	0	1	1	0	1	0	0
	student affair	College Student Affairs	0	0	0	0	0	0	0	0	1	1	1	0	1	1	0	2	1	1	0	0	1	0	2	0	4	3	3	1	3	3	3	2	3	1	2	0	3	2	3	2	1	2	0	1	3	1	1	1
	student personnel	 College Student Personnel	2	3	0	3	0	4	3	3	3	4	3	3	3	4	2	1	0	3	3	1	3	2	3	4	3	4	3	0	4	4	4	4	0	2	3	2	4	3	3	4	2	3	2	4	2	2	3	4
	studi	General Study	3	3	2	2	2	2	2	2	2	2	2	2	2	2	1	2	2	3	2	2	4	3	2	2	2	3	2	3	2	3	3	2	2	2	2	1	2	2	2	2	2	2	2	2	1	2	2	2
	studi childhood	Now studying Early Childhood.	0	0	0	0	0	2	1	0	3	1	0	1	0	0	0	0	2	3	0	2	2	4	0	0	3	2	3	0	3	4	4	3	1	2	2	2	2	2	1	2	0	0	0	1	0	2	1	0
	studi fashion	Studied Fashion	1	1	1	0	0	2	0	1	4	4	4	2	4	4	4	4	2	2	3	3	4	4	4	3	3	4	3	3	4	3	4	3	0	1	1	1	0	2	3	1	0	1	0	1	2	2	1	1
	studio engin	Studio Enginer	2	3	1	2	1	0	0	2	3	4	3	3	3	4	4	4	3	1	3	4	1	4	1	1	1	0	0	3	2	2	0	0	2	1	3	0	2	0	2	4	1	2	1	1	1	1	2	2
	stunt drive	Stunt driving	3	3	3	2	2	2	3	3	3	2	2	3	0	2	3	2	2	3	2	1	0	3	4	3	3	3	3	2	1	3	2	3	0	2	3	0	1	3	3	3	3	2	3	3	1	3	3	3
	style	Styling 	0	0	0	0	0	0	2	0	1	4	4	4	2	4	4	4	1	4	4	4	4	4	1	4	4	4	3	2	1	4	0	2	4	1	4	1	4	4	4	4	1	0	0	0	0	4	0	0
	style	style	4	3	2	4	4	3	3	3	4	4	3	2	4	4	3	3	2	4	4	4	3	4	3	4	4	3	4	4	4	3	4	4	0	2	2	2	3	4	2	2	4	3	4	2	3	2	3	2
	succ	Succ	0	0	0	0	0	0	0	0	0	0	0	0	0	0	0	0	0	0	0	0	0	0	0	0	0	0	0	0	0	0	0	0	0	0	0	0	0	0	0	0	0	0	0	0	0	4	0	0
	sucess	sucess	2	2	1	2	1	0	0	1	4	3	2	4	3	2	4	2	1	2	0	0	2	0	1	1	1	2	3	0	1	1	1	3	2	0	0	0	2	0	0	1	2	2	2	1	1	1	1	1
	suman	suman science	4	4	3	4	3	3	4	4	4	2	4	4	1	2	3	4	4	4	4	4	4	4	4	4	4	2	2	3	2	3	4	2	1	0	4	0	3	4	2	1	2	4	4	2	4	2	4	3
	super slav	BEING SUPER SLAV!!!!!!!	2	2	0	4	0	3	3	1	2	4	4	1	2	4	3	0	0	0	4	0	0	3	4	2	1	2	0	0	0	0	0	1	0	0	0	0	1	2	0	3	0	0	0	0	0	0	0	0
	supervis instruct	Supervision and Instruction	2	3	0	2	0	3	1	2	0	1	3	3	3	3	1	2	1	0	2	0	0	1	1	0	3	2	1	1	3	1	3	0	0	2	3	1	3	3	3	2	3	3	3	3	3	2	3	2
	suppli chain	supply chain	2	2	2	2	2	2	2	2	2	2	2	2	2	2	2	2	2	2	2	2	2	2	2	2	4	2	4	2	4	2	2	2	2	2	2	2	4	3	2	2	2	2	2	3	2	2	2	2
	suppli chain	Supply Chain	4	3	1	3	3	4	2	3	2	3	3	3	3	3	3	3	0	1	2	0	1	1	1	1	1	2	2	0	1	1	2	2	1	1	3	0	3	2	2	3	1	3	2	0	2	2	1	2
	suppli chain	Supply Chain	2	2	1	2	1	3	1	1	3	1	2	2	2	2	1	1	2	1	2	3	3	2	3	2	4	2	3	4	3	2	3	2	1	2	3	2	3	3	1	2	2	3	3	3	3	1	1	3
	suppli chain	Supply Chain	3	3	1	3	2	3	1	2	2	3	2	2	2	2	1	3	0	3	3	3	3	4	2	3	0	4	2	3	2	4	4	2	0	1	2	2	1	1	2	2	3	3	4	3	4	2	2	3
	suppli chain	Supply Chain	1	0	0	1	1	0	1	1	3	3	0	1	3	3	1	3	1	3	4	1	3	3	4	4	3	3	1	1	1	3	1	3	1	1	4	1	3	3	3	1	1	1	3	1	3	3	1	1
	suppli chain	supply chain	4	2	3	2	1	1	2	1	4	4	3	1	2	3	0	2	2	3	4	3	1	3	0	3	3	4	2	3	4	3	3	4	4	0	3	0	3	2	2	2	3	1	0	2	3	3	2	3
	suppli chain	supply chain	1	0	0	1	0	1	0	0	1	0	0	0	0	0	0	0	3	0	0	3	0	3	4	1	3	0	3	0	1	0	1	0	4	0	3	0	4	0	2	0	0	1	0	0	3	3	1	1
	suppli chain	Supply Chain	2	1	1	3	1	0	1	1	0	1	1	2	1	1	0	1	2	4	1	1	1	2	1	4	1	2	2	1	1	1	1	2	1	1	1	1	4	1	1	0	1	1	1	1	3	1	3	1
	suppli chain	Supply chain	3	3	2	0	1	3	0	1	4	1	3	0	1	3	0	3	0	2	1	0	2	2	2	2	3	4	4	3	3	3	3	3	3	4	2	0	3	2	1	2	2	3	1	3	0	0	1	3
	suppli chain	supply chain	1	1	1	1	1	0	1	1	1	1	3	1	3	3	1	3	2	1	1	3	4	3	3	1	2	4	1	1	1	1	2	1	1	1	1	1	3	1	1	2	1	1	1	3	2	2	1	2
	suppli chain	Supply Chain	3	0	0	2	3	1	2	0	1	2	1	0	2	1	1	1	3	4	4	3	2	3	1	3	1	3	2	0	1	2	0	0	2	1	4	2	4	1	2	2	0	2	1	1	3	1	1	1
	suppli chain	Supply chain	4	0	0	2	0	1	4	2	2	2	2	0	1	1	0	2	4	4	3	1	2	1	3	3	4	4	0	4	2	3	3	2	3	2	3	2	4	3	3	2	3	4	3	3	3	2	0	4
	suppli chain oper	supply chain operations	0	0	0	0	0	0	0	0	1	0	0	0	0	0	0	0	3	3	3	4	3	3	4	3	4	1	2	3	2	2	1	0	1	0	3	2	2	3	0	3	0	3	0	0	0	0	0	1
	surdolog	surdology	2	2	3	1	3	1	1	0	4	4	3	1	3	2	1	0	3	0	0	2	0	3	3	0	0	4	4	0	4	4	3	0	0	4	1	0	1	2	0	3	0	2	0	2	0	2	0	1
	surgeon	Surgeon	0	0	0	0	0	0	0	0	0	1	3	3	0	2	0	0	2	2	1	2	2	0	4	4	0	3	2	0	0	2	1	2	1	0	1	2	0	1	1	0	0	0	0	0	0	0	0	0
	surgeon	surgeon	0	0	0	0	0	2	0	0	4	3	0	3	3	0	3	0	0	3	0	0	3	0	0	0	2	3	3	2	3	0	2	3	2	0	3	0	0	0	0	0	0	0	0	0	0	0	0	0
	surgeon	Surgeon	2	2	3	1	2	1	2	2	3	3	4	4	4	4	4	3	4	4	4	4	4	4	4	4	4	4	4	3	4	4	4	4	4	3	4	3	4	4	4	4	3	3	4	4	3	2	3	4
	surgeon	Surgeon	0	1	0	0	0	0	0	0	4	3	4	4	4	4	4	0	0	1	3	1	1	4	2	0	2	4	4	4	4	4	4	4	2	1	0	4	1	3	4	2	0	1	0	2	0	2	2	0
	surgeon	Surgeon	2	0	3	3	1	1	3	0	2	2	3	4	3	2	2	2	0	0	3	1	1	3	3	2	0	1	3	0	0	2	3	3	1	0	2	0	1	1	0	3	1	1	2	1	1	3	0	1
	surgeon	General Surgeon	0	0	1	1	2	2	2	1	4	4	4	4	4	4	4	4	2	3	3	4	3	4	4	3	3	4	4	4	4	4	4	4	2	2	3	4	4	3	1	2	1	2	1	3	2	1	2	1
	surgeon	surgeon	4	0	0	0	0	0	0	0	4	4	4	4	4	4	4	4	0	4	4	0	4	0	0	4	4	4	4	4	4	4	0	4	4	4	4	4	4	4	0	4	0	0	4	0	0	0	0	4
	surgeon	surgeon	0	0	0	0	0	0	0	0	4	0	4	0	4	0	4	0	0	4	0	0	4	4	2	4	2	4	0	0	4	2	0	0	0	0	0	0	0	0	0	0	0	0	2	0	0	0	0	0
	surgeon	Surgeon	4	2	2	2	2	2	4	2	4	2	4	4	4	4	4	2	4	2	2	4	4	4	4	4	2	4	4	4	4	4	4	4	4	2	4	4	4	4	4	2	2	2	4	4	2	2	4	2
	surgeri	Surgery	4	2	1	2	0	4	1	2	4	4	0	3	2	2	0	2	2	4	2	0	4	2	4	2	2	4	1	0	4	3	2	2	0	0	2	1	3	1	2	2	4	4	4	2	4	4	2	3
	surgeri	Surgery	4	0	3	4	4	0	4	1	4	4	4	4	4	4	4	4	0	0	4	0	0	2	0	0	4	4	4	4	4	4	4	4	4	4	4	4	4	4	4	4	4	4	4	4	4	4	4	4
	surgeri	Surgery	0	2	0	1	0	0	0	2	4	3	4	3	2	3	3	0	2	4	4	2	0	0	2	4	0	4	1	3	3	4	0	4	0	2	2	3	0	4	0	3	0	0	3	1	0	2	0	0
	surgic	Surgical	0	4	0	0	0	0	0	4	4	4	4	4	4	4	4	4	0	0	4	0	0	3	0	0	4	4	4	4	4	4	4	4	0	4	4	4	4	4	4	4	4	4	4	4	4	4	4	4
	surgic engin	SURGICAL ENGINEER	2	2	0	1	1	2	2	1	4	3	4	3	3	4	4	4	0	0	3	3	1	4	3	1	1	3	4	2	2	3	1	3	2	3	1	1	1	3	1	1	2	3	1	1	1	2	1	1
	surgic technolog	Surgical Technology	2	2	0	1	0	0	0	1	4	2	0	4	3	3	4	1	0	0	0	0	0	0	0	0	1	3	2	0	3	2	4	3	1	2	3	0	4	4	4	1	3	1	2	3	2	2	2	3
	surgic technolog	Surgical technology 	4	1	0	2	0	2	2	2	4	3	3	3	3	3	3	2	4	3	0	3	3	4	3	1	3	4	3	1	3	4	4	3	0	2	1	1	1	1	2	3	0	2	1	1	0	1	1	2
	surgic technolog	Surgical technology certificate	2	3	0	1	1	2	1	3	4	2	2	3	3	2	3	2	3	0	0	0	0	3	3	0	1	0	2	1	1	0	0	2	0	0	1	1	0	0	0	3	1	0	1	1	1	2	0	1
	surgic technolog	Surgical Tech	0	0	0	0	0	0	0	0	4	4	2	4	4	4	0	0	0	0	0	0	0	0	0	0	0	4	4	0	4	4	4	4	0	4	0	0	0	4	0	0	0	4	0	0	0	0	0	0
	surgic technolog	Surgical Technology	3	2	1	3	1	1	3	2	4	3	3	4	2	3	2	2	3	2	1	4	4	4	3	3	3	3	3	2	3	3	1	1	1	1	0	2	0	1	0	3	0	2	0	1	0	0	0	0
	surgic technolog	surgical technician	0	0	0	0	0	0	0	0	4	3	0	4	0	3	0	0	0	0	0	2	1	1	4	0	0	3	4	3	2	0	2	2	0	0	1	0	0	0	0	0	0	0	0	0	1	0	0	0
	surgic technolog	Surgical Tech	0	0	1	0	0	0	4	0	4	4	4	1	0	4	0	1	2	2	2	2	3	2	3	3	3	4	3	3	3	2	4	4	1	1	3	2	4	3	0	4	2	4	3	3	2	4	0	4
	surgic technolog	Surgical tech	2	0	0	0	0	0	1	0	4	1	3	3	3	3	3	0	0	0	2	0	0	2	0	0	2	3	1	2	2	3	3	2	0	1	0	0	3	1	0	0	1	2	0	0	0	1	0	0
	surgic technolog	surgical tech	0	3	0	2	0	0	1	0	3	1	1	0	0	0	3	2	0	0	2	0	1	0	0	0	2	2	2	2	3	1	0	2	0	0	3	1	1	0	2	0	2	0	1	2	2	2	0	0
	surgic technolog	Surgical Tech	2	0	0	0	0	0	0	0	3	1	1	3	0	1	0	0	0	0	1	2	0	1	2	0	4	3	3	2	3	3	3	4	1	2	2	2	1	3	1	2	1	0	0	1	0	2	0	1
	surgic technolog	Surgical Technology	2	0	0	0	0	0	0	0	3	4	4	3	3	4	3	2	3	2	3	2	3	3	3	3	2	0	3	2	3	1	2	1	0	0	0	1	0	0	1	1	0	1	0	0	0	0	0	0
	survey	Surveying	0	0	0	0	0	0	0	0	1	0	0	0	0	0	0	0	1	1	0	0	0	1	0	0	1	1	0	0	0	0	0	0	0	0	1	1	2	1	0	1	0	0	0	0	0	0	0	0
	survey	Surveying	2	4	3	3	2	3	2	3	2	3	3	1	1	3	1	4	3	1	3	3	2	3	3	2	1	3	2	2	1	1	2	1	0	0	1	2	1	1	1	1	0	1	1	1	1	2	1	1
	survey	Surveying	2	3	2	2	2	3	0	2	4	4	4	4	4	4	2	4	4	3	4	4	4	4	2	4	2	2	2	4	2	4	3	2	0	2	4	2	3	4	2	4	0	1	2	2	1	2	1	2
	survey	Surveying	1	1	1	0	0	1	0	2	2	1	0	4	1	2	1	3	3	4	3	3	3	3	3	3	2	2	2	3	0	2	3	2	1	0	1	1	1	1	3	1	1	0	1	0	0	2	0	1
	survey	Surveying	2	1	0	1	1	1	0	1	3	3	2	2	2	2	2	1	2	2	1	1	2	1	1	2	3	2	1	1	2	1	1	0	2	1	2	1	3	1	1	1	2	1	1	1	1	1	2	1
	survey	Surveying	0	0	0	0	0	2	0	0	4	0	0	4	3	0	2	2	3	3	4	4	4	4	4	3	4	1	0	4	3	4	4	3	2	0	3	2	2	1	4	4	0	0	0	0	0	0	0	0
	survey	surveying	2	0	2	2	0	1	1	2	2	3	3	2	3	4	3	4	1	1	3	2	2	3	4	3	2	2	3	3	2	3	3	2	3	2	2	1	1	2	3	2	0	2	2	1	1	1	2	1
	survey	Surveying	3	2	1	0	2	3	0	2	3	3	3	3	3	4	4	4	1	3	3	3	0	4	2	2	2	3	2	2	2	2	1	2	2	1	3	2	3	3	2	3	0	1	1	1	0	2	1	1
	survey	Surveying	2	2	3	0	0	0	0	0	3	3	2	1	2	3	2	0	3	3	1	3	3	3	3	0	1	3	2	3	2	3	3	0	2	1	2	3	0	1	2	0	1	1	1	0	0	0	0	0
	survey	Surveying 	0	0	3	0	0	0	0	0	3	2	3	2	2	3	2	2	2	1	3	2	2	0	3	2	3	2	3	4	3	0	3	1	4	1	4	0	3	2	4	1	0	1	2	0	0	2	3	0
	survey	surveying	3	3	3	3	2	3	2	3	3	3	2	2	2	3	2	3	1	2	2	1	2	3	3	1	2	2	2	4	2	2	1	1	2	0	2	1	2	1	1	3	1	1	1	2	1	2	1	2
	survey	Surveying 	3	3	0	0	0	2	0	2	2	0	0	0	0	0	0	1	0	0	4	2	0	1	3	3	4	2	2	2	2	0	0	0	0	3	1	3	2	4	4	3	0	0	0	0	0	2	0	0
	survey	Surveying	3	3	1	2	0	2	0	3	3	3	3	3	3	3	3	3	1	2	3	3	0	4	3	2	2	3	3	2	2	2	1	3	2	3	3	1	3	2	3	1	2	1	3	1	1	1	2	1
	survey	SURVEYING	3	3	3	3	1	2	0	2	3	3	3	3	3	3	3	4	1	1	0	2	1	2	4	3	2	2	2	2	1	1	3	2	1	0	1	2	1	0	1	2	0	1	0	1	2	3	1	2
	survey engin	survey engineering	1	1	2	3	2	2	3	2	0	0	1	2	3	2	1	2	0	1	2	1	3	2	2	2	2	1	0	1	0	2	2	3	1	0	3	2	4	1	3	1	2	1	1	1	3	3	3	3
	surveyor	surveyor	2	0	0	0	0	0	3	2	1	0	0	1	0	0	0	0	3	2	1	1	3	4	3	1	4	3	4	0	4	4	3	4	4	2	4	3	4	4	3	4	2	0	2	3	2	0	2	2
	sustain	sustainable science	2	1	0	0	0	0	0	0	4	3	4	3	4	4	4	4	2	2	1	1	2	3	1	1	0	3	2	2	3	2	2	2	0	0	1	0	1	0	0	0	1	1	3	2	3	4	3	3
	sustain	sustainability	3	1	0	1	1	3	1	1	4	3	1	3	3	3	1	4	4	4	3	3	3	3	3	4	4	3	3	3	4	3	3	2	1	2	4	3	4	1	2	3	1	1	1	3	3	1	1	2
	sustain	sustainability	0	1	0	0	0	0	0	0	0	4	4	0	4	4	4	3	2	2	1	2	3	3	0	0	2	3	2	1	2	3	3	2	1	0	0	0	1	0	0	0	1	0	0	0	3	2	0	0
	sustain	Sustainability Studies	0	2	2	2	0	3	1	2	4	3	3	2	3	3	1	2	3	1	3	4	3	4	2	2	3	3	3	4	3	1	3	1	0	0	0	1	1	0	2	1	0	1	0	0	1	2	1	1
	sustain	sustainability	1	4	1	3	3	3	3	2	2	4	4	3	4	4	4	3	4	3	3	3	4	4	4	4	2	4	4	3	3	4	2	2	1	0	0	1	3	1	1	2	3	0	2	2	3	2	1	2
	sustain	Sustainability	1	0	0	0	0	0	0	0	2	3	4	0	2	0	2	4	3	0	2	4	2	4	0	2	1	4	0	0	0	0	3	0	0	0	0	0	0	0	0	0	0	0	0	0	2	2	0	1
	sustain	Sustainability 	1	2	1	3	1	1	2	2	2	3	4	4	3	3	3	3	2	0	2	2	1	3	3	2	4	4	3	4	4	1	3	2	4	2	4	1	4	3	4	3	3	2	4	4	4	3	3	4
	sustain communiti develop	Sustainable Community Development	0	3	2	0	1	3	1	3	1	3	3	0	1	3	0	3	0	2	2	0	2	3	4	4	0	4	4	4	3	4	2	3	1	2	2	3	0	3	2	1	0	0	0	1	0	2	0	0
	sustain develop	sustainable development	0	0	0	0	0	0	0	0	2	3	3	0	2	3	2	3	3	4	4	4	4	4	1	3	2	2	1	3	1	1	2	0	1	0	2	0	2	2	2	2	0	0	0	0	0	2	0	0
	sustain develop	sustainable development	2	0	0	4	0	3	0	1	3	0	0	0	4	0	4	0	0	1	4	3	3	3	4	2	2	0	0	2	0	3	1	0	0	2	3	4	0	0	2	4	0	0	2	0	0	0	0	0
	sustain farm	sustainable farming	2	3	0	0	0	3	0	2	3	3	3	2	3	3	4	3	3	2	0	3	4	4	1	1	4	4	3	3	3	2	4	3	0	0	0	2	0	0	0	0	0	0	0	0	0	0	0	0
	sw	SW	1	1	3	3	3	1	1	1	4	4	1	3	1	3	1	3	3	3	1	1	3	3	3	1	4	4	3	3	3	3	3	0	3	3	3	1	3	3	3	1	1	3	3	0	1	3	1	3
	sw	sw	4	4	0	4	2	4	0	2	4	4	4	2	4	0	4	0	0	0	4	0	4	2	0	0	3	4	4	4	4	4	4	4	0	0	4	0	4	2	4	0	4	2	4	4	2	4	4	0
	swedish	Swedish	4	0	0	0	0	0	1	0	4	4	4	0	1	3	1	2	2	2	0	1	4	4	0	1	4	3	3	4	4	4	4	3	2	1	4	0	3	1	0	3	1	4	1	3	0	0	0	3
	syariah	Syariah	2	0	0	0	0	1	0	0	3	0	3	0	4	0	2	0	2	1	2	3	2	2	0	3	2	3	1	0	3	4	1	1	2	1	0	0	0	3	0	4	1	0	0	2	0	2	0	0
	syariah	Syariah	2	1	1	1	1	0	2	1	2	0	0	0	2	1	1	1	0	0	0	0	2	2	3	1	4	3	3	3	3	4	2	3	2	1	2	0	3	1	2	0	3	2	2	2	1	1	1	1
	syariah	syariah	3	0	0	0	0	2	0	2	0	1	2	1	2	3	0	3	1	3	1	2	4	2	0	4	4	4	1	4	4	4	3	4	2	0	3	1	2	1	2	4	4	3	2	4	4	4	1	4
	syariah islamiyyah	Syariah Islamiyyah	4	1	1	2	0	1	0	0	4	0	0	4	2	0	2	0	2	4	0	0	0	2	4	0	1	4	4	3	4	4	4	3	0	1	3	2	0	0	2	2	2	3	4	4	1	0	3	0
	system	Systems	0	0	0	0	0	0	0	0	0	0	0	0	0	0	0	0	1	1	2	2	3	3	0	0	2	0	0	1	2	0	1	0	2	2	3	0	2	2	2	2	1	1	1	0	1	1	1	1
	system analysi	System analysis	4	1	0	0	0	0	1	0	2	2	3	2	0	1	2	1	2	3	4	3	2	3	1	4	4	1	0	2	4	0	1	0	0	0	0	0	2	0	0	0	1	2	2	1	1	2	0	2
	system analysi	systems analysis	2	2	4	1	0	4	2	1	3	3	3	3	3	3	3	2	0	1	4	2	3	1	3	3	3	3	2	3	1	2	0	1	3	1	3	0	2	0	2	0	0	3	3	1	1	2	1	0
	system analyst	System analyst	2	2	0	4	2	4	3	1	3	3	0	1	1	2	1	1	1	1	0	2	0	3	2	1	4	3	3	4	4	3	3	2	2	0	1	2	4	1	4	1	0	2	3	0	1	4	2	2
	system develop	system development	0	0	0	1	0	0	0	0	3	4	3	4	1	2	0	0	3	4	4	4	4	4	3	3	4	0	2	0	3	3	0	0	3	0	4	4	4	4	4	4	0	3	1	0	0	0	0	0
	system engin	Systems Engineering	0	0	0	0	0	0	0	0	0	2	4	0	0	0	0	0	4	2	0	4	0	4	0	0	4	0	4	4	4	0	2	0	0	0	0	0	0	0	0	0	0	0	0	0	0	0	0	0
	system engin	Systems Engineering	2	1	2	3	0	3	0	0	1	1	1	3	1	2	1	3	1	3	1	4	4	3	2	1	3	3	1	4	0	0	1	0	3	0	0	0	1	0	1	0	0	0	3	0	3	1	0	0
	system engin	Systems Engineering	3	2	1	3	1	3	3	4	3	1	2	3	2	1	3	3	2	2	1	3	1	4	2	3	3	2	0	3	2	2	3	1	1	1	3	2	3	2	2	2	2	3	3	3	3	4	3	3
	system engin	System Engineering	3	3	4	4	3	4	3	4	3	3	3	3	4	3	3	3	1	3	1	1	1	3	4	3	4	4	3	3	4	3	4	3	1	1	4	1	2	2	1	3	0	3	1	1	1	2	3	1
	system engin	Systems engineering	2	3	1	3	1	3	3	2	3	3	2	3	2	2	1	3	1	3	1	2	3	2	0	2	2	3	3	3	3	0	2	2	0	0	3	1	1	0	0	4	1	1	1	0	2	2	0	0
	system engin	Systems Engineering	0	0	0	0	0	0	0	0	0	0	0	1	0	0	0	0	3	0	2	2	4	3	0	0	0	0	0	0	0	0	0	0	2	2	0	0	0	0	0	0	1	0	0	0	1	0	0	0
	system engin	Systems Engineering	2	1	3	1	1	1	1	1	2	1	1	3	3	3	3	3	1	3	1	1	1	3	1	3	1	1	1	1	1	1	1	0	3	1	4	1	4	2	3	2	2	1	1	2	4	2	1	2
	system engin	System  Engineering	2	4	2	4	2	1	4	2	4	4	3	3	3	3	4	3	2	1	3	2	0	4	3	1	4	4	3	4	0	4	2	0	2	3	4	2	4	2	1	2	4	4	4	4	4	4	4	4
	system engin	Systems Engineering	4	3	3	4	3	4	3	3	4	3	4	4	4	4	4	4	3	4	3	2	2	4	2	3	3	4	3	3	3	3	3	3	2	2	3	3	4	3	2	3	3	2	4	3	4	4	2	3
	system engin	system engineering	3	3	2	0	2	2	0	2	2	4	3	0	0	3	0	3	1	1	3	4	4	4	2	4	1	3	0	3	1	1	0	0	0	0	0	0	0	0	0	0	0	0	0	0	0	0	0	0
	system engin	Systems engineering 	2	3	1	3	2	3	1	3	3	2	2	1	2	2	2	3	0	0	3	1	0	2	4	2	3	4	2	3	3	1	3	1	0	0	1	2	2	1	2	2	0	1	0	0	1	1	0	0
	system engin	System Engineering	3	4	2	3	2	3	3	2	2	2	1	2	1	2	1	3	0	3	1	0	1	2	4	2	1	0	1	4	3	3	3	2	2	3	3	3	2	3	2	2	3	2	3	2	2	3	2	2
	system engin	system engineering 	4	1	1	3	1	2	1	1	0	1	1	3	0	0	0	3	0	0	1	0	0	1	0	0	4	1	2	3	2	2	2	3	2	2	4	1	4	3	1	2	1	0	4	2	4	4	2	1
	system engin	Systems Engineering	3	2	2	3	3	2	2	2	2	2	3	4	4	4	3	4	4	3	1	3	3	4	3	4	3	4	1	2	2	3	1	1	3	1	3	1	4	1	2	3	2	1	2	2	3	3	1	1
	system engin	System  engineering 	2	2	4	4	0	4	2	2	4	4	4	2	4	4	4	4	4	0	4	4	0	4	0	2	0	4	4	0	4	2	4	4	0	0	0	0	0	0	0	4	0	0	0	0	0	2	0	0
	system engin	Systems engineering	2	2	0	1	0	0	0	0	0	1	2	1	1	1	1	1	4	4	4	4	4	4	2	4	2	4	2	0	0	0	3	0	1	0	1	0	0	0	0	0	1	0	0	0	1	0	0	0
	system engin	Systems engineering	0	3	0	1	0	3	0	2	4	4	4	4	4	4	4	4	2	2	2	3	4	4	3	3	3	3	2	2	1	2	3	2	0	0	2	1	2	0	0	3	0	0	0	0	4	3	0	0
	tak pasti	tak pasti	3	2	0	1	1	1	2	2	0	0	1	0	0	0	0	1	2	4	3	2	2	2	1	2	1	2	0	1	1	2	2	2	1	1	3	1	2	3	2	2	1	0	3	2	1	1	2	3
	tak tahu	tak tahu	1	2	1	1	1	0	2	2	0	0	0	1	0	0	0	0	0	2	3	2	2	3	1	2	1	1	0	1	2	2	3	3	1	2	3	2	3	3	1	2	0	2	3	3	1	1	3	4
	talent develop	Talent Development	1	0	0	1	0	0	0	0	2	0	0	1	0	0	0	1	2	3	4	3	2	1	3	3	4	4	4	2	3	1	2	2	3	4	4	1	4	3	4	2	1	2	1	2	2	2	3	2
	tamil	tamil	2	0	0	0	0	0	2	0	4	0	0	0	1	0	2	0	4	0	0	1	0	3	0	1	2	2	4	3	4	3	4	4	0	0	0	2	0	0	0	0	0	0	2	0	3	0	0	0
	taxat	Taxation	3	2	2	3	2	3	2	2	4	1	2	3	1	3	2	3	2	1	3	2	3	3	3	2	3	4	1	3	3	2	4	4	0	0	2	1	2	1	3	3	1	1	1	1	1	3	2	1
	teahc act	teahcing, acting	2	2	1	1	1	2	1	0	3	3	2	3	2	3	1	1	1	3	2	2	3	1	1	3	4	1	1	4	3	3	3	1	2	2	2	1	1	2	1	2	2	1	1	1	1	2	0	2
	technic	Technical	2	0	1	3	2	4	2	2	1	0	0	2	1	3	1	2	0	3	2	4	3	0	3	3	3	3	2	3	2	1	3	3	2	0	1	0	4	1	4	2	1	1	0	2	1	1	1	3
	technic	Technical	2	2	0	0	1	3	0	0	2	1	1	0	0	3	0	0	0	0	0	0	3	1	1	0	4	3	2	2	4	2	4	4	2	3	3	3	1	2	1	2	3	4	3	4	0	3	0	4
	technic communic	Technical Communication 	3	2	3	4	2	2	2	1	3	2	2	4	3	3	3	3	1	1	1	0	1	0	1	2	4	3	1	3	1	2	3	3	1	2	3	2	4	4	3	3	3	3	3	3	3	3	3	3
	technic communic	Technical Communication	2	0	0	0	0	0	1	0	4	3	3	4	3	3	3	2	0	0	3	1	3	1	1	0	3	3	3	0	3	3	2	2	1	1	1	0	4	1	2	2	0	1	0	0	4	2	0	2
	technic engen	Technical engeneering 	4	4	1	4	1	3	4	3	4	3	3	2	4	2	3	2	2	1	3	1	3	4	4	3	3	1	3	3	3	1	1	2	2	1	4	1	3	3	1	3	0	3	3	2	3	3	3	1
	technic engin	technical engineer	4	4	0	4	3	4	4	4	4	4	4	4	4	4	4	4	0	3	3	0	3	2	3	3	3	4	2	2	2	3	4	4	3	4	3	0	3	4	2	4	2	4	4	4	3	3	3	4
	technic engin	technical engineering	4	0	0	0	0	2	2	0	3	0	2	4	3	0	4	2	0	2	3	0	0	0	0	0	4	0	0	2	0	0	2	0	2	0	4	0	4	3	3	2	3	2	4	2	3	2	3	2
	technic engin	technical engineer	2	2	0	4	1	0	2	1	3	3	1	1	2	2	2	2	3	2	2	3	4	4	2	3	3	3	2	2	2	4	4	4	1	1	0	0	1	2	1	2	1	2	2	1	1	3	1	1
	technic leadership	Technical leadership	2	3	0	2	2	3	2	3	3	3	0	1	0	1	1	0	0	0	0	1	0	0	0	0	2	1	2	3	2	2	1	1	0	1	3	2	4	2	3	0	2	1	2	2	1	1	2	2
	technic leadership	Applied Technical Leadership	2	1	0	0	0	0	0	0	4	4	4	4	4	4	4	3	4	3	1	4	3	4	2	2	4	4	1	2	3	0	0	0	2	0	2	2	4	1	0	0	1	0	0	1	3	4	1	0
	technic leadership	applied technical leadership	4	4	3	4	4	3	4	4	3	4	3	4	2	4	1	4	1	0	0	2	3	2	0	0	3	2	2	3	2	0	2	3	1	3	2	1	2	2	0	2	0	4	0	3	3	4	0	2
	technic product	technical production	1	0	0	1	0	0	0	0	0	1	1	0	0	1	0	0	1	0	2	3	0	2	2	1	0	0	2	0	0	2	2	0	0	1	2	0	2	2	1	0	0	0	1	0	0	0	0	0
	technic theatr	technical theatre	3	3	2	4	3	3	3	3	1	2	2	0	1	1	1	1	1	2	4	2	3	2	4	4	3	3	3	2	3	3	3	2	0	2	1	1	4	2	1	3	1	1	1	0	3	2	1	2
	technic theatr	Technical theatre	1	1	0	2	0	2	0	2	0	0	0	0	0	0	0	1	1	2	3	2	1	3	2	4	0	0	0	0	0	0	0	0	0	0	0	0	0	0	0	0	0	0	0	0	0	3	0	0
	technic vocat livelihood	Technical Vocational Livelihood	3	2	1	2	1	1	2	2	2	3	3	2	1	3	2	1	3	3	3	4	3	4	2	2	3	3	3	4	3	4	4	3	2	1	3	4	1	3	2	4	1	2	2	2	0	1	1	1
	technic write	Technical Writing	2	3	0	3	0	0	0	1	3	4	4	3	2	4	2	4	3	3	4	3	4	4	3	4	0	3	2	0	2	0	1	1	1	2	1	3	1	1	1	1	0	1	1	1	1	1	1	1
	technic write	Technical Writing	3	3	0	2	3	0	3	2	3	3	3	2	3	3	3	2	1	1	2	2	1	2	0	2	1	2	2	1	2	0	0	1	1	0	1	1	0	1	1	2	1	2	2	3	3	1	0	3
	technik	technik	3	0	1	0	4	0	3	4	0	0	3	0	0	0	2	1	0	0	1	0	0	0	0	0	4	0	0	1	2	2	2	0	4	3	3	0	4	4	1	4	2	0	0	4	0	2	2	4
	techno ogi	Techno;ogy	2	0	1	3	4	4	1	4	1	2	2	3	3	2	3	4	0	0	0	0	0	0	0	0	0	2	0	1	0	0	0	0	0	0	2	0	4	2	1	2	1	0	3	2	3	2	3	3
	technolog	technology	4	0	0	0	0	0	0	0	2	0	0	0	0	0	0	0	2	3	4	0	0	0	0	0	4	3	3	0	4	0	0	0	1	0	1	0	4	0	0	0	0	0	0	0	4	0	0	0
	technolog	Science and technology studies	0	3	2	1	0	3	0	3	4	4	4	4	4	4	4	4	3	1	1	4	4	4	0	1	2	2	3	0	2	2	3	0	0	0	0	0	3	0	0	0	0	0	1	1	2	3	0	0
	technolog	technology	4	4	4	4	4	4	4	4	4	4	4	4	4	4	4	4	2	2	2	2	2	2	2	2	2	4	4	2	4	4	4	4	4	4	4	2	4	2	4	4	4	4	4	4	4	4	4	4
	technolog	Technology	2	1	1	3	1	1	2	1	1	3	3	2	3	3	3	2	2	1	1	2	1	2	1	1	1	0	2	1	2	1	2	1	2	2	1	1	2	1	1	1	1	3	3	2	2	2	1	3
	technolog	Technology or 	4	2	0	4	4	2	2	2	1	1	0	0	0	0	0	0	2	1	2	1	0	3	1	3	3	0	0	4	0	2	1	0	2	2	4	1	4	3	2	3	4	2	4	3	2	3	3	2
	technolog	Technology	1	2	1	3	1	2	2	2	2	1	1	1	1	1	1	2	4	3	1	2	2	2	2	2	3	3	4	2	3	2	2	4	1	3	2	1	3	1	2	1	3	4	4	3	4	3	3	2
	technolog	Technology	2	0	0	4	1	1	3	1	2	1	2	2	2	3	1	3	0	0	0	0	1	0	0	2	2	2	0	1	2	1	1	3	0	3	1	0	3	1	1	3	2	3	3	1	3	2	0	2
	technolog	technology	2	0	0	1	0	0	0	0	4	4	4	3	2	2	3	0	0	4	0	1	3	4	4	4	2	3	2	3	4	0	1	2	0	3	2	0	3	2	2	0	0	2	1	0	3	2	2	2
	technolog	technician	3	2	3	4	3	3	3	3	4	1	1	1	2	2	1	3	1	4	2	3	2	3	4	1	3	4	1	3	2	3	2	1	1	3	3	1	4	1	3	1	3	3	3	3	4	3	1	4
	technolog	Technology	0	0	0	1	0	0	0	0	3	2	0	3	1	0	0	0	3	2	0	1	3	1	0	0	4	3	3	1	3	3	3	0	0	1	4	1	4	3	0	0	3	3	4	3	3	3	3	3
	technolog	Tech	0	1	1	2	2	1	2	1	1	1	1	1	1	1	1	1	0	0	1	1	1	0	1	1	0	0	1	1	1	1	1	1	1	1	1	1	1	1	1	1	1	2	3	1	3	3	2	2
	technolog	tech	4	4	2	4	4	4	4	0	4	0	0	3	4	4	4	0	4	4	2	4	4	4	4	4	4	4	4	3	4	4	0	4	4	4	4	4	4	0	4	4	4	4	3	3	4	4	4	4
	technolog	Technology	1	1	2	3	0	2	2	1	3	2	2	3	1	1	2	3	3	3	2	3	3	3	3	3	3	3	1	0	3	3	4	0	0	2	3	0	3	3	3	4	1	2	2	0	1	3	2	1
	technolog	Technology	4	0	0	4	1	4	2	0	0	0	0	1	1	0	1	3	3	2	4	4	0	4	4	4	2	2	1	1	0	0	1	0	0	0	1	1	0	0	1	0	2	2	4	1	4	4	0	2
	technolog	technology	2	0	1	1	0	0	0	0	3	3	4	2	2	3	2	4	0	2	3	2	4	1	1	4	2	2	3	1	3	3	4	4	1	3	2	1	2	3	0	4	1	3	2	0	2	1	0	1
	technolog	tech	0	2	2	3	4	2	2	1	3	3	3	4	3	2	2	3	4	3	3	4	3	4	4	3	4	4	3	4	3	4	3	2	4	1	1	3	4	1	4	4	1	1	4	2	3	2	2	1
	technolog	Technology	0	2	0	1	0	2	0	0	2	0	1	2	0	1	0	0	0	0	0	2	2	2	0	0	0	2	0	0	2	0	0	3	0	0	0	0	0	0	0	1	2	2	1	2	3	1	2	2
	technolog	Technology	0	2	3	2	3	3	3	3	2	2	1	2	1	4	1	4	1	2	1	2	1	2	4	2	3	3	2	1	1	1	1	0	1	1	2	1	2	1	2	3	0	1	1	0	1	3	1	2
	technolog	Science & Technology	4	2	2	2	2	1	1	0	3	2	1	3	1	1	2	1	2	3	2	0	1	1	2	0	2	2	2	2	2	2	2	3	2	0	2	1	2	1	0	1	2	2	1	4	0	1	0	2
	technolog	Technology	2	2	0	3	1	2	2	1	3	4	4	2	2	4	2	2	2	2	4	4	4	4	1	3	4	4	3	1	4	4	4	2	2	4	3	2	2	2	2	2	3	4	4	3	4	2	2	2
	technolog	Technology	0	1	0	4	1	1	4	0	3	3	4	4	4	0	4	0	1	4	3	3	4	4	1	3	1	3	0	4	0	0	0	3	3	1	4	0	4	3	1	0	3	3	4	4	4	4	4	4
	technolog	Technology	2	0	0	4	2	3	1	0	0	3	2	0	0	1	1	1	2	2	3	2	1	4	3	2	2	1	0	1	2	0	0	1	0	2	0	0	0	0	0	0	0	4	4	2	3	2	2	0
	technolog	Science technology	4	2	4	4	2	4	0	1	4	4	4	4	4	4	4	4	0	0	2	0	2	0	2	0	2	2	0	2	0	2	2	1	0	0	0	0	0	1	0	1	2	2	2	0	2	4	0	1
	technolog	Technology	0	1	1	1	0	0	1	1	0	0	0	2	0	0	1	0	1	2	0	4	1	3	3	0	1	2	1	3	2	3	2	0	0	2	0	1	3	2	2	3	2	0	0	0	1	0	3	1
	technolog	Technology	3	1	3	1	0	3	2	1	4	3	3	3	3	3	3	1	1	3	3	3	1	3	4	3	3	2	0	2	0	3	2	1	2	1	3	0	2	1	1	1	0	0	1	0	0	1	0	1
	technolog	Tech	0	0	0	2	0	2	0	0	0	2	2	0	0	2	0	2	0	0	2	2	0	2	2	0	0	2	0	0	0	0	0	0	0	2	0	2	0	2	0	2	0	0	0	0	0	2	0	0
	technolog	technology	2	0	0	4	3	0	0	0	0	3	2	2	0	0	0	0	1	1	3	0	0	0	0	0	1	2	0	1	0	0	0	0	1	0	0	0	0	0	0	0	0	3	3	0	3	1	2	2
	technolog	technology	4	3	0	3	0	4	1	3	3	3	4	3	3	4	3	4	2	4	4	3	4	3	4	4	4	4	4	3	3	4	4	3	0	0	3	0	4	2	0	3	0	2	0	0	4	3	0	2
	technolog	Technology	3	0	0	0	0	2	2	1	4	2	0	1	1	2	2	2	0	1	0	1	2	2	3	3	0	2	0	1	1	0	0	0	2	0	0	0	2	0	3	0	0	0	1	0	2	2	1	0
	technolog	technology	0	1	0	0	0	2	0	1	2	1	1	1	0	1	0	1	0	0	3	0	3	0	0	3	4	3	2	2	3	2	4	2	0	1	0	2	2	1	3	3	2	0	2	2	0	2	1	0
	technolog	technology	0	0	0	1	0	0	0	0	0	0	0	1	0	2	1	0	0	0	0	0	0	0	3	0	1	0	0	0	0	0	0	0	0	0	0	0	3	0	1	1	0	0	1	0	0	0	0	0
	technolog	Science and Technology	0	0	0	0	0	0	0	0	4	4	4	4	2	0	2	0	2	0	2	0	0	4	0	0	2	4	2	0	3	2	0	2	2	0	3	4	0	4	0	0	0	0	0	0	0	0	0	0
	technolog	Technology	2	2	2	2	2	2	2	2	2	2	2	2	2	2	2	2	2	2	3	2	2	3	2	2	3	2	2	3	2	3	2	2	2	2	3	2	3	2	2	3	2	2	2	2	2	3	2	2
	technolog	Technology 	2	0	1	3	0	3	1	2	1	2	2	3	3	2	3	3	1	2	1	0	1	2	0	3	2	2	2	0	2	1	2	2	1	2	2	0	2	2	2	2	0	2	2	0	2	2	2	2
	technolog	Science and Technology	3	0	2	4	0	4	0	0	3	0	0	0	0	0	0	0	1	0	2	2	0	3	0	0	4	3	1	1	2	1	3	0	2	3	3	0	3	2	2	0	3	0	0	3	1	1	1	0
	technolog	Technologies	3	4	0	4	2	4	1	4	3	3	3	2	3	4	3	4	4	4	4	4	4	4	4	4	2	3	2	3	2	3	2	2	1	2	2	2	2	2	1	4	1	3	2	1	3	1	1	4
	technolog	Technology 	4	4	4	4	0	3	4	3	4	4	2	4	1	3	1	4	2	4	4	1	2	4	4	4	4	4	3	3	2	4	4	2	2	1	2	2	4	3	4	4	0	1	3	1	1	0	3	2
	technolog	Technology 	4	1	3	4	1	1	0	1	3	0	3	4	4	3	3	3	2	2	0	2	3	3	4	1	3	4	3	4	1	3	3	3	0	0	2	0	4	0	1	2	3	0	4	3	4	2	3	1
	technolog	Technology	3	2	1	4	2	1	1	1	2	3	3	1	4	4	4	2	0	0	2	0	1	0	1	0	1	1	2	1	0	2	1	1	2	2	2	0	2	0	2	0	2	3	4	3	2	3	3	2
	technolog	Technology 	2	0	0	1	0	0	2	0	3	3	3	2	3	3	3	2	3	3	1	2	1	3	3	2	1	3	2	2	3	2	2	2	3	2	2	2	2	2	1	2	3	2	1	3	3	0	3	1
	technolog	Technology 	0	2	0	0	0	0	0	0	3	1	1	2	2	1	2	1	1	2	4	3	4	4	3	3	2	1	0	3	1	1	3	2	0	2	4	0	3	3	0	2	2	2	0	1	1	1	0	3
	technolog	technology	2	3	2	2	2	4	3	4	2	3	3	0	2	3	3	4	0	0	0	0	0	2	3	2	2	2	0	0	0	3	3	2	0	0	0	0	0	0	0	0	0	0	1	0	0	3	0	0
	technolog	technology	0	0	0	2	0	0	0	0	2	3	3	0	2	0	0	2	0	0	0	0	0	0	0	0	2	4	4	2	4	4	4	4	0	4	4	0	4	4	2	4	4	4	4	4	4	2	4	4
	technolog	Tech	1	0	0	3	0	0	1	0	2	3	0	0	0	0	0	0	0	4	0	0	0	0	0	0	0	0	0	4	0	3	0	0	0	3	1	0	2	3	1	0	0	3	0	0	0	0	0	0
	technolog	Technology	0	0	0	3	0	0	0	0	0	0	0	0	0	0	0	0	0	0	0	0	0	0	2	0	0	0	0	0	0	0	0	0	0	0	0	0	0	0	0	0	0	3	0	0	2	0	0	0
	technolog	Technology	2	2	1	3	2	1	2	2	1	1	2	0	0	2	1	2	0	0	0	0	0	0	0	0	0	2	0	0	0	1	0	0	0	2	1	0	1	2	0	1	0	3	2	0	1	2	0	0
	technolog	Technology 	3	1	2	3	2	2	2	2	3	3	2	2	1	2	2	2	1	2	1	3	2	2	2	2	1	2	2	2	1	3	3	2	1	2	2	2	1	3	3	2	3	3	2	2	1	2	3	2
	technolog	Technology	3	1	3	4	3	4	3	3	3	0	1	1	1	0	1	3	0	0	0	0	1	1	0	0	1	3	0	1	1	1	4	0	1	0	3	1	1	1	3	3	3	3	4	3	4	4	1	3
	technolog	technology 	2	0	2	3	2	2	4	2	1	1	0	2	1	2	2	0	2	2	2	2	2	2	4	3	2	3	3	2	2	4	2	2	2	2	3	2	2	4	0	2	3	4	4	2	2	4	2	0
	technolog	Technology	2	2	3	2	2	4	2	2	2	2	2	2	2	2	2	2	1	2	0	1	2	2	1	1	3	2	2	1	1	1	2	1	2	1	2	1	4	2	2	2	1	0	1	1	3	3	1	1
	technolog	Science and technology	2	3	0	0	0	0	0	0	4	3	4	1	2	3	3	0	1	3	1	0	4	0	0	1	4	4	3	2	3	4	3	3	0	0	3	2	0	0	0	2	2	0	0	0	0	0	0	0
	technolog	Technician	3	3	4	4	4	4	4	4	2	2	2	1	2	2	2	4	1	0	0	1	0	1	3	2	2	0	0	3	1	0	1	1	1	0	2	2	1	0	1	1	1	2	1	1	1	3	1	2
	technolog	tech	4	2	0	4	2	2	3	2	2	2	2	1	3	2	2	2	2	2	2	1	1	3	3	2	1	2	2	2	2	2	1	2	1	2	1	0	2	1	1	2	1	3	3	2	3	3	1	2
	technolog	technology	2	1	3	4	2	2	3	2	3	4	4	3	4	4	4	3	2	4	4	1	1	2	4	2	1	1	3	3	3	3	2	3	3	3	4	2	4	3	3	4	4	2	4	3	3	2	3	4
	technolog	Tech	2	0	4	2	3	2	3	2	2	1	2	3	2	4	2	4	0	0	1	1	1	0	0	0	2	2	2	2	0	0	0	3	0	0	2	0	2	1	1	1	0	3	1	1	1	3	0	3
	technolog	Technology 	2	1	1	3	1	1	2	1	3	1	1	2	1	1	1	1	1	1	3	3	3	3	1	1	3	3	3	1	3	1	2	2	2	3	1	1	1	1	3	2	1	4	3	2	4	3	3	2
	technolog	Technology	2	2	0	3	3	2	2	0	3	3	1	4	3	0	3	1	2	3	3	2	3	2	1	2	3	4	3	3	3	3	3	2	1	2	3	2	4	2	1	1	3	2	4	4	4	4	3	3
	technolog busi	Technology and Business	2	0	0	2	1	1	1	1	1	3	3	1	3	3	3	1	1	3	4	3	4	3	0	3	2	4	3	2	2	2	2	3	3	3	2	2	4	2	3	3	1	4	4	3	2	2	2	3
	technolog comm	Tech comm	0	2	0	0	0	0	0	0	0	3	3	2	3	3	2	3	1	1	4	3	4	3	0	2	3	2	2	0	2	0	0	0	0	0	0	1	0	0	3	0	0	3	0	0	0	2	0	0
	technolog engin	technology engineering	2	2	2	4	4	4	3	3	0	1	0	0	1	1	1	1	3	1	3	2	2	3	2	3	2	1	1	2	2	3	3	2	2	1	3	2	4	3	2	2	1	3	3	3	3	3	2	3
	technolog engin	Technology Engineering	4	0	3	3	1	1	3	1	2	3	3	1	1	3	1	1	3	3	4	3	4	3	3	3	4	3	3	3	4	0	3	3	4	0	3	3	3	3	3	1	3	4	4	4	3	3	3	3
	technolog engin	technology engineering	2	1	1	4	1	1	2	2	1	1	1	2	2	0	3	1	2	2	0	1	1	1	2	2	3	2	2	1	3	2	1	0	1	3	2	0	2	2	3	2	2	1	2	1	0	1	2	2
	technolog engin math	Science and Technology, Engineering and Mathe	4	2	3	2	0	1	2	0	4	4	3	2	4	4	4	0	2	2	1	1	1	1	1	0	4	4	1	4	4	4	4	2	0	2	1	0	2	1	0	1	2	3	2	2	2	2	1	1
	technolog engin mathema	Science, Technology, Engineering, and Mathema	4	2	2	4	4	2	4	1	3	1	4	4	4	4	4	4	0	4	4	3	4	0	0	0	1	3	3	2	2	1	1	3	1	1	3	2	4	0	1	4	1	4	3	2	4	4	0	3
	technolog mvctc	Not a University but a Tech School, MVCTC I s	4	4	3	4	4	4	4	4	4	2	3	2	2	2	3	3	2	2	4	4	3	4	4	3	4	4	4	4	4	2	4	4	2	2	4	0	4	3	4	3	4	4	4	3	4	4	4	3
	techonolog engin	techonology engineering	2	2	1	3	2	2	2	1	2	3	4	1	0	1	0	1	0	4	0	1	4	3	2	4	2	4	2	3	4	2	3	3	0	0	0	0	1	0	0	3	0	1	4	2	3	2	1	2
	tecnic vocat livelihood	Tecnical, Vocational, Livelihood	2	2	0	0	0	0	2	0	0	1	0	1	0	2	0	1	2	3	3	2	2	3	2	2	1	2	0	1	2	2	1	2	3	1	3	2	2	2	0	0	1	0	0	3	0	0	2	2
	tefl	TEFL	4	1	0	3	2	4	4	0	2	4	4	3	1	3	1	2	0	0	0	1	2	0	0	1	2	3	3	3	3	3	4	1	2	3	3	2	3	3	3	4	3	3	3	3	3	4	3	3
	tefl	TEFL	3	3	0	3	2	2	3	2	3	4	3	3	4	3	4	1	1	3	2	1	1	3	3	4	1	4	3	3	3	1	4	2	0	2	0	3	1	1	1	2	0	1	0	0	0	0	0	0
	tefl	TEFL	1	2	1	1	1	2	2	2	3	1	2	4	2	1	2	1	2	2	2	2	3	2	2	1	3	3	3	2	3	3	3	4	1	1	2	1	3	2	1	2	2	3	3	3	4	3	1	3
	tehnic	Tehnic	2	2	1	3	2	2	3	2	1	3	2	2	1	2	2	2	4	3	4	1	3	3	3	3	3	2	3	3	3	4	3	3	3	3	3	2	3	3	4	2	2	2	2	2	3	3	1	2
	teknik	Teknik	4	4	3	4	4	4	4	2	3	4	3	4	3	4	4	2	2	4	4	2	1	2	2	4	2	4	4	2	3	3	3	3	1	1	3	3	2	3	1	2	4	3	4	2	4	4	2	3
	teknik elektro	Teknik elektro	4	2	1	4	3	3	3	2	4	2	2	4	2	2	2	3	2	2	2	1	2	2	2	2	4	4	0	2	4	3	3	4	1	2	4	1	4	2	2	4	3	2	3	2	4	3	3	4
	teknik elektro	Teknik Elektro	2	3	4	4	4	3	3	3	3	0	2	3	2	2	2	1	4	3	1	1	1	1	4	3	3	3	1	1	1	2	3	4	3	4	3	0	2	1	4	3	2	3	2	1	2	3	2	2
	teknik elektro	Teknik Elektro	4	3	1	3	3	4	3	2	3	2	2	2	2	3	2	2	4	3	3	3	1	4	3	3	3	3	0	4	2	4	4	4	3	3	2	1	3	3	1	3	3	4	4	2	3	3	3	4
	teknik elektro	Teknik Elektro	2	3	3	3	2	2	2	2	2	3	3	3	2	2	2	3	4	3	3	3	3	4	3	3	2	3	3	3	3	2	2	2	2	2	2	2	2	2	1	2	2	2	3	2	2	2	2	2
	telecom	telecom	3	2	2	3	2	2	3	2	2	1	2	2	2	1	2	2	1	2	3	1	3	1	3	2	3	2	3	3	3	2	3	2	2	3	3	2	3	3	3	2	3	3	3	3	3	3	3	3
	telecom	Telecom	0	3	4	3	1	3	1	1	2	4	4	3	3	4	3	2	4	2	4	3	2	0	4	4	2	1	2	4	0	2	3	0	0	0	1	1	1	1	0	2	0	0	0	0	0	0	0	0
	telecom engin	Telecom engineering	3	1	1	3	3	3	1	1	4	3	3	4	3	3	3	4	3	3	3	4	3	4	1	3	3	3	4	4	3	4	4	1	1	1	1	1	1	1	1	3	1	3	3	1	3	1	3	1
	telecom engin	telecoms engineering	0	0	0	0	0	1	0	0	1	1	1	3	2	2	1	0	3	3	2	3	4	3	0	0	4	0	0	1	1	0	3	0	0	0	0	0	2	0	0	0	0	0	0	0	2	3	0	0
	telecom engin	Telecom engineering	3	2	1	1	4	0	2	0	4	4	4	2	3	4	4	2	3	4	4	3	4	3	0	4	4	4	4	3	4	0	2	3	1	3	3	2	3	3	1	2	2	2	0	4	3	3	1	1
	telecom engin	Telecom engineering	1	4	1	4	1	3	2	3	2	3	3	2	2	2	2	3	0	2	3	0	2	2	2	3	3	3	3	1	1	1	1	1	0	1	1	1	1	2	2	2	1	3	3	1	2	2	2	0
	telecomun engin	Telecomunication Engineering	1	1	1	1	0	1	0	0	3	4	4	4	4	3	3	3	1	4	4	3	4	1	3	3	4	3	4	4	3	1	3	4	3	0	3	1	3	3	1	1	0	0	1	0	1	0	0	1
	televis	Television	1	3	0	0	0	3	0	3	1	4	4	2	0	4	0	0	3	0	4	3	3	4	3	4	4	3	1	3	3	1	3	2	0	0	1	2	1	3	0	2	0	0	0	1	3	1	2	0
	televis	Television 	2	2	1	1	1	2	1	2	3	3	2	1	2	3	2	1	3	4	3	4	4	4	4	4	3	4	3	3	3	2	4	4	0	0	1	1	2	0	2	3	0	1	0	1	1	1	1	1
	televis	Television 	0	0	2	0	0	0	0	0	1	3	4	0	1	4	0	4	3	4	4	3	4	4	4	4	2	3	0	3	0	3	2	1	0	0	0	0	0	1	0	1	0	0	0	0	0	0	0	0
	televis	Television.	0	0	0	0	0	2	0	0	2	3	3	3	2	3	2	3	1	3	3	4	4	2	0	4	3	3	3	2	3	1	2	2	0	0	2	0	3	0	0	0	0	0	1	0	0	0	0	0
	televis product	Television Production	2	2	3	3	2	2	2	1	3	2	3	2	3	4	3	3	3	3	3	4	4	4	4	4	1	2	1	3	1	1	1	1	0	0	0	1	2	0	0	0	0	2	1	1	1	1	0	0
	televis product	Television production	0	0	0	2	0	0	0	0	2	4	4	2	0	4	0	1	2	4	2	2	3	2	1	2	4	4	4	3	4	3	4	3	0	0	0	0	3	0	0	2	0	0	0	2	2	0	0	0
	televis product	Television Production	0	0	1	0	0	1	0	0	0	3	1	1	0	2	0	2	2	3	2	3	3	2	3	3	4	3	3	0	4	2	1	1	0	0	0	0	2	0	0	0	0	0	0	0	0	0	0	0
	televis radio	Television-Radio	3	1	0	3	0	1	3	0	1	3	3	4	2	3	2	3	2	3	3	4	4	4	4	4	3	1	1	1	2	1	2	1	0	2	1	2	1	0	3	4	0	0	0	0	1	0	0	1
	televis radio	television radio	1	0	1	1	0	0	0	0	3	3	3	2	3	3	3	3	1	2	2	2	3	2	3	3	2	3	2	3	2	1	2	1	1	2	1	1	2	1	1	3	1	1	1	0	0	1	0	0
	templar train	Templar training	3	3	2	2	1	2	2	3	1	2	2	0	1	2	1	2	1	1	1	1	1	1	1	1	0	3	0	1	0	1	1	1	1	1	3	1	3	2	1	1	3	3	3	3	3	2	1	3
	terminolog lexicographi	Terminology and lexicography	1	2	0	1	1	1	0	3	1	1	2	1	2	3	2	3	0	1	1	1	1	2	0	1	1	2	0	1	1	1	1	1	1	1	2	0	1	1	1	0	1	2	2	2	2	1	2	2
	terrorist	Terrorists	0	0	0	0	0	0	0	0	0	0	0	0	0	0	0	0	0	0	0	0	0	0	0	0	0	0	0	0	0	0	0	0	0	0	0	0	0	0	0	0	0	0	0	0	0	0	0	0
	tesel	TESEL	4	3	2	2	2	2	3	1	4	2	2	3	2	3	2	1	4	3	2	3	3	2	3	1	4	3	2	2	3	3	3	2	4	3	4	2	3	3	1	2	3	3	3	2	3	2	1	1
	tesel muet mascom	TESEL / MUET/ MASCOM	4	2	3	2	3	2	3	1	4	2	2	3	3	2	3	1	4	3	2	3	4	3	4	2	4	3	3	3	4	4	4	2	3	2	4	3	4	4	2	0	2	2	2	3	3	2	1	1
	tesl	TESL	2	0	0	0	0	0	0	0	0	1	1	1	0	0	0	0	4	3	3	4	3	4	2	4	3	4	4	1	4	4	4	4	1	1	1	2	1	3	0	3	0	1	0	0	3	0	0	0
	tesl	TESL	3	3	1	0	2	1	2	0	4	4	4	3	4	4	4	4	2	4	2	3	4	4	4	4	3	4	4	4	4	4	4	4	2	4	4	2	4	4	2	4	4	3	2	3	2	4	3	4
	tesl	TESL	0	0	0	0	0	0	0	0	0	0	0	0	0	0	0	0	4	2	2	4	2	4	1	2	2	4	2	0	4	4	4	4	0	0	0	2	0	2	0	3	0	0	0	0	2	0	0	0
	tesl	tesl	4	2	2	2	2	3	3	2	3	4	4	2	3	4	3	2	1	0	2	2	1	2	1	2	3	2	3	3	2	3	3	3	2	3	2	3	2	3	3	4	0	3	2	2	1	2	1	2
	tesl	TESL	4	3	0	1	2	3	4	2	4	2	2	3	2	4	4	4	0	2	4	4	4	4	3	3	3	2	2	4	4	4	4	4	1	3	3	4	4	4	3	4	2	4	4	4	4	2	4	4
	tesl	TESL	0	2	0	0	0	0	0	2	2	4	4	2	2	4	2	4	2	4	2	2	4	4	2	4	0	2	2	4	2	4	4	4	2	2	4	4	0	4	0	4	4	0	0	0	0	2	0	2
	tesl	TESL	1	1	0	0	0	0	1	1	3	3	3	1	3	2	2	0	2	4	3	3	3	3	1	3	2	4	2	3	2	2	4	4	0	2	3	3	1	1	0	3	1	1	2	1	0	1	0	1
	tesl	tesl	4	0	0	1	1	1	1	1	1	2	0	0	0	2	2	1	0	0	0	0	0	2	0	1	0	3	2	0	2	2	1	2	0	0	4	0	2	1	1	0	1	0	4	3	2	2	1	2
	tesl	tesl	3	2	2	0	0	1	2	2	3	2	3	1	1	2	1	2	1	4	4	2	4	4	3	4	4	4	3	4	4	4	4	4	1	1	2	3	1	3	1	3	2	2	2	3	1	2	2	2
	tesl	tesl	4	2	2	2	0	0	1	0	0	0	0	2	2	2	2	0	0	0	2	4	2	1	4	0	4	0	2	4	4	4	2	3	2	0	4	2	4	3	3	1	4	2	4	2	2	0	4	1
	tesol	TESOL	0	2	2	0	2	2	0	2	0	4	3	1	2	3	2	1	3	4	2	4	4	3	3	1	3	4	4	4	4	3	3	2	3	1	3	1	2	2	1	1	0	0	0	0	0	1	0	0
	tesol	TESOL	2	3	0	2	0	3	3	4	4	2	0	0	0	0	2	0	3	4	4	1	1	4	0	4	4	3	3	4	4	4	3	3	4	3	4	3	3	4	4	4	2	4	2	4	4	4	3	4
	tesol	TESOL	0	1	2	1	0	2	0	1	3	3	2	1	1	3	0	2	1	0	2	1	3	2	2	2	4	4	1	3	4	1	3	2	0	0	3	1	2	2	3	0	0	1	0	0	0	2	0	0
	tesol	TESOL	2	4	2	4	3	4	3	4	4	4	4	2	4	4	4	4	2	2	0	3	4	0	0	0	4	2	3	1	1	0	1	0	0	0	4	0	0	2	0	3	4	4	4	4	4	2	2	4
	test	test	0	1	0	0	0	0	0	0	1	1	0	0	0	0	0	0	1	1	0	0	0	0	0	0	1	1	0	0	0	0	0	0	1	0	0	0	0	0	0	0	1	0	0	0	0	0	0	0
	texa	texas a&m	0	4	0	0	0	0	2	0	0	4	4	0	0	4	0	0	0	0	1	0	0	0	4	0	0	4	0	4	0	4	0	0	0	2	2	0	4	0	0	0	2	4	0	4	4	2	0	0
	texil	Texiles	0	1	1	0	1	0	2	1	0	1	1	0	0	1	0	0	1	3	3	2	3	2	1	4	2	3	3	2	2	3	3	3	3	4	2	2	3	3	3	3	1	3	2	1	0	2	0	2
	textil	Textiles	3	0	0	1	0	1	1	0	0	0	0	1	1	1	1	0	1	1	4	1	2	2	2	2	4	2	2	3	4	3	3	2	3	4	4	2	3	4	3	3	3	3	2	3	1	2	2	3
	textil	textiles	3	2	0	2	0	1	1	2	3	3	3	3	3	3	2	2	1	0	3	2	0	2	2	2	1	3	2	3	2	4	2	2	0	2	1	2	2	1	2	0	3	2	3	3	2	3	3	3
	textil	Textiles	3	4	2	3	3	4	3	0	3	4	3	2	3	4	3	3	2	1	4	1	3	4	0	4	3	4	1	0	1	0	3	1	3	0	1	0	1	0	1	2	4	3	3	3	4	3	1	3
	textil	Textile	4	4	0	2	3	3	2	3	2	3	3	3	1	4	3	4	3	4	4	4	2	4	2	4	4	2	4	3	4	4	4	4	3	3	3	4	3	4	3	4	2	2	3	2	2	3	2	3
	textil	Textile	4	4	2	0	0	2	4	4	3	1	1	0	0	0	0	0	2	4	4	2	4	4	4	4	3	4	4	4	4	4	4	2	4	3	4	4	4	4	4	2	2	2	4	4	0	2	0	2
	textil	Textiles 	2	2	0	2	0	3	0	0	0	3	0	0	0	0	0	0	0	4	4	0	3	0	0	4	3	4	3	0	3	3	4	2	0	3	3	1	2	3	4	2	0	3	0	0	0	2	0	0
	textil	Textiles	2	0	0	0	0	0	0	0	2	4	3	0	3	4	2	4	0	0	3	0	0	0	0	0	2	3	3	0	4	0	0	0	1	0	0	0	0	0	0	0	0	0	1	1	2	3	0	2
	textil	Textiles	3	3	1	3	2	3	2	3	3	3	3	3	3	3	3	2	2	1	3	2	1	2	1	3	3	3	2	2	3	2	3	2	1	1	3	1	1	2	1	3	2	2	2	3	2	2	2	2
	textil	Textiles	2	1	0	1	0	1	0	0	3	3	2	1	2	3	2	2	3	3	3	2	2	3	3	3	1	3	2	2	1	3	2	2	1	0	1	1	3	0	1	2	3	1	1	2	0	0	1	2
	textil	Textiles	2	3	0	0	1	2	0	2	4	0	2	2	0	0	2	3	3	2	4	2	2	2	2	4	2	4	2	3	3	2	2	3	0	0	2	2	2	0	2	2	2	0	0	3	0	2	2	2
	textil engin	Textile Engineering	3	1	0	3	0	4	0	3	3	3	3	2	2	2	1	3	1	2	2	2	2	2	2	2	2	2	3	3	2	1	2	1	0	0	2	0	3	1	1	1	0	0	1	0	3	2	0	0
	textil engin	Textile engineering	2	1	2	1	1	2	1	1	3	1	2	1	1	1	1	2	2	2	1	2	2	3	1	1	3	3	1	3	2	2	2	3	3	1	2	1	3	2	2	1	2	2	1	2	3	2	3	2
	textil engin	Textile Engineering	4	0	0	0	0	1	0	0	2	3	3	3	0	0	0	0	2	4	1	4	4	3	0	2	4	4	1	1	4	0	4	1	2	2	1	0	4	4	2	0	4	0	0	2	2	1	1	0
	textil engin	textile engineering	3	4	2	3	2	4	4	3	3	4	3	3	2	2	2	2	3	4	4	4	3	2	0	3	4	3	3	3	4	3	3	4	4	3	3	0	4	2	0	0	4	3	3	4	4	4	4	3
	textil engin	textile engineering	4	4	4	4	4	4	4	3	4	4	4	4	0	4	0	4	4	4	4	0	2	4	2	4	4	4	4	2	3	3	4	4	0	3	4	0	3	4	0	4	4	4	4	4	3	1	0	3
	textil fiber art	textile and fiber arts	4	0	0	2	3	1	3	3	0	4	4	0	0	0	0	4	4	4	4	4	4	4	4	4	4	4	4	4	4	3	3	4	4	4	4	0	4	3	0	0	4	0	2	4	0	0	0	3
	textil merchandis	Textile Merchandising	4	3	0	0	0	0	4	3	2	0	0	0	0	0	0	0	2	4	4	4	4	4	0	4	1	4	4	4	4	4	4	3	2	4	3	4	2	4	2	3	3	2	0	4	0	2	1	4
	textil merchandis	textiles and merchandising	0	0	0	0	0	0	0	0	0	0	0	1	0	0	0	0	0	0	4	1	0	0	0	4	2	3	2	1	2	3	2	2	1	3	0	3	4	4	1	3	1	1	0	1	0	2	0	0
	thanatolog	Thanatology	1	0	0	0	0	0	1	0	3	3	3	3	4	3	3	1	3	4	1	4	4	3	3	3	1	3	3	3	3	3	3	1	0	1	3	1	1	3	1	3	1	1	1	2	1	1	1	1
	that took test	not know yet thats why i took the test	2	2	1	3	3	2	3	3	3	2	0	2	0	1	1	3	0	0	0	0	0	1	0	0	2	1	0	1	1	1	2	0	1	1	0	1	0	0	0	2	2	1	0	3	3	3	2	3
	thear	theare	0	2	1	1	0	2	0	2	1	2	2	1	0	3	0	2	3	3	2	1	2	3	0	3	2	3	0	1	2	3	2	2	0	1	0	1	2	0	0	3	0	1	0	0	0	0	0	0
	theatr actress	Theatre ( I am a actress )	0	0	0	0	0	0	0	0	0	1	0	0	0	0	0	0	3	3	3	3	4	3	4	2	1	4	2	2	3	2	2	3	0	3	0	3	0	3	0	2	0	0	0	0	0	0	0	0
	theatr art	Theatre Arts 	0	0	0	0	0	2	0	0	0	3	0	0	0	2	0	0	1	3	0	2	4	4	4	2	2	3	2	3	2	0	1	3	0	0	0	0	0	0	0	0	0	0	0	0	0	0	0	0
	theatr art	theatre and art	2	1	1	2	0	1	1	1	3	4	4	4	3	3	2	4	3	2	3	3	4	4	0	3	1	3	2	2	1	1	2	3	0	0	1	1	2	0	0	1	0	2	0	0	0	0	0	0
	theatr art	Theatre Arts	2	2	0	4	0	2	0	2	0	4	4	4	0	4	2	4	3	4	3	4	4	3	4	4	0	0	0	0	0	0	0	0	2	0	0	0	0	0	2	0	0	0	0	0	0	0	0	0
	theatr art	Theatre Arts	0	1	0	0	0	0	0	0	1	3	2	0	1	3	2	1	3	4	4	3	4	4	4	4	2	3	0	4	0	1	2	0	0	1	1	1	1	2	1	1	0	0	0	0	0	0	0	0
	theatr art	Theatre arts	2	3	0	0	0	3	1	2	4	4	4	0	4	4	3	2	0	3	2	0	2	0	0	3	3	2	2	0	2	3	3	0	0	0	3	0	0	0	3	0	0	0	2	0	0	1	0	0
	theatr art	Theatre Arts	2	3	1	2	1	2	2	2	3	3	3	3	1	3	2	4	4	3	4	4	4	3	3	4	2	3	2	2	2	2	3	3	0	1	1	2	1	1	1	3	2	2	2	2	2	2	1	2
	theatr art	Theatre Arts	3	0	0	0	1	2	0	0	2	4	1	0	1	3	0	1	2	4	1	3	4	2	4	3	4	2	4	1	4	1	3	4	1	2	2	3	0	3	0	1	0	0	0	2	0	0	0	1
	theatr art	Theatre Arts	0	0	0	0	0	0	0	0	2	2	0	0	0	0	0	0	0	4	1	4	3	2	3	3	0	3	0	1	1	2	2	2	0	2	0	0	0	0	0	0	0	0	0	0	0	0	0	0
	theatr art	Theatre Arts	3	2	1	1	1	3	0	3	3	2	2	1	3	3	2	2	4	4	3	4	4	4	4	4	2	3	3	3	2	4	4	3	0	0	1	1	2	1	2	2	0	2	2	2	2	2	1	2
	theatr art	Theatre Arts 	0	0	0	0	0	0	0	0	0	0	0	0	0	0	0	0	1	3	1	3	4	4	4	3	4	4	3	1	3	4	3	3	2	3	4	3	3	3	4	3	0	0	0	0	0	0	3	0
	theatr art	Theatre Arts	0	1	0	0	0	0	1	1	2	2	1	2	1	2	1	0	2	3	2	3	3	2	2	3	2	2	1	3	2	2	2	1	0	0	1	3	1	2	1	0	0	1	0	0	0	0	0	0
	theatr art	Major in Theatre Arts	3	4	1	2	3	3	3	3	4	3	4	0	4	4	4	4	4	4	0	4	4	4	4	1	3	3	3	1	3	4	4	3	4	4	3	3	4	2	4	4	1	0	0	0	0	3	1	1
	theatr art	Theatre Arts	0	3	0	3	0	3	1	1	3	1	0	0	0	1	0	0	3	4	4	4	4	4	3	4	3	3	1	3	1	3	1	1	0	1	3	3	1	1	3	1	0	1	0	1	0	0	0	0
	theatr art	Theatre Arts	0	0	0	0	0	0	0	0	4	3	3	2	2	3	2	0	4	4	4	4	4	4	2	4	4	4	3	3	3	3	4	2	0	0	0	0	2	0	0	0	0	0	0	0	0	0	0	0
	theatr art	Theatre arts	1	0	1	0	0	1	0	0	2	1	1	0	0	3	0	3	1	4	3	3	4	3	4	3	2	2	3	2	3	2	2	1	1	2	1	3	1	2	2	3	0	1	1	1	1	1	1	1
	theatr art	Theatre arts 	4	4	0	0	0	0	4	0	4	4	4	4	0	4	0	4	0	4	4	0	0	0	4	4	4	4	4	4	4	4	4	4	4	4	0	0	4	4	4	4	2	0	0	0	0	0	0	4
	theatr art	Theatre Arts	1	2	0	2	1	2	2	2	1	2	1	1	1	2	1	1	3	3	3	3	3	3	3	4	3	3	1	1	3	2	2	1	1	1	1	1	1	1	1	1	1	1	1	1	1	1	1	1
	theatr art	Theatre Arts	0	0	0	0	0	0	0	0	4	0	1	0	1	0	0	0	2	4	2	4	4	3	0	4	3	4	4	2	4	4	4	1	1	1	0	1	3	0	0	0	2	0	0	0	0	0	0	0
	theatr art communic	Theatre arts/communication	0	0	0	0	0	0	0	0	0	0	0	0	0	0	0	0	1	4	2	3	4	2	4	2	3	2	1	2	2	3	2	1	1	0	0	0	1	0	0	1	0	0	0	0	0	0	0	1
	theatr arta	Theatre Arta	1	0	1	0	1	0	1	0	3	0	0	1	3	3	2	3	3	4	3	3	3	1	4	3	3	3	3	3	3	4	4	1	1	3	3	3	3	3	3	4	0	1	1	1	1	1	2	1
	theatr busi	Theatre/Business	1	2	0	1	0	1	1	2	1	3	3	0	1	4	1	1	3	4	2	3	3	4	2	2	4	3	1	1	2	0	1	1	2	2	3	0	4	1	2	1	2	2	3	1	2	1	3	1
	theatr danc	theatre/dance	4	2	0	1	0	4	0	2	4	3	1	2	2	3	2	0	3	2	1	2	2	4	2	0	4	2	1	4	4	2	4	1	0	2	0	0	4	0	2	0	3	3	4	4	2	4	3	3
	theatr desgin	Theatre Desgin	2	3	0	4	2	2	0	0	4	4	0	2	1	2	4	0	2	4	4	0	4	0	4	4	3	4	4	0	4	4	4	4	0	2	2	4	4	0	0	4	1	0	0	3	2	2	0	0
	theatr direct	Theatre Directing	0	2	1	1	0	1	1	0	2	3	4	1	2	3	1	3	2	4	3	4	4	4	2	4	3	3	4	3	4	2	3	3	0	1	0	1	1	1	0	1	0	0	0	0	1	2	0	0
	theatr perform	Theatre Performance	2	1	0	1	0	0	1	1	3	3	3	0	1	3	0	0	1	4	3	1	4	3	1	3	1	3	1	0	3	1	1	3	0	2	0	1	2	3	1	1	0	2	0	4	1	2	1	3
	theatr perform	Theatre: Performance	0	3	0	0	0	2	0	2	2	1	0	0	0	1	2	0	0	4	0	1	4	3	4	4	0	4	3	3	4	3	4	4	0	0	1	0	0	0	0	2	0	0	0	0	0	4	0	0
	theatr perform	THEATRE AND PERFORMANCE	3	0	0	0	0	0	0	0	3	3	3	0	3	3	3	3	4	4	4	4	4	4	4	4	2	4	3	2	3	4	3	3	0	0	2	0	0	0	0	2	3	3	0	3	0	0	0	3
	theatr perform	Theatre Performance	0	3	4	0	3	3	0	3	3	3	3	4	3	3	3	3	3	3	3	4	3	4	2	2	0	3	1	1	2	0	3	1	0	0	0	0	0	0	0	0	0	0	0	0	0	0	0	0
	theatr technolog	theatre tech	2	1	1	3	0	4	1	1	1	4	3	0	1	3	1	1	3	3	1	0	2	1	3	4	3	4	1	1	3	2	2	3	1	2	3	0	2	2	3	3	2	2	1	0	2	3	2	1
	theatre´´	``Theatre´´	2	2	2	2	2	2	2	2	3	3	2	3	2	2	2	2	2	4	3	3	4	3	4	3	3	3	2	3	3	3	4	3	4	2	3	3	2	3	2	3	2	2	2	2	2	2	2	2
	theatric	Theatrics	2	0	0	0	0	2	0	0	1	3	3	0	0	3	0	3	4	4	1	3	4	4	4	4	2	4	3	1	3	3	3	3	1	1	1	0	1	0	0	3	0	2	0	0	0	0	0	0
	theatric art	theatrical arts	2	2	1	2	1	2	1	2	2	1	1	2	2	0	2	0	2	4	4	4	4	4	4	4	4	3	2	2	2	2	3	2	1	1	1	4	4	3	3	2	1	2	1	2	1	2	0	2
	theatric art	Theatrical Arts	2	2	0	2	0	1	0	1	2	1	0	0	0	0	0	0	2	4	2	4	4	4	3	2	2	3	2	2	2	2	2	2	1	3	1	0	2	2	0	2	1	3	0	2	2	2	0	2
	theatric art	Theatrical Arts	0	0	0	0	0	0	0	0	4	3	3	0	4	4	3	3	2	4	2	4	4	4	3	3	3	4	3	4	3	2	1	2	1	0	1	1	1	2	0	0	0	0	0	0	0	0	0	0
	theatrolog	Theatrology	3	1	1	1	0	1	1	0	2	3	3	3	1	4	1	3	4	4	4	3	4	3	1	3	3	4	3	1	3	0	1	2	0	0	0	1	0	1	0	3	0	1	0	0	0	1	0	0
	thech	thech	4	2	3	2	3	2	2	1	4	1	3	1	3	4	2	1	3	4	2	2	2	1	3	2	4	2	4	2	3	4	1	2	1	4	3	1	3	4	3	1	2	3	3	2	3	3	3	4
	theori	THEORY	2	0	0	0	1	2	1	1	4	4	4	4	4	4	4	4	2	2	2	2	4	2	2	2	4	4	4	4	4	4	4	4	0	2	2	0	1	1	0	2	0	4	2	2	2	0	0	2
	therapeut rec	Therapeutic rec	2	2	0	0	1	0	0	0	3	3	1	3	1	2	0	1	3	2	2	4	4	3	4	4	3	4	4	4	4	3	3	4	0	1	1	1	0	0	0	2	0	1	0	2	0	0	0	0
	therapeut recreat	Therapeutic Recreation	0	0	0	0	0	1	0	0	2	2	1	3	1	1	0	1	3	3	3	3	2	4	2	3	2	3	3	3	3	4	3	3	1	3	2	2	2	3	1	2	1	2	1	1	1	1	1	1
	therapeut recreat	Therapeutic Recreation 	0	0	0	0	0	0	0	1	1	3	2	0	2	1	0	2	0	3	0	0	0	0	1	2	3	3	3	4	3	2	1	4	1	0	1	2	1	1	2	2	0	0	1	1	0	0	1	0
	therapeut recreat	Therapeutic Recreation 	0	1	0	0	0	0	0	0	3	2	2	2	3	3	2	2	1	1	2	2	1	4	1	2	3	3	3	2	4	4	4	3	0	1	1	2	0	1	1	1	1	0	1	1	2	2	1	0
	therapeut recreat	Therapeutic Recreation	0	2	0	0	0	0	0	2	4	4	4	3	4	4	3	1	2	2	3	2	4	3	3	2	3	4	4	4	4	4	4	4	0	0	0	2	0	0	3	2	0	2	0	0	0	0	0	0
	therapeut recreat	Therapeutic recreation	0	0	0	0	0	0	0	0	4	0	0	0	0	4	0	0	0	0	0	0	0	0	0	0	4	3	4	4	4	4	4	4	0	0	0	0	0	2	0	0	2	0	3	0	0	0	4	0
	therapeut recreat	Therapeutic Recreation	4	0	0	3	0	0	0	0	3	3	3	4	3	3	3	0	0	0	2	0	0	0	0	0	4	4	4	4	4	4	4	4	1	3	1	0	1	2	0	0	3	3	1	3	3	0	0	0
	therapeut recreat	Therapeutic Recreation	1	0	0	0	1	1	1	0	1	3	3	3	1	3	0	2	3	4	1	3	3	3	2	3	3	3	4	2	4	4	4	4	2	2	3	1	3	1	2	3	0	1	0	1	1	1	0	0
	therapeut recreat	Therapeutic Recreation	2	3	1	3	1	3	1	2	4	3	4	4	4	4	4	2	2	1	3	3	1	3	2	2	3	3	3	3	3	2	3	4	3	2	2	2	1	4	2	2	2	2	2	2	1	1	2	1
	therapeut recreat gerontolog	Therapeutic Recreation Gerontology	0	0	0	0	0	0	0	0	3	1	0	1	0	1	0	2	0	0	4	3	1	0	3	4	2	4	2	4	4	4	4	4	3	4	4	4	2	4	4	4	4	4	4	4	1	2	4	4
	therapeut recreat gerontolog	Therapeutic Recreation- Gerontology (was in A	0	2	0	0	0	0	0	0	2	3	2	2	0	2	1	3	0	0	0	1	0	3	3	0	3	4	4	4	3	4	4	4	3	0	1	1	2	2	3	1	3	0	0	0	0	0	1	0
	therapi	therapy	0	2	0	0	0	3	1	3	0	2	0	0	0	0	0	0	0	0	4	0	1	0	0	3	4	4	1	3	2	3	2	2	0	0	3	3	1	3	4	4	2	1	2	3	0	2	3	3
	therapi	Therapy 	0	1	0	1	0	0	0	0	4	3	3	4	4	3	4	2	2	0	2	3	2	2	3	0	3	0	4	4	3	1	1	3	0	0	0	0	1	0	2	1	0	0	0	0	0	1	0	0
	therapi	therapy	0	0	0	0	0	0	0	0	2	3	2	2	0	2	0	0	0	0	1	0	0	1	0	0	1	2	2	2	4	1	2	1	0	2	0	2	2	2	3	0	3	0	0	2	0	2	2	0
	therapi	Therapy	3	2	1	3	1	3	3	3	3	3	3	3	3	2	2	2	1	1	1	3	2	3	1	3	3	3	3	2	3	3	3	3	2	2	2	1	3	2	2	2	3	3	3	3	3	3	3	3
	therapi	therapy 	2	0	0	0	0	0	4	4	4	4	4	4	4	4	4	4	4	4	4	4	4	4	4	4	4	4	4	4	4	4	4	4	4	4	4	4	4	4	4	4	4	4	4	4	4	4	4	4
	therapi	Therapy 	0	0	0	1	0	0	0	0	2	1	1	3	0	1	2	1	0	0	0	0	1	0	0	0	2	1	3	0	2	1	1	1	0	0	0	0	0	1	0	0	2	1	1	1	0	1	2	0
	therapi	Therapy	0	0	0	0	0	0	0	0	2	0	0	2	0	0	0	0	0	0	0	0	0	0	0	0	3	4	3	2	4	4	4	3	0	2	0	2	0	3	4	4	0	0	0	2	0	0	2	0
	therapi	therapy 	0	0	0	0	0	0	0	2	4	3	0	4	0	0	1	0	0	0	0	0	0	0	0	0	2	4	2	4	1	4	4	2	0	1	4	3	4	4	1	0	2	1	2	3	3	4	2	3
	therapi	Therapy	0	0	0	1	0	0	0	0	2	0	3	3	3	2	3	2	1	1	2	2	3	1	1	3	3	3	2	2	2	3	4	2	1	2	1	2	2	3	3	3	0	2	3	2	2	3	1	2
	therapi	therapy	0	0	1	0	0	0	0	0	4	4	4	4	2	4	2	4	2	2	4	3	3	3	3	3	0	3	0	1	3	0	0	2	0	0	0	0	0	0	0	3	0	0	0	0	0	0	0	0
	think	Have not think about that yet	4	0	0	1	0	0	0	0	0	0	0	1	1	0	0	0	0	0	0	0	1	0	0	0	2	2	2	1	3	1	1	2	3	0	1	0	2	0	0	1	0	2	1	0	1	0	1	1
	thretr	Thretre	1	2	1	0	0	0	0	0	3	3	0	0	0	0	0	0	3	4	3	4	4	4	4	4	2	3	0	4	3	4	3	1	2	1	0	4	0	3	2	4	2	1	0	1	0	0	0	0
	tieng anh	tieng anh	4	0	0	2	1	0	0	0	4	3	4	4	4	3	4	0	0	0	3	0	0	3	4	0	4	4	3	3	4	2	1	3	1	2	3	0	2	4	0	2	2	2	4	4	0	0	2	4
	tig weld	TIG Welding	2	2	2	2	2	2	2	1	4	3	2	3	3	2	3	2	1	0	0	1	1	0	1	0	2	2	3	0	3	0	0	2	0	3	1	0	0	1	0	3	0	3	0	2	0	0	0	0
	tle	TLE	2	4	2	4	0	4	4	4	2	4	4	2	2	4	4	4	4	4	4	0	2	0	2	4	4	4	4	4	4	4	4	4	4	4	4	4	4	4	4	4	4	4	4	4	2	4	4	4
	tour	tour	0	0	1	0	0	0	3	0	0	1	2	0	0	1	0	2	1	4	1	2	2	4	2	1	2	2	0	1	1	2	3	1	2	1	1	2	2	1	2	3	1	2	2	1	0	3	3	2
	tour guid	tour guide	2	0	0	0	0	0	2	0	1	0	0	2	3	0	4	0	0	0	0	0	0	0	0	0	0	0	1	0	4	0	0	0	2	2	2	2	0	3	3	0	0	3	1	2	1	0	1	2
	town plan	town planning	1	2	0	0	0	2	0	0	3	3	2	2	1	2	1	2	3	4	4	3	3	4	2	4	3	2	2	1	2	2	2	0	1	2	3	0	2	3	2	3	0	0	0	0	0	1	0	0
	town plan	town planning	1	2	3	1	1	2	2	2	2	1	2	2	1	2	1	3	3	3	2	3	3	3	3	2	3	3	3	3	3	3	3	3	0	0	3	1	3	2	1	2	2	2	2	2	3	3	1	2
	town plan	Town Planning	1	3	0	0	1	3	1	2	1	1	0	1	2	1	1	1	0	4	3	2	2	1	1	3	4	4	4	1	3	0	3	3	1	1	4	3	4	3	4	3	0	2	1	1	0	1	0	0
	town plan	Town Planning	1	1	0	2	0	1	0	3	0	0	0	0	0	0	0	2	0	3	3	0	3	2	1	4	3	4	2	4	4	4	4	4	4	1	4	4	2	2	2	2	2	1	3	2	2	2	1	2
	town plan	Town Planning	1	3	0	0	0	0	0	0	3	3	3	2	2	0	1	3	1	1	1	3	3	0	2	2	3	2	0	3	2	1	2	2	1	0	1	1	3	0	0	0	0	0	0	0	1	0	0	0
	town plan	TOWN PLANNING	2	2	2	2	1	2	2	3	4	0	0	0	1	0	1	3	4	2	0	2	4	2	3	3	2	2	2	3	3	3	3	3	4	2	3	3	3	3	3	4	2	2	4	3	2	3	3	2
	town plan	Town planning	3	2	4	1	0	2	3	0	1	2	4	0	0	1	1	0	2	3	4	4	4	2	0	1	2	4	3	1	2	4	3	3	3	4	2	1	2	4	2	4	3	3	3	0	3	3	1	3
	town plan	Town Planning	2	2	1	2	2	2	2	2	3	2	2	2	0	2	0	0	2	3	2	2	2	2	2	2	3	3	2	4	2	2	0	3	4	0	4	3	4	4	0	0	3	2	3	2	3	2	4	2
	town plan	town planning	0	2	0	0	1	0	2	3	0	0	0	2	0	0	0	2	2	3	4	1	4	1	2	4	4	4	3	4	4	4	4	4	4	1	4	4	3	1	2	2	4	2	4	4	1	2	0	2
	town plan	town planning	4	3	1	4	4	3	2	2	3	4	3	3	4	3	3	3	3	4	4	1	2	3	4	3	4	4	3	3	3	4	4	4	3	2	3	3	4	2	3	3	1	2	2	4	2	3	1	1
	town plan	town planning	2	3	0	3	0	3	3	1	3	4	4	3	1	4	3	4	2	0	3	3	3	4	0	3	1	3	1	4	4	2	4	3	0	2	2	0	3	2	2	3	1	1	2	2	3	3	0	3
	town plan	Town Planning 	2	1	1	2	1	3	1	2	3	2	1	3	3	2	2	2	4	2	1	1	2	3	2	2	4	2	2	2	2	2	1	1	2	1	1	2	3	1	3	1	1	1	1	1	1	1	2	1
	town planner	town planner	3	3	0	3	1	1	0	3	0	3	1	0	0	0	0	1	0	3	3	1	0	0	1	4	4	4	1	2	1	4	3	0	1	1	3	1	3	3	1	4	3	3	4	3	3	3	1	0
	town region plan	Town and Regional Planning	4	0	0	0	0	0	0	0	4	4	4	4	4	4	4	4	2	2	2	3	4	2	4	1	4	4	4	2	4	4	4	4	2	2	2	2	2	2	3	2	0	0	1	2	0	0	0	0
	toxicolog	Toxicology	4	0	0	2	0	2	2	0	4	4	4	4	4	2	4	4	0	0	0	0	0	2	0	0	2	4	2	0	4	2	2	2	0	2	0	0	2	0	0	2	2	4	2	2	4	4	2	4
	toxicolog	toxicology	2	0	0	3	1	3	3	2	0	3	0	0	0	3	0	2	0	1	3	0	0	2	1	0	0	3	4	2	3	2	1	3	0	0	1	3	1	1	1	3	1	2	3	3	3	3	0	3
	toxicolog	Toxicology	0	0	3	0	0	0	0	0	3	4	4	0	4	4	4	4	0	1	1	0	1	0	0	0	0	1	0	0	0	0	2	0	0	0	0	0	0	0	0	0	0	0	0	0	3	0	0	0
	toxicolog	Toxicology	3	2	0	3	3	4	3	3	3	3	3	2	3	3	3	4	3	1	2	0	0	4	2	3	1	2	0	1	0	2	1	1	0	0	2	2	2	1	0	2	1	2	2	2	3	3	1	2
	trade	Foreign Trade  	4	0	0	1	0	1	0	0	2	1	1	1	0	1	0	4	2	2	2	4	3	4	1	2	1	2	0	4	4	0	0	0	0	0	3	0	4	4	0	3	2	2	4	4	3	3	0	4
	trade	Trade AAS	2	4	4	4	4	4	4	4	2	3	3	0	3	3	3	3	0	0	0	0	0	0	0	0	0	0	0	0	0	0	0	0	0	0	3	0	3	0	0	0	0	2	3	0	0	2	0	0
	trade	Trade	4	2	0	2	1	2	3	2	4	2	0	0	0	2	1	4	1	4	1	0	1	2	1	4	3	4	3	3	3	3	3	2	4	1	3	0	3	1	3	3	1	2	2	2	0	1	3	2
	trade	Trade	2	4	4	2	3	2	0	4	2	0	0	4	2	2	0	2	2	4	4	2	2	2	3	4	4	0	0	4	2	4	2	4	4	4	4	4	4	4	4	4	2	2	0	4	2	2	4	3
	trade	foreign trade	0	0	0	0	0	0	0	0	2	2	1	0	0	3	2	0	4	2	0	2	0	3	0	0	2	4	4	3	4	4	4	4	0	0	0	0	2	0	2	0	0	0	0	2	0	0	1	0
	trade	Foreign Trade	3	0	1	0	0	1	1	0	1	3	3	0	3	3	3	1	1	1	1	3	3	4	0	1	3	3	1	0	3	1	1	1	1	0	3	0	4	1	1	3	0	1	3	1	1	1	1	3
	trade tourist	trade and tourist	2	2	1	3	0	0	1	0	4	4	4	3	1	2	3	3	0	3	0	0	3	3	3	0	4	3	1	3	4	3	4	2	2	3	4	3	4	4	4	1	0	4	4	3	4	3	4	1
	trader	trader	1	0	0	1	0	1	0	1	3	4	4	1	1	3	3	0	1	4	3	1	3	3	0	3	3	4	1	4	1	4	4	0	1	0	1	3	0	3	1	3	1	1	3	3	0	4	3	1
	traduc	traducer 	1	2	1	1	1	1	1	1	4	2	1	4	4	1	4	4	3	0	2	2	2	4	3	0	1	2	2	1	2	1	3	1	1	1	3	1	3	1	1	4	1	1	1	1	1	1	1	3
	traffic	Traffic	0	0	0	0	0	0	0	0	0	0	0	0	0	0	0	0	0	0	1	2	0	0	1	0	1	0	0	1	0	0	0	0	1	0	2	0	1	0	1	0	0	1	1	1	1	0	1	1
	train	training	2	1	2	2	1	2	2	2	1	1	3	3	3	1	2	3	1	1	2	2	1	2	1	1	2	3	3	3	2	3	2	1	1	2	1	2	2	1	2	3	3	2	3	3	3	3	2	3
	train develop	training and development	0	0	0	0	0	0	0	0	4	0	0	0	0	0	0	0	3	2	3	3	2	3	4	3	4	3	2	4	4	4	3	3	4	3	1	3	3	3	3	4	1	2	3	1	2	1	2	1
	train develop	training and development	0	1	0	0	0	0	0	0	0	0	0	0	0	0	0	0	1	0	3	2	2	3	0	0	3	2	2	3	3	3	2	0	1	1	2	2	3	0	3	2	0	0	2	2	0	0	0	0
	train develop	Training and Development	1	3	3	0	0	3	0	2	3	3	2	4	2	3	0	4	3	2	0	3	2	4	4	2	2	1	1	4	1	1	2	2	1	1	3	2	3	2	1	4	0	0	0	0	0	2	1	0
	tranlat	Tranlation	1	2	0	0	0	0	0	0	4	1	1	4	3	0	3	0	3	1	1	4	3	4	2	1	4	3	2	2	3	1	2	2	1	1	1	1	2	1	2	1	1	1	0	1	1	0	0	0
	tranlat interpret	Tranlation and interpreting	1	0	0	0	0	0	0	0	4	4	3	3	4	2	3	0	3	4	3	4	4	4	4	3	1	2	1	3	3	1	3	2	0	1	1	3	1	2	1	3	1	1	1	1	0	1	0	1
	transfer	College Transfer	2	3	1	2	2	2	3	2	2	1	1	2	1	1	1	1	2	2	4	2	2	3	2	4	3	3	2	2	3	2	2	2	3	4	3	4	4	3	2	2	2	3	2	4	1	2	1	3
	transfer	transfer	4	0	0	3	1	3	1	0	3	3	4	4	3	4	3	0	2	2	4	2	1	2	2	3	4	4	4	3	3	2	1	2	1	2	1	1	1	2	1	2	0	3	0	2	1	2	0	0
	translat	Translation	2	1	0	1	0	0	0	0	3	3	3	2	3	3	2	2	2	1	2	1	3	2	0	3	2	4	2	1	4	3	4	3	0	2	3	0	0	2	0	3	0	2	0	0	0	0	0	0
	translat	translation	2	3	3	3	0	3	2	2	3	4	3	3	2	3	2	3	3	4	4	4	3	4	3	3	1	1	3	2	2	2	2	3	1	1	3	1	3	2	1	2	0	1	3	0	3	2	0	0
	translat	Translation	1	2	1	2	1	3	2	1	3	3	2	3	3	3	3	4	1	3	2	4	4	4	4	4	1	3	3	4	4	2	4	2	2	2	3	2	3	2	4	3	0	1	2	2	1	1	2	2
	translat	Translation	2	2	0	0	0	2	0	0	4	4	4	0	4	3	2	0	0	0	0	0	3	4	0	0	3	0	0	4	4	0	0	2	0	0	0	0	0	0	0	0	0	0	0	0	0	0	0	0
	translat	translation	0	2	0	0	0	3	0	3	4	4	4	1	4	4	3	3	3	4	4	3	4	4	2	4	2	2	2	2	2	2	4	3	0	0	2	2	1	0	0	3	0	0	0	0	0	0	0	0
	translat	Translation	2	0	0	0	0	0	0	0	2	3	0	0	0	0	0	0	1	1	0	2	1	3	0	0	3	2	2	3	3	1	2	0	0	0	2	0	3	0	0	0	2	2	2	2	0	2	2	1
	translat	Translation	2	1	2	2	1	4	1	0	4	3	3	3	3	0	4	0	1	0	2	2	1	2	3	0	1	3	1	3	2	3	0	3	1	3	3	4	1	4	0	4	1	1	0	1	1	3	0	0
	translat	Translation	0	2	0	0	0	0	0	0	3	1	0	0	0	0	0	3	2	3	4	3	4	2	2	2	2	0	1	3	2	0	1	0	0	0	3	0	1	0	0	1	0	0	0	0	3	0	0	2
	translat	Translation	0	0	0	3	0	3	0	0	3	4	4	2	4	4	4	3	2	2	4	0	4	4	3	4	3	4	3	2	4	4	4	3	0	1	2	2	4	3	1	3	0	0	0	1	0	0	1	0
	translat	translation studies	2	2	0	2	1	2	2	1	3	3	1	4	1	0	1	3	2	2	3	3	4	3	0	2	1	4	3	2	3	4	3	3	2	0	1	1	2	0	1	1	3	3	2	2	3	3	2	2
	translat	Translation	0	0	0	0	0	1	0	0	0	1	0	2	1	1	1	2	0	1	3	3	4	2	2	3	1	1	0	2	1	0	2	1	0	0	2	0	2	0	0	0	0	1	1	1	0	0	0	0
	translat	Translations	1	1	0	0	0	2	0	0	3	2	2	2	1	2	1	2	0	3	4	4	4	1	3	3	4	4	1	1	2	2	4	1	0	2	1	2	0	3	0	3	0	1	0	0	0	0	0	0
	translat	Translation	0	0	0	0	0	1	0	0	3	4	3	2	2	2	1	2	4	4	3	4	4	4	2	3	4	3	2	4	4	3	4	2	2	0	3	1	3	2	3	2	1	0	2	1	0	1	1	1
	translat	Translation	0	0	0	0	0	0	0	1	0	0	0	0	0	0	0	0	0	0	4	1	2	2	2	0	0	4	0	0	2	0	0	0	0	0	3	0	2	0	3	0	4	0	0	1	0	0	1	0
	translat	Translation	3	0	1	0	1	1	1	0	1	0	3	1	1	2	1	0	2	0	1	3	3	3	0	0	4	3	3	1	3	1	4	3	2	1	2	1	1	3	1	3	3	1	0	4	1	1	0	1
	translat	translation	3	1	0	1	0	0	3	0	4	4	2	3	3	1	3	1	1	1	1	4	3	4	0	1	3	3	2	2	1	0	4	2	0	1	3	1	0	3	0	3	3	4	4	3	4	3	3	4
	translat	Translations	4	3	0	3	0	0	0	3	3	4	4	2	4	4	3	4	0	0	2	0	2	3	0	3	3	4	2	4	4	0	0	1	3	0	4	3	1	3	0	4	1	4	0	2	0	2	0	3
	translat	Translation	2	1	0	0	1	1	3	3	3	3	3	0	2	4	3	3	0	0	3	0	2	2	4	3	3	3	3	3	2	0	3	3	0	0	0	2	0	0	0	4	2	2	0	0	0	2	2	2
	translat	translation	4	3	1	4	0	2	3	0	3	3	4	2	2	3	3	1	0	4	4	4	4	3	0	3	0	4	2	0	2	3	2	0	0	3	2	0	3	3	0	0	0	2	3	0	3	2	0	0
	translat	Translation	0	1	0	0	0	0	0	0	2	2	2	1	0	1	0	0	3	2	3	2	2	4	2	2	2	4	4	2	4	3	3	4	1	1	3	2	3	3	3	3	0	1	0	1	0	0	1	0
	translat	translations	0	0	0	0	0	0	0	0	2	4	4	0	2	3	2	0	0	3	3	4	4	4	3	3	0	3	3	3	2	2	2	2	0	0	1	0	0	0	0	0	0	0	0	0	0	0	0	0
	translat	translation	2	3	2	2	2	4	1	0	2	3	3	4	4	4	1	2	3	4	4	3	3	3	1	4	0	4	2	1	1	0	1	0	2	2	4	2	1	1	0	4	1	3	0	3	2	1	1	1
	translat	Translation	4	4	0	3	0	3	2	3	2	2	0	0	0	0	0	0	0	1	4	0	2	2	1	0	3	4	1	4	2	2	3	2	0	3	1	1	1	2	1	4	1	3	1	2	3	1	2	3
	translat	Translation	2	0	0	4	1	3	0	4	3	0	0	0	0	0	0	0	3	0	4	3	4	4	0	4	4	3	3	4	4	4	4	4	0	0	3	1	3	0	0	1	2	3	1	1	4	0	1	3
	translat	Translation	2	1	1	1	0	0	0	0	2	1	1	1	0	1	0	0	2	3	1	1	1	2	0	1	4	4	3	1	3	3	2	3	1	1	1	1	3	1	1	2	1	1	1	2	1	2	1	1
	translat	Translation	1	0	0	0	0	1	1	0	3	1	1	1	1	2	1	2	4	1	3	2	2	3	2	1	4	3	4	2	4	2	4	3	2	0	3	1	1	2	1	1	1	0	1	1	0	2	1	2
	translat	Translation	0	0	0	0	0	2	0	0	4	3	3	2	2	2	2	0	4	0	0	4	4	4	0	3	4	2	4	4	4	0	2	4	0	0	4	0	4	0	3	0	0	0	0	0	0	0	0	0
	translat	translation	2	0	1	2	0	1	1	0	2	2	3	3	3	2	0	1	3	2	3	1	3	4	0	3	3	2	3	2	3	3	2	2	3	0	4	2	4	3	2	2	0	0	0	0	1	2	1	0
	translat	translation	2	2	1	1	2	2	2	1	4	4	4	4	4	4	4	4	1	2	3	3	3	4	0	2	2	4	3	2	3	3	4	3	0	0	1	2	1	2	0	2	0	2	1	1	2	1	0	1
	translat	Translation	0	0	0	2	0	2	1	1	2	0	1	2	0	2	0	1	3	2	3	3	2	3	0	1	2	3	2	3	3	1	2	0	1	3	2	1	4	3	3	1	0	1	2	2	4	2	1	1
	translat	translation	2	0	0	0	0	0	0	0	2	0	0	0	0	0	0	0	0	2	0	0	0	2	1	0	4	4	4	0	4	2	2	3	0	0	0	1	3	2	1	2	0	0	2	2	1	2	1	0
	translat	Translation	0	2	0	3	0	2	2	0	2	1	1	3	3	2	3	0	3	2	1	3	3	4	0	2	4	2	1	3	4	2	3	1	0	2	1	1	2	2	2	4	0	1	1	0	0	0	2	0
	translat	translation	1	1	0	1	0	0	1	1	3	4	4	2	3	4	3	3	0	3	3	0	3	2	4	3	4	3	3	4	2	3	4	2	4	3	3	0	3	3	2	2	2	1	3	3	2	2	1	2
	translat	TRANSLATION	1	0	1	1	2	1	2	1	1	1	1	1	1	1	1	0	2	2	1	2	4	3	2	1	3	2	2	2	3	2	3	1	3	4	3	3	2	3	1	2	3	3	2	3	2	2	2	2
	translat	translation	3	1	0	4	0	0	3	0	2	0	2	3	2	0	0	3	2	4	3	4	4	3	1	4	0	3	0	0	0	0	0	0	0	0	2	2	2	0	0	4	0	0	0	0	3	0	0	0
	translat	translator	1	2	0	2	0	1	1	2	3	3	3	1	0	0	3	2	4	2	3	2	4	3	3	3	3	1	0	2	1	3	3	2	0	0	2	0	0	2	1	3	0	0	0	0	1	1	0	0
	translat	translation	2	3	3	3	2	2	2	2	4	3	3	3	3	3	3	2	2	1	2	1	2	3	2	2	2	3	2	2	2	3	1	2	1	2	2	1	3	2	0	3	2	2	2	2	2	2	2	2
	translat	Translation	1	1	1	2	2	2	2	2	3	2	2	3	2	2	2	3	4	3	3	4	4	3	3	3	4	3	4	3	1	2	2	2	1	2	2	2	2	2	1	1	1	2	2	2	3	2	1	2
	translat	Translation Studies	0	2	0	0	0	3	0	4	3	2	0	3	2	3	2	4	2	4	1	4	4	3	1	4	4	1	2	4	3	4	4	3	0	0	0	0	4	4	0	4	0	0	0	0	0	2	0	0
	translat	translation	1	2	0	3	0	2	1	1	3	3	3	4	4	3	3	2	1	4	2	2	4	3	2	4	4	3	2	3	3	3	3	2	0	0	0	0	1	0	2	2	0	2	0	0	1	1	0	0
	translat	Translation	1	2	0	3	2	3	2	2	3	4	4	4	3	4	3	4	4	4	4	4	4	3	4	4	4	4	4	3	4	3	4	4	2	2	4	3	4	2	4	3	0	2	3	1	3	1	3	1
	translat	Translation	0	2	0	0	0	0	0	1	0	3	2	1	2	2	1	1	2	3	3	4	4	3	3	4	3	3	0	3	3	3	4	3	0	0	1	4	1	2	0	3	1	3	0	1	0	2	0	1
	translat	Translation	2	2	1	3	2	2	2	0	3	4	1	3	4	0	3	0	2	0	3	1	3	2	4	1	3	4	2	2	3	0	0	0	1	0	4	3	3	3	1	0	2	3	4	3	3	3	1	2
	translat	Translation	0	2	0	0	1	1	0	2	3	4	4	3	3	3	3	1	2	3	4	3	3	3	3	4	3	3	3	4	3	3	4	3	1	3	3	4	2	3	3	3	0	2	1	3	0	1	2	2
	translat	Translation	0	2	1	1	0	4	0	0	3	4	2	3	1	2	0	4	4	0	1	4	2	4	2	2	4	4	2	4	4	4	3	2	1	2	2	0	4	3	4	2	2	1	2	2	2	0	2	1
	translat	translation	3	2	0	3	0	2	2	2	3	4	3	3	3	3	3	3	0	0	0	0	0	0	0	0	0	2	0	0	0	0	0	0	0	0	1	0	0	0	0	0	0	3	0	3	3	1	0	3
	translat	Translation	1	1	0	0	0	3	0	1	3	3	3	0	0	2	0	1	2	1	1	3	3	3	2	1	1	1	0	1	1	0	3	3	0	0	1	2	0	0	0	3	2	3	3	3	3	0	3	3
	translat	translation	1	1	0	0	1	2	1	1	0	3	0	0	0	1	0	0	0	1	3	3	4	0	0	3	2	3	1	2	3	1	3	2	0	1	1	0	0	0	0	0	3	3	3	4	4	3	2	4
	translat	Translation	2	1	1	0	0	1	1	1	3	3	3	1	2	3	2	3	2	3	3	3	3	3	4	3	2	2	1	2	1	3	4	2	2	1	1	3	1	3	0	4	1	1	0	3	1	1	0	1
	translat	Translation	1	1	0	1	1	1	1	1	4	3	3	3	1	2	3	1	2	3	3	3	4	4	1	1	2	3	2	2	3	1	2	2	3	2	3	1	2	1	2	2	1	1	0	1	0	0	0	1
	translat	Translation	0	0	0	0	0	0	0	0	1	1	0	0	0	0	0	0	2	4	2	4	4	2	4	4	3	4	0	0	0	0	4	0	0	0	0	0	0	2	0	0	0	0	0	0	0	0	0	0
	translat	Translation 	4	3	0	2	3	3	1	2	4	2	4	4	4	3	3	4	4	4	4	4	4	4	2	4	2	3	1	2	2	2	2	2	0	2	2	3	2	2	2	3	0	1	1	1	2	2	1	1
	translat	Translation Studies	1	2	2	3	2	2	4	3	2	3	4	4	3	2	3	4	2	2	3	3	3	3	3	2	3	4	4	4	4	4	4	4	2	2	3	3	3	4	2	4	3	3	2	3	4	3	3	3
	translat	Translation	2	0	0	2	0	0	0	0	0	2	0	0	0	0	0	0	0	0	0	1	2	0	2	0	0	2	0	1	1	2	2	2	0	2	2	2	1	1	0	2	2	3	2	2	1	0	0	3
	translat	translation	2	1	1	1	1	1	1	2	2	2	2	1	2	2	3	2	3	2	0	3	2	4	2	2	2	2	2	3	2	2	3	3	2	2	3	2	2	2	2	2	2	2	2	2	3	2	2	2
	translat	translation	2	2	0	1	0	3	0	1	2	3	3	2	2	2	1	1	2	3	2	2	4	2	2	3	1	3	1	0	2	0	3	1	0	3	2	0	2	0	0	2	2	1	2	3	2	2	0	2
	translat intepr	translation and intepreation	0	1	0	0	0	1	0	1	3	2	1	0	2	3	2	0	2	1	2	2	2	3	0	3	3	2	2	1	3	2	3	2	0	1	1	2	1	2	0	3	0	1	0	1	0	1	0	0
	translat interpret	Translation and Interpretation	2	3	1	3	2	3	2	1	2	3	3	2	1	3	2	2	3	3	3	4	3	3	0	3	3	4	1	3	3	2	3	2	1	3	2	2	2	2	0	2	3	3	3	3	2	3	3	2
	translat interpret	Translation and Interpreting	0	1	0	1	0	0	0	0	3	3	2	1	1	2	0	2	2	3	3	3	3	2	0	3	2	4	3	3	3	4	4	3	1	3	2	2	2	3	0	3	0	0	1	1	0	0	0	1
	translat interpret	Translation and interpreting	3	0	0	0	0	1	0	0	3	4	4	1	4	4	3	0	0	4	2	0	3	3	4	4	1	3	1	2	4	0	4	2	0	3	0	2	0	0	0	3	0	0	0	0	0	0	0	0
	translat interpret	Translation and Interpreting	0	1	0	0	0	0	0	0	1	3	1	0	0	0	0	0	1	2	1	3	3	3	0	3	3	2	1	0	3	2	3	0	2	3	1	0	1	0	0	4	0	0	0	1	0	0	1	0
	translat interpret	translation and interpretation	0	0	0	1	0	0	0	0	2	3	2	2	1	3	0	0	3	1	1	4	1	4	1	1	3	0	3	0	3	0	2	1	3	3	3	4	2	3	1	4	2	2	2	2	1	0	1	0
	translat interpret	Translation & Interpretation	1	0	2	1	0	1	1	0	3	1	1	2	1	2	1	1	0	2	3	1	1	1	1	1	1	1	1	0	1	0	0	1	2	0	2	0	3	1	1	1	0	1	2	1	2	2	1	2
	translat interpret	Translation and Interpretation	3	4	1	2	1	2	2	3	3	4	3	1	1	1	3	0	3	4	4	3	3	3	2	3	3	4	3	3	4	4	4	3	1	2	3	2	1	1	2	3	2	2	2	3	1	2	1	1
	translat interpret	Translation/interpretation	3	2	0	3	3	3	1	4	3	3	4	3	4	4	4	4	1	1	2	3	4	4	2	4	2	4	4	1	4	4	4	4	0	0	1	1	1	0	1	4	1	3	2	2	2	1	1	0
	translat ynterpret	translation/ynterpretation	2	0	1	1	0	0	0	0	2	1	1	1	1	0	0	0	1	1	0	1	2	2	1	0	4	4	4	2	4	2	2	3	1	1	1	0	4	2	1	2	0	1	2	2	1	2	1	0
	translatiom	Translatiom	1	1	0	2	0	1	1	1	0	4	2	2	0	3	1	1	4	4	4	4	4	4	4	4	3	4	4	4	3	4	4	4	0	2	2	4	0	3	0	4	0	0	0	0	0	1	0	0
	transnat cultur	Transnational cultural studies 	2	2	0	1	0	2	0	0	2	4	3	4	4	3	3	3	0	4	2	3	4	2	1	4	4	0	2	1	4	1	3	1	0	0	0	0	3	0	0	0	0	0	0	0	2	1	0	0
	traslat	Traslation	2	0	0	0	0	2	0	0	3	4	3	2	2	2	2	0	3	4	2	4	4	3	0	3	4	3	3	1	3	2	3	2	0	0	1	0	0	1	0	0	0	0	0	0	0	0	0	0
	travel	travel	0	0	0	0	0	0	0	4	4	4	2	4	0	2	0	4	0	0	0	4	4	2	4	4	4	0	2	4	2	3	4	0	2	2	4	4	4	3	4	2	0	0	0	0	0	0	4	4
	travel	travel	1	0	2	2	2	1	3	1	1	1	3	1	1	3	1	2	2	1	3	1	1	1	1	1	3	3	3	4	4	3	3	3	4	4	4	3	4	4	3	4	4	3	4	4	4	3	4	4
	travel	Travel	4	1	0	0	0	0	3	0	4	2	2	1	1	0	1	0	3	3	2	1	0	2	2	3	3	3	4	3	4	1	2	3	4	3	4	4	4	4	4	1	3	1	1	4	0	0	3	3
	travel	travel	4	0	0	0	0	3	0	0	2	3	1	1	0	0	0	0	0	4	3	0	4	4	4	4	1	3	4	0	4	4	4	3	2	2	4	0	1	4	2	4	2	2	1	2	0	0	0	3
	tree	trees	3	2	2	2	2	1	0	1	4	3	2	2	1	2	2	2	1	0	1	0	0	3	3	2	2	3	2	4	0	3	2	2	1	3	0	0	1	2	0	2	0	2	0	0	0	1	0	1
	trevel	TREVELING	2	0	1	3	0	2	2	2	4	3	2	4	2	2	4	1	2	2	2	2	4	3	2	3	3	2	3	3	3	3	3	3	3	2	3	2	2	2	2	4	1	2	3	1	1	2	2	2
	tulsa weld	Tulsa Welding School	1	3	2	2	2	2	2	2	1	2	2	2	2	2	2	2	1	2	2	2	2	2	2	2	2	2	2	2	2	2	2	2	2	2	2	2	2	2	2	2	2	2	2	2	2	2	2	2
	turismolog	turismology	2	0	2	0	0	0	0	0	2	2	2	2	2	3	3	0	0	2	0	2	1	4	0	3	0	0	0	2	0	0	0	2	0	0	2	0	3	0	3	0	0	2	2	2	3	0	1	2
	turkish	turkish studies	4	3	1	0	1	3	1	1	2	3	0	0	0	0	0	1	2	2	3	0	4	2	3	2	3	3	0	4	2	3	4	1	2	2	3	2	4	1	2	4	4	1	2	1	1	0	1	2
	tv	TV	4	1	0	0	0	1	0	0	3	2	1	2	2	2	1	1	2	4	2	3	4	1	4	4	2	3	2	3	3	0	0	1	2	2	2	1	2	1	0	1	0	1	1	2	0	0	0	2
	tv	TV	0	1	0	1	0	2	2	1	2	3	4	2	3	2	2	2	3	4	3	3	4	3	4	4	4	4	2	4	4	4	4	4	2	2	1	2	2	1	1	3	3	2	2	2	1	1	2	1
	tv product	tv production	1	3	2	2	0	2	2	1	4	4	4	3	2	3	3	3	0	4	4	1	3	3	1	3	2	4	3	3	1	0	1	1	3	3	4	2	2	2	1	1	2	4	2	2	2	2	1	2
	tvet	TVET	3	3	2	4	2	3	2	4	3	2	2	2	4	4	0	4	2	4	2	1	3	1	4	3	4	4	4	4	4	4	4	3	2	4	1	1	3	0	0	0	4	4	4	4	4	4	2	4
	twerk	Twerking	0	0	0	0	0	0	0	0	1	1	0	0	0	0	0	0	0	3	4	3	4	3	3	2	3	3	0	0	2	2	0	0	1	4	2	4	4	4	0	4	1	1	0	0	0	0	0	0
	txmd	txmd	0	0	0	1	0	0	0	0	3	2	3	2	2	1	2	1	3	2	4	3	2	2	1	2	4	0	2	2	1	0	1	0	2	1	1	2	1	3	2	1	2	1	1	1	1	1	0	0
	type	typing	4	4	3	2	1	4	1	3	2	4	4	2	2	3	2	3	1	1	1	3	4	4	0	3	0	2	0	2	3	3	2	2	0	2	3	1	1	3	3	4	3	1	0	3	2	2	2	2
	typographi	Typography	4	4	0	4	3	4	2	3	2	3	3	2	3	2	3	3	3	0	2	0	0	2	0	4	3	0	0	2	1	0	0	0	0	0	1	0	0	0	0	3	0	2	3	0	0	3	0	2
	tâm lí	TÂM LÍ	4	4	0	2	0	0	0	0	2	2	2	2	4	2	2	0	2	4	4	2	0	4	2	0	2	2	0	2	2	0	0	0	4	2	4	2	4	2	0	2	4	2	4	2	0	0	0	0
	u	Pre-U Science	2	1	2	1	0	2	0	0	3	2	0	3	0	0	3	0	0	3	0	0	0	0	4	0	3	3	0	0	0	2	1	2	0	0	3	0	0	0	0	0	0	3	1	0	3	0	0	1
	uav	uav	2	1	1	3	3	1	3	1	3	3	2	3	3	3	2	3	4	4	4	3	3	4	3	3	2	3	2	3	2	3	3	3	1	2	2	1	3	1	1	3	1	1	1	1	1	2	1	1
	ucf	UCF	2	0	0	4	0	0	2	2	4	4	0	4	2	2	4	4	0	0	0	4	3	0	0	4	4	2	4	0	4	2	4	4	4	4	4	0	4	4	4	2	4	4	4	4	4	0	4	0
	ucla	UCLA	1	0	2	1	1	2	2	0	1	3	1	2	2	4	4	3	1	0	1	2	3	2	3	4	3	1	3	1	3	4	4	0	1	2	1	1	2	3	2	3	0	3	1	1	2	2	3	2
	uh	uh	0	0	0	0	0	0	0	0	1	0	0	1	0	0	0	0	1	0	0	1	0	1	0	0	0	0	2	1	3	0	0	1	0	0	0	0	0	0	0	0	1	0	0	0	0	0	0	0
	uh nao	UH NAO	3	2	2	3	0	1	3	3	2	3	3	1	3	3	4	4	2	2	1	1	1	1	2	2	2	2	3	3	1	4	1	3	2	2	2	1	2	3	3	4	2	1	2	1	1	4	2	3
	uitm	uitm	4	3	4	4	4	3	3	4	3	3	2	4	0	2	0	4	3	3	4	2	2	2	4	4	3	3	2	4	4	3	2	4	4	4	4	4	3	4	2	4	3	4	4	2	3	2	4	4
	ultra sound	Ultra Sound	0	0	0	0	0	0	0	0	2	4	4	4	0	0	0	0	0	0	0	0	0	0	0	0	4	4	4	2	4	4	4	4	0	0	0	2	0	0	0	0	0	0	0	0	0	0	0	0
	ultra sound	Ultra  sound 	2	0	0	0	2	0	0	0	3	0	0	3	3	0	3	0	0	0	0	2	0	3	2	0	2	0	2	0	3	0	0	1	0	0	0	0	2	0	0	0	0	0	2	1	1	0	2	0
	ultrasound technolog	ultrasound tech 	2	3	2	4	4	4	3	2	3	1	1	0	0	0	0	1	0	2	3	1	0	2	2	3	1	3	0	4	0	0	2	3	2	3	3	4	3	2	3	4	4	2	3	4	2	2	4	4
	ultrasound technolog	ultrasound tech	3	0	1	2	0	1	1	1	4	4	4	4	3	4	4	2	2	2	3	4	2	4	4	2	0	2	3	2	3	4	4	2	1	1	2	3	1	2	2	2	0	1	2	1	1	2	2	2
	ultrasound technolog	ultrasound technician	4	0	0	3	0	0	2	0	3	0	0	0	0	0	2	0	0	0	0	0	0	4	0	0	0	4	4	4	4	4	4	4	0	4	0	3	2	4	2	2	2	4	4	0	3	4	0	0
	ultrasound technolog	Ultrasound technician	4	3	0	2	4	4	3	4	4	2	2	4	4	3	4	2	4	4	4	2	2	4	4	3	4	4	4	4	4	4	4	4	2	3	2	3	3	4	4	2	3	2	4	4	3	4	4	3
	ultrasound technolog	ultrasound technician	4	0	2	3	0	0	2	0	3	1	2	1	0	0	2	0	0	2	1	0	0	4	0	0	1	4	3	2	3	4	4	4	1	4	2	2	0	4	2	4	2	4	4	0	2	4	0	0
	ultrasound technolog	ultrasound technician 	2	2	1	1	1	2	1	1	3	2	2	2	2	1	2	1	1	1	1	1	1	1	2	1	2	2	2	1	2	1	2	2	2	1	1	1	1	2	1	1	1	1	1	1	2	2	2	2
	umuc	UMUC	4	2	4	4	4	4	4	3	4	4	4	4	4	4	4	4	4	4	2	2	4	4	3	3	3	4	2	4	2	1	3	2	4	3	4	2	4	3	4	3	4	4	4	4	4	4	4	4
	un	UN SURE	2	0	0	0	0	0	0	0	3	1	3	3	2	2	3	3	0	0	0	0	0	0	0	0	2	2	3	3	3	0	2	0	2	0	0	3	2	0	3	0	1	2	0	1	0	0	2	1
	unchart	uncharted	1	0	0	2	1	1	1	1	3	3	3	3	3	3	3	2	2	2	3	3	2	3	2	2	3	2	3	3	3	1	2	1	1	1	3	3	3	2	1	2	2	2	2	2	3	2	3	3
	undang undang	undang -undang	2	0	0	1	2	2	3	1	4	2	2	1	2	2	4	1	4	0	2	2	4	4	4	1	4	4	4	0	4	4	4	4	4	4	1	2	4	4	2	3	0	4	2	2	4	4	2	3
	undang undang	UNDANG-UNDANG	4	2	3	2	1	2	1	1	2	2	2	1	1	1	1	1	1	2	1	2	3	1	1	2	2	3	3	1	3	2	2	1	1	4	4	3	4	3	3	2	3	4	4	3	4	4	4	3
	undeci	undecied	0	0	0	0	0	0	0	0	3	0	0	4	0	0	0	0	0	0	2	0	0	0	0	0	4	4	1	4	1	3	2	3	3	0	2	0	0	0	0	2	0	0	0	0	0	0	0	0
	undecied	UNDECIEDED	2	0	1	3	1	3	3	1	4	2	2	3	0	2	0	1	0	0	0	0	0	0	2	1	1	3	1	2	3	3	2	2	2	0	3	2	4	1	4	1	1	2	1	2	1	0	2	1
	undecied	undecieded 	0	0	0	0	0	0	0	0	2	0	0	0	0	0	0	0	2	2	2	0	0	0	1	1	4	1	3	4	4	3	4	4	0	3	2	4	2	3	2	2	0	1	0	2	0	0	0	0
	undedcid	undedcided	3	0	0	1	1	1	2	0	0	0	1	0	1	1	0	0	0	2	0	0	0	0	0	2	4	2	4	0	4	4	4	4	4	3	4	4	4	4	1	4	3	4	3	4	2	1	3	4
	undefin	undefined	0	0	0	0	0	0	0	0	3	4	3	4	3	3	3	3	0	0	3	0	0	0	0	0	2	4	2	3	3	1	2	4	3	3	3	3	4	4	4	2	3	3	3	3	0	0	3	2
	undeic	undeiced	1	1	0	1	1	1	1	1	1	2	2	1	1	2	1	2	2	1	1	1	1	1	1	2	2	2	1	2	2	3	3	2	1	2	1	2	1	1	1	2	0	1	1	2	1	1	1	1
	undesid	undesided	3	3	1	1	0	3	0	1	4	4	4	3	4	4	4	3	1	1	4	3	4	3	3	4	4	4	4	3	4	4	3	4	0	0	1	3	0	0	1	2	3	1	0	3	1	3	1	0
	undetermin	Undetermined 	0	0	0	0	0	0	0	0	2	1	0	0	0	1	0	0	1	3	4	1	4	0	0	3	1	2	3	0	3	1	1	0	0	0	0	0	0	0	0	0	0	0	0	0	0	0	0	0
	undetermin	Undetermined	0	3	0	2	0	2	0	3	4	4	2	4	3	3	3	1	2	0	3	4	2	2	0	0	4	1	3	2	3	0	3	0	0	0	2	0	3	0	4	0	0	0	0	0	1	0	1	0
	undetermin	undetermined	0	1	0	3	0	0	0	1	4	3	0	3	0	0	0	2	0	0	0	0	0	0	0	0	3	3	2	1	4	2	1	1	2	0	2	2	0	1	2	1	0	2	1	0	1	1	2	0
	undevid	undevided	2	1	0	2	0	0	1	0	3	1	0	2	3	0	3	0	1	3	3	1	2	3	3	2	1	2	1	0	1	3	3	1	2	1	2	0	2	1	2	3	1	2	1	2	1	2	1	1
	undicid	undicided 	3	0	0	0	0	0	0	0	2	3	2	2	2	2	3	2	3	2	4	3	3	4	0	4	3	4	3	1	4	4	3	4	1	1	4	4	2	4	1	3	3	2	2	4	3	3	3	2
	uni	no uni	0	0	0	0	0	0	0	0	3	1	2	3	3	2	3	1	0	1	3	2	3	1	1	1	2	0	0	3	1	0	0	1	3	1	2	3	4	2	3	1	1	1	1	1	1	3	2	1
	uni	Not in uni	1	1	1	1	1	1	1	1	1	1	1	1	1	1	1	1	1	1	3	1	1	1	1	1	1	1	1	1	1	1	1	1	1	3	1	3	3	3	1	1	1	1	1	1	1	1	1	1
	univers	Universe	1	0	0	2	0	0	0	0	2	3	2	2	2	4	3	1	0	0	2	3	4	1	2	1	1	3	3	0	2	4	4	3	0	3	0	0	0	1	1	3	0	3	3	0	0	2	0	0
	unkown	unkown	1	1	1	1	1	1	1	1	2	3	3	2	2	2	2	1	1	1	1	1	0	1	3	1	1	2	1	2	1	2	2	2	2	2	1	0	2	1	1	2	2	2	2	2	3	2	1	2
	unm	UNM	1	0	0	2	0	1	0	1	2	1	1	1	1	1	1	0	1	2	1	4	3	4	3	2	2	3	1	4	2	2	2	2	1	2	0	1	1	2	3	0	1	1	0	2	1	0	0	0
	unsur	unsure	1	0	1	0	1	0	0	0	3	2	1	3	2	0	1	0	1	2	1	3	3	2	1	0	3	2	3	2	3	1	3	1	1	1	2	1	2	1	1	2	2	1	1	1	0	1	0	1
	unsur	unsure	0	0	0	0	0	0	0	0	1	3	2	0	0	2	2	2	1	4	3	3	4	2	1	3	0	2	0	0	1	1	0	0	0	0	0	0	0	0	0	0	0	0	0	0	0	0	0	0
	unsur	unsure	2	0	0	0	0	0	0	0	4	4	4	4	3	3	4	3	0	0	0	0	0	0	0	0	4	4	4	2	4	4	4	4	4	4	4	3	4	3	2	3	3	4	0	3	0	3	3	4
	unsur	unsure	2	2	1	3	3	2	2	2	3	2	2	1	2	1	1	2	1	2	1	0	2	1	2	1	1	3	2	2	2	0	0	0	2	2	1	1	2	1	1	2	2	1	2	1	2	2	2	2
	unsur	unsure	0	0	1	1	0	0	0	0	4	4	3	2	4	4	4	3	0	1	1	4	4	0	3	2	2	3	4	3	4	0	1	1	1	2	3	0	3	0	3	1	1	1	0	2	3	2	1	1
	unsur	Unsure	3	0	0	0	0	0	0	0	0	4	0	4	0	3	0	0	4	4	4	4	4	4	4	4	4	4	0	0	4	0	0	0	2	0	3	4	2	0	0	0	2	3	0	4	0	2	0	0
	unsur	unsure	2	0	0	0	0	2	0	0	2	3	2	0	0	2	2	0	0	0	0	2	1	2	0	0	0	0	0	0	0	2	2	0	0	0	0	0	0	0	0	0	3	2	2	0	4	4	3	0
	unsur	unsure	1	1	1	3	1	1	1	1	1	1	1	1	1	1	1	1	1	1	1	3	1	3	1	1	2	2	1	1	1	2	1	1	1	1	2	1	2	1	1	2	1	2	2	2	2	2	1	1
	unsur	Unsure 	4	4	4	4	4	4	4	4	4	4	4	0	4	4	4	4	1	1	1	0	1	0	3	0	1	4	4	4	4	4	4	4	4	4	4	4	1	0	0	1	0	4	4	1	0	4	0	0
	unsur	unsure	3	2	1	3	2	1	3	2	1	4	4	3	1	3	1	2	2	2	3	3	0	3	4	3	2	3	2	3	2	3	2	3	2	3	1	3	3	3	1	3	1	3	2	1	2	2	2	1
	upi bandung	UPI BANDUNG	0	2	3	1	3	2	2	3	2	3	3	0	4	3	4	4	3	2	2	3	0	2	2	2	0	0	4	0	0	3	2	0	4	0	2	2	0	0	4	2	0	0	0	3	0	2	0	2
	urban	Urban Studies	2	2	2	2	2	3	0	2	3	3	3	1	2	2	2	2	0	1	3	1	1	1	1	2	3	3	3	3	4	2	3	0	0	2	2	2	2	1	1	1	0	1	0	0	0	2	0	0
	urban	urban studies	0	0	0	0	0	2	0	0	0	0	0	0	0	0	0	0	0	0	3	2	4	1	2	0	4	4	2	3	1	3	3	3	2	2	0	0	0	3	2	2	0	0	0	0	0	2	0	0
	urban	Urbanism	1	3	3	2	1	2	1	3	2	2	2	2	1	2	1	4	1	1	3	2	3	1	1	3	3	3	3	1	2	1	1	1	1	1	1	1	3	1	1	1	1	2	2	1	3	2	1	0
	urban	Urban studies	0	0	0	0	1	0	0	0	3	3	3	0	3	2	1	0	0	2	2	3	4	3	2	1	2	3	4	4	4	4	4	0	1	1	1	1	1	0	1	0	0	2	0	2	1	0	0	2
	urban	Urban Studies	0	0	0	0	0	0	0	0	3	0	0	0	0	0	0	0	2	3	3	3	4	2	0	4	3	3	0	3	1	3	2	0	2	0	3	0	0	0	0	3	0	0	0	0	0	0	0	0
	urban	Urban Studies	0	3	0	0	3	1	0	1	3	3	2	0	2	4	2	3	2	3	4	4	4	4	4	4	4	3	3	4	4	3	3	0	0	1	3	3	3	1	3	1	0	0	0	1	2	1	0	0
	urban develop	urban development	0	0	0	0	0	1	0	1	1	1	0	2	1	2	2	1	1	3	4	1	2	3	1	3	4	3	2	3	3	3	3	3	3	3	2	3	3	3	2	2	1	0	2	2	2	2	2	1
	urban ministri	Urban Ministry	0	0	0	0	0	0	0	0	3	3	3	2	2	3	1	0	4	1	3	3	4	3	0	2	3	3	3	3	4	2	4	1	0	0	2	2	1	0	1	3	2	0	2	2	0	2	1	2
	urban plan	Urban Planning	0	0	0	0	0	2	0	2	2	4	4	4	4	2	2	2	2	0	4	4	4	4	2	4	4	4	3	2	4	0	4	2	0	0	2	4	2	2	2	2	2	2	0	2	2	4	2	2
	urban plan	urban planning	3	2	2	2	2	4	2	3	4	1	1	3	1	1	1	2	0	0	3	0	3	0	3	3	3	1	1	3	3	1	3	0	0	0	1	0	1	0	1	0	0	1	1	1	0	3	1	0
	urban plan	Urban planning	0	1	0	3	3	1	0	1	1	1	1	0	1	1	3	1	3	3	3	1	3	3	0	1	4	4	3	3	1	1	3	1	3	1	1	1	1	1	4	1	1	1	1	1	3	1	0	1
	urban plan	Urban Planning	0	1	0	2	0	2	0	1	2	3	1	2	3	2	2	3	2	3	2	2	3	2	1	2	3	3	2	2	3	1	2	2	0	2	3	1	3	2	3	1	3	0	3	2	2	2	2	2
	urban plan	Urban Planning	2	0	0	2	0	1	1	0	4	4	3	3	4	4	4	4	0	1	4	3	1	2	0	4	0	2	3	3	2	2	3	1	0	0	4	2	1	2	0	1	2	2	3	4	1	4	3	4
	urban plan	Urban Planning	0	0	0	0	1	0	0	0	2	2	0	0	0	2	0	0	0	2	1	2	3	2	3	2	2	2	2	4	4	3	3	3	2	0	2	4	2	3	1	2	0	0	0	2	0	0	0	0
	urban plan	urban planning	0	0	0	0	0	0	0	0	4	1	0	0	0	0	0	0	0	3	4	0	4	0	0	3	4	4	1	3	4	3	4	0	0	0	2	4	4	2	0	0	0	0	0	1	0	2	0	0
	urban plan	Urban Planning	2	0	0	2	0	3	2	1	2	2	0	0	0	1	0	3	0	0	0	0	0	0	4	0	3	3	3	1	3	4	4	4	0	0	3	3	3	3	1	4	0	1	1	2	3	2	1	2
	urban plan	urban planning	3	2	2	2	2	3	2	2	4	4	4	4	4	4	3	4	2	4	3	4	4	4	4	4	1	4	3	3	3	4	4	3	0	2	3	2	3	3	2	3	1	1	1	2	1	3	2	2
	urban plan	urban planning	2	2	1	1	1	3	1	0	3	2	2	3	2	2	2	2	1	4	3	3	4	3	2	2	3	4	2	3	3	2	3	2	0	1	2	1	3	1	0	1	1	1	1	1	2	2	1	1
	urban plan	urban planning	2	0	0	0	0	1	0	0	4	2	0	3	2	3	0	3	1	0	0	1	2	2	0	1	4	1	0	4	1	1	2	0	1	0	1	0	0	0	2	0	0	0	0	0	0	0	0	0
	urban plan	Urban Planning	2	4	4	3	1	2	1	2	3	2	2	2	1	3	1	4	0	1	2	2	3	3	3	4	2	2	0	2	1	0	1	2	0	3	3	1	1	3	3	2	2	2	1	1	2	1	2	2
	urban plan	urban planning	0	3	0	0	0	1	0	0	2	3	3	1	3	3	3	4	0	0	4	2	2	2	3	4	3	3	2	3	2	1	1	1	0	0	2	1	0	1	1	2	0	0	0	0	0	0	0	0
	urban plan	urban planning	1	0	1	1	2	0	1	3	2	3	1	2	1	0	1	2	1	3	3	0	3	2	3	3	4	4	1	1	1	1	1	2	3	3	0	2	3	2	4	4	1	2	2	1	2	2	1	1
	urban plan	Urban Planning	3	1	1	1	1	0	0	0	2	1	2	2	1	1	1	2	1	2	3	2	2	1	3	1	4	3	2	3	3	3	2	2	3	3	3	2	4	3	2	2	3	2	3	3	2	1	1	3
	urban plan	Urban Planning 	2	0	0	2	0	3	1	1	4	2	1	2	1	1	1	3	2	1	3	2	1	3	1	4	3	2	3	1	2	1	2	3	0	0	1	1	2	0	1	0	0	0	1	0	0	1	0	0
	urban plan	Urban Planning	2	2	0	2	1	1	1	2	1	3	4	3	2	3	2	3	3	2	3	3	4	3	2	3	4	4	3	3	4	3	4	3	1	2	2	2	3	3	3	2	1	1	1	1	3	2	2	1
	urban plan	Urban Planning	3	4	4	1	1	3	1	3	2	4	4	1	3	4	3	4	3	4	4	4	4	4	2	3	3	4	1	2	2	4	2	1	0	2	1	0	1	2	1	2	0	1	0	0	2	2	0	1
	urban plan	urban planning	1	0	2	1	1	2	3	1	2	0	1	1	0	0	1	0	3	0	0	0	0	1	0	0	4	2	0	3	0	2	0	2	1	0	3	2	2	2	3	2	2	1	3	3	3	4	3	3
	urban plan	Urban Planning	0	1	0	0	0	1	0	3	4	4	3	3	3	3	3	3	1	0	1	0	1	3	0	0	4	1	3	0	1	1	1	0	0	0	1	0	3	0	1	0	0	0	0	0	2	1	3	0
	urban plan	Urban planning 	1	3	0	3	0	2	0	0	3	3	4	2	4	3	2	3	2	1	4	2	3	4	2	2	2	1	3	1	2	0	1	1	1	0	3	0	1	0	0	1	0	0	1	0	0	0	0	1
	urban plan	Urban planning	3	1	0	3	1	3	3	1	1	0	1	1	1	1	1	3	0	2	3	1	2	1	3	3	3	3	1	3	1	0	1	1	0	1	3	0	3	1	3	3	3	2	3	3	3	3	3	3
	urban plan	urban planning	0	1	0	0	0	0	0	2	0	3	1	1	2	0	1	1	2	2	4	3	4	1	1	4	4	2	2	2	3	2	3	2	1	1	3	2	4	1	1	2	3	3	3	3	3	3	0	1
	urban plan	Urban Planning	0	0	0	0	0	0	0	0	3	3	3	1	3	3	1	3	2	2	0	1	3	4	0	1	4	3	2	0	3	3	3	2	0	0	2	0	3	2	2	1	3	2	1	4	1	1	3	3
	urban plan	Urban Planning	2	3	1	3	2	3	3	3	2	2	3	2	2	2	3	3	1	2	3	3	1	4	3	3	0	3	1	2	1	3	2	1	2	2	2	0	2	2	2	3	0	2	0	1	0	2	0	2
	urban plan	Urban Planning	4	0	0	1	0	0	0	0	4	3	2	4	3	2	2	1	2	0	2	2	1	3	0	1	3	4	4	4	4	3	4	2	0	4	4	3	4	3	1	1	4	4	4	3	3	2	1	2
	urban plan	Urban Planning 	4	2	1	2	1	1	2	1	3	3	3	2	2	2	1	2	3	3	3	3	3	3	3	3	3	4	2	1	4	4	4	4	2	2	4	0	3	3	2	3	3	3	2	3	3	3	1	3
	urban plan	Urban planning	1	3	1	0	0	2	1	2	3	4	2	1	1	3	0	3	3	4	4	2	1	3	2	4	4	4	1	3	4	3	3	1	1	1	3	1	3	1	3	2	2	0	0	1	2	2	1	2
	urban plan	Urban Planning	0	2	2	1	0	2	1	2	1	2	2	1	1	2	1	3	0	0	1	0	3	2	1	1	3	3	1	3	1	1	1	0	1	1	3	1	4	1	2	1	1	1	2	3	3	3	3	2
	urban plan	Urban Planning 	0	3	0	1	0	1	0	0	0	2	4	0	0	4	0	2	0	1	4	0	3	1	0	4	3	1	1	1	1	0	3	1	0	1	1	0	3	0	0	0	0	2	1	0	4	2	0	0
	urban plan	Urban Planning	4	3	1	4	2	4	4	3	4	3	3	4	3	3	3	4	4	4	4	4	4	4	4	4	4	3	1	4	3	2	2	3	0	2	1	3	2	2	1	4	2	2	2	2	4	3	2	2
	urban plan	Urban Planning	1	2	0	2	0	2	2	2	3	3	4	3	3	3	3	4	4	3	4	2	3	3	3	3	3	3	1	0	1	0	0	1	1	0	1	0	3	0	0	1	0	0	0	0	0	0	0	0
	urban plan	Urban Studies & Planning	1	2	1	2	1	2	2	1	1	3	3	2	2	2	2	3	2	3	4	3	3	4	3	3	1	4	3	2	3	3	3	3	0	2	3	3	1	2	0	2	0	2	1	1	4	3	0	0
	urban plan	Urban Planning	4	2	3	3	3	2	3	2	3	3	3	3	3	3	3	4	0	1	3	2	1	3	3	4	1	3	0	1	0	2	2	1	0	2	0	0	1	1	1	3	1	2	1	1	2	2	1	2
	urban plan	Urban Planning	2	4	1	0	1	1	0	0	2	0	1	0	1	1	0	4	0	1	4	3	1	3	0	3	2	1	1	1	1	1	3	1	0	2	1	0	2	1	0	1	1	2	0	3	1	0	0	0
	urban plan	Urban planning	0	0	0	0	0	0	0	0	1	2	2	2	2	1	1	2	1	3	3	3	4	3	0	3	2	2	0	0	0	1	1	0	0	0	0	0	2	0	0	0	0	0	0	0	2	0	0	0
	urban plnning	Urban plnning	4	0	0	4	0	2	1	2	4	2	1	3	1	0	1	1	0	4	1	1	3	2	0	0	4	4	3	4	3	2	0	2	0	0	3	1	3	0	0	2	2	0	4	1	4	4	2	1
	urban polici	urban policy	4	0	0	2	1	2	3	0	4	1	2	4	1	0	2	0	0	0	0	0	0	1	3	0	3	1	3	3	2	2	2	1	1	0	3	0	3	0	3	0	2	2	3	3	4	4	4	2
	urban regener	Urban regeneration	3	2	0	1	1	2	1	1	3	0	2	2	1	3	1	3	2	2	2	3	3	3	1	3	1	3	2	2	3	2	3	2	0	2	3	1	2	3	3	2	0	1	0	1	1	3	1	1
	urban region	Urban and regional studies	1	2	0	1	1	1	1	2	0	2	3	1	1	3	1	4	4	3	3	3	3	3	2	2	3	2	2	2	3	1	3	1	0	1	1	1	1	1	1	1	0	2	1	1	3	2	0	2
	urban region plan	Urban and Regional Planning 	4	2	4	4	4	3	2	2	4	3	4	4	4	4	4	4	4	4	4	4	4	4	4	4	4	2	4	1	4	4	4	4	2	2	3	4	4	2	3	3	4	3	3	3	4	3	3	2
	urban region plan	Urban and Regional Planning	4	4	0	4	2	4	0	4	2	2	2	4	2	0	2	3	4	4	4	2	4	2	2	4	4	4	4	4	4	2	4	4	0	0	2	0	2	4	0	4	4	2	2	2	4	4	0	4
	urban region plan	Urban and Regional Planning	2	3	0	2	1	4	0	3	3	2	4	4	3	3	2	3	0	2	4	2	2	1	2	3	4	3	3	4	4	3	2	1	1	3	2	3	2	2	3	2	0	1	1	0	3	2	0	0
	urban region plan	Urban and Regional Planning	2	3	2	3	3	1	2	3	4	4	3	2	3	4	4	4	2	4	4	4	4	4	3	4	4	4	3	4	4	4	4	3	0	0	0	0	0	0	0	3	0	4	3	0	4	4	0	0
	usp	Usp	0	0	0	0	0	0	0	0	0	0	0	0	1	0	2	0	0	0	0	0	0	0	0	0	4	4	0	0	3	0	3	4	0	0	0	0	0	0	4	0	0	0	0	0	0	2	0	0
	ust	UST	4	0	1	4	3	1	1	2	4	2	1	2	2	1	0	3	2	1	4	1	0	1	0	4	3	3	2	4	2	1	3	2	1	3	3	2	2	3	1	4	0	3	1	3	1	0	0	4
	usuluddin	Usuluddin	4	2	0	4	2	2	2	0	4	4	4	2	4	4	4	1	4	4	0	4	4	4	4	0	4	0	0	4	4	0	2	0	0	4	0	2	2	0	2	0	0	0	0	4	4	4	3	2
	util technolog	utility technology	3	0	0	3	1	2	2	0	2	1	2	1	3	3	3	3	1	0	3	2	0	1	0	0	3	0	3	1	1	3	3	3	1	0	3	1	2	1	1	1	3	1	3	3	3	3	2	3
	utt	UTT	0	0	2	3	0	0	0	0	1	0	0	0	0	0	0	0	4	1	0	4	3	4	2	1	0	0	0	0	0	0	1	0	0	0	0	0	1	3	0	0	0	3	1	1	0	0	0	0
	ux	Ux	3	2	2	3	0	3	2	3	4	3	4	2	3	3	3	0	1	1	3	1	1	2	2	0	4	2	2	3	2	1	3	3	0	3	2	1	0	2	2	4	0	2	0	0	0	2	1	0
	uxd	UXD	3	0	0	3	0	1	1	0	3	0	0	3	0	0	2	2	3	0	2	2	2	4	0	3	2	0	2	0	2	0	2	2	0	0	0	0	3	1	0	1	2	1	2	1	2	2	2	2
	vacuum technolog	Vacuum Technology	3	3	1	4	3	3	3	3	1	1	3	2	1	4	2	3	0	0	4	3	1	3	4	4	3	1	3	1	2	2	3	1	3	2	1	2	3	2	2	4	1	0	3	1	2	3	1	1
	various	various	4	3	0	1	1	2	0	2	4	4	3	3	2	4	1	4	3	4	3	4	4	3	0	3	1	2	0	2	0	1	3	2	0	2	1	1	1	3	3	0	0	1	1	1	3	4	1	2
	various	Various	2	3	1	3	2	3	3	3	3	3	3	3	1	3	1	4	1	2	2	3	3	3	3	3	3	3	3	3	3	3	2	2	1	2	3	1	1	1	1	1	3	3	2	1	3	2	1	1
	vcu busi	VCU Business	1	2	2	2	0	3	2	2	3	3	3	4	3	1	3	2	0	0	1	3	3	3	4	2	3	3	3	3	4	4	1	1	4	4	3	1	3	3	4	2	2	2	2	1	2	2	2	2
	vedic	Vedic Science	2	1	0	1	0	2	2	1	2	2	3	2	1	3	2	2	3	4	3	4	4	4	2	3	2	3	2	4	2	3	3	3	1	1	2	2	1	2	0	2	0	1	2	0	0	2	0	1
	veterenari	Veterenary	2	0	0	0	0	0	1	1	3	4	4	4	4	4	4	2	0	0	0	2	2	4	0	0	1	4	4	2	4	0	2	2	1	2	0	3	2	0	1	3	0	0	2	1	2	0	1	2
	veterian	veterian 	0	0	0	0	0	0	0	0	0	4	3	3	0	3	1	0	0	0	0	0	0	0	3	0	0	2	0	3	2	4	2	3	0	1	0	2	0	3	0	1	2	0	0	1	0	0	0	0
	veterianri techincian	veterianry Techincian	2	2	2	2	0	2	2	2	2	4	4	3	2	4	2	2	1	0	2	2	2	2	2	2	2	3	1	2	2	4	3	3	1	2	2	2	2	2	2	2	3	1	2	2	2	2	2	2
	veterina	veterina	3	0	1	2	1	2	0	0	4	4	4	3	2	3	3	0	1	4	4	4	4	3	1	0	2	3	4	4	3	3	3	2	2	2	0	0	0	0	0	2	0	4	1	2	2	3	0	1
	veterinair	veterinaire	0	0	0	0	0	0	0	0	3	4	4	1	3	4	3	3	3	2	2	3	1	4	2	2	1	2	2	2	2	2	1	2	1	1	2	2	1	3	1	2	1	1	1	1	0	0	0	1
	veterinário	Veterinário 	2	0	2	2	2	2	2	1	2	4	4	2	4	2	3	1	4	2	3	3	2	1	1	1	4	2	4	1	3	2	1	2	2	2	0	2	3	1	1	2	0	2	0	1	2	0	2	1
	veternairi	Veternairy 	2	0	1	1	0	1	1	1	2	4	4	4	4	4	4	4	3	4	4	4	4	4	3	4	2	4	4	4	4	4	3	4	1	1	1	4	1	1	1	2	0	1	1	2	1	1	1	1
	vetran	vetran 	1	0	0	1	0	0	1	0	0	4	4	0	0	4	0	0	2	1	4	0	3	2	4	2	3	2	3	1	4	4	4	3	3	0	3	4	1	4	3	4	3	1	1	3	0	2	1	1
	vetrenari	Vetrenary Studies	3	3	1	3	1	3	3	3	4	4	3	3	3	4	4	2	0	2	3	2	3	1	4	2	2	2	2	3	2	2	3	1	1	2	2	3	2	2	3	2	2	2	2	2	3	2	2	2
	vfx	VFX	2	0	0	4	2	2	1	1	4	4	4	4	3	4	2	4	4	4	4	4	4	4	2	4	4	2	4	4	4	2	2	2	0	0	3	0	4	0	2	4	2	1	4	1	2	2	2	2
	vicomm industri mainten busin	VICOMM, Industrial Maintenance, General Busin	3	4	0	3	3	4	3	4	4	4	4	4	4	3	4	4	1	1	4	4	2	3	4	3	3	4	4	3	4	3	3	3	2	0	3	1	1	2	4	4	2	2	1	2	4	3	2	1
	video	video	0	2	2	2	2	0	3	0	2	4	2	4	3	4	4	0	3	4	4	4	4	4	4	0	3	4	4	4	4	4	4	0	2	2	2	2	2	3	2	4	1	1	2	2	0	4	2	2
	video	video	3	2	1	3	2	2	2	2	2	0	1	3	1	1	1	0	0	3	4	3	1	4	1	3	3	4	3	2	2	3	3	3	1	1	1	3	1	2	1	3	2	2	2	1	1	1	1	1
	video art technolog	video arts technology	2	2	0	0	0	0	2	4	0	4	2	3	0	4	2	0	2	4	2	4	0	4	4	4	4	2	0	4	2	0	0	2	3	1	4	2	4	2	4	2	2	1	0	2	0	2	2	0
	video audio product	Video Audio Production	0	0	0	2	0	1	0	0	0	2	1	0	1	2	0	0	1	2	2	2	2	2	2	3	1	1	0	0	1	2	1	1	0	1	1	0	0	1	0	3	2	2	1	1	2	1	0	1
	video edit	Video Editing	3	0	0	1	0	0	0	0	0	0	0	0	0	0	0	0	0	0	4	2	1	2	2	0	1	2	4	1	1	0	0	0	2	3	0	0	1	3	2	3	1	1	0	0	0	0	0	0
	video game	Video Games	0	0	0	0	0	0	0	0	0	0	0	0	0	0	0	0	0	0	0	0	0	0	0	0	0	0	0	0	0	0	0	0	0	0	0	0	0	0	0	0	0	0	0	0	0	0	0	0
	video game desgin	Video Game Desgin	1	0	0	2	0	0	0	0	1	1	0	1	0	0	0	0	1	2	1	1	4	2	1	2	0	1	1	0	1	2	1	1	0	1	1	0	1	1	0	1	1	1	2	0	2	1	0	1
	video product	Video Production	3	3	0	3	2	3	2	2	3	3	3	2	3	3	3	3	0	2	4	3	4	3	1	3	0	3	2	2	2	0	3	2	0	0	2	0	1	0	2	1	0	3	2	2	1	3	1	3
	video product	Video Production	1	2	0	1	2	2	1	2	1	1	1	0	1	1	1	0	0	0	2	0	0	1	3	2	0	3	1	3	2	3	3	2	0	1	1	1	1	1	0	1	1	2	2	2	1	1	1	1
	video product	Video Production	1	1	2	1	0	1	1	1	1	3	3	1	2	3	2	2	2	3	2	3	3	3	1	2	3	2	3	2	2	2	3	2	2	2	2	2	2	2	2	3	1	2	2	2	2	1	2	2
	video product	video production	2	2	0	0	0	0	0	0	2	3	1	2	0	0	0	2	2	4	4	3	3	3	4	4	4	3	3	3	3	4	3	2	1	0	4	2	4	4	2	2	3	0	0	2	0	0	0	0
	video product	Video Production	1	1	2	1	1	1	1	0	2	3	2	1	1	1	1	0	2	1	1	2	2	2	2	1	0	1	0	1	0	0	0	0	0	2	1	1	0	1	0	2	1	2	1	1	1	3	1	1
	video product	Video production 	1	2	0	0	0	1	1	2	1	1	1	1	0	1	1	1	3	4	3	4	3	4	3	3	3	3	3	3	3	3	3	2	2	2	3	2	3	3	4	2	0	0	0	1	0	1	0	0
	videograph	Videographer	3	1	1	2	2	2	1	1	2	1	1	2	1	1	1	1	1	4	1	1	1	2	1	3	3	4	1	3	3	2	2	3	2	2	1	1	1	1	1	1	2	2	3	2	1	1	1	1
	vike	Viking Studies	1	1	3	0	0	0	0	0	3	2	1	2	0	0	0	2	0	1	3	0	0	0	0	2	2	3	2	0	1	0	2	1	2	0	0	0	0	0	0	1	0	2	0	1	2	2	0	0
	violin perform	violin performance	0	0	0	0	0	0	0	0	2	2	1	2	1	1	0	0	3	3	2	4	4	4	1	0	4	2	4	1	4	2	2	1	3	3	0	0	0	2	2	0	0	0	0	0	0	0	0	0
	violin perform	violin performance	2	2	0	3	2	3	3	3	4	4	4	3	4	4	4	4	4	4	2	4	3	4	2	2	2	3	4	4	4	0	0	4	0	0	0	1	0	0	0	0	0	3	0	0	3	3	0	2
	virolog	PhD virology	0	0	0	0	0	0	0	0	4	4	4	4	4	3	4	1	0	2	0	1	1	2	0	0	0	0	0	3	0	0	0	0	0	0	2	1	2	0	0	1	0	0	1	0	4	2	0	1
	vision rehab therapi	Vision Rehab Therapy	4	1	3	4	1	3	4	0	2	0	1	0	0	0	0	0	0	1	0	0	0	4	0	0	1	3	3	3	0	0	0	4	0	0	1	0	0	0	0	0	2	4	3	3	4	3	1	2
	visit	yes (Visit)	1	1	4	4	2	3	4	1	2	2	2	3	4	3	4	2	4	4	2	3	3	4	4	3	4	4	3	4	4	2	4	4	2	2	4	0	3	3	4	1	4	4	4	2	2	3	4	3
	visual	Visual Studies	0	1	0	0	0	2	0	2	3	3	3	4	3	3	3	3	3	4	3	4	3	4	1	4	3	3	1	3	3	0	3	1	0	0	2	3	3	3	0	3	1	0	0	1	0	0	0	0
	visual comm	visual comms	0	2	0	0	0	0	1	0	3	3	3	1	1	2	1	2	2	2	3	1	3	2	1	1	2	2	1	1	1	2	2	2	1	1	1	3	1	1	0	1	1	1	1	1	0	1	0	0
	visual communic	Visual Communication	0	0	0	0	0	0	0	0	2	0	0	2	3	0	0	3	0	2	3	4	4	3	0	4	4	4	2	0	4	3	4	4	0	1	0	2	0	3	0	3	2	0	0	0	0	0	0	0
	visual communic	Visual Communication	1	0	0	0	0	0	0	0	3	2	1	0	0	2	0	2	3	3	4	3	4	4	3	4	3	3	3	2	3	2	3	3	0	1	2	1	1	2	2	2	0	0	0	0	0	0	1	0
	visual communic	visual communications	2	4	0	3	0	4	0	3	3	4	3	3	0	3	0	3	3	3	4	3	3	4	0	4	4	3	1	3	1	3	3	1	2	3	3	1	0	2	1	3	0	3	0	0	0	1	0	0
	visual communic	Visual communication 	2	3	0	3	1	3	2	3	2	3	3	2	3	2	3	2	1	0	4	1	0	3	1	2	3	3	3	2	3	1	3	1	2	2	1	4	2	1	3	1	2	3	3	2	3	3	3	3
	visual communic	Visual communication 	1	2	3	4	1	3	3	1	3	3	3	1	2	4	3	2	1	1	4	3	2	4	4	3	0	3	1	1	0	3	0	0	0	0	2	1	2	1	2	4	0	1	0	0	1	2	0	1
	visual communic	visual communications	3	0	0	3	0	1	0	0	1	1	1	0	1	0	0	0	3	2	4	0	0	2	0	4	3	1	0	0	1	1	0	0	0	3	0	0	2	3	2	3	0	2	3	0	2	1	0	0
	visual communic	Visual communication	0	0	0	1	0	0	0	0	2	0	1	3	3	1	3	0	0	4	4	1	3	0	0	4	2	2	1	3	2	0	0	0	2	1	3	1	3	3	3	0	2	1	3	3	2	1	1	1
	visual communic	visual communications	0	0	0	0	0	0	0	0	0	0	0	0	0	0	0	0	0	0	4	0	0	0	0	0	0	0	0	0	0	0	0	0	0	0	0	0	4	0	0	0	0	0	0	0	0	0	0	0
	visual communic	visual communications	1	3	0	1	0	3	1	3	2	2	2	3	2	2	3	2	3	3	4	3	4	4	3	3	1	4	3	3	4	4	4	4	0	3	2	2	2	3	2	3	0	1	0	1	0	2	0	0
	visual communic	Visual Communications	2	3	0	2	3	3	2	3	4	4	4	4	4	3	3	4	1	0	4	3	2	3	3	3	3	4	0	3	4	3	1	1	1	0	2	2	0	1	3	3	1	1	1	2	2	2	0	0
	visual communic	Visual Communication	0	0	0	0	0	0	0	0	0	2	1	0	0	0	0	1	0	3	4	2	2	3	2	4	0	1	0	2	0	1	1	0	0	0	1	0	0	1	0	2	0	0	0	0	0	2	0	0
	visual communic	Visual Communication	2	0	0	0	0	0	0	0	0	2	0	2	0	0	0	0	0	0	4	0	0	0	0	0	0	2	0	0	0	0	0	2	0	0	0	0	0	0	0	0	0	0	0	0	0	0	0	0
	visual communic	Visual communications 	0	0	0	0	0	0	0	0	2	0	0	0	0	0	0	0	0	0	4	0	2	0	0	0	0	0	0	0	0	0	0	0	0	2	0	0	0	2	0	0	0	0	2	0	0	0	0	0
	visual communic	Visual Communication	2	3	0	2	2	3	2	2	0	4	3	3	2	2	1	1	4	4	1	3	4	1	4	3	4	2	4	4	1	3	2	2	0	4	4	4	4	4	2	4	2	0	0	1	1	4	0	1
	visual communic	Visual Communication	0	0	0	0	0	0	0	0	2	3	2	0	0	2	0	0	3	3	3	3	3	4	3	4	1	4	2	2	2	3	3	3	0	0	0	1	0	1	0	1	0	0	0	0	0	0	0	0
	visual communic	Visual Communications	0	2	1	0	0	2	0	2	4	2	1	2	1	2	3	2	2	4	4	3	2	1	0	2	2	0	0	1	2	0	3	0	0	0	2	2	2	4	0	4	0	1	2	1	2	2	3	2
	visual communic	visual communications	2	3	0	1	1	2	2	3	2	1	1	3	1	2	2	3	3	3	4	3	4	3	1	4	4	4	3	3	4	3	4	4	0	3	3	1	3	3	3	3	0	1	0	1	0	2	1	1
	visual communic	Visual Communications	0	0	0	0	0	0	0	0	4	3	3	2	4	2	3	0	1	0	2	0	0	0	0	1	3	2	1	1	2	2	3	0	1	1	2	1	1	2	2	1	1	0	0	2	1	2	0	1
	visual communic	VIsual COmmunication	2	2	0	1	1	1	1	1	1	3	4	3	3	3	3	3	1	2	2	2	3	2	3	3	3	4	1	2	2	2	2	2	0	0	1	1	2	1	2	0	0	0	1	1	2	2	1	1
	visual communic	Visual communication 	2	1	1	3	1	1	2	0	4	4	3	3	2	2	2	4	3	3	4	3	2	3	3	3	4	2	3	4	3	0	1	1	2	0	3	2	3	3	0	4	0	2	2	2	1	2	0	2
	visual communic	Visual Communications	2	2	0	2	1	3	2	1	3	4	4	2	3	4	2	3	0	2	2	3	1	0	3	4	1	3	3	1	3	2	3	3	1	1	3	2	1	1	1	3	1	1	1	0	2	2	0	0
	visual communic	visual communication	2	1	1	0	0	0	0	0	2	1	1	0	0	0	0	0	3	3	4	1	4	2	0	4	2	4	2	0	2	2	2	0	2	3	2	3	2	3	2	2	3	2	2	2	1	0	2	1
	visual communic illustr	Visual Communication (Illustration)	3	4	4	3	2	3	2	3	4	4	4	1	3	3	2	4	0	1	4	3	4	2	4	4	3	4	3	2	2	3	4	2	1	2	2	1	1	2	3	4	2	0	1	1	2	2	2	1
	visual communicatio	Visual Communicatio 	3	4	2	3	2	4	1	3	4	3	3	3	4	4	3	4	1	4	4	4	4	4	4	4	1	4	3	3	3	2	4	4	0	0	0	0	0	0	0	2	1	0	0	2	2	2	0	0
	visual communicationstudio g	Visual Communicationstudio with emphasis in G	3	3	1	2	0	3	2	3	3	4	4	2	3	3	3	3	2	4	4	1	2	3	3	4	2	4	3	3	3	3	3	3	1	1	1	2	1	2	3	1	2	2	2	2	3	3	2	2
	visual communicaton	Visual Communicaton 	2	2	0	1	0	0	0	0	1	0	0	0	0	0	0	2	0	1	4	0	4	0	0	3	2	1	0	0	0	0	1	0	0	0	1	0	1	0	2	0	1	1	2	1	1	2	1	1
	visual communuc	Visual communucation	2	1	1	1	1	1	1	2	2	2	1	2	1	1	1	2	2	3	3	1	1	3	2	2	2	3	2	1	2	3	2	2	1	1	1	1	1	2	1	1	1	1	1	1	1	1	1	2
	visual cultur	Visual culture	0	2	0	0	0	3	0	0	2	3	2	3	1	3	2	3	4	4	4	3	4	3	1	3	3	4	4	3	4	2	1	1	0	0	3	2	0	0	0	0	0	1	0	0	0	0	0	0
	visual cultur	visual culture	2	2	0	0	0	0	0	2	4	1	4	2	2	4	2	3	2	3	4	2	3	3	2	4	4	2	2	3	3	4	3	2	2	1	2	1	2	0	3	2	1	0	0	1	1	0	2	0
	visual effect	Visual Effects	2	1	1	1	1	1	1	1	2	4	4	1	1	1	1	3	0	1	1	1	1	1	1	1	1	4	2	1	1	1	1	1	1	1	1	1	1	1	1	1	1	1	1	1	1	1	1	1
	visual effect	Visual Effects	2	2	1	2	1	3	1	1	4	3	4	4	3	3	3	4	2	3	3	4	3	4	4	4	2	4	3	4	3	2	2	1	2	0	0	1	2	0	1	0	0	0	0	1	1	2	0	0
	voc rehab	voc rehab	1	3	0	0	1	2	0	3	2	3	2	1	1	0	0	0	0	1	4	1	0	0	1	4	4	3	2	1	3	2	3	2	2	4	0	1	2	3	3	1	1	1	0	2	0	1	1	0
	vocal	vocal	2	1	1	0	0	0	0	1	3	4	1	2	2	1	1	0	4	3	0	4	3	4	1	3	2	1	1	1	2	2	2	1	3	2	0	2	0	1	1	3	4	2	2	3	1	0	2	1
	vocal perform	Vocal Performance	2	0	0	2	0	0	0	0	2	1	2	2	1	0	1	4	4	4	4	3	3	4	3	4	3	4	2	3	2	3	3	1	0	2	3	3	3	3	2	2	1	0	1	1	3	3	0	0
	vocal perform	Vocal performance	0	0	0	0	1	0	0	0	1	4	3	1	2	3	1	2	4	3	1	4	4	4	3	2	3	4	3	3	4	4	4	3	1	2	1	1	2	0	2	4	0	0	0	0	0	0	0	1
	vocal perform	vocal performance	2	3	3	2	0	2	1	2	3	3	3	0	3	4	3	1	4	3	1	4	2	4	3	0	3	3	1	3	3	2	1	1	1	1	1	0	1	0	2	2	1	2	0	0	0	1	0	0
	vocal perform	Vocal performance	0	1	0	0	1	1	0	0	1	3	3	2	2	3	1	2	4	3	1	4	3	4	3	2	2	4	2	3	3	4	4	3	1	2	1	1	2	1	2	3	1	0	0	1	0	1	1	1
	vocal product	Vocal production 	4	0	0	2	2	1	2	0	4	4	2	2	2	1	1	0	2	3	2	4	2	3	1	3	4	3	3	4	3	4	2	1	2	1	3	3	1	1	0	1	3	3	4	2	1	1	0	2
	vocat	Vocational	3	2	0	1	0	1	1	0	4	2	0	3	2	1	3	0	0	0	4	2	2	0	2	3	3	3	4	1	3	3	3	3	1	2	1	4	3	2	1	2	1	2	1	3	3	2	0	3
	vocat	vocational	0	0	0	0	0	0	0	0	0	0	0	0	2	0	0	0	4	0	4	4	4	3	0	4	4	2	3	2	4	3	3	2	2	2	0	1	2	2	0	2	2	2	2	3	2	2	2	2
	vocat	Vocational	4	2	2	2	2	2	1	2	3	2	3	3	2	2	1	1	4	4	4	4	4	4	4	4	3	4	4	4	4	4	4	4	2	2	3	2	2	2	1	1	2	2	3	3	1	2	1	2
	vocat graduat	vocational graduate	0	0	0	0	2	0	2	0	0	0	3	0	4	0	2	0	4	4	4	4	4	4	0	4	2	2	3	2	3	4	2	2	2	2	2	2	2	2	0	2	4	3	3	4	3	2	2	3
	vocat rehab	Vocational Rehab	0	1	0	0	0	0	0	1	1	0	0	2	0	0	0	0	0	0	0	0	0	0	0	0	4	2	2	3	3	0	2	2	0	0	0	0	2	0	1	0	3	3	3	3	0	2	2	0
	vocat rehabilit	Vocational Rehabilitation	2	2	2	3	1	3	1	3	3	4	4	4	3	4	2	3	2	2	4	3	2	3	3	4	3	4	4	3	4	0	1	4	1	2	2	2	4	2	2	0	2	1	1	2	2	2	1	1
	vocat rehabilit	Vocational Rehabilitation 	2	1	1	1	1	1	1	1	1	3	2	3	1	1	1	0	3	3	3	3	2	3	1	2	4	4	4	1	4	3	3	3	1	0	1	2	3	2	1	1	2	1	2	3	1	1	1	1
	vocat subject	vocational subjects	2	1	0	1	0	2	1	0	2	2	2	3	2	1	2	0	2	1	2	1	1	2	0	1	4	4	2	4	3	4	3	3	1	1	3	0	3	1	2	1	2	1	1	0	2	1	1	0
	vocat technolog	vocational tech	3	3	1	3	3	3	3	3	3	3	3	3	3	3	3	4	0	1	2	3	3	2	1	2	1	3	1	3	0	0	3	2	0	1	2	0	3	0	1	0	2	2	2	3	3	3	1	3
	voic perform	voice performance	1	2	1	2	1	1	3	2	3	4	4	2	2	4	2	4	4	3	2	4	3	4	4	3	3	2	2	4	3	3	3	0	2	0	0	1	1	0	3	1	0	1	0	2	2	2	0	0
	výchova	výchova	3	0	3	3	3	4	2	3	1	3	1	3	1	1	1	3	1	0	2	3	3	0	3	3	4	1	1	3	3	0	3	0	2	2	3	2	2	2	3	3	3	2	3	3	0	2	3	3
	want cosmatolagist	i want to be a cosmatolagist	0	0	0	0	0	0	0	0	0	0	0	2	0	0	0	0	0	0	1	1	0	1	2	1	1	1	1	3	2	1	3	2	0	2	0	4	0	3	3	0	0	0	0	0	0	0	0	0
	want mechan	I want to be a mechanic 	0	0	0	0	0	2	0	2	0	0	0	0	0	0	0	0	0	0	0	0	0	0	2	0	0	0	0	0	2	0	0	0	0	0	0	0	0	0	0	0	0	0	0	0	0	0	0	0
	war	War Studies	2	3	2	1	1	2	1	2	4	3	3	4	3	3	2	3	3	3	3	4	4	4	4	4	1	2	0	4	0	1	2	1	1	1	1	2	3	2	1	3	0	1	1	0	1	0	1	1
	war	War Studies 	4	3	3	3	3	3	2	3	4	3	3	3	3	2	2	3	0	0	1	4	4	4	2	1	1	1	0	3	0	0	0	0	1	0	0	1	3	0	1	0	0	2	1	0	2	0	1	1
	war	WAR	2	1	0	2	1	1	2	1	3	1	3	3	3	2	3	2	0	2	4	1	1	1	4	2	4	4	3	4	4	4	4	3	4	4	4	4	4	4	4	4	2	2	2	2	1	2	2	2
	war peac	studies in war and peace	3	0	2	2	0	0	1	0	3	0	3	0	3	0	2	0	0	0	0	0	0	0	0	0	2	0	0	4	0	0	0	0	0	0	0	0	0	0	0	0	0	0	0	0	2	0	0	0
	war peac	Studies in War and Peace	0	0	0	0	0	0	0	0	3	0	0	0	0	0	0	0	0	0	0	0	2	0	0	0	4	2	3	4	4	0	0	0	3	1	0	2	4	1	2	0	0	0	0	0	0	0	1	0
	war societi	War and Society	3	1	3	2	1	1	2	1	2	4	2	2	2	2	3	3	1	1	1	1	1	3	1	1	3	2	1	2	1	1	1	1	1	1	1	2	2	1	1	2	3	3	2	2	2	3	2	2
	washington	Washington College 	0	0	0	0	0	0	0	0	0	0	0	0	0	0	0	0	0	0	4	0	0	0	0	2	0	2	2	2	4	0	2	0	0	0	0	0	0	0	0	0	0	0	0	0	0	0	0	0
	weav	weaving	0	1	0	0	0	0	0	0	0	0	0	0	0	0	0	0	0	4	4	3	3	3	0	3	3	2	1	0	1	0	1	1	1	2	0	0	4	4	0	0	0	0	0	0	0	0	0	0
	web applic	Web application 	1	1	1	1	1	1	2	1	3	2	2	2	2	3	2	2	1	3	3	1	3	3	1	3	3	2	3	1	3	2	3	2	2	2	2	2	2	2	1	2	1	1	1	2	2	2	1	1
	web applic	Web application 	2	1	1	1	1	1	1	1	4	4	4	3	4	3	4	2	2	4	4	2	3	1	1	4	4	4	4	2	4	4	4	3	2	3	3	2	2	2	1	3	1	1	1	2	2	2	1	1
	web applic	Web application	0	0	0	0	0	0	0	0	2	2	1	1	2	0	2	0	2	2	1	4	1	2	0	1	2	0	3	1	1	0	2	0	1	0	0	0	1	0	4	0	1	0	0	4	1	0	4	1
	web desgin	Web Desgin	2	1	3	2	0	3	2	0	0	0	1	0	2	1	3	2	0	0	4	3	4	2	2	2	1	2	0	0	0	0	0	0	0	1	2	0	0	0	0	1	0	3	3	3	4	3	2	3
	web develop	web development	3	3	3	2	2	3	3	2	2	4	4	2	3	4	3	3	0	0	4	2	1	4	0	4	0	4	0	2	0	1	1	3	0	0	2	1	1	0	0	3	3	3	1	2	2	3	1	2
	web develop	Web development	4	2	2	4	4	4	2	0	4	4	4	0	4	4	4	4	2	4	4	4	2	4	2	2	3	4	2	4	4	2	0	4	2	4	4	4	2	2	4	4	2	4	4	4	2	2	2	2
	web develop	Web Developement	3	0	3	3	1	2	3	2	1	3	3	3	3	3	3	3	1	0	1	2	1	3	3	1	3	3	3	3	0	2	0	3	0	0	3	0	3	1	1	3	3	2	3	3	3	3	3	3
	web digit	Web Digital 	4	2	0	3	0	3	2	3	4	3	3	3	3	0	3	1	2	3	3	3	3	3	1	2	3	1	1	4	2	3	4	3	0	2	2	2	3	4	3	1	1	2	2	0	2	2	2	3
	web research	web research	0	2	2	0	0	2	0	0	2	4	4	2	4	4	2	2	0	2	4	2	2	4	0	2	4	4	4	4	4	4	2	4	4	4	4	0	0	0	4	2	2	4	4	4	2	2	2	2
	web research	web research	4	2	3	4	3	4	4	3	3	4	3	0	4	4	4	4	1	4	2	2	4	3	4	4	4	4	4	4	4	4	4	4	3	4	4	3	4	3	4	4	4	4	4	4	4	4	4	4
	web research	web research	2	0	4	4	0	0	0	0	2	0	0	0	0	4	0	2	0	4	2	0	2	4	2	2	4	2	4	4	4	4	2	4	0	2	4	0	4	4	4	2	4	0	4	4	4	2	4	2
	web technolog	Web Technology	3	0	0	1	0	0	0	0	4	0	3	1	3	3	3	1	0	0	3	1	3	0	0	3	3	4	1	3	1	3	3	0	0	1	3	1	0	0	0	0	0	3	1	1	3	3	1	3
	weed	weed	2	2	2	2	2	2	2	2	2	2	2	2	2	2	2	2	2	2	2	2	2	2	2	2	2	2	2	2	2	2	2	2	2	2	2	2	2	2	2	2	2	2	2	2	2	2	2	2
	weild	weilding	2	2	2	3	3	4	2	3	1	1	1	1	1	1	2	1	0	0	0	0	0	1	0	0	1	1	1	1	1	0	0	0	1	1	1	1	2	1	1	1	2	1	1	2	2	2	2	2
	weld	Welding	4	3	4	3	4	3	4	0	4	3	4	3	0	4	3	4	4	4	4	4	3	4	4	4	4	4	4	4	4	4	4	4	4	4	2	0	4	4	2	4	1	4	2	0	0	0	0	4
	weld	Welding college 	1	2	1	3	3	3	2	1	3	3	4	3	3	3	1	3	3	3	4	4	4	4	3	3	3	1	1	3	2	1	1	1	0	2	3	3	1	3	3	1	1	2	1	2	1	2	1	1
	weld	welding	2	3	2	2	4	2	3	2	1	2	0	0	0	0	0	0	0	0	0	0	0	0	0	0	2	0	1	0	0	0	0	0	2	1	0	0	2	0	0	0	1	0	0	1	1	0	0	0
	weld	welding	4	3	3	3	4	4	4	4	3	3	0	0	1	0	0	0	0	0	0	0	0	1	0	0	2	2	4	0	3	2	2	2	3	2	3	0	2	3	3	3	3	3	3	2	1	4	2	4
	weld	welding	3	3	4	4	3	3	3	3	1	3	3	3	4	3	3	3	0	0	1	1	0	3	4	0	3	2	2	2	2	1	1	0	0	1	1	0	3	0	2	3	1	3	3	1	2	1	2	3
	weld	Welding	2	2	3	0	3	3	1	2	2	2	3	2	3	3	3	2	0	0	0	0	0	0	0	0	0	1	0	1	0	0	0	0	1	0	0	0	1	0	0	0	0	0	0	0	0	0	0	0
	weld	welding	0	2	3	0	4	0	3	4	0	2	0	0	0	0	0	0	0	1	3	0	0	0	4	0	2	4	3	4	3	2	2	3	0	2	0	1	0	3	2	0	2	1	0	0	0	0	1	0
	weld	welding	0	0	1	2	2	0	1	0	2	2	2	1	2	0	1	0	0	0	0	0	2	0	0	0	0	0	0	0	0	0	0	0	0	0	0	0	1	0	0	0	0	0	0	0	1	0	0	0
	weld	Welding	4	4	4	4	4	4	4	4	4	4	4	4	4	4	4	4	4	4	4	4	4	4	4	4	4	4	4	4	4	4	4	4	0	4	4	0	4	4	4	4	0	4	4	4	4	4	4	4
	weld	welding	3	3	4	2	1	2	2	3	3	4	3	2	1	2	1	2	2	1	1	3	1	1	4	1	3	2	2	3	2	3	1	3	2	3	2	1	2	2	3	2	2	2	2	1	1	2	3	1
	weld	welding	1	3	4	2	3	3	2	1	2	1	2	3	2	0	2	3	2	3	1	3	4	3	1	3	3	2	2	1	3	3	0	0	1	1	3	0	3	2	1	3	0	0	0	0	0	1	0	0
	weld	welding	4	0	2	0	0	0	0	3	0	0	0	2	0	2	0	0	0	0	0	0	0	2	3	3	1	2	4	4	4	2	1	2	0	0	1	4	0	0	2	0	1	0	0	0	0	2	3	0
	weld	welding	2	3	3	2	2	3	2	3	3	2	2	1	1	2	1	2	1	1	1	1	1	3	3	1	2	1	2	2	2	2	2	1	2	2	2	2	2	1	2	2	1	2	1	1	1	2	1	1
	weld	Welding	3	3	3	3	3	2	3	3	3	3	3	3	3	3	3	3	2	2	2	2	2	3	3	2	2	3	3	3	3	3	3	2	1	2	2	2	1	2	2	1	2	2	2	2	2	2	1	2
	weld	welding	2	3	4	4	3	2	3	4	4	4	2	3	0	3	1	2	0	2	3	2	0	1	4	0	4	3	3	2	3	0	1	3	2	4	3	0	4	0	3	4	3	3	4	3	1	4	3	0
	weld	welding	3	4	3	0	4	4	4	4	0	0	0	0	0	0	0	0	0	0	0	0	0	0	0	0	0	0	0	4	0	0	0	0	0	0	0	0	0	0	0	0	0	0	0	0	0	2	0	0
	weld	welding	2	3	3	4	4	4	4	4	3	2	4	3	3	2	2	3	0	1	3	0	1	1	2	0	2	2	2	2	1	1	3	2	1	2	1	1	3	0	2	2	3	3	1	2	3	4	1	1
	weld	Welding	0	0	2	0	0	0	0	0	2	1	3	1	0	2	0	0	2	0	4	1	0	1	2	1	1	1	3	2	1	0	0	2	4	3	4	3	4	3	4	0	1	0	0	0	0	0	2	0
	weld engin	Welding Engineering	4	2	4	3	3	3	4	0	4	3	4	4	4	4	4	4	1	1	0	4	4	4	4	4	4	3	3	0	4	4	4	4	0	1	4	4	4	0	0	0	2	0	1	3	0	4	1	4
	weld engin	Welding engineering	2	3	4	3	2	4	2	3	3	4	4	3	4	4	3	4	1	1	2	1	0	2	4	4	1	0	2	1	0	0	2	0	0	0	0	3	0	0	1	0	0	0	0	0	3	0	0	0
	weld engin	welding engineer	0	3	3	2	0	3	2	4	2	1	0	0	0	1	0	1	0	0	0	4	0	0	4	0	0	0	0	1	1	1	0	0	2	2	0	0	0	0	2	2	0	2	3	0	0	2	0	0
	weld pipe weld	Welding-pipe welding	4	2	4	4	4	4	3	3	0	0	0	0	0	0	0	0	0	0	0	0	0	3	3	1	0	0	0	0	0	0	0	0	0	0	0	0	2	0	3	4	0	2	0	0	0	0	0	0
	weld technolog	welding technology	4	4	2	3	4	3	4	4	4	3	3	3	3	3	3	2	2	3	2	4	2	3	4	2	4	4	3	3	4	3	4	4	2	2	2	4	4	0	4	2	2	4	2	3	4	4	2	4
	weld technolog	Welding Technology	2	3	4	2	4	3	3	4	3	4	4	3	3	3	4	4	1	1	2	3	1	2	3	2	1	3	3	3	1	2	3	3	2	2	1	1	1	2	2	1	2	1	1	1	1	2	1	1
	weld technolog	Welding Technology	3	3	4	1	2	4	3	4	4	4	4	2	3	4	3	4	2	2	2	1	1	2	3	3	2	3	3	3	3	2	2	3	2	2	2	2	2	2	1	2	2	2	1	1	2	1	1	1
	weld technolog	Welding technology	3	4	4	3	2	4	2	4	4	4	4	4	4	4	4	2	3	3	3	4	4	4	4	3	3	3	3	3	4	3	3	2	3	2	2	2	3	2	4	4	2	2	2	2	2	2	2	2
	weld technolog	Welding technology	3	2	3	3	3	3	3	3	2	1	1	1	2	2	2	2	1	1	1	1	1	2	1	3	1	1	1	1	1	1	1	1	1	1	1	1	2	1	1	1	1	1	1	1	1	2	1	1
	welder pipelin	welder/pipeline	2	4	4	4	4	3	3	4	1	4	4	1	0	0	0	0	0	1	3	0	0	0	4	0	2	3	1	0	2	0	3	2	1	3	0	0	4	0	0	1	0	2	0	0	2	0	0	0
	welfar	welfare	1	0	0	1	0	0	0	0	2	2	2	1	1	1	2	0	2	2	1	2	2	2	0	2	3	3	3	2	3	3	3	3	1	2	2	2	2	3	2	3	1	2	2	2	2	2	2	1
	well	Wellness	0	3	0	1	1	3	0	3	4	3	2	3	2	2	3	1	1	3	0	3	3	3	3	0	3	4	4	2	4	4	4	2	0	3	3	1	4	3	3	3	2	1	1	3	1	1	1	1
	weter engin	Weter engineering	2	1	1	1	0	0	1	0	3	4	3	2	2	4	2	2	1	3	3	2	1	3	2	3	4	3	3	2	3	2	1	2	1	0	3	1	2	2	2	1	1	2	2	2	2	2	1	2
	wetland	wetland science	2	2	1	3	1	3	1	1	3	3	3	3	4	3	3	4	1	2	4	3	2	3	4	3	2	1	1	1	1	0	0	1	3	0	0	0	1	0	0	1	3	1	2	3	3	3	1	2
	wildlif	Wildlife	0	0	0	0	0	0	0	0	3	4	4	2	3	3	4	3	0	1	0	0	2	2	0	2	2	3	2	0	2	2	3	2	0	0	0	1	0	0	0	0	1	0	0	0	0	0	0	0
	wildlif	Wildlife	0	0	0	3	0	0	0	0	0	3	3	0	0	0	0	0	0	0	0	0	0	0	3	0	0	0	2	0	0	0	0	0	0	0	0	0	0	0	0	0	0	0	0	0	0	0	0	0
	wildlif	Wildlife Science	0	2	0	0	0	0	0	0	3	4	4	0	4	4	3	3	4	2	1	4	4	4	2	2	4	3	1	3	0	0	1	2	0	0	0	1	0	0	0	0	0	0	0	0	0	0	0	0
	wildlif	wildlife	2	0	0	0	0	0	0	0	4	4	4	3	3	4	3	0	4	4	4	4	4	4	3	4	3	3	4	0	4	4	4	3	0	0	2	1	2	1	0	2	0	0	0	0	0	0	0	0
	wildlif	wildlife	1	2	0	2	2	3	0	1	4	3	3	2	3	3	4	2	0	0	1	2	1	1	0	0	4	3	3	1	3	1	1	3	0	1	2	0	0	0	0	2	1	2	1	1	2	1	0	1
	wildlif	Wildlife sciences	1	2	2	2	1	3	2	2	2	3	4	2	4	3	3	3	1	1	2	2	2	3	2	2	2	2	0	2	1	0	2	1	2	1	1	1	3	1	2	1	2	1	2	1	3	2	2	2
	wildlif conserv	Wildlife Conservation	2	2	3	3	3	1	2	0	2	4	4	1	3	4	3	4	0	0	1	0	0	0	3	4	0	0	0	0	0	0	0	0	0	0	0	0	2	0	0	0	0	2	0	0	0	0	0	0
	winemak	Winemakers	3	2	0	0	0	2	0	1	4	3	3	4	4	0	4	1	1	1	3	0	4	1	0	1	4	2	4	1	4	0	3	2	0	0	2	3	1	0	0	0	3	0	2	4	0	1	1	1
	winemak	Winemaker	3	1	0	1	0	2	0	0	4	3	3	3	4	2	4	1	2	3	2	1	3	1	1	3	4	1	4	0	4	0	1	0	1	0	2	2	1	0	0	0	3	0	1	2	0	0	2	1
	wizardri	Wizardry	0	0	0	0	1	2	0	1	2	3	2	2	1	3	2	2	1	2	2	2	2	3	3	1	2	4	3	3	3	2	2	2	1	0	1	1	2	1	0	0	0	0	1	1	0	0	0	1
	wmn sex	Gen, Wmn, Sex Studies	1	2	0	1	0	2	1	1	2	4	3	0	1	2	1	3	2	3	3	2	2	2	0	3	3	4	2	2	3	1	2	1	0	1	2	0	3	1	3	1	3	3	2	1	1	2	2	2
	women	Womens Studies	0	2	0	0	0	1	1	1	4	3	3	3	3	3	3	3	4	4	4	4	4	4	2	4	4	4	4	4	4	3	3	4	0	1	3	3	2	2	1	3	0	0	1	1	3	2	1	1
	women	Womens studies	2	2	1	2	2	3	2	2	2	1	1	1	1	1	1	3	0	1	0	0	0	0	0	0	3	3	3	1	3	3	2	2	2	1	3	0	3	2	2	2	2	1	2	3	3	4	2	3
	women	Women studies	0	4	0	0	0	0	0	0	0	1	0	0	0	0	0	0	0	0	0	0	3	0	0	0	0	3	0	0	3	4	4	0	0	0	0	0	0	0	0	0	0	0	0	0	0	0	0	0
	women	women studies	0	1	0	0	0	1	0	0	4	4	4	2	3	4	2	2	0	4	2	2	3	3	0	2	3	4	3	2	4	3	4	2	0	1	1	2	2	2	0	3	0	0	0	0	0	0	0	0
	women gender	Women & Gender Studies	2	0	0	0	0	0	2	1	3	0	0	0	0	0	1	1	0	0	2	0	0	0	1	1	1	4	3	2	3	0	2	3	1	2	3	3	3	2	4	3	2	2	1	3	2	2	3	3
	women gender	Women and gender studies 	1	1	1	1	1	1	2	1	1	4	3	1	1	4	1	2	2	1	4	1	2	2	2	2	4	4	4	3	4	2	3	2	1	3	2	3	2	3	3	1	3	2	3	3	1	2	2	2
	women ’	Women’s studies 	1	1	1	2	0	3	1	2	4	2	2	1	3	1	1	2	4	4	3	3	3	4	1	3	3	1	0	3	0	1	1	1	3	2	4	0	4	3	3	3	2	2	1	2	3	3	3	3
	wood technolog	wood tech	0	0	0	2	0	2	2	0	0	4	4	2	4	4	0	0	4	2	2	4	0	4	4	2	2	2	2	2	4	4	4	4	4	2	2	4	2	4	0	4	0	0	2	2	2	2	0	0
	wood technolog	Wood Technology	0	1	2	2	3	3	2	1	4	3	3	3	3	3	2	3	2	3	3	3	3	3	2	2	1	3	1	2	1	1	1	2	2	0	2	0	3	1	2	2	0	1	2	1	2	3	1	1
	wood work	wood work	2	3	2	4	1	3	1	4	2	0	0	0	1	0	0	1	0	0	0	0	0	0	2	1	2	2	2	0	2	2	3	2	3	1	1	0	2	1	2	1	1	1	2	0	1	2	0	0
	woodwork	Woodworking	3	3	0	3	2	3	4	2	1	3	2	0	1	1	1	1	1	1	1	0	1	2	0	3	0	1	0	0	1	3	1	3	0	1	2	1	1	2	0	2	4	4	3	3	3	3	2	4
	work engin	Working on engineering 	3	2	1	1	0	2	0	1	3	3	4	4	4	3	4	4	4	3	4	4	4	4	1	4	3	4	3	2	2	3	4	4	0	0	2	1	2	1	0	1	2	2	1	1	2	2	1	1
	world develop envirnment	3rd world development & envirnmental studies	4	2	1	2	2	2	3	2	3	2	2	0	2	2	2	3	1	1	1	0	1	1	0	1	1	4	1	1	1	1	3	2	0	2	1	0	1	2	1	2	4	3	3	3	3	3	2	3
	world develop envirnment	3rd world development & envirnmental studies	4	3	0	1	2	2	3	2	3	3	2	1	2	2	2	4	1	1	1	0	1	1	0	1	1	4	0	2	2	1	3	2	0	2	1	0	1	2	2	2	4	2	2	3	3	3	2	3
	wot u talkin bout	wot u talkin bout 	3	2	0	2	2	2	3	3	2	0	0	1	1	0	0	0	0	0	2	2	1	3	2	0	2	3	1	1	1	1	1	0	3	2	1	1	2	2	1	1	2	3	2	2	2	4	1	2
	would	I would not attend	1	3	3	1	1	3	1	3	2	1	1	0	0	0	0	0	0	0	0	0	0	0	4	0	0	0	2	0	0	3	2	1	0	2	0	0	2	1	0	1	2	2	0	0	0	0	0	0
	would like art	I would like to major in science and arts.	2	0	0	2	0	1	2	0	3	3	3	2	3	3	4	3	1	3	4	4	3	3	3	4	4	3	3	3	3	4	4	2	0	3	2	3	2	4	1	3	0	0	1	1	0	3	0	1
	wrestl	Wrestling	2	1	0	1	1	0	1	0	0	0	0	1	0	0	0	0	3	2	0	2	1	3	2	0	0	1	1	1	0	0	1	1	1	2	1	0	1	1	2	2	1	3	1	0	1	1	0	2
	wright	Wrighting 	0	1	0	0	2	0	2	0	2	2	2	0	1	2	1	0	1	4	4	4	4	4	4	4	3	4	4	4	4	4	4	4	4	2	3	4	2	4	2	4	0	1	0	4	0	0	0	3
	write	Writing	1	0	1	1	0	1	0	1	2	3	4	3	3	4	3	4	0	0	1	1	4	1	3	1	3	2	2	3	1	0	1	3	0	0	1	0	1	1	0	0	0	0	1	1	1	2	1	1
	write	Writing	1	2	2	1	0	0	0	1	2	1	2	2	2	3	2	2	2	3	1	4	4	4	3	3	2	2	1	1	1	2	1	0	1	0	1	0	2	0	2	0	0	0	0	0	1	1	1	0
	write	writing	0	0	0	0	0	0	0	0	0	0	1	0	0	0	0	0	0	0	1	2	4	1	0	0	1	2	2	0	1	1	1	2	0	0	0	0	0	0	0	0	0	0	0	2	1	0	0	0
	write	Writing	2	3	2	1	0	2	2	1	3	4	4	2	4	3	2	3	4	1	4	3	4	3	1	3	3	3	2	0	2	0	1	0	2	0	2	0	2	0	3	1	3	2	2	2	1	2	1	2
	write	Writing	1	1	0	0	0	1	0	1	0	0	1	0	0	1	0	0	0	3	3	2	4	1	4	3	2	2	1	0	2	0	2	2	0	1	0	0	1	0	1	1	0	0	0	0	0	0	0	0
	write	Writing	2	0	0	1	0	1	0	0	1	1	1	0	1	0	1	3	0	0	3	2	3	3	0	2	0	3	1	1	0	1	3	0	3	3	3	1	3	2	1	3	2	4	4	3	4	3	2	3
	write	WRITING	0	0	2	4	4	2	3	2	4	4	3	4	4	4	3	3	0	2	4	2	2	4	4	2	4	2	4	1	4	4	4	4	4	4	3	2	4	4	4	4	4	4	3	4	2	4	4	4
	write	Writing	2	0	1	0	0	0	1	0	2	3	2	0	0	3	2	1	3	4	2	4	4	4	3	3	1	1	2	0	1	2	3	2	2	1	0	0	1	2	0	2	1	2	0	0	1	0	0	1
	write	Writing	2	2	0	2	1	0	2	2	2	1	2	2	1	2	2	2	3	3	0	1	4	3	3	2	3	4	4	1	4	2	3	0	0	3	3	1	3	2	3	2	0	2	2	1	0	2	2	2
	write	writing	2	3	0	0	0	2	0	3	4	3	3	0	2	3	0	1	4	4	3	4	3	4	2	3	3	3	3	2	3	1	3	1	0	2	1	0	0	2	0	1	0	0	0	0	0	0	0	0
	write	writing	0	0	0	0	0	0	0	0	2	4	2	3	0	3	0	3	0	4	4	4	4	2	3	4	4	0	3	0	0	0	0	0	0	0	0	0	0	0	0	0	0	0	0	0	0	0	0	0
	write	Writing	0	0	0	0	0	0	0	0	3	3	3	0	2	3	0	2	2	4	4	4	4	3	0	3	4	4	3	1	4	4	4	2	0	0	3	1	3	2	0	3	2	2	2	3	3	2	1	2
	write	Writing 	2	0	0	0	0	0	0	0	4	4	4	2	4	4	3	1	0	3	1	1	4	2	1	2	3	4	4	4	4	2	1	1	0	0	0	0	0	0	1	0	0	0	0	0	0	1	0	0
	write	writing	0	0	0	0	0	0	0	0	3	1	0	3	2	1	1	3	0	2	1	2	4	2	1	1	2	3	3	2	1	0	2	0	0	0	3	0	2	0	1	0	4	4	4	4	1	1	3	4
	write	Writing	0	2	0	1	0	1	0	0	1	3	3	1	1	3	1	3	3	4	4	4	4	4	1	4	3	3	1	2	3	3	3	3	0	0	0	3	1	1	0	1	0	1	0	0	0	3	0	0
	write	Writing	1	3	0	2	1	2	3	1	1	0	1	1	0	1	1	0	2	3	2	3	2	3	2	1	1	2	0	1	1	0	1	0	1	1	0	1	1	1	0	3	1	3	0	3	3	4	1	3
	write	writing	0	0	0	1	0	2	2	0	3	3	4	2	4	4	3	4	3	4	4	4	4	3	4	4	2	3	3	2	3	4	2	1	1	2	3	2	3	2	3	3	0	3	3	3	3	1	2	3
	write	Writing	0	2	1	0	0	1	0	1	0	1	1	0	0	1	0	0	2	4	3	4	4	2	3	4	3	4	0	0	0	0	4	0	2	4	3	2	2	4	3	3	2	4	2	3	1	1	3	3
	write	Writing	0	0	0	0	0	0	0	0	0	4	3	0	0	3	1	3	0	0	4	0	4	3	0	4	0	3	2	0	2	3	1	0	0	0	0	0	2	2	0	2	2	2	2	2	2	2	0	0
	write	writing	3	2	0	1	3	2	3	1	2	4	3	2	0	2	0	0	2	0	3	4	4	4	2	3	3	2	1	4	4	2	4	3	0	0	2	4	0	3	0	4	2	4	4	3	4	2	0	4
	write	Writing	0	0	0	0	0	0	0	0	2	1	1	0	0	3	0	2	3	4	4	4	4	3	1	3	4	4	2	0	4	2	4	2	1	1	4	0	3	1	3	4	0	0	0	0	0	0	0	0
	write	Writing	0	0	0	0	0	0	0	0	0	0	0	0	0	0	0	0	2	4	3	4	4	4	0	3	1	0	0	0	0	0	2	0	0	0	0	0	0	0	0	0	0	0	0	0	0	0	0	0
	write	Writing	1	0	1	1	1	1	1	0	1	2	1	1	1	1	1	1	1	3	2	1	3	1	1	3	3	3	3	0	3	2	3	2	1	3	2	2	2	2	2	3	2	2	2	3	2	2	2	2
	write	Writing	0	0	0	0	0	0	0	0	2	0	1	0	0	1	0	0	0	0	4	3	4	1	0	4	0	0	4	0	4	0	1	1	0	2	0	2	0	2	0	1	1	0	0	1	0	0	0	0
	write	Writing	2	0	0	1	0	0	1	0	2	0	1	0	0	1	1	2	2	3	1	2	4	2	3	3	1	2	1	0	1	3	3	1	0	0	0	0	0	0	0	3	0	2	1	0	2	2	0	1
	write	Writing	0	0	0	0	0	0	0	0	0	2	0	0	0	1	0	0	2	4	0	2	4	0	0	3	4	4	4	3	3	3	4	3	0	3	4	2	2	2	4	2	0	0	0	0	0	0	0	0
	write	Writing	1	1	1	1	1	2	1	1	3	3	3	3	3	3	3	3	3	2	2	2	3	2	3	2	3	3	2	2	3	3	2	2	2	1	2	2	3	2	1	3	1	2	1	1	1	1	1	1
	write	Writing	0	0	0	0	0	0	0	0	0	0	0	0	0	0	0	0	0	4	0	1	4	0	0	3	4	4	3	3	3	3	4	1	0	3	4	1	1	3	3	1	0	0	0	0	0	0	0	0
	write	writing	0	0	0	2	0	2	0	0	2	2	3	0	1	2	0	0	1	3	2	3	4	2	0	2	4	2	3	2	4	1	0	0	0	1	3	2	3	2	1	1	0	2	1	1	2	1	0	0
	write art	writing, arts 	2	2	1	2	2	0	0	1	3	2	4	3	2	4	3	2	2	2	3	4	4	4	4	3	1	2	4	2	4	4	4	3	2	3	3	3	1	2	1	3	1	2	1	2	1	0	0	2
	write literaci	Writing and Literacy	2	2	0	1	0	1	0	1	2	4	4	1	3	4	2	3	0	0	4	1	2	2	0	3	3	2	2	2	1	1	1	1	0	2	1	0	1	1	0	0	0	2	1	2	1	0	0	0
	wwii	WWII	1	0	1	1	1	0	0	1	1	1	1	1	1	1	1	1	2	4	4	4	4	2	1	4	3	2	2	1	1	0	2	1	4	1	3	3	3	3	3	4	1	1	1	1	1	1	1	1
	x	X	3	1	0	2	1	2	2	1	4	4	3	1	3	4	2	0	0	0	1	1	1	1	0	0	3	4	4	3	4	1	4	3	0	2	3	1	3	1	2	1	3	2	3	2	0	2	0	2
	x	X	3	3	0	3	1	2	3	0	4	0	0	3	1	0	1	0	0	3	0	3	0	0	0	0	3	0	0	0	0	0	0	0	0	0	3	0	4	3	1	0	4	0	3	4	4	3	3	3
	x	X	0	0	0	0	0	3	0	0	0	3	4	0	3	3	1	0	3	3	3	3	1	3	1	3	0	3	3	0	3	3	1	3	0	1	0	0	0	1	0	3	0	0	0	0	0	0	0	0
	x	x	1	0	0	1	0	0	3	0	3	3	2	4	1	2	3	0	0	2	3	2	0	3	0	0	2	4	0	4	1	2	4	1	2	1	2	4	2	4	3	1	3	3	2	2	1	0	3	2
	x ray	x ray 	1	1	2	1	0	1	1	0	3	3	2	3	3	3	3	0	1	4	3	3	3	2	3	2	2	3	3	3	3	3	3	1	3	3	3	1	3	3	4	2	3	3	3	3	3	3	3	2
	x ray	x-ray	2	0	1	1	1	1	2	1	2	2	2	2	1	1	1	1	3	2	1	3	0	2	1	1	1	2	2	1	1	2	1	1	1	2	1	2	2	1	0	1	2	1	1	1	2	3	0	1
	xray technolog	xray tech	1	2	3	2	0	1	1	0	2	2	0	4	0	1	2	0	2	0	2	3	0	2	3	2	2	2	2	2	2	2	2	3	1	0	0	0	2	1	3	0	2	0	1	0	0	2	0	2
	xx	XX	2	0	0	0	0	0	0	0	3	2	0	0	0	0	0	0	4	4	0	4	4	4	4	2	3	2	3	3	4	4	4	3	3	3	3	2	4	4	2	1	0	0	0	3	0	0	0	0
	xxxxx	Xxxxx	2	2	1	3	2	2	1	3	2	4	4	2	3	4	3	3	0	0	0	0	0	0	2	0	2	1	0	2	3	3	2	1	3	1	2	0	4	0	3	2	2	1	1	1	3	2	3	3
	yesbec want dream engin	yes....bec i want or my dream is engineering	2	4	4	4	4	4	4	4	2	3	4	4	4	1	4	3	4	4	2	4	4	3	4	3	0	4	2	3	2	2	4	3	0	4	4	4	2	2	3	3	4	4	4	4	2	4	3	3
	yettt	not sure yettt	2	0	0	0	0	0	0	0	4	2	2	2	2	2	2	0	4	2	4	0	4	4	0	0	2	4	4	0	4	4	4	4	0	0	4	0	2	2	0	2	0	0	2	2	2	0	0	2
	yo mama	yo mama	2	2	0	3	2	3	2	2	4	3	0	4	4	3	4	1	1	1	3	1	1	1	3	0	1	2	1	3	1	2	2	0	0	1	1	1	1	1	3	3	0	0	1	0	1	1	0	0
	yoga	yoga	3	1	0	3	2	3	2	2	4	1	4	4	4	3	4	2	4	4	4	4	4	2	0	3	4	4	4	4	4	4	4	4	0	1	4	0	2	4	0	1	1	2	2	0	2	2	2	1
	young	Too young 	0	0	3	1	3	0	1	0	0	3	1	0	0	3	1	2	3	1	1	3	3	3	0	0	0	2	0	1	0	1	0	0	0	0	3	3	4	2	0	2	3	0	1	0	2	4	0	4
	young	too young	2	0	0	0	0	0	0	0	0	0	0	0	0	0	0	0	0	0	0	0	0	0	0	0	0	0	0	4	0	0	0	0	0	0	4	0	0	0	2	0	4	0	2	0	0	2	2	0
	youth develop	youth development	0	0	0	0	0	3	0	0	4	3	4	4	4	4	3	2	2	0	3	3	1	1	2	1	3	3	3	3	2	2	2	0	0	1	0	1	1	1	0	2	0	0	0	0	0	0	0	0
	youth justic	Youth Justice	2	1	0	0	0	0	0	0	3	3	2	3	2	3	3	1	3	2	0	2	0	3	4	1	2	2	3	3	3	2	4	1	2	2	3	0	3	2	1	0	3	3	3	3	3	4	2	2
	youth ministri	Youth Ministries	0	2	0	0	0	3	0	0	2	1	0	0	0	0	0	0	2	1	0	0	0	3	0	0	4	3	2	1	2	0	2	2	1	3	3	1	3	3	3	3	1	3	2	3	0	1	2	1
	youth ministri	Youth ministry	1	3	1	3	0	3	1	3	4	3	3	3	0	3	1	3	0	1	3	1	4	3	1	3	0	3	3	4	3	4	4	3	0	0	3	3	3	3	3	3	1	1	0	1	3	1	3	1
	youth ministri	Youth Ministry	0	1	1	0	0	1	0	0	2	0	1	0	1	1	0	1	1	2	0	1	3	2	3	2	2	4	3	3	4	4	3	2	0	3	0	0	2	3	1	2	0	1	0	0	0	0	1	0
	youth ministri	Youth Ministry	0	2	2	1	0	1	2	1	1	2	2	2	2	0	2	0	1	1	2	4	4	4	4	0	1	3	2	2	2	2	2	1	0	1	0	1	0	0	1	2	0	3	0	0	0	2	0	0
	youth ministri	Youth Ministry	2	1	2	1	0	3	0	2	3	3	3	1	2	3	3	3	1	0	2	2	2	3	1	1	3	4	3	1	3	1	1	0	0	0	1	0	1	1	1	1	0	3	1	0	1	0	1	1
	youth ministri	Youth Ministry	2	0	0	2	0	1	0	0	1	3	3	1	2	3	2	3	0	1	2	2	4	1	1	2	2	2	0	1	2	3	4	0	0	0	2	0	2	0	0	3	2	0	1	1	2	2	1	2
	youth ministri	Youth Ministry	1	1	1	1	1	2	1	1	1	1	1	1	1	1	1	1	2	0	0	1	0	3	0	0	3	3	2	1	3	3	2	0	0	1	2	1	2	0	0	2	2	1	1	2	2	2	2	2
	youth ministri	Youth Ministry	2	2	2	2	2	2	2	3	3	2	3	3	2	3	2	2	1	2	3	3	2	3	2	3	3	3	3	3	3	3	3	2	2	2	2	2	2	2	2	2	1	1	1	2	1	2	1	1
	youth ministri	Youth Ministry	2	3	0	3	3	3	3	3	2	4	3	2	2	3	2	2	2	3	3	3	4	2	3	3	4	4	4	3	4	4	3	4	0	0	0	2	2	3	2	3	1	2	1	2	2	2	2	2
	youth ministri	Youth Ministry	3	3	2	0	3	2	1	3	3	2	1	0	1	1	0	1	1	1	0	0	0	1	3	3	3	3	3	3	3	3	3	1	0	1	2	1	3	1	1	1	1	1	1	1	0	2	1	1
	youth ministri	Youth Ministry	2	1	0	2	1	1	1	1	2	1	2	2	3	2	3	2	1	0	1	1	1	2	0	0	2	1	1	1	1	1	1	0	2	1	2	0	3	3	2	2	2	2	2	3	3	4	2	2
	youth ministri bibl	Youth Ministry and Bible	1	1	0	1	0	2	0	1	2	0	0	1	0	1	1	1	2	2	1	2	0	3	1	2	3	3	2	3	2	0	1	1	2	2	3	1	2	2	2	0	0	1	2	2	0	1	1	0
	youth ministri biblic	Youth Ministry/Biblical Studies	1	0	0	1	0	0	0	0	2	3	3	1	1	0	0	0	1	1	1	0	0	0	1	0	3	4	2	1	3	1	3	2	1	0	1	2	1	1	2	2	2	2	1	2	1	0	2	2
	youth servic	Youth Services	0	0	0	0	0	0	0	0	0	0	0	0	0	0	0	0	0	0	0	0	0	0	0	0	3	4	3	0	4	0	4	4	0	0	0	0	0	0	0	0	1	0	0	2	0	2	0	0
	youth social ministri	youth/social ministry	3	0	1	1	2	2	2	2	2	3	1	3	1	3	3	4	2	3	3	4	4	4	3	2	4	4	4	4	4	2	2	2	2	4	4	3	2	2	1	4	2	2	3	2	3	3	3	2
	youth work	Youth Work	2	0	0	1	0	1	1	0	3	3	2	0	2	3	1	2	1	2	3	3	1	3	3	1	4	4	4	3	4	4	4	4	0	1	2	2	3	2	3	1	0	1	0	1	1	0	1	0
	youth work	Youth work	3	2	0	0	0	0	0	0	4	3	2	0	2	2	2	0	0	0	2	3	0	0	0	0	3	4	4	2	4	4	2	2	2	0	0	0	0	0	2	2	2	0	0	2	0	0	0	0
	youth work	Youth Work	3	0	0	1	0	0	1	0	3	3	3	2	2	3	3	2	2	0	1	2	1	3	0	1	2	3	1	0	3	1	1	0	0	0	0	0	0	0	0	0	2	2	2	2	2	1	0	0
	youth worker	youth worker 	2	3	4	1	4	3	2	2	1	0	0	1	1	1	2	1	1	1	2	2	1	2	4	1	3	4	4	4	3	2	4	3	2	4	4	0	3	3	2	3	0	2	2	2	1	1	3	3
	yyfiuhiuvhiuhgeiheviuhf	y47yf9iuhiuvhiuhgeiheviuhf	4	4	4	4	4	4	4	4	4	4	4	4	4	4	4	4	4	4	4	4	4	4	4	4	4	4	4	4	4	4	4	4	4	4	4	4	4	4	4	4	4	4	4	4	4	4	4	4
	zootecnia	Zootecnia	3	2	0	1	0	2	0	0	3	4	4	3	3	3	3	2	0	0	3	0	0	1	1	2	2	3	1	3	0	0	0	0	1	1	2	1	3	2	0	0	1	3	1	2	1	1	0	0
	zztsygolnkjuguigc	zztsygolnkjuguigc	2	1	1	3	2	1	3	1	3	3	3	3	2	3	2	1	3	3	3	3	3	3	3	3	2	3	1	1	1	1	1	1	2	2	3	3	2	3	1	3	2	2	2	3	2	3	1	3
	¡°photography¡±	¡°photography¡±	2	1	0	0	0	0	1	2	4	4	3	1	2	4	1	1	2	4	4	3	3	3	4	3	3	3	1	4	1	3	3	3	3	2	2	3	1	2	2	1	1	1	0	1	0	0	1	1
	¤ß²z¾ç	¤ß²z¾Ç	1	1	2	3	2	3	2	3	3	3	3	3	3	3	3	3	3	2	3	2	1	3	3	2	2	2	2	3	2	3	2	2	2	1	2	1	1	1	1	2	1	2	1	2	1	1	1	1
	¥øºþ	¥øºÞ	2	2	0	2	1	1	1	0	3	1	0	3	0	0	0	0	3	0	1	1	1	1	0	0	3	3	0	3	1	3	3	0	4	4	4	2	4	4	1	4	4	3	4	4	4	4	4	4
	¾æµ¢çð	¾Æµ¢ÇÐ	2	0	0	0	0	2	0	0	3	2	3	0	2	0	3	2	3	1	2	2	3	3	0	3	1	0	2	0	3	3	2	0	0	0	1	3	1	4	1	4	0	0	3	2	0	0	2	1
	âå¾çàëåç	Âå¾ÇÀËÅç	3	2	2	2	1	2	3	3	3	3	3	3	2	2	1	2	1	2	2	4	4	1	2	1	2	4	3	4	4	4	4	2	2	1	2	4	4	4	2	2	3	2	4	4	4	4	3	3
	ääç » åí°øçð	ÄÄÇ»ÅÍ°øÇÐ	1	0	0	0	0	0	0	0	2	1	0	0	0	0	0	0	4	2	0	3	2	3	3	1	1	2	0	0	2	1	0	0	0	0	0	0	0	0	0	1	0	0	0	0	0	0	0	0
	å @ ²z	Å@²z	1	1	1	1	1	1	2	1	2	1	1	1	1	1	2	1	2	1	1	2	1	3	2	2	2	2	2	1	2	2	2	2	1	2	1	2	1	3	2	2	1	1	1	1	1	1	2	1
	å @ ²z	Å@²z	1	1	1	1	1	1	1	1	1	1	1	2	1	1	3	1	3	1	1	2	1	3	2	2	1	1	1	1	1	1	1	3	1	1	1	1	1	3	1	1	1	1	1	1	1	1	1	1
	å @ ²z	Å@²z	0	2	0	0	2	2	0	4	2	2	2	2	0	2	0	2	4	2	4	4	4	4	4	4	2	4	4	4	2	4	4	4	2	2	0	4	0	4	0	4	4	2	0	4	2	0	4	4
	å @ ²z	Å@²z	1	1	1	1	1	1	1	1	1	1	1	1	1	1	1	2	2	1	1	1	1	2	2	2	1	1	1	1	1	2	1	2	1	2	2	1	1	2	1	2	1	1	1	1	1	1	3	2
	å @ ²z	Å@²z	2	2	2	2	2	2	2	2	3	2	2	2	2	2	2	2	2	2	2	2	3	2	3	2	3	2	3	3	3	3	3	3	2	3	3	2	3	3	2	3	3	3	2	2	3	2	2	2
	å @ ²z	Å@²z	1	1	1	2	2	1	1	3	3	4	2	2	2	2	1	2	3	0	2	2	2	3	3	2	3	2	2	2	3	2	2	3	3	3	3	2	2	2	3	2	3	1	2	2	2	3	2	1
	å @ ²z¾ç	Å@²z¾Ç	1	1	2	0	1	1	1	1	0	2	1	1	1	3	0	1	2	2	1	2	1	2	3	2	2	1	0	3	3	3	2	1	3	3	0	2	3	3	2	3	3	3	3	3	3	2	3	3
	å @ ²z¾ç	Å@²z¾Ç	1	0	1	0	0	0	1	1	3	1	1	4	2	2	3	1	3	1	1	2	4	3	2	2	2	2	3	2	3	2	4	2	1	1	2	1	1	2	0	1	0	1	0	1	0	1	0	0
	å @ ²zì	Å@²z¬ì	2	1	1	1	1	2	1	1	2	1	1	2	1	1	1	1	4	2	2	2	2	4	2	1	2	3	2	2	2	2	2	2	2	2	2	2	2	2	1	2	1	2	2	2	1	1	1	1
	éducat	Éducation 	0	0	0	0	0	0	0	0	0	2	2	0	0	1	0	0	0	2	0	0	1	1	0	0	2	2	1	2	2	1	1	0	0	0	1	0	1	0	0	0	0	0	0	0	0	0	0	0
	éì¿æ	ÉÌ¿Æ	1	1	1	1	1	2	1	1	2	2	1	1	1	2	1	1	1	1	1	2	1	1	1	1	3	2	1	1	2	2	1	1	2	1	1	1	1	1	1	1	0	1	1	1	1	1	1	1
	ïñèõîëîãèÿ	ïñèõîëîãèÿ	2	0	0	0	0	1	0	0	4	3	4	3	4	4	4	2	2	2	3	2	4	3	0	2	4	2	4	3	4	2	3	4	1	0	0	0	1	0	1	3	0	0	0	1	2	1	0	2
	ðäàíñ§	ÐÄÀíÑ§	3	2	4	2	1	3	2	2	4	4	4	3	4	4	4	2	0	3	2	4	4	3	3	3	3	3	2	4	3	2	3	2	3	3	2	3	2	2	2	2	3	2	2	3	2	3	2	2
	óñùòùæøñû	Óñùòùæøñû	2	0	0	1	0	0	0	0	3	3	3	0	3	3	0	0	0	3	2	0	0	0	0	0	1	4	2	4	3	4	4	1	0	2	3	4	4	4	0	2	0	4	1	1	4	4	2	4
	–	–	0	0	0	0	0	0	0	0	1	1	0	3	0	1	0	3	1	2	4	4	4	2	0	3	3	3	2	3	2	0	0	0	0	3	0	2	4	4	2	0	0	0	0	2	1	0	0	0
	’	I don’t know	0	0	0	2	0	0	1	0	0	1	0	0	0	0	0	0	0	0	3	3	0	2	2	0	0	0	0	3	0	0	1	0	2	2	0	4	0	2	2	0	0	0	0	0	0	0	0	0
	’	I don’t know yet	2	1	3	2	1	1	1	1	3	4	3	2	2	3	2	4	2	3	2	3	3	3	3	2	4	4	4	3	4	2	3	2	1	2	2	2	2	2	3	2	1	3	1	1	0	1	2	1
	’	Don’t know 	2	0	0	0	0	0	0	0	2	0	0	2	2	2	1	2	2	3	3	4	4	4	4	4	1	2	1	0	1	1	1	2	1	0	1	0	3	1	0	0	1	1	0	0	1	0	0	0
	’	I’m not sure yet	4	0	0	0	0	2	3	0	3	1	1	0	1	3	1	3	0	2	3	2	3	0	1	4	2	4	3	3	4	2	2	3	0	1	2	1	3	1	1	1	3	2	1	1	0	4	0	4
	‰pœê	‰pŒê	4	2	0	2	0	4	0	2	4	4	4	2	4	4	4	3	0	2	4	0	4	3	0	4	4	3	2	3	0	1	3	0	4	3	2	0	1	1	0	0	0	2	1	0	3	2	0	0
