major_category	major_preprocessed	major_original	Realistic	Investigative	Artistic	Social	Enterprising	Conventional
	inform technolog	Information Technology	0.875	0.4375	0.625	0.65625	0.5625	0.875
	languag	languages	0.53125	0.6875	0.65625	0.25	0.375	0.625
	institut kitchen servic	institute kitchen services	0.65625	0.875	0.65625	0.625	0.28125	0.6875
	culinari	Culinary	0.0	0.25	0.125	0.375	0.25	0.625
	electroniqu	Electronique	0.625	0.1875	0.0625	0.75	0.6875	0.3125
	inform technolog	IT	0.125	0.34375	0.5625	0.84375	0.78125	0.875
	ge	ge	0.4375	0.375	0.28125	0.4375	0.6875	0.78125
	electron	electronics	0.4375	0.5	0.6875	0.625	0.625	0.4375
	hospit	hospitality	0.0625	0.21875	0.25	0.40625	0.65625	0.3125
	drama	Drama	0.21875	0.71875	0.75	0.8125	0.34375	0.0625
	pedagogi	pedagogy	0.46875	0.34375	0.25	0.53125	0.59375	0.40625
	inform technolog	Information Technology	0.1875	0.34375	0.21875	0.21875	0.25	0.6875
	n	N/a 	0.09375	0.0	0.3125	0.6875	0.71875	0.75
	insur	Insurance	0.25	0.34375	0.4375	0.5	0.28125	0.25
	kineasiolog	kineasiology	0.5	0.84375	0.09375	0.4375	0.125	0.0
	undecid	Undecided	0.0625	0.1875	0.96875	0.8125	0.59375	0.1875
	occup therapi	Occupational Therapy	0.53125	0.8125	0.4375	0.65625	0.625	0.59375
	electron	Electronics	0.53125	0.8125	0.53125	0.84375	0.21875	0.8125
	bioengen	Bioengeneering 	0.59375	1.0	0.9375	0.34375	0.34375	0.40625
	leadership	leadership	0.15625	0.5625	0.875	0.53125	0.1875	0.0
	undeclar	undeclared	0.03125	0.0625	0.5	0.65625	0.71875	0.59375
	undecid	Undecided	0.375	0.46875	0.375	0.5625	0.40625	0.40625
	film	Film	0.0	0.0	0.375	0.03125	0.1875	0.0625
	simul anim game	Simulation, Animation, and Gaming	0.5625	0.59375	0.53125	0.59375	0.625	0.5625
	teacher	teacher	0.0	0.0	0.4375	0.75	0.3125	0.0
	comput	COMPUTERS	0.46875	0.84375	0.53125	0.125	0.125	0.03125
	psycholgi film	psycholgy and film	0.15625	0.625	0.625	0.75	0.125	0.21875
	print packag graphic	Print packaging and graphics	0.5625	0.6875	0.6875	0.59375	0.375	0.375
	tourism	tourism	0.25	0.875	0.53125	0.90625	0.71875	0.25
	speech languag patholog	Speech Language Pathology	0.71875	0.875	0.8125	0.875	0.40625	0.09375
	colleg ssw	College SSW	0.0625	0.28125	0.84375	0.78125	0.65625	0.3125
	design	Design	0.09375	0.34375	0.40625	0.1875	0.15625	0.125
	sound design	sound design	0.125	0.84375	0.71875	0.4375	0.15625	0.15625
	technic	Technical	0.5	0.3125	0.5625	0.625	0.4375	0.3125
	busniss	Busniss	0.09375	0.03125	0.75	0.5	0.5625	0.375
	comput	computer	0.25	0.25	0.5	0.875	0.625	0.6875
	environ	Environment	0.5625	0.59375	0.625	0.875	0.46875	0.53125
	electron comm engg	Electronics & Comm Engg	0.59375	0.59375	0.9375	0.9375	0.8125	0.8125
	act	Acting	0.5625	0.875	0.5625	0.875	0.4375	0.5625
	medic	medical	0.15625	0.71875	0.84375	0.875	0.34375	0.375
	european	European Studies	0.0	0.1875	0.21875	0.46875	0.28125	0.0
	fashion merchandis retail	Fashion Merchandising and Retail	0.28125	0.1875	0.4375	0.5625	0.59375	0.53125
	inform technolog	IT	0.09375	0.28125	0.625	0.84375	0.28125	0.15625
	inform technolog	Information Technology	0.4375	0.40625	0.625	0.46875	0.46875	0.78125
	med	Pre-med	0.0	0.4375	0.34375	0.6875	0.53125	0.59375
	dental assist	Dental Assisting 	0.125	0.4375	0.65625	0.4375	0.46875	0.21875
	china	china studies	0.46875	0.5625	0.6875	0.53125	0.6875	0.5625
	psicologia	Psicologia	0.0625	0.40625	0.46875	0.90625	0.53125	0.21875
	editor	Editor	0.03125	0.125	0.6875	0.53125	0.3125	0.03125
	languag	language	0.84375	0.8125	0.6875	0.25	0.75	0.9375
	epidemiolog	Epidemiology	0.4375	0.90625	0.21875	0.6875	0.28125	0.25
	undecid	Undecided	0.0	0.375	0.5	0.25	0.1875	0.3125
	undecid	Undecided	0.0	0.5	0.28125	0.28125	0.21875	0.125
	translat	translation	0.21875	0.5	0.59375	0.625	0.625	0.125
	medic	Medical	0.40625	0.6875	0.65625	0.75	0.8125	0.8125
	industri design	industrial design	0.46875	0.3125	0.5625	0.8125	0.78125	0.5625
	kinesiolog	Kinesiology	0.03125	0.46875	0.0625	0.65625	0.03125	0.03125
	medic	medic	0.1875	0.84375	0.25	0.40625	0.375	0.59375
	environment	Environmental Studies	0.125	0.46875	0.15625	0.5	0.375	0.09375
	psychiatri	Psychiatry	0.0	0.625	0.5	0.65625	0.25	0.0
	space	space studies	0.25	0.65625	0.28125	0.0625	0.03125	0.125
	caunselor	caunselor	0.25	0.3125	0.8125	0.875	0.5625	0.4375
	interpret deaf	Interpreting for the Deaf	0.0	0.09375	0.53125	0.6875	0.28125	0.09375
	pharmaci	Pharmacy	0.25	0.78125	0.78125	0.9375	0.53125	0.4375
	undecid	undecided	0.4375	0.375	0.75	0.3125	0.28125	0.28125
	rehabilit servic	Rehabilitation Services	0.21875	0.59375	0.375	0.875	0.46875	0.46875
	rehabilit servic	Rehabilitation Services	0.15625	0.78125	0.46875	0.9375	0.5	0.3125
	rehabilit servic	Rehabilitation Services	0.21875	0.90625	0.5	1.0	0.53125	0.28125
	nutrit	Nutrition	0.15625	0.15625	0.28125	0.5625	0.28125	0.09375
	pharmaci	pharmacy	0.28125	0.5625	0.21875	0.625	0.3125	0.28125
	earli childhood develop	early childhood development 	0.03125	0.21875	0.375	0.78125	0.125	0.0625
	traduc	traducer 	0.28125	0.75	0.5	0.40625	0.46875	0.3125
	undecid	undecided	0.0625	0.3125	0.0625	0.53125	0.28125	0.28125
	creativr write languag	Creativr Writing, Languages	0.0625	0.59375	0.15625	0.53125	0.34375	0.15625
	occup therapi	Occupational Therapy	0.34375	0.65625	0.15625	0.75	0.53125	1.0
	undeci	undecied	0.0	0.21875	0.0625	0.6875	0.21875	0.0
	languag	Languages	0.46875	0.6875	0.84375	0.21875	0.375	0.53125
	rehabilit servic	Rehabilitation Service	0.8125	0.6875	0.0625	1.0	0.4375	0.6875
	hospit	Hospitality	0.03125	0.40625	0.5625	0.875	0.625	0.5
	global	Global Studies	0.25	0.625	0.59375	0.375	0.34375	0.125
	medic	Medical	0.125	0.25	0.0625	0.0625	0.375	0.1875
	pharmaci	Pharmacy	0.625	0.625	0.34375	0.28125	0.21875	0.34375
	radiolog	Radiology	0.3125	0.65625	0.25	0.3125	0.09375	0.28125
	undecid	undecided	0.34375	0.6875	0.75	0.59375	0.28125	0.15625
	polit	Politics	0.0	0.0	0.375	0.3125	0.03125	0.15625
	medic	medic	0.3125	0.59375	0.34375	0.53125	0.3125	0.375
	vet	Pre-Vet	0.0625	0.625	0.5	0.65625	0.4375	0.125
	anesthesiolog	Anesthesiology	0.0	0.21875	0.0625	0.21875	0.09375	0.15625
	sport perform	sports performance 	0.21875	0.34375	0.59375	0.40625	0.40625	0.1875
	illustr	Illustration	0.3125	0.59375	0.71875	0.15625	0.53125	0.28125
	undeclar	Undeclared	0.28125	0.71875	0.21875	0.25	0.28125	0.15625
	translat	Translation	0.09375	0.375	0.5625	0.8125	0.34375	0.25
	gender	Gender Studies	0.15625	0.3125	0.71875	0.59375	0.5	0.21875
	tourism	tourism	0.0	0.0625	0.5	0.375	1.0	0.8125
	diesel mechan	Diesel Mechanic	0.625	0.40625	0.34375	0.78125	0.375	0.40625
	aviat	aviation	0.53125	0.59375	0.625	0.53125	0.34375	0.25
	liber	liberal studies	0.0	0.75	0.28125	0.8125	0.34375	0.03125
	entrepreneurship	Entrepreneurship	0.46875	0.375	0.90625	0.84375	0.71875	0.1875
	non	non	0.25	0.34375	0.53125	0.78125	0.78125	0.625
	teach	teaching	0.25	0.375	0.34375	0.28125	0.375	0.40625
	fashion	Fashion	0.5625	0.65625	0.625	0.78125	0.625	0.4375
	polit	Politics	0.28125	0.625	0.65625	0.5	0.375	0.03125
	product develop	Product Development	0.1875	0.375	0.46875	0.1875	0.40625	0.5
	ministri leadership	Ministrial Leadership	0.125	0.34375	0.59375	0.84375	0.6875	0.6875
	design	Design	0.65625	0.625	0.75	0.75	0.53125	0.625
	content cours	content course	0.21875	0.46875	0.65625	0.65625	0.625	0.375
	land surveyor	land surveyor	0.0	0.09375	0.0	0.0	0.0	0.0
	hospit	hospitality	0.375	0.625	0.6875	0.59375	0.53125	0.28125
	design	Design	0.46875	0.84375	0.875	0.625	0.5	0.40625
	med	Pre-med	0.125	0.78125	0.1875	0.375	0.15625	0.0625
	design	Design	0.53125	0.8125	0.96875	0.78125	0.625	0.34375
	comput	Computers 	0.71875	0.9375	0.9375	0.625	0.34375	0.34375
	kinesiolog	Kinesiology	0.59375	0.78125	0.21875	0.59375	0.28125	0.4375
	norwegian	Norwegian	0.34375	0.65625	0.40625	0.3125	0.28125	0.28125
	undecid	Undecided	0.0625	0.15625	0.125	0.5625	0.25	0.28125
	litraturtur ethnic	litraturture ethnic studies	0.4375	0.8125	0.8125	0.90625	0.4375	0.28125
	kinesiolog	Kinesiology	0.0	0.8125	0.5	0.71875	0.0625	0.0625
	dentistri	Pre Dentistry	0.15625	0.5625	0.59375	0.625	0.53125	0.28125
	rehabilit servic	Rehabilitation services	0.59375	1.0	0.375	0.9375	0.5625	0.5
	kinesiolog	kinesiology	0.09375	0.65625	0.03125	0.625	0.03125	0.21875
	undecid	Undecided	0.0625	0.28125	0.4375	0.65625	0.375	0.3125
	na	na	0.15625	0.375	0.21875	0.78125	0.5	0.8125
	neurolog	Neurology	0.25	0.6875	0.34375	0.5625	0.40625	0.4375
	rehab servic	Rehab Services	0.15625	0.21875	0.25	1.0	0.84375	0.71875
	tourism	tourism	0.1875	0.1875	0.09375	0.21875	0.28125	0.3125
	design	Design	0.3125	0.375	0.53125	0.53125	0.1875	0.0
	fashion	Fashion 	0.125	0.09375	0.71875	0.34375	0.5	0.90625
	design	Design	0.125	0.75	0.71875	0.28125	0.21875	0.0625
	child famili	Child and Family Studies	0.1875	0.65625	0.375	0.59375	0.375	0.15625
	comput	Computers 	0.25	0.40625	0.5625	0.6875	0.65625	0.5625
	hospit	hospitality	0.6875	0.53125	0.65625	0.625	0.375	0.25
	interior design	interior design	0.3125	0.25	0.46875	0.625	0.5	0.34375
	comput	computer	0.5625	0.25	0.375	0.6875	0.625	0.375
	phyisc	Applied Phyiscs 	0.34375	0.5625	0.34375	0.40625	0.40625	0.125
	interior design	Interior Design	0.21875	0.21875	0.65625	0.6875	0.4375	0.09375
	public servic	Public Service	0.0	0.1875	0.3125	0.8125	0.5	0.34375
	undecid	Undecided	0.25	0.5625	0.5	0.46875	0.28125	0.28125
	tourism	Tourism	0.5625	0.5625	0.625	0.71875	0.65625	0.6875
	veterinari technolog	Veterinary Technology	0.15625	0.15625	0.625	0.21875	0.34375	0.46875
	rehabilit servic	Rehabilitation Service	0.0	0.09375	0.09375	0.71875	0.21875	0.03125
	aviat	aviation	0.28125	0.21875	0.375	0.34375	0.40625	0.5
	dentistri	Dentistry	0.9375	0.75	0.4375	0.46875	0.65625	0.8125
	hospit	Hospitality	0.46875	0.6875	0.71875	0.59375	0.5	0.46875
	hospit	hospitality	0.09375	0.15625	0.5625	0.65625	0.5625	0.15625
	comput	Computers	0.34375	0.53125	0.84375	0.875	0.53125	0.3125
	speech patholog	Speech Pathology	0.03125	0.46875	0.5625	0.65625	0.25	0.4375
	famili	Family Studies	0.125	0.09375	0.6875	0.90625	0.59375	0.625
	communiti	Community Studies	0.4375	0.5625	0.5625	0.71875	0.28125	0.25
	medic	medical	0.15625	0.6875	0.375	0.53125	0.34375	0.21875
	design	Design	0.3125	0.25	0.6875	0.71875	0.75	0.40625
	syariah	syariah	0.21875	0.375	0.53125	0.875	0.46875	0.8125
	child develop	Child Development	0.0	0.03125	0.09375	0.75	0.0625	0.34375
	social	Social	0.25	0.4375	0.53125	0.46875	0.40625	0.25
	communiti	community studies	0.5625	0.9375	0.59375	0.8125	0.46875	0.6875
	kinesiolog	Kinesiology	0.5625	0.625	0.6875	0.90625	0.59375	0.5
	undecid	undecided	0.625	0.46875	0.5625	0.40625	0.46875	0.5
	pharmaceut biotechnolog	pharmaceutical or biotechnology	0.25	0.90625	0.46875	0.375	0.375	0.34375
	pharmaci	pharmacy	0.34375	0.46875	0.875	0.5625	0.5	0.15625
	east asian	East Asian Studies	0.125	0.0	0.0	0.25	0.40625	0.0625
	design	design	0.59375	0.46875	0.78125	0.59375	0.4375	0.375
	socio hdfs	socio and HDFS	0.34375	0.125	0.34375	0.78125	0.5625	0.875
	scandinavian area	Scandinavian Area Studies	0.375	0.6875	0.65625	0.6875	0.25	0.4375
	mechan	mechanic	0.6875	0.0625	0.0	0.34375	0.1875	0.15625
	electron comput	electronics/computers	0.0	0.375	0.03125	0.53125	0.1875	0.0
	speech languag patholog	speech-language pathology	0.03125	0.40625	0.46875	0.53125	0.1875	0.21875
	philolog	philology	0.03125	0.25	0.59375	0.46875	0.0625	0.03125
	vet	pre-vet	0.125	0.78125	0.34375	0.5	0.125	0.09375
	interior design	Interior Design	0.0	0.84375	0.625	0.46875	0.34375	0.03125
	pharmacist	Pharmacist	0.65625	0.4375	0.46875	0.59375	0.5	0.3125
	attend	i have not attended	0.40625	0.40625	0.3125	0.9375	0.40625	0.75
	medic	medical	0.125	0.3125	0.4375	0.8125	0.6875	0.6875
	pharmaci	Pharmacy	0.0625	0.78125	0.90625	0.5625	0.15625	0.0625
	undecid	Undecided	0.0	0.25	0.3125	0.65625	0.34375	0.25
	program	Programming	0.59375	0.125	0.625	0.6875	0.53125	0.625
	translat	Translation	0.03125	0.25	0.625	0.8125	0.59375	0.09375
	idea	i have no idea	0.21875	0.4375	0.625	0.78125	0.40625	0.15625
	but	buts	0.34375	0.25	0.375	0.5	0.3125	0.71875
	respiratori therapi	Respiratory Therapy	0.28125	0.75	0.65625	0.75	0.59375	0.5
	kinesiolog	Kinesiology	0.3125	0.65625	0.75	0.6875	0.53125	0.65625
	speech pathologiy	Speech pathologiy	0.1875	0.8125	0.8125	0.8125	0.46875	0.375
	liber	liberal studies	0.21875	0.15625	0.46875	0.59375	0.375	0.34375
	kinesiolog	Kinesiology	0.5	0.28125	0.375	0.40625	0.21875	0.375
	kinesiolog	kinesiology	0.4375	0.9375	0.65625	0.65625	0.5625	0.125
	interior design	interior design	0.09375	0.03125	0.4375	0.3125	0.53125	0.15625
	kinesiolog	Kinesiology	0.3125	0.625	0.75	0.8125	0.5625	0.40625
	kinesiolog	Kinesiology	0.03125	0.25	0.03125	0.21875	0.15625	0.09375
	kinesiolog	Kinesiology	0.09375	0.34375	0.28125	0.53125	0.1875	0.1875
	undeclar	UNDECLARED	0.21875	0.40625	0.53125	0.59375	0.28125	0.375
	undeclar	Undeclared	0.28125	0.3125	0.4375	0.3125	0.5625	0.25
	that took test	not know yet thats why i took the test	0.59375	0.375	0.03125	0.25	0.15625	0.53125
	radio tv film	Radio/TV/Film	0.1875	0.5625	0.65625	0.6875	0.1875	0.0
	rehab servic	Rehab Service	0.5625	0.375	0.4375	0.625	0.6875	0.6875
	pharmaci	pharmacy	0.09375	0.84375	0.65625	0.9375	0.71875	0.28125
	electron	Electronics	0.40625	0.46875	0.46875	0.40625	0.4375	0.25
	medic	medical	0.28125	0.5	0.40625	0.78125	0.46875	0.53125
	travel tourism	Travel & Tourism	0.0	0.1875	0.1875	0.5625	0.375	0.125
	travel tourism	Travel and Tourism 	0.0625	0.1875	0.09375	0.78125	0.625	0.5625
	electron	electronics	0.65625	0.09375	0.28125	0.65625	0.5	0.5
	travel tourism	Travel and Tourism	0.0	0.15625	0.125	0.8125	0.46875	0.375
	tourism	Tourism 	0.125	0.46875	0.15625	0.625	0.4375	0.375
	natur	nature	0.03125	0.75	0.6875	0.71875	0.375	0.09375
	child dev	child dev	0.3125	0.4375	0.28125	0.75	0.40625	0.21875
	logist	logistic	0.6875	0.6875	0.59375	0.8125	0.65625	0.71875
	travel tourism	Travel and Tourism	0.0625	0.09375	0.21875	0.40625	0.53125	0.65625
	pharmaci	pharmacy	0.09375	0.875	0.53125	0.75	0.3125	0.0
	liber	Liberal Studies	0.0	0.0	0.25	0.4375	0.28125	0.21875
	environment	Environmental	0.0625	0.78125	0.34375	0.4375	0.0	0.09375
	fashion design	fashion design	0.09375	1.0	0.65625	0.34375	0.21875	0.125
	pharmaci	pharmacy	0.5	0.375	0.5	0.53125	0.59375	0.40625
	n undecid	N/A Undecided	0.5625	0.71875	1.0	0.9375	0.75	0.71875
	bibl	Bible	0.25	0.6875	0.65625	0.65625	0.3125	0.5625
	translat intepr	translation and intepreation	0.09375	0.40625	0.46875	0.5625	0.3125	0.09375
	criminalist	Criminalistics	0.4375	0.78125	0.875	0.75	0.4375	0.21875
	travel tourism	Travel and Tourism	0.40625	0.375	0.375	0.6875	0.6875	0.5
	travel tourism	Travel and Tourism	0.0	0.09375	0.375	0.6875	0.3125	0.125
	germanistik	Germanistik	0.375	0.59375	0.40625	0.8125	0.75	0.6875
	inform technolog	IT	0.46875	0.46875	0.75	0.71875	0.65625	0.75
	travel tourism	Travel and Tourism	0.1875	0.375	0.125	0.21875	0.34375	0.71875
	environ	Environment	0.625	0.90625	0.625	0.75	0.4375	0.59375
	kinesiolog	Kinesiology	0.6875	0.59375	0.75	1.0	0.75	0.53125
	teach	teaching	0.0625	0.46875	0.46875	0.71875	0.34375	0.09375
	build	Building	0.59375	0.53125	0.65625	0.6875	0.21875	0.5625
	biotechnologist	biotechnologist	0.46875	0.78125	0.59375	0.78125	0.625	0.71875
	polit	Politics	0.03125	0.0625	0.28125	0.53125	0.1875	0.0
	kemanusiaan	Kemanusiaan	0.0625	0.1875	0.1875	0.75	0.4375	0.125
	medic	medic	0.40625	0.84375	0.5625	0.71875	0.46875	0.46875
	inform secur	Information Security	0.40625	0.75	0.53125	0.125	0.5	0.46875
	christian ministri	Christian Ministry	0.125	0.40625	0.4375	0.5625	0.1875	0.40625
	travel tourism	Travel and Tourism	0.1875	0.3125	0.78125	0.6875	0.65625	0.5
	wood technolog	wood tech	0.1875	0.5625	0.6875	0.75	0.6875	0.25
	pharmaci	Pharmacy	0.125	0.125	0.46875	0.46875	0.375	0.15625
	anim behavior	Animal Behavior	0.46875	0.75	0.125	0.65625	0.34375	0.3125
	social polici	social policy	0.4375	0.25	0.46875	0.53125	0.8125	0.46875
	word inform process	Word Information Processing	0.0625	0.3125	0.5	0.875	0.34375	0.375
	technician	technician	0.75	0.46875	0.625	0.59375	0.53125	0.75
	interior design	interior design 	0.21875	0.15625	0.5	0.40625	0.53125	0.21875
	sain	SAINS	0.15625	0.25	0.25	0.34375	0.53125	0.40625
	industri labor relat	Industrial and Labor Relations	0.3125	0.71875	0.65625	0.78125	0.21875	0.0
	xx	XX	0.0625	0.15625	0.8125	0.8125	0.6875	0.09375
	media	media	0.15625	0.46875	0.75	0.6875	0.59375	0.03125
	danc	dance	0.1875	0.71875	0.625	0.875	0.03125	0.03125
	retail	retail	0.0	0.0	0.125	0.75	0.25	0.5
	medic	medical	0.03125	0.5625	0.125	0.75	0.15625	0.09375
	informat	Applied Informatics	0.3125	0.65625	0.3125	0.5	0.5	0.6875
	comput	computer	0.5	0.46875	0.625	0.65625	0.59375	0.65625
	doctor	Doctor	0.46875	0.71875	0.625	0.34375	0.4375	0.46875
	development disabl	developmental disabilities	0.125	0.4375	0.15625	0.75	0.28125	0.40625
	interior design	Interior Designer	0.25	0.09375	0.96875	0.875	0.59375	0.46875
	medic	Medical	0.4375	0.59375	0.0	0.625	0.0	0.65625
	medic	Medical	0.53125	0.90625	0.375	0.625	0.375	0.40625
	social servic	Social Services	0.0625	0.15625	0.0	0.71875	0.3125	0.0625
	occup therapi assist	Occupational therapy assistant	0.25	0.59375	0.5	0.96875	0.53125	0.03125
	hospit	Hospitality	0.3125	0.28125	0.625	0.8125	0.8125	0.71875
	hospit	Hospitality	0.3125	0.28125	0.65625	0.9375	0.90625	0.84375
	psikolog	psikologi	0.1875	0.21875	0.5625	0.65625	0.4375	0.28125
	polit	Political	1.0	1.0	1.0	1.0	1.0	1.0
	medic field	medical field	0.28125	0.5	0.65625	0.78125	0.40625	0.15625
	fbi	FBI	0.15625	0.28125	0.25	0.375	0.0625	0.0
	oak park high school	oak park high school	1.0	1.0	1.0	1.0	1.0	1.0
	dental	Dental	0.25	0.5	0.5	0.15625	0.46875	0.5
	fashion merchandis	fashion merchandising	0.0	0.0	0.0625	0.28125	0.0625	0.03125
	bank	banking	0.4375	0.28125	0.59375	0.65625	0.59375	0.625
	tourism	tourism	0.3125	0.59375	0.625	0.40625	0.125	0.03125
	ethic	ethics	0.09375	0.78125	0.78125	0.59375	0.375	0.21875
	teach	Teaching	0.28125	0.03125	0.0625	0.75	0.4375	0.625
	obstretucian	Obstretucian	0.46875	0.90625	0.875	0.5625	0.71875	0.34375
	medic	Medical	0.0	0.125	0.0	0.25	0.0625	0.1875
	pharmaci	pharmacy	0.4375	1.0	0.84375	0.96875	0.53125	0.71875
	speech patholog	speech pathology	0.25	0.25	0.03125	0.5625	0.28125	0.34375
	pharmaci	Pharmacy	0.28125	0.71875	0.625	0.625	0.4375	0.40625
	eduat	Eduation	0.0	0.125	0.34375	0.78125	0.4375	0.25
	automotif	automotif	0.40625	0.25	0.4375	0.90625	0.0	0.0
	marin	Marine	0.3125	1.0	0.5625	0.21875	0.25	0.5
	anim	Animation	0.0625	0.65625	0.9375	0.21875	0.125	0.09375
	fashion	fashion	0.0	0.34375	0.28125	0.59375	0.15625	0.15625
	militari	military	0.53125	0.59375	0.5	0.5625	0.21875	0.125
	fire	fire	0.15625	0.25	0.3125	0.25	0.1875	0.15625
	pharmaci	Pharmacy	0.1875	0.65625	0.625	0.78125	0.75	0.625
	occup therapi	Occupational Therapy	0.3125	0.53125	0.84375	0.625	0.46875	0.625
	mark	Markeing	0.0	0.75	0.8125	0.65625	0.46875	0.25
	culinari	Culinary	0.3125	0.0625	0.90625	0.5625	0.46875	0.34375
	translat	Translation	0.34375	0.65625	0.4375	0.625	0.1875	0.3125
	medic	medic	0.15625	0.9375	0.59375	0.875	0.5625	0.4375
	pharmaci	Pharmacy	0.15625	0.46875	0.34375	0.75	0.4375	0.25
	logist	Logistics	0.1875	0.21875	0.28125	0.28125	0.40625	0.65625
	teach	teaching	0.34375	0.625	0.5	0.9375	0.53125	0.5
	investig	Investigating	0.28125	0.8125	0.40625	0.71875	0.25	0.3125
	medic	medical	0.375	0.8125	0.65625	0.53125	0.15625	0.28125
	teach	teaching	0.4375	0.65625	0.75	0.84375	0.34375	0.3125
	teach	teaching	0.46875	0.6875	0.875	0.84375	0.3125	0.34375
	pilot	pilot	0.15625	0.28125	0.34375	0.5	0.28125	0.25
	polit	Politics	0.40625	0.78125	0.59375	0.84375	0.5	0.46875
	survey	Surveying	0.21875	0.5	0.59375	0.53125	0.34375	0.09375
	inform technolog	IT	0.375	0.28125	0.5625	0.625	0.84375	0.875
	pharmacist	pharmacist	0.40625	0.625	0.125	0.59375	0.28125	0.59375
	organiz develop	organizational development	0.34375	0.5	0.625	0.6875	0.46875	0.75
	social pedagog	Social pedagog	0.03125	0.3125	0.53125	0.9375	0.75	0.1875
	translat interpret	Translation and Interpreting	0.0625	0.4375	0.59375	0.8125	0.5	0.09375
	hawaiian	Hawaiian Studies	0.0	0.0	0.28125	0.3125	0.0625	0.03125
	teacher volunt dentist	teacher,volunteer,dentist	0.25	0.5625	0.0625	0.5625	0.0	0.0
	biosystem engien	Biosystems Engienering	0.28125	0.59375	0.1875	0.0625	0.03125	0.3125
	languag	language	0.125	0.1875	0.0	0.25	0.5	0.1875
	undeclar	Undeclared	0.125	0.4375	0.5625	0.5625	0.46875	0.21875
	radiolog	Radiology	0.6875	0.6875	0.75	0.53125	0.21875	0.28125
	fit	fitness	0.09375	0.15625	0.625	0.53125	0.09375	0.1875
	aircraft maintain	aircraft maintainance	0.8125	0.15625	0.3125	0.34375	0.375	0.34375
	teach	teaching	0.0	0.1875	0.15625	0.625	0.03125	0.0
	cyber defens	Cyber Defense	0.0625	0.46875	0.40625	0.46875	0.40625	0.5625
	pharmaci	pharmacy	0.125	0.6875	0.21875	0.65625	0.1875	0.25
	polit	politics	0.25	0.625	0.59375	0.53125	0.34375	0.59375
	biomath	biomath	0.03125	0.46875	0.03125	0.34375	0.0625	0.09375
	histor preserv danc	Historic Preservation / Dance	0.0	0.1875	0.40625	0.5	0.03125	0.0
	polit	politics	0.0625	0.0625	0.1875	0.375	0.59375	0.0625
	medic assist	Medical Assistant	0.625	0.9375	0.5625	0.78125	0.65625	0.875
	actuari	actuary	0.3125	0.1875	0.375	0.9375	0.90625	0.65625
	languag	Languages	0.0	0.0	0.875	0.1875	0.0	0.0
	theatr	Theatre	0.03125	0.46875	0.8125	0.875	0.0	0.34375
	theatr	theatre	0.09375	0.53125	0.96875	0.875	0.125	0.125
	design	Design	0.6875	0.71875	0.6875	0.3125	0.0	0.0
	hrd od	HRD / OD	0.28125	0.34375	0.53125	0.59375	0.625	0.5625
	medic	medic	0.0	0.59375	0.15625	0.78125	0.40625	0.0
	design	design	0.1875	0.3125	0.65625	0.5	0.40625	0.21875
	inform technolog	Information & Technology	0.125	0.125	0.21875	0.5625	0.15625	0.1875
	logist	logistics	0.28125	0.0625	0.09375	0.34375	0.6875	0.34375
	teach	Teaching	0.78125	0.53125	0.90625	0.75	0.71875	0.59375
	kinesiolog	kinesiology	0.25	0.28125	0.625	0.84375	0.34375	0.125
	biophys	biophysics	0.5	0.96875	0.78125	0.65625	0.53125	0.34375
	inform technolog	IT	0.0625	0.0625	0.5	0.15625	0.09375	0.0625
	teacher	teacher	0.3125	0.625	0.875	0.78125	0.78125	0.53125
	design	Design	0.34375	0.53125	0.65625	0.34375	0.09375	0.03125
	librari	Library	0.78125	0.71875	0.25	0.375	0.0	0.09375
	speech languag patholog	Speech Language Pathology	0.15625	0.40625	0.75	0.90625	0.59375	0.46875
	speech languag patholog	Speech Language Pathology	0.125	0.09375	0.9375	1.0	0.71875	0.5
	occup therapi	Occupational therapy 	0.5	0.84375	0.84375	0.78125	0.25	0.4375
	liber	Liberal Studies	0.0625	0.34375	0.25	0.8125	0.375	0.375
	medic	medic	0.125	0.40625	0.15625	0.53125	0.1875	0.15625
	nanotechnolog	nanotechnology	0.3125	0.65625	0.53125	0.53125	0.59375	0.53125
	histor preserv danc	Historic Preservation / Dance	0.0625	0.1875	0.625	0.59375	0.21875	0.0
	medic assist	Medical Assisting	0.03125	0.3125	0.03125	0.15625	0.125	0.21875
	design	Design	0.25	0.59375	0.84375	0.53125	0.75	0.28125
	mechatron	mechatronic	0.25	0.59375	0.4375	0.6875	0.34375	0.40625
	comput	computer	0.1875	0.40625	0.53125	0.46875	0.59375	0.21875
	design	design	0.34375	0.65625	0.78125	0.71875	0.34375	0.25
	divers acadm knowlag	Diverse acadmic knowlage	0.0	0.375	0.25	0.125	0.125	0.25
	foodservic	Foodservice	0.15625	0.46875	0.6875	0.46875	0.5625	0.40625
	retail	Retailing	0.40625	0.96875	0.5625	0.875	0.5625	0.78125
	inform technolog	Information Technology	0.21875	0.3125	0.6875	0.5625	0.53125	0.15625
	veterinari medecin	veterinary medecine	0.46875	0.71875	0.21875	0.25	0.09375	0.3125
	bsuiness	bsuiness	0.625	0.875	0.46875	0.34375	0.0625	0.6875
	maritim	Maritime	0.5	0.375	0.625	0.90625	0.6875	0.34375
	kinesiolog	kinesiology	0.5	0.65625	0.25	0.8125	0.5625	0.65625
	radiolog	radiology	0.125	0.9375	0.625	0.46875	0.0	0.125
	design	Design	0.15625	0.5	0.78125	0.375	0.28125	0.21875
	diesel techonolgi	Diesel techonolgy	0.5	0.0	0.0	0.0625	0.125	0.25
	tourism	tourism	0.21875	0.53125	0.6875	0.65625	0.40625	0.25
	medic	Medical	0.25	0.9375	0.53125	0.71875	0.5	0.1875
	medic	Medical	0.03125	0.6875	0.625	0.8125	0.5625	0.1875
	chef	chef	0.6875	0.53125	0.40625	0.40625	0.4375	0.25
	process anim product food technolog	processing animal products (food technology)	0.25	0.46875	0.125	0.0	0.15625	0.0625
	system analysi	System analysis	0.1875	0.40625	0.6875	0.375	0.0625	0.34375
	com	Com	0.0	0.3125	0.75	0.5	0.21875	0.0
	dental hygien	dental hygiene	0.09375	0.5625	0.71875	0.90625	0.4375	0.09375
	pharmaceut	pharmaceutical	0.46875	0.5625	0.5625	0.375	0.46875	0.4375
	organiz behavior	Organizational Behavior	0.21875	0.4375	0.25	0.53125	0.28125	0.4375
	design	Design	0.40625	0.34375	0.75	0.5	0.21875	0.0625
	kinesiolog	kinesiology	0.1875	0.71875	0.46875	0.65625	0.125	0.46875
	med	Pre-Med	0.0625	0.8125	0.40625	0.71875	0.1875	0.125
	pharmaci	pharmacy	0.78125	0.875	0.125	0.875	0.28125	0.25
	fashion	Fashion	0.0	0.09375	0.34375	0.21875	0.53125	0.03125
	theatr design	theatre design	0.34375	0.5625	0.65625	0.59375	0.125	0.09375
	culinari	culinary	0.53125	0.65625	0.28125	0.5625	0.5625	0.5
	televis radio	television radio	0.09375	0.71875	0.5625	0.5	0.375	0.125
	comput repair current udecid	computer repair, current udecided	0.25	0.625	0.59375	0.125	0.0	0.1875
	kinesiolog	Kinesiology	0.0	0.8125	0.5	0.78125	0.125	0.21875
	buis	Buisness	0.46875	0.6875	0.6875	0.53125	0.59375	0.5625
	kinesiolog	Kinesiology	0.5625	1.0	0.03125	0.65625	0.15625	0.59375
	translat	Translation	0.03125	0.0	0.34375	0.1875	0.25	0.1875
	industri electron	Industrial electronics	0.4375	0.1875	0.3125	0.4375	0.375	0.28125
	land survey	land survey	0.28125	0.40625	0.40625	0.4375	0.53125	0.3125
	librarianship	Librarianship	0.25	0.28125	0.28125	0.5	0.25	0.96875
	interior design	Interior design	0.21875	0.59375	0.46875	0.53125	0.09375	0.5
	forens	Forensic	0.375	0.6875	0.5625	0.71875	0.5	0.4375
	theatr	Theatre	0.21875	0.4375	0.9375	0.40625	0.34375	0.0625
	theatr	Theatre	0.21875	0.1875	0.78125	0.15625	0.28125	0.4375
	inform technolog	IT	0.34375	0.6875	0.34375	0.4375	0.53125	0.75
	multi media	Multi-Media	0.28125	0.40625	0.78125	0.46875	0.40625	0.125
	environment	Environmental studies	0.375	0.59375	0.1875	0.59375	0.5625	0.96875
	inform securitti	Information Securitty	0.3125	0.15625	0.21875	0.21875	0.34375	0.59375
	nutrit	nutrition	0.0625	0.5	0.21875	0.375	0.40625	0.5
	design product design	Design, Product Design	0.40625	0.5	0.625	0.59375	0.5	0.5
	medic	Medical	0.125	0.71875	0.375	0.53125	0.125	0.0625
	inform technolog	IT	0.0625	0.0	0.1875	0.75	0.21875	0.59375
	auto technolog	auto tech	0.625	0.71875	0.6875	0.75	0.28125	0.28125
	social justic	social justice	0.125	0.4375	0.21875	0.40625	0.21875	0.125
	fashion	Fashion	0.40625	0.78125	0.40625	0.4375	0.46875	0.5
	ultra sound	Ultra  sound 	0.125	0.375	0.21875	0.25	0.0625	0.1875
	medic	medic	0.4375	0.65625	0.59375	0.5625	0.40625	0.3125
	inform technolog	it	0.53125	0.75	0.5625	0.4375	0.5625	0.625
	pharmaci	pharmacy	0.0	0.375	0.0625	0.1875	1.0	0.9375
	pharmaci	pharmacy 	0.53125	0.6875	0.8125	1.0	0.5625	0.625
	tourism	Tourism	0.21875	0.40625	0.28125	0.40625	0.25	0.25
	bisi	bisiness	0.09375	0.25	0.25	0.6875	0.34375	0.1875
	social servic	social service	0.0	0.03125	0.4375	0.53125	0.25	0.3125
	design	designing	0.25	0.0	0.125	0.125	0.0625	0.25
	medic	medic	0.0625	0.75	0.3125	0.4375	0.375	0.0625
	radio televis	Radio-Television	0.1875	0.65625	0.8125	0.6875	0.3125	0.375
	pharmaci	pharmacy	0.0625	0.96875	0.3125	0.84375	0.0	0.09375
	model design	Model design	0.9375	0.625	0.59375	0.5625	0.53125	0.25
	inform technolog	Information Technology	0.5625	0.5	0.46875	0.78125	0.59375	0.625
	medic	medic	0.4375	0.90625	0.53125	0.59375	0.5625	0.6875
	undecid	Undecided	0.125	0.5	0.625	0.53125	0.21875	0.21875
	fisheri wildlif	fisheries and wildlife	0.25	0.875	0.03125	0.625	0.21875	0.59375
	culinari	culinary	0.0625	0.03125	0.15625	0.65625	0.6875	0.71875
	industri design	industrial design	0.0	0.40625	0.53125	0.40625	0.28125	0.0
	media	Media Studies	0.1875	0.34375	0.65625	0.28125	0.25	0.53125
	classic	Classics	0.53125	0.625	0.3125	0.3125	0.5	0.5
	communiti develop	community development	0.53125	0.9375	0.53125	1.0	0.625	0.1875
	sain komput	sains komputer	0.59375	0.78125	0.25	0.5625	0.53125	0.6875
	medic	Medical	0.78125	1.0	0.53125	0.25	0.15625	0.625
	inform technolog	IT	0.3125	0.28125	0.46875	0.75	0.25	0.34375
	mechan design	Mechanical Design	0.25	0.09375	0.40625	0.25	0.09375	0.34375
	design	Design	0.1875	0.0625	0.59375	0.28125	0.21875	0.25
	comput	Computer 	0.6875	0.59375	0.3125	0.59375	0.1875	0.625
	indian	indian studies	0.84375	0.46875	0.09375	0.5	0.0625	0.40625
	tourism	Tourism	0.625	0.5625	0.75	0.6875	0.625	0.625
	tourism	tourism	0.25	0.625	0.25	0.625	0.25	0.5
	tourism	Tourism	0.125	0.5625	0.5625	0.8125	0.40625	0.375
	tourism	Tourism	0.25	0.53125	0.90625	0.78125	0.625	0.40625
	nutrit	nutrition	0.125	0.75	0.0	0.6875	0.25	0.375
	graphic	graphic	0.0625	0.0	0.25	0.5	0.1875	0.4375
	tourism	Tourism	0.09375	0.46875	0.53125	0.75	0.5625	0.625
	cybersecur	Cybersecurity	0.40625	0.625	0.84375	0.71875	0.59375	0.75
	vetrinarian	vetrinarian	0.5	0.84375	0.5625	0.65625	0.375	0.25
	design	Design	0.46875	0.625	0.34375	0.09375	0.0625	0.25
	screen media anim	Screen and Media (Animation)	0.34375	0.625	0.6875	0.3125	0.21875	0.6875
	media	media	0.625	0.65625	0.78125	0.625	0.6875	0.5
	marriag famili therapi	marriage & family therapy	0.0	0.125	0.5	0.5625	0.0625	0.125
	urban plan	Urban Planning	0.3125	0.40625	0.25	0.40625	0.4375	0.5625
	comput	Computer	0.5	0.28125	0.6875	0.5625	0.625	0.53125
	tourism	Tourism	0.1875	0.1875	0.5625	0.5625	0.5	0.5625
	tamil	tamil	0.125	0.21875	0.28125	0.8125	0.0625	0.15625
	medic technolog	Medical Technology	0.0625	0.59375	0.5	0.40625	0.71875	0.3125
	cybersecur	cybersecurity	0.28125	0.53125	0.875	0.625	0.65625	0.125
	anim	animation	0.3125	0.75	0.125	0.0	0.0	0.625
	electron system technolog	Electronic systems technology	0.78125	0.75	0.375	0.65625	0.21875	0.1875
	tourism	tourism	0.3125	0.84375	0.53125	0.5625	0.875	0.40625
	leadership	leadership	0.53125	0.4375	0.40625	0.65625	0.40625	0.34375
	pharmaci	pharmacy	0.71875	0.96875	0.6875	0.65625	0.5625	0.34375
	cyber secur	cyber security	0.8125	0.15625	0.21875	0.34375	0.5	0.78125
	train develop	training and development	0.03125	0.0	0.34375	0.5625	0.4375	0.125
	scriptwrit	Scriptwriting	0.03125	0.84375	0.84375	0.625	0.40625	0.0
	mission	Missions	0.375	0.25	0.9375	0.6875	0.28125	0.59375
	inform technolog	Information Technology	0.75	0.65625	0.71875	0.9375	0.21875	0.5625
	aerodynam	Aerodynamics	0.4375	0.125	0.25	0.4375	0.21875	0.34375
	design	Design 	0.09375	0.09375	0.75	0.65625	0.71875	0.4375
	teach	teaching	0.1875	0.5	0.3125	0.65625	0.21875	0.40625
	tesl	TESL	0.0	0.0	0.65625	0.75	0.21875	0.0625
	mechan design	MECHANICAL DESIGN	0.65625	0.59375	0.5	0.0625	0.0625	0.25
	flim	flim	0.125	0.4375	0.78125	0.3125	0.21875	0.09375
	creativ write	Creative Writing	0.25	0.625	0.59375	0.8125	0.21875	0.40625
	pharmacist	pharmacist	0.46875	0.71875	0.40625	0.25	0.21875	0.4375
	medic	Medication	0.0625	0.875	0.5	0.75	0.4375	0.125
	pharmaci	pharmacy	0.34375	0.53125	0.53125	0.65625	0.5	0.5
	dentistri	dentistry	0.40625	0.8125	0.34375	0.5625	0.40625	0.5625
	medic	medical	0.4375	0.71875	0.625	0.625	0.625	0.46875
	poop	poop	1.0	1.0	1.0	1.0	1.0	1.0
	havent	i havent	0.28125	0.53125	0.5625	0.90625	0.4375	0.40625
	physiotherapist	physiotherapist	0.0625	0.375	0.0	0.375	0.0	0.0625
	kiniesiolog	Kiniesiology	0.4375	0.4375	0.28125	0.53125	0.40625	0.4375
	child youth care	Child and Youth Care	0.09375	0.46875	0.4375	0.6875	0.21875	0.15625
	inform technolog	Information Technology	0.5	0.96875	0.59375	0.46875	0.21875	0.46875
	paraleg	Paralegal studies	0.0625	0.28125	0.15625	0.25	0.59375	0.8125
	respiratori	respiratory	0.1875	0.59375	0.34375	0.5625	0.34375	0.28125
	construct	construction	0.59375	0.5	0.46875	0.5	0.625	0.34375
	doctor	doctoring	0.03125	0.4375	0.46875	0.65625	0.375	0.1875
	liber	liberal studies	0.9375	0.4375	0.15625	0.96875	0.625	0.6875
	pysch	pysch	0.0	0.5625	0.09375	0.15625	0.0	0.09375
	comput	Computing	0.53125	0.25	0.375	0.34375	0.25	0.5625
	dentistri	dentistry	0.28125	0.75	0.40625	0.375	0.6875	0.75
	pharmaci	pharmacy 	0.15625	0.90625	0.5625	0.90625	0.46875	0.34375
	physocolgi	physocolgy	0.3125	0.25	0.25	0.6875	0.5	0.5625
	film	Film	0.625	0.375	0.84375	0.65625	0.625	0.6875
	inform technolog	IT	0.5	0.78125	0.90625	0.5	0.0625	0.1875
	undeclar	undeclared	0.46875	0.53125	0.28125	0.5625	0.625	0.25
	hospit	hospitality	0.125	0.09375	0.15625	0.09375	0.125	0.09375
	éducat	Éducation 	0.0	0.15625	0.125	0.34375	0.0625	0.0
	teacher	teacher	0.03125	0.0625	0.3125	0.875	0.5625	0.125
	tesl	TESL	0.0625	0.09375	0.84375	0.875	0.375	0.125
	liber	LIBERAL STUDIES	0.09375	0.0	0.34375	0.46875	0.0625	0.0625
	dental assist	Dental Assisting	0.0	0.09375	0.3125	0.21875	0.125	0.0
	design	Design	0.1875	0.40625	0.84375	0.5625	0.5625	0.375
	masscom	Masscom	0.125	0.3125	0.8125	0.71875	0.53125	0.1875
	cybernet	Cybernetics	0.40625	0.84375	0.59375	0.46875	0.5625	0.1875
	medic	Medic	0.15625	0.5	0.53125	0.71875	0.625	0.3125
	medic	medic	0.5	0.6875	0.59375	0.59375	0.4375	0.40625
	undecid	undecided	0.03125	0.84375	0.75	0.5625	0.375	0.1875
	nutrit	Nutrition	0.34375	0.65625	0.46875	0.71875	0.0625	0.125
	kinesiolog	kinesiology	0.3125	0.6875	0.3125	0.625	0.375	0.28125
	drama	Drama	0.0	0.0	0.875	0.21875	0.21875	0.0625
	radiolog	Radiology	0.03125	0.125	0.125	0.40625	0.1875	0.03125
	medic	medic	0.5625	0.75	0.78125	0.6875	0.5625	0.5
	entreprenuership ict	Diploma entreprenuership and ICT	0.5	0.75	0.8125	1.0	0.875	0.9375
	cultur	Culture Studies	0.28125	0.5	0.5	0.21875	0.46875	0.25
	design	designing	0.28125	0.28125	0.78125	0.46875	0.5	0.21875
	style	style	0.8125	0.84375	0.875	0.9375	0.53125	0.71875
	attend colleg	attended 3 colleges	0.9375	1.0	0.875	1.0	0.9375	1.0
	surgic technolog	Surgical Tech	0.0	0.6875	0.0	0.75	0.25	0.125
	ota	OTA	0.59375	0.6875	0.1875	0.90625	0.3125	0.46875
	medic	medical	0.125	0.1875	0.6875	0.9375	0.375	0.375
	case worker	Case worker	0.15625	0.59375	0.46875	0.90625	0.65625	0.6875
	cosmetolog	Cosmetology	0.25	0.1875	0.59375	0.75	0.6875	0.4375
	organiz leadership	organizational leadership	0.03125	0.3125	0.34375	0.625	0.40625	0.25
	cosmetolog	Cosmetology	0.21875	0.0625	0.59375	0.8125	0.78125	0.34375
	languag	Languages	0.0625	0.625	0.34375	0.59375	0.46875	0.65625
	screenwrit	screenwriting	0.09375	0.84375	0.8125	0.46875	0.3125	0.125
	pharmaci	Pharmacy 	0.25	0.53125	0.21875	0.71875	0.15625	0.40625
	speech patholog	Speech Pathology	0.21875	0.53125	0.28125	0.78125	0.40625	0.34375
	dentistri	Dentistry	0.375	0.875	0.1875	0.6875	0.5	0.875
	medic	medical	0.40625	0.40625	0.40625	0.59375	0.53125	0.5625
	commerc taxat	Bachelors of Commerce,Taxation	0.625	0.5625	0.625	0.8125	0.53125	0.75
	child develop	child development	0.25	1.0	0.9375	0.875	0.1875	0.25
	film	Film	0.03125	0.03125	0.71875	0.46875	0.15625	0.03125
	inform technolog	Information Technology	0.34375	0.90625	0.6875	0.875	0.34375	0.71875
	teach	Teaching	0.0	0.21875	0.15625	0.46875	0.125	0.46875
	cyber secur	cyber security 	0.125	0.125	0.34375	0.6875	0.34375	0.21875
	comm	Comm	0.46875	0.625	0.5625	0.78125	0.59375	0.65625
	undecid	undecided	0.53125	0.53125	0.6875	0.625	0.59375	0.125
	interior design	Interior Design	0.53125	0.40625	0.65625	0.6875	0.34375	0.21875
	medic bill code	Medical billing and coding	0.5	0.625	0.875	0.25	0.625	0.0
	fashion merchandisng	Fashion Merchandisng	0.46875	0.5	0.625	0.875	0.53125	0.5625
	softwar system	Software Systems	0.90625	0.375	0.34375	0.625	0.625	0.78125
	softwar system	Software Systems	0.9375	0.28125	0.1875	0.65625	0.59375	0.84375
	pharmacist	pharmacist	0.40625	0.3125	0.1875	0.4375	0.375	0.375
	respiratori	Respiratory 	0.0625	0.21875	0.75	0.5	0.03125	0.0
	radiolog	Radiology	0.0625	0.125	0.25	0.53125	0.46875	0.03125
	aviat	aviation	0.46875	0.8125	0.25	0.375	0.40625	0.5625
	media	Media	0.25	0.21875	0.53125	0.625	0.65625	0.4375
	pyhscholog	Pyhschology 	0.0	0.125	0.375	0.5625	0.3125	0.3125
	inform technolog	IT	0.125	0.90625	0.21875	0.625	0.4375	0.625
	teach	teaching 	0.375	0.65625	0.15625	0.59375	0.46875	0.6875
	war peac	Studies in War and Peace	0.0	0.09375	0.0625	0.53125	0.40625	0.03125
	medic	medic	0.0	0.75	0.21875	0.09375	0.09375	0.0
	cyber secur	cyber security	0.0	0.3125	0.40625	0.8125	0.15625	0.0
	nne	nne	0.21875	0.84375	0.71875	0.59375	0.375	0.21875
	undeclar	undeclared 	0.09375	0.125	0.1875	0.8125	0.46875	0.0625
	buy merchandis	Buying and Merchandise	0.28125	0.78125	0.78125	0.96875	0.4375	0.4375
	comput	Computing	0.0625	0.0625	0.5	0.375	0.25	0.5625
	theater	Theater	0.0	0.125	0.9375	0.71875	0.5625	0.0625
	comput repair	computer repair	0.3125	0.46875	0.34375	0.34375	0.53125	0.3125
	social justic	social justice	0.4375	0.0625	0.65625	0.3125	0.1875	0.09375
	public privat secur	public and private security	0.28125	0.3125	0.4375	0.65625	0.46875	0.375
	kinesiolog	Kinesiology	0.03125	0.6875	0.0625	0.53125	0.53125	0.40625
	ultrasound technolog	ultrasound tech	0.28125	0.90625	0.71875	0.625	0.4375	0.34375
	nutrit	Nutrition 	0.46875	0.71875	0.25	0.21875	0.28125	0.75
	marriag famili therapi	Marriage and family therapy	0.21875	0.71875	0.46875	0.5	0.34375	0.3125
	motion pictur televis	motion picture and television	0.34375	0.75	0.90625	0.71875	0.53125	0.25
	pharmaceut	PHARMACEUTICALS	0.21875	0.5	0.4375	0.71875	0.375	0.65625
	comput applic	computer application	0.8125	0.75	0.5625	0.875	0.5625	0.84375
	inform technolog	Information Technology	0.125	0.6875	0.875	1.0	0.5	0.28125
	aerospac	Aerospace	0.28125	0.71875	0.46875	0.5625	0.4375	0.1875
	urban plnning	Urban plnning	0.40625	0.40625	0.34375	0.6875	0.28125	0.5625
	film	film	0.3125	0.5625	0.96875	0.59375	0.59375	0.375
	theatr	Theatre	0.09375	0.53125	0.875	0.71875	0.46875	0.15625
	medic	medical	0.65625	0.78125	0.71875	0.65625	0.6875	0.6875
	optometri	optometry	0.46875	0.6875	0.40625	0.75	0.71875	0.71875
	languag	languages	0.125	0.4375	0.15625	0.5	0.21875	0.15625
	philolog	philology	0.25	0.65625	0.65625	0.75	0.3125	0.15625
	inform technolog	information technology	0.1875	0.5	0.28125	0.3125	0.5	0.28125
	leadership	leadership	0.0	0.375	0.09375	0.59375	0.28125	0.40625
	film psychoiogi	film and psychoiogy	0.5625	0.71875	0.75	0.53125	0.28125	0.40625
	forens	forensic	0.46875	0.75	0.21875	0.875	0.40625	0.625
	hotel mangement	hotel mangement	0.25	0.1875	0.25	0.8125	0.71875	0.46875
	medic lab technician	Medical Lab Technician	0.375	0.71875	0.34375	0.71875	0.21875	0.3125
	technolog	technology	0.6875	0.625	0.21875	0.375	0.0	0.125
	nutrit	Nutrition 	0.125	0.40625	0.28125	0.71875	0.28125	0.4375
	liber	Liberal Studies	0.59375	0.625	0.71875	0.75	0.71875	0.75
	teach	Teaching	0.125	0.9375	0.8125	0.65625	0.5	0.25
	auto mechan	auto mechanic	0.6875	0.5625	0.3125	0.375	0.375	0.125
	auto mechan	auto mechanic	0.65625	0.03125	0.1875	0.21875	0.46875	0.0625
	inform technolog	IT	0.0	0.0	0.03125	0.0	0.0	0.4375
	occup therapi	Occupational Therapy	0.0	0.5	0.09375	0.40625	0.375	0.125
	radiolog	Radiology	0.15625	0.125	0.375	0.15625	0.4375	0.0
	classic	Classics	0.09375	0.5	0.75	0.90625	0.5	0.25
	industri design	Industrial Design	0.34375	0.71875	0.875	0.4375	0.1875	0.1875
	undeclar	Undeclared	0.375	0.59375	0.375	0.5	0.21875	0.375
	profession technic write	Professional Technical Writing	0.0	0.21875	0.90625	0.6875	0.40625	0.21875
	divers	Diversity Studies	0.15625	0.8125	0.46875	0.78125	0.53125	0.53125
	theater	theater	0.1875	0.96875	0.8125	0.90625	0.625	0.75
	fashion merchandis	Fashion merchandising 	0.03125	0.0	0.1875	0.28125	0.6875	0.5
	kesehatan	Kesehatan	0.125	0.53125	0.3125	0.59375	0.4375	0.28125
	occup therapi	Occupational therapy	0.125	0.375	0.1875	0.375	0.0	0.0625
	inform technolog	information technology	0.40625	0.125	0.34375	0.21875	0.0625	0.21875
	interior design	interior design	0.3125	0.53125	0.53125	0.75	0.53125	0.25
	hospit tourism mgmt	Hospitality&Tourism Mgmt	0.5	0.125	0.9375	0.96875	0.875	0.75
	veterinari	Veterinary 	0.3125	0.96875	0.3125	0.6875	0.625	0.1875
	medic code reimburs	medical coding and reimbursement	0.09375	0.5	0.0625	0.4375	0.34375	0.71875
	textil design	Textile Design	0.28125	0.375	0.5625	0.8125	0.28125	0.21875
	urban	Urban Studies	0.46875	0.5625	0.3125	0.65625	0.34375	0.09375
	design	Design	0.40625	0.71875	0.40625	0.71875	0.46875	0.15625
	labor employ relat	Labor & Employment Relations	0.15625	0.46875	0.3125	0.71875	0.75	0.65625
	justic	justice studies	0.15625	0.09375	0.0	0.5625	0.0	0.0
	social servic	Social Services	0.1875	0.28125	0.25	0.625	0.46875	0.15625
	pharmaci	Pharmacy	0.0	0.0	0.125	0.0625	0.0	0.0
	nutrit	Nutrition	0.03125	0.40625	0.59375	0.6875	0.15625	0.0
	design	design	0.71875	0.71875	0.65625	0.625	0.34375	0.375
	na	na	0.3125	0.34375	0.5	0.78125	0.5625	0.65625
	electron	electronic	0.25	0.59375	0.46875	0.4375	0.46875	0.34375
	fashion design	Fashion Design	0.0625	0.0625	0.09375	0.0	0.3125	0.0
	fashion design	Fashion designing 	0.3125	0.4375	0.71875	0.9375	0.65625	0.4375
	doctor	Doctor	0.375	0.71875	0.25	0.3125	0.4375	0.21875
	social welfar	Social welfare	0.0625	0.375	0.40625	0.4375	0.28125	0.09375
	cultur	culture studies	0.4375	0.53125	0.5625	0.71875	0.375	0.1875
	pastri	pastry	0.25	0.5625	0.25	0.8125	0.4375	0.4375
	philanthropi	philanthropy	0.0	0.0625	0.5	0.90625	0.53125	0.0
	hospit	Hospitality	0.34375	0.875	0.75	0.53125	0.59375	0.34375
	inform technolog	Information Technology	0.59375	0.96875	0.28125	0.53125	0.53125	0.90625
	electrician	Electrician	0.46875	0.3125	0.0625	0.25	0.53125	0.6875
	undecid	undecided	0.34375	0.1875	0.71875	0.875	0.3125	0.5
	teach	Teaching	0.59375	0.375	0.75	0.90625	0.53125	0.625
	automot	automotive	0.40625	0.4375	0.4375	0.625	0.4375	0.375
	environment technolog	environmental technology	0.21875	0.5	0.34375	0.5625	0.4375	0.46875
	chef	chef	0.21875	0.21875	0.625	0.5625	0.40625	0.1875
	med	Med	0.03125	0.65625	0.0	0.375	0.0625	0.09375
	med	Pre Med	0.0	0.53125	0.375	0.3125	0.21875	0.0
	doctor	doctor 	0.09375	0.96875	0.34375	0.71875	0.125	0.0625
	dermatologist	dermatologists	0.03125	0.5	0.46875	0.6875	0.46875	0.15625
	pharmaci	Pharmacy	0.40625	0.71875	0.9375	0.65625	0.625	0.53125
	med	Pre Med	0.0	0.59375	0.34375	0.25	0.125	0.0
	mechan	Mechanical	0.875	0.625	0.65625	0.875	0.84375	0.8125
	sport	sports	0.46875	0.75	0.53125	0.9375	0.8125	0.5
	anim	3D Animation	0.15625	0.5	0.65625	0.34375	0.40625	0.5
	islam	islamic studies	0.375	0.46875	0.53125	0.5625	0.4375	0.5
	pharmacist	Pharmacist	0.25	0.625	0.28125	0.375	0.375	0.28125
	inform technolog	Information Technology	0.28125	0.09375	0.1875	0.40625	0.125	0.28125
	bibl	Bible	0.46875	0.59375	0.8125	0.34375	0.5	0.09375
	mecatron	mecatronics	0.34375	0.0	0.0	0.0625	0.0	0.1875
	cultur	Culture Studies	0.375	0.53125	0.78125	0.25	0.125	0.1875
	tour	tour	0.125	0.1875	0.53125	0.375	0.4375	0.4375
	surgic technolog	Surgical Tech	0.0625	0.28125	0.1875	0.78125	0.4375	0.15625
	kinesiolog	Kinesiology	0.125	0.375	0.3125	0.84375	0.21875	0.25
	bahasa malaysia	Bahasa Malaysia	0.28125	0.1875	0.625	0.84375	0.75	0.5
	therapi	therapy	0.03125	0.875	0.71875	0.28125	0.09375	0.0
	electr	electrical	0.8125	0.5625	0.125	0.34375	0.78125	0.5625
	kinesiolog	Kinesiology	0.53125	0.65625	0.75	0.78125	0.28125	0.28125
	teach	teaching	0.0625	0.4375	0.75	0.5625	0.46875	0.40625
	industri design	industrial design	0.125	0.4375	0.65625	0.53125	0.3125	0.3125
	dentistri	Dentistry	0.0	0.875	0.75	0.8125	0.6875	0.0
	leadership	Leadership	0.125	0.34375	0.8125	0.71875	0.4375	0.15625
	draw paint	Drawing and Painting	0.25	0.59375	0.5	0.625	0.03125	0.0
	interior design	Interior Design	0.09375	0.0	0.4375	0.375	0.3125	0.15625
	film	Film	0.53125	0.84375	0.84375	0.53125	0.3125	0.25
	inform technolog	IT	0.59375	0.5	0.25	0.125	0.15625	0.09375
	bse pe	BSE PE	0.34375	0.625	0.71875	0.875	0.4375	0.1875
	paraleg	Paralegal	0.0	0.25	0.0	0.34375	0.0625	0.34375
	deasign	deasign	0.59375	0.6875	0.65625	0.46875	0.25	0.34375
	classic	Classics	0.0625	0.28125	0.71875	0.75	0.15625	0.375
	psychiatr rehab	psychiatric rehab	0.25	0.59375	0.65625	0.1875	0.25	0.0625
	veterinarian	veterinarian	0.4375	0.78125	0.8125	0.3125	0.125	0.03125
	kinesiolog	Kinesiology	0.34375	0.8125	0.75	0.90625	0.625	0.28125
	pha	Pha	0.3125	0.78125	0.5625	0.71875	0.65625	0.375
	film	Film	0.28125	0.78125	0.875	0.5625	0.625	0.125
	fashion merchandis	Fashion Merchandising	0.09375	0.75	0.84375	0.59375	0.53125	0.46875
	pt	PT	0.0625	0.59375	0.375	0.78125	0.46875	0.3125
	languag	Language	0.0625	0.09375	0.28125	0.4375	0.21875	0.15625
	inform literaci	Information Literacy	0.21875	0.65625	0.40625	0.21875	0.09375	0.25
	veterinar	veterinar	0.46875	0.90625	0.34375	0.375	0.28125	0.40625
	inform technolog	it	0.34375	0.8125	0.28125	0.46875	0.21875	0.625
	design	design	0.28125	0.34375	0.34375	0.34375	0.75	0.40625
	comput	Computing	0.03125	0.53125	0.375	0.28125	0.46875	0.1875
	theatr	Theatre	0.125	0.4375	0.78125	0.65625	0.5	0.3125
	teacher	tEACHER	0.4375	0.59375	0.875	0.8125	0.6875	0.6875
	undecid	Undecided	0.4375	0.0625	0.5	0.0	0.0	0.15625
	nutrit dietet	Nutrition and Dietetics	0.25	0.5	0.65625	0.5	0.71875	0.59375
	eudcat	Eudcation	0.28125	0.375	0.53125	0.84375	1.0	0.78125
	marriag famili therapi	Marriage and Family Therapy	0.09375	0.6875	0.59375	0.4375	0.4375	0.28125
	citi plan	city and planning	0.40625	0.8125	0.25	0.34375	0.0	0.21875
	buis	Buisness	0.53125	0.71875	0.65625	0.6875	0.65625	0.4375
	telecom	Telecom	0.5	0.78125	0.71875	0.4375	0.1875	0.0
	enviroment	enviromental	0.125	0.375	0.15625	0.4375	0.375	0.25
	person train	Personal training	0.125	0.5	0.375	0.875	0.59375	0.125
	vet technolog	vet tech	0.28125	0.625	0.125	0.15625	0.15625	0.15625
	occup therapi	Occupational Therapy 	0.0	0.5	0.09375	0.75	0.125	0.03125
	buis	Buisness	0.71875	0.125	0.46875	0.59375	0.71875	0.8125
	bjilog	bjilogy	0.0	0.0625	0.25	0.8125	0.0	0.0
	horticultur	horticulture	0.4375	0.65625	0.6875	0.40625	0.75	0.125
	comput	Computer studies	0.21875	0.3125	0.3125	0.625	0.28125	0.53125
	teacher	teacher	0.3125	0.4375	0.65625	0.375	0.28125	0.3125
	malay languag	Malay Language	1.0	1.0	0.9375	0.8125	0.5625	0.6875
	real estat	Real Estate	0.71875	0.25	0.5625	0.4375	0.78125	0.6875
	program	Programming	0.4375	0.65625	0.5625	0.09375	0.3125	0.09375
	design	Design	0.5	0.53125	0.8125	0.5625	0.4375	0.375
	pedagogi	Pedagogy	0.34375	0.46875	0.59375	0.34375	0.65625	0.5
	medic	medical	0.3125	0.90625	0.40625	0.34375	0.40625	0.4375
	translat	Translation	0.125	0.65625	0.4375	0.71875	0.3125	0.0625
	screen media	screen & media diploma	0.125	0.375	0.875	0.1875	0.15625	0.0
	child develop	Child Development	0.0	0.1875	0.1875	0.625	0.125	0.5
	liber	Liberal Studies	0.0	0.125	0.0	0.5625	0.21875	0.125
	undecid	Undecided	0.53125	0.28125	0.6875	0.46875	0.25	0.25
	padagog	padagogics	0.1875	0.5625	0.46875	0.375	0.5625	0.75
	theater	Theater	0.21875	0.5625	0.875	0.71875	0.28125	0.25
	florist	floristic	0.59375	0.90625	0.6875	0.9375	0.65625	0.59375
	landscap	landscaping	0.53125	0.78125	0.5625	0.53125	0.40625	0.3125
	med	Pre med 	0.34375	0.3125	0.125	0.75	0.21875	0.34375
	manufactur	Manufacturing	0.4375	0.65625	0.71875	0.84375	0.34375	0.65625
	sport medcin	sports medcine	0.25	0.25	0.28125	0.40625	0.375	0.28125
	comput inform technolog	computer information technology	0.0	0.0	0.09375	0.125	0.0	0.46875
	inform technolog	Information technology	0.9375	0.25	0.90625	0.75	0.6875	0.875
	famili servic	Family services 	0.1875	0.65625	0.5	0.78125	0.3125	0.1875
	sign languag interpret	Sign Language Interpreting	0.0	0.125	0.125	0.71875	0.0625	0.0
	pharmaci	Pharmacy	0.0625	0.6875	0.5625	0.6875	0.21875	0.0
	inform technolog	Information technology	0.8125	0.375	0.5625	0.71875	0.53125	0.75
	anim	Animal	0.0625	0.75	0.5625	0.65625	0.65625	0.125
	offic admiistr	Office Admiistration	0.4375	0.75	0.375	0.40625	0.5	0.25
	culinari	Culinary	0.21875	0.8125	0.84375	0.5625	0.3125	0.0
	polit	Politics	0.0	0.09375	0.125	0.4375	0.125	0.09375
	biomed	biomedical	0.65625	0.8125	0.46875	0.53125	0.46875	0.65625
	autom system technolog	Automated Systems Technology	0.5	0.25	0.34375	0.1875	0.5625	0.625
	biomed	Biomedical	0.28125	0.9375	0.625	0.71875	0.28125	0.03125
	leadership	Leadership	0.3125	0.28125	0.0625	0.4375	0.6875	0.625
	theater	theater	0.21875	0.78125	0.8125	0.5625	0.46875	0.0625
	idea	no idea	0.34375	0.625	0.3125	0.5625	0.28125	0.3125
	psichiatri	psichiatry	0.1875	0.875	0.9375	0.96875	0.25	0.09375
	undecid	Undecided	0.09375	0.28125	0.03125	0.84375	0.65625	0.28125
	undecid	undecided	0.34375	0.71875	0.21875	0.28125	0.1875	0.125
	inform technolog	IT	0.71875	0.90625	0.71875	0.75	0.375	0.4375
	hospit	Hospitality	0.40625	0.28125	0.375	0.3125	0.78125	0.59375
	b	B	0.09375	0.09375	0.15625	0.21875	0.375	0.1875
	technic theatr	Technical theatre	0.25	0.03125	0.5625	0.0	0.0	0.09375
	liber	Liberal Studies	0.5	0.625	0.3125	0.4375	0.28125	0.46875
	anim research	animal research	0.0	0.375	0.0	0.5	0.25	0.0
	medic	medic	0.65625	1.0	0.4375	0.65625	0.5625	0.46875
	build survey	Building surveying	0.28125	0.5625	0.71875	0.59375	0.53125	0.21875
	tourism	tourism	0.0	0.4375	0.1875	0.46875	0.0625	0.0625
	inform technolog	IT	0.3125	0.5625	0.71875	0.71875	0.78125	0.59375
	undecid	UNDECIDED	0.21875	0.375	0.4375	0.625	0.3125	0.28125
	media	Media	0.09375	0.25	0.1875	0.25	0.1875	0.09375
	medic laboratori	Medical Laboratory 	0.71875	0.71875	0.875	0.71875	0.96875	0.78125
	armi	Army	0.5625	0.3125	0.625	0.8125	0.3125	0.15625
	agrotechnolog	Agrotechnology	0.25	0.65625	0.34375	0.46875	0.46875	0.375
	electron	electronics	0.40625	0.8125	0.78125	0.9375	0.375	0.5
	environment	Environmental Studies	0.1875	1.0	0.28125	0.59375	0.4375	0.15625
	occup therapi	Occupational Therapy	0.53125	0.71875	0.4375	0.875	0.46875	0.46875
	electr	electrical	0.71875	0.6875	0.78125	0.75	0.71875	0.8125
	undecid	undecided	0.40625	0.03125	0.0	0.46875	0.3125	0.625
	chees	cheese	0.03125	0.65625	0.4375	0.3125	0.28125	0.125
	anim	Animation	0.21875	0.375	0.625	0.3125	0.40625	0.15625
	medic	MEDIC	0.1875	0.5625	0.1875	0.75	0.125	0.21875
	undeclar	Undeclared 	0.21875	0.46875	0.65625	0.75	0.5625	0.25
	disabl	Disability Studies	0.125	0.4375	0.53125	1.0	0.34375	0.0625
	kinesiolog	Kinesiology 	0.03125	1.0	0.84375	0.59375	0.59375	0.21875
	inform technolog	IT	0.15625	0.78125	0.5625	0.59375	0.40625	0.15625
	militari	Military	0.21875	0.65625	0.4375	0.78125	0.25	0.59375
	electr	electrical	0.375	0.125	0.34375	0.78125	0.78125	0.59375
	astrolog	Astrology	0.46875	0.90625	0.28125	0.5625	0.15625	0.25
	design	3d design	0.125	0.59375	0.59375	0.53125	0.375	0.21875
	dentistri	Dentistry	0.5	0.78125	0.71875	0.5625	0.53125	0.53125
	counter terror	Counter terrorism	0.6875	0.375	0.21875	0.3125	0.28125	0.375
	film	Film	0.4375	0.28125	0.5	0.4375	0.3125	0.5625
	drama	Drama	0.0	0.3125	0.6875	0.75	0.40625	0.09375
	sport	Sports	0.59375	0.53125	0.5	0.71875	0.71875	0.59375
	design	design	0.375	0.59375	0.46875	0.5625	0.625	0.5625
	liber	liberal studies	0.5	0.78125	0.6875	0.78125	0.53125	0.5
	syariah	Syariah	0.28125	0.21875	0.25	0.78125	0.34375	0.40625
	kinesiolog	Kinesiology	0.15625	0.09375	0.59375	0.75	0.3125	0.15625
	occup therapi	Pre Occupational Therapy	0.1875	0.75	0.3125	0.5625	0.25	0.46875
	languag	Languages	0.5625	0.8125	0.53125	0.8125	0.21875	0.21875
	speech patholog	Speech Pathology	0.1875	0.34375	0.28125	0.71875	0.5	0.5
	american cultur	american culture studies	0.1875	0.15625	0.375	0.65625	0.15625	0.03125
	biomed	Biomedical	0.15625	0.625	0.25	0.46875	0.3125	0.125
	fashion merchandis	Fashion Merchandising	0.46875	0.4375	0.5625	0.71875	0.59375	0.625
	medic technolog	medical technology	0.34375	0.5625	0.4375	0.5625	0.5	0.5
	divin	Divinity	0.0	0.125	0.09375	0.84375	0.59375	0.0625
	interact media design	Interactive Media Design	0.1875	0.5	0.875	0.75	0.40625	0.09375
	medic assist	medical assisting	0.3125	0.5	0.65625	0.8125	0.5	0.40625
	medic assist	medical assisting	0.3125	0.875	0.25	0.71875	0.71875	0.9375
	undecid	undecided	0.0	0.0	0.1875	0.1875	0.40625	0.25
	christian ministri	Christian Ministries	0.1875	0.21875	0.65625	0.59375	0.375	0.3125
	doctor	DOCTOR	0.0	0.375	0.375	0.375	0.25	0.0
	medic	medical	0.0625	0.40625	0.0625	0.125	0.1875	0.0
	ir	IR	0.34375	0.28125	0.3125	0.5625	0.5625	0.71875
	sosialog	sosialogy	0.125	0.28125	0.40625	0.65625	0.375	0.34375
	comput	Computer	0.28125	0.53125	0.65625	1.0	0.53125	0.34375
	comput data	computering data	0.375	0.4375	0.625	0.625	0.375	0.625
	med	Pre med	0.21875	0.53125	0.46875	0.5	0.34375	0.375
	pharmaci technolog	Pharmacy Technology	0.0625	0.5	0.3125	0.59375	0.40625	0.4375
	occup therapi	Occupational Therapy	0.25	0.40625	0.34375	0.90625	0.75	0.5625
	sport	Sport	0.03125	0.0	0.0	0.21875	0.15625	0.09375
	medic bill code	Medical Billing and coding	0.28125	0.5	0.0	0.25	0.09375	0.75
	maneg	Manegment	0.28125	0.25	0.34375	0.1875	0.5625	0.3125
	travel tourism	Travel & Tourism	0.0	0.34375	0.40625	0.6875	0.4375	0.34375
	acc	acc	0.84375	0.25	0.53125	0.125	0.5	0.6875
	medic radiographi	Medical Radiography	0.1875	0.46875	0.5	0.71875	0.0625	0.21875
	entrepreneurship	eNTREPRENEURSHIP	0.59375	0.625	0.40625	0.90625	0.71875	0.78125
	design	Design	0.40625	0.65625	0.34375	0.71875	0.625	0.40625
	weld	welding	0.625	0.09375	0.0	0.09375	0.15625	0.09375
	auto	Auto 	0.875	0.1875	0.25	0.28125	0.3125	0.21875
	real estat agent	Real Estate Agent	0.125	0.375	0.59375	0.625	0.65625	0.40625
	classic	Classics	0.46875	0.625	0.6875	0.375	0.0	0.09375
	attend	have not attended	0.3125	0.5	0.28125	0.34375	0.34375	0.53125
	theatr	theatre	0.34375	0.21875	0.53125	0.8125	0.75	0.4375
	curriculum instruct	curriculum and instruction	0.125	0.0625	0.0	0.84375	0.21875	0.46875
	design	design	0.375	0.375	0.6875	0.53125	0.53125	0.375
	american	American Studies	0.21875	0.5625	0.625	0.75	0.40625	0.5625
	food technolog	Food Technology	0.53125	0.4375	0.59375	0.84375	0.75	0.9375
	construct	Construction	0.46875	0.6875	0.71875	0.78125	0.65625	0.5625
	anim	Animation	0.125	0.90625	0.875	0.84375	0.34375	0.3125
	pharmaci	Pharmacy	0.59375	0.71875	0.21875	0.5	0.59375	0.65625
	entrepreneurship	Entrepreneurship	0.0625	0.59375	0.46875	0.78125	0.5625	0.03125
	develop	Development Studies	0.4375	0.3125	0.71875	0.84375	0.71875	0.625
	medic	Medical	0.4375	1.0	0.6875	0.46875	0.46875	0.53125
	multimedia	multimedia	0.6875	0.90625	0.6875	0.90625	0.59375	0.75
	fashion design	fashion design	0.4375	0.25	0.4375	0.46875	0.6875	0.90625
	leadership	Leadership	0.375	0.375	0.34375	0.625	0.34375	0.15625
	sonographi	Sonography	0.3125	0.46875	0.375	0.4375	0.5625	0.28125
	inform technolog	IT	0.5	0.46875	0.46875	0.5625	0.75	0.5
	entomolog	Entomology	0.125	0.75	0.4375	0.34375	0.03125	0.15625
	pedagogi	pedagogy	0.34375	0.375	0.40625	0.875	0.375	0.21875
	illustr	Illustration	0.0	0.375	0.90625	0.8125	0.21875	0.15625
	danc	Dance	0.25	0.625	0.5	0.5625	0.25	0.5625
	undeclar	Undeclared	0.4375	0.71875	0.21875	0.625	0.28125	0.40625
	pharmaci	pharmacy	0.15625	0.59375	0.71875	0.59375	0.28125	0.09375
	tourism	Tourism	0.46875	0.75	0.71875	0.65625	0.4375	0.28125
	¤ß²z¾ç	¤ß²z¾Ç	0.53125	0.75	0.59375	0.5625	0.34375	0.3125
	teach	teaching	0.0	0.03125	0.0	0.4375	0.125	0.15625
	polit	politics	0.125	0.0	0.5625	0.90625	0.84375	0.09375
	dental hygien	Dental Hygiene	0.03125	0.28125	0.375	0.59375	0.34375	0.34375
	theater	Theater	0.03125	0.1875	0.71875	0.59375	0.375	0.0625
	product design	Product design	0.5	0.71875	0.5	0.40625	0.1875	0.375
	tech	Teching	0.1875	0.625	0.34375	0.84375	0.1875	0.40625
	design	Design	0.25	0.28125	0.84375	0.4375	0.59375	0.09375
	product engg	Production engg	0.96875	0.78125	0.3125	0.6875	0.53125	0.625
	medic	medical	0.3125	0.9375	0.25	1.0	0.40625	0.625
	medic	medical	0.34375	0.59375	0.3125	0.625	0.34375	0.3125
	medic	medical	0.71875	0.96875	0.59375	0.8125	0.40625	0.625
	pharmaci	pharmacy	0.65625	1.0	0.5625	0.78125	0.40625	0.46875
	pharmaci	pharmacy	0.21875	0.5625	0.46875	0.6875	0.46875	0.59375
	pharmacist	pharmacist	0.3125	0.25	0.5	0.46875	0.5	0.28125
	veterinar	veterinar	0.3125	1.0	0.125	0.8125	0.4375	0.5625
	psikolog	psikologi	0.125	0.5	0.25	0.34375	0.3125	0.15625
	medic	medic	0.3125	0.78125	0.40625	0.71875	0.3125	0.28125
	doctor	doctor	0.53125	0.875	0.5625	0.78125	0.6875	0.53125
	pharmacist	Pharmacist 	0.34375	0.8125	0.5625	0.5	0.5625	0.4375
	pharmaci	Pharmacy	0.125	0.90625	0.1875	0.59375	0.375	0.34375
	med	Pre-Med	0.21875	0.6875	0.78125	0.59375	0.34375	0.03125
	christian leadership	Christian Leadership	0.6875	0.3125	0.375	0.40625	0.5	0.75
	public affair	Public Affairs	0.5	0.75	0.5	0.53125	0.34375	0.40625
	inform technolog	IT	0.625	0.78125	0.375	0.46875	0.75	0.8125
	graphic	Graphic	0.3125	0.25	0.5625	0.46875	0.46875	0.25
	renew materi	Renewable materials	0.21875	0.6875	0.53125	0.28125	0.3125	0.21875
	horticultur	horticulture	0.59375	0.71875	0.28125	0.90625	0.4375	0.59375
	offic	Officer	0.1875	0.15625	0.625	0.5625	0.375	0.375
	theatr	Theatre	0.15625	0.4375	0.9375	0.84375	0.5625	0.09375
	kinesiolog	Kinesiology	0.25	0.78125	0.40625	0.75	0.375	0.25
	remot sens	remote sensing	0.6875	0.96875	0.75	0.40625	0.65625	0.40625
	liber	Liberal Studies	0.1875	0.90625	0.625	0.59375	0.40625	0.75
	child develop famili	Child Development and Family Studies 	0.4375	0.71875	0.46875	0.75	0.34375	0.375
	speech languag patholog	speech language pathology	0.0625	0.40625	0.375	0.59375	0.34375	0.1875
	sport	sports	0.34375	0.34375	0.3125	0.53125	0.28125	0.03125
	veternarian	veternarian	0.125	0.625	0.0	0.5625	0.28125	0.09375
	kinesiolog	Kinesiology	0.09375	0.6875	0.5	0.53125	0.3125	0.25
	kinesiolog	Kinesiology	0.125	0.8125	0.21875	0.53125	0.5	0.28125
	cook	cook	0.1875	0.4375	0.34375	0.5625	0.28125	0.53125
	languag	Language	0.15625	0.375	0.65625	0.5	0.28125	0.125
	geriatr	geriatrics	0.25	0.5625	0.21875	0.6875	0.6875	0.71875
	board area social	Board Area Social Studies	0.34375	0.25	0.3125	0.59375	0.5625	0.28125
	kinesiolog	Kinesiology	0.09375	0.78125	0.21875	0.78125	0.15625	0.0
	undeclar	undeclared	0.125	0.90625	0.625	0.59375	0.21875	0.09375
	biochem	biochem	0.25	1.0	0.71875	0.71875	0.0	0.15625
	research	Research 	0.03125	0.21875	0.34375	0.53125	0.03125	0.15625
	paraleg	Paralegal	0.65625	0.4375	0.84375	0.71875	0.34375	0.5
	logist	logistics	0.75	0.5625	0.375	0.5625	0.6875	0.75
	microtechnolog	Microtechnology	0.5625	0.65625	0.21875	0.75	0.21875	0.125
	tourism	Tourism	0.0	0.09375	0.09375	0.25	0.0625	0.0
	paraleg	paralegal	0.0	0.40625	0.6875	0.78125	0.59375	0.28125
	ministri	Ministry 	0.125	0.125	0.34375	0.625	0.5	0.1875
	fashion merchandis	fashion merchandising	0.0	0.5625	0.0	0.78125	0.65625	0.1875
	patholog	Pathology	0.25	0.75	0.15625	0.1875	0.03125	0.1875
	famili	Family studies	0.125	0.65625	0.25	0.375	0.15625	0.46875
	occup therapi	Occupational Therapy	0.0	0.5	1.0	0.9375	0.4375	0.1875
	teach primari	teaching-primary	0.0	0.40625	0.125	0.65625	0.40625	0.0
	asian	Asian Studies	0.0	0.3125	0.28125	0.53125	0.15625	0.125
	tesl	TESL	0.125	0.75	0.75	0.6875	0.625	0.25
	visual comm	visual comms	0.09375	0.5	0.46875	0.40625	0.28125	0.15625
	design	Design	0.125	0.6875	0.28125	0.28125	0.28125	0.25
	physio	Physio	0.0625	0.875	0.46875	0.8125	0.125	0.0
	doctor	doctor	0.125	0.625	0.125	0.3125	0.3125	0.125
	caloocan high	Caloocan High	0.5	0.625	0.53125	0.59375	0.5	0.53125
	comput	Computer Studies	0.1875	0.46875	0.3125	0.34375	0.0625	0.625
	undecid	undecided	0.0	0.5	0.25	0.71875	0.28125	0.03125
	kinesiolog	Kinesiology	0.375	0.53125	0.53125	0.5625	0.375	0.375
	bussniess	Bussniess	0.15625	0.125	0.53125	0.375	0.375	0.0625
	audiolog speech patholog	Audiology/Speech-Pathology	0.0	0.34375	0.0	0.59375	0.0	0.09375
	rhs	RHS	0.03125	0.15625	0.125	0.5	0.03125	0.0
	athlet train	athletic training 	0.1875	0.34375	0.25	0.46875	0.3125	0.1875
	undecid	Undecided	0.0625	0.09375	0.6875	0.375	0.3125	0.0625
	undecid	Undecided	0.03125	0.1875	0.03125	0.4375	0.25	0.21875
	rhs	RHS	0.03125	0.46875	0.71875	0.46875	0.125	0.0
	inform technolog	Information Technology	0.03125	0.09375	0.71875	0.8125	0.5	0.125
	industri design	Industrial design	0.34375	0.09375	0.40625	0.3125	0.3125	0.25
	fashion merchandis	fashion merchandising	0.0	0.875	0.0	1.0	0.8125	0.4375
	undeclar	Undeclared	0.03125	0.6875	0.4375	0.6875	0.375	0.0625
	comput technolog	computer technology	0.3125	0.59375	0.6875	0.4375	0.59375	0.46875
	properti	Property	0.625	0.53125	0.8125	0.625	0.65625	0.3125
	logist	Logistics	0.34375	0.25	0.3125	0.5625	0.4375	0.46875
	entrepreneurship	Entrepreneurship	0.21875	0.5	0.75	0.875	0.8125	0.3125
	hospit	Hospitality	0.09375	0.84375	0.625	0.65625	0.59375	0.34375
	hospit	hospitality 	0.625	0.75	0.96875	0.96875	0.625	0.65625
	event	event	0.3125	0.3125	0.59375	0.53125	0.40625	0.34375
	kinesiolog	Kinesiology	0.03125	0.4375	0.75	0.46875	0.09375	0.03125
	interior design	Interior Design	0.34375	0.03125	0.34375	0.21875	0.34375	0.09375
	kinesiolog	kinesiology	0.4375	0.65625	0.4375	0.90625	0.5	0.40625
	tourism	Tourism	0.125	0.5625	0.6875	0.34375	0.3125	0.25
	inform technolog	Information Technology	0.46875	0.5625	0.625	0.6875	0.53125	0.5625
	enter colleg	not yet entering college	0.03125	0.28125	0.84375	0.5625	0.65625	0.46875
	econ	econs	0.15625	0.59375	0.34375	0.6875	0.6875	0.3125
	fashion design	fashion design	0.0	0.1875	0.8125	0.5625	0.6875	0.0
	luxuri	luxury	0.125	0.0	0.375	0.53125	0.53125	0.09375
	kinesiolog	kinesiology	0.21875	0.96875	0.15625	0.875	0.5625	0.625
	pharmaci	pre pharmacy	0.34375	0.5	0.375	0.84375	0.6875	0.59375
	nutrit	Nutrition	0.0	0.25	0.03125	0.6875	0.40625	0.0
	nutriton dietet	nutriton/dietetics 	0.03125	0.09375	0.0	0.5625	0.09375	0.0
	kinesiolog	Kinesiology	0.0625	0.125	0.3125	0.5625	0.09375	0.1875
	kinesiolog	Kinesiology	0.34375	0.65625	0.625	0.8125	0.5625	0.53125
	undeclar	undeclared	0.375	0.4375	0.40625	0.375	0.34375	0.40625
	kinesiolog	kinesiology	0.46875	0.6875	0.59375	0.8125	0.53125	0.46875
	athlet train	athletic training	0.0	0.3125	0.0	0.28125	0.0625	0.0
	fashion merchandis	Fashion Merchandising	0.125	0.125	0.1875	0.5625	0.65625	0.59375
	fashion merchandis	fashion merchandising	0.15625	0.34375	0.34375	0.375	0.46875	0.1875
	fashion merchandis	Fashion Merchandising	0.03125	0.03125	0.59375	0.59375	0.5625	0.25
	undecid	undecided	0.0	0.5625	0.21875	0.4375	0.1875	0.0
	fashion merchandis	Fashion Merchandising 	0.0625	0.21875	0.40625	0.65625	0.71875	0.59375
	fashion merchandis athlet train	Fashion Merchandising, Athletic Training 	0.3125	0.03125	0.5	0.25	0.03125	0.0
	polit	politics	0.1875	0.625	0.875	0.59375	0.25	0.15625
	mass comm	Mass Comm	0.0	0.125	0.875	0.59375	0.40625	0.0625
	teach	Teaching	0.5	0.40625	0.71875	0.71875	0.53125	0.875
	inform technolog	IT	0.46875	0.84375	0.84375	0.71875	0.65625	0.1875
	interdiscipinari	Interdiscipinary Studies	0.1875	0.75	0.53125	0.8125	0.28125	0.09375
	food inspector	food inspector	0.21875	0.3125	0.65625	0.09375	0.21875	0.4375
	social	social 	0.625	0.3125	0.5625	0.75	0.6875	0.40625
	pharmaci	pharmacy	0.28125	0.6875	0.65625	0.46875	0.5	0.375
	automot	AUTOMOTIVE 	0.4375	0.125	0.46875	0.625	0.21875	0.375
	athlet train	athletic training	0.0	0.25	0.21875	0.5	0.03125	0.0
	undecid	undecided	0.0	0.25	0.0	0.6875	0.3125	0.0
	black	Black Studies	0.21875	0.4375	0.625	0.71875	0.25	0.25
	eng	Englis	0.0	0.5625	0.65625	0.84375	0.34375	0.0
	dentistri	Dentistry	1.0	0.5625	0.8125	1.0	0.8125	0.5625
	radiolog	Radiology	0.1875	0.46875	0.5	0.59375	0.5625	0.4375
	social servic	social services	0.0	0.21875	0.84375	0.71875	0.46875	0.0625
	avat	avation	0.625	0.53125	0.21875	0.25	0.59375	0.5
	languag	Languages	0.28125	0.875	0.625	0.8125	0.3125	0.09375
	inform technolog	IT	0.46875	0.75	0.5625	0.1875	0.21875	0.03125
	inform technolog	Information Technology	0.5	0.3125	0.75	0.875	0.5	0.4375
	medic	medical	0.5	0.65625	0.78125	0.65625	0.65625	0.53125
	dentist	Dentist	0.65625	0.53125	0.9375	0.90625	0.75	0.53125
	design	Design	0.09375	0.75	0.5	0.125	0.09375	0.125
	medic	Medic	0.125	0.53125	0.1875	0.59375	0.3125	0.21875
	transport	transport	0.0625	0.625	0.15625	0.59375	0.5625	0.40625
	write	Writing	0.34375	0.4375	0.59375	0.65625	0.53125	0.34375
	biblic	Biblical Studies	0.0625	0.0625	0.125	0.40625	0.3125	0.71875
	dentistri	dentistry	0.25	0.5	0.09375	0.34375	0.375	0.09375
	engieer	engieering	0.3125	0.4375	0.28125	0.46875	0.34375	0.5
	medic	medical	0.28125	0.78125	0.46875	0.75	0.09375	0.125
	criminooloti	criminooloty	0.0	0.21875	0.125	0.40625	0.0	0.0
	robot	robotics	0.59375	0.65625	0.625	0.125	0.28125	0.28125
	secretari	Secretary 	0.21875	0.375	0.25	0.59375	0.46875	0.8125
	fashion design	fashion design	0.15625	0.53125	0.53125	0.375	0.5625	0.1875
	culinari	Culinary 	0.0	0.21875	0.34375	0.53125	0.46875	0.0
	traslat	Traslation	0.125	0.5625	0.71875	0.65625	0.0625	0.0
	product	Production	0.15625	0.4375	0.46875	0.5	0.40625	0.34375
	horticultur	Horticulture	0.5625	0.9375	0.375	0.40625	0.3125	0.25
	pharmaci	Pharmacy	0.40625	0.625	0.59375	0.59375	0.5625	0.53125
	ethnic	ethnic studies	0.34375	0.34375	0.28125	0.625	0.125	0.40625
	rehabilit	Rehabilitation	0.125	0.6875	0.75	0.21875	0.25	0.0625
	econmi	econmie	0.09375	0.03125	0.25	0.1875	0.4375	0.09375
	mechan	mechanics	0.59375	0.375	0.125	0.125	0.1875	0.15625
	gender	Gender Studies	0.03125	0.4375	0.4375	0.21875	0.15625	0.40625
	media	Applied Media	0.4375	0.5	0.5625	0.40625	0.4375	0.4375
	hospit	Hospitality	0.40625	0.59375	0.59375	0.875	0.53125	0.53125
	massag therapi	Massage therapy	0.375	0.71875	0.53125	0.625	0.21875	0.625
	creativ multimedia	Creative Multimedia	0.21875	0.46875	0.40625	0.3125	0.0625	0.0625
	electrician	Electricians	0.125	0.1875	0.34375	0.15625	0.375	0.40625
	media	Media Studies	0.125	0.1875	0.6875	0.8125	0.78125	0.0625
	mis	MIS	0.125	0.65625	0.6875	0.34375	0.5625	0.625
	web research	web research	0.3125	0.25	0.5	0.875	0.625	0.75
	web research	web research	0.1875	0.75	0.5	0.9375	0.5625	0.6875
	film	Film	0.125	0.28125	0.65625	0.40625	0.125	0.03125
	aviat	aviation	0.40625	0.625	0.875	0.65625	0.4375	0.46875
	polym technolog	polymer technology	0.78125	0.46875	0.8125	0.75	0.65625	0.3125
	jurisprud	Jurisprudence	0.09375	0.21875	0.5	0.53125	0.28125	0.09375
	rhs	rhs	0.34375	0.84375	0.46875	1.0	0.71875	0.75
	filmmak	Filmmaking	0.34375	0.6875	0.46875	0.5625	0.40625	0.375
	danc	dance	0.125	0.6875	0.875	0.75	0.3125	0.03125
	inform technolog	Information Technology	0.125	0.5625	0.40625	0.5	0.0625	0.0
	ucf	UCF	0.3125	0.75	0.34375	0.75	0.8125	0.75
	mathmativ	Mathmativs	0.40625	0.4375	0.46875	0.65625	0.65625	0.5
	build	Building	0.5625	0.0625	0.375	0.09375	0.09375	0.0
	design	Design	0.40625	0.71875	0.78125	0.59375	0.5	0.21875
	rehab servic	rehab services	0.0625	0.46875	0.21875	0.84375	0.4375	0.28125
	geodesi	Geodesy	0.40625	0.78125	0.40625	0.15625	0.0	0.3125
	veternari	veternary	0.4375	0.59375	0.625	0.40625	0.375	0.3125
	medic	medical	0.3125	0.8125	0.3125	0.84375	0.46875	0.15625
	full	FULL	0.09375	0.25	0.28125	0.1875	0.4375	0.375
	help hand	Helping hand	0.9375	0.84375	0.90625	0.84375	0.9375	0.8125
	medic	Medical	0.0625	0.1875	0.0	0.3125	0.09375	0.03125
	ministi	Ministy 	0.40625	0.4375	0.6875	0.5625	0.46875	0.0625
	medic	medical	0.0625	0.125	0.1875	0.1875	0.0	0.0
	design	Design	0.21875	0.59375	0.96875	0.5625	0.53125	0.0625
	rehabilit servic	Rehabilitation Services	0.125	0.1875	0.125	0.8125	0.46875	0.34375
	medic	medical	0.0625	0.65625	0.15625	0.40625	0.1875	0.25
	nurd	nurding	0.46875	0.75	0.1875	0.75	0.3125	0.625
	informath	Informathics	0.125	0.0	0.125	0.375	0.25	0.75
	inform technolog	Information Technology	0.53125	0.6875	0.40625	0.3125	0.59375	0.78125
	organis develop	organisational development	0.34375	0.6875	0.53125	0.78125	0.40625	0.59375
	film video	film and video	0.625	0.71875	0.53125	0.46875	0.46875	0.71875
	medic	medical	0.25	0.875	0.59375	0.84375	0.59375	0.90625
	horticultur	HORTICULTURE	0.28125	0.25	0.46875	0.9375	0.4375	0.3125
	medic	medical	0.5625	0.8125	0.65625	0.75	0.65625	0.75
	inform technolog	Information Technology	0.03125	0.59375	0.3125	0.1875	0.1875	0.3125
	teach	teaching	0.0	0.375	0.0	0.5	0.0	0.0
	medic	medical	0.21875	0.8125	0.21875	0.84375	0.1875	0.5625
	architech	architech	0.65625	0.96875	0.75	0.5	0.375	0.65625
	aviat	aviation	0.375	0.21875	0.75	0.75	0.5625	0.375
	rhs	RHS	0.34375	0.8125	0.5625	0.84375	0.78125	0.6875
	audiovisu media	Audiovisual Media	0.3125	0.78125	0.84375	0.53125	0.5	0.28125
	kinesiolog	Kinesiology	0.0625	0.5	0.0625	0.84375	0.15625	0.125
	program	Programming	0.46875	0.40625	0.46875	0.5	0.46875	0.375
	creativ write	Creative Writing	0.0	0.15625	0.4375	0.375	0.09375	0.0
	inform technolog	information technology	0.0625	0.15625	0.3125	0.34375	0.21875	0.125
	medic	Medical	0.1875	0.8125	0.5625	0.5625	0.21875	0.75
	syariah islamiah arab languag	syariah islamiah and arabic language	0.125	0.875	0.3125	0.75	0.4375	0.5625
	inform technolog	Information Technology	0.5	0.78125	0.375	0.59375	0.28125	0.5
	mis	MIS	0.84375	0.625	0.46875	0.34375	0.40625	0.09375
	dentistri	Dentistry	0.4375	0.53125	0.34375	0.59375	0.3125	0.375
	inform technolog specialist	I.T specialist	0.3125	0.46875	0.8125	0.4375	0.46875	0.75
	inform technolog	Information Technology	0.6875	0.71875	0.375	0.53125	0.75	0.75
	technolog	technology	0.125	0.71875	0.53125	0.6875	0.5	0.3125
	jazz perform	Jazz Performance	0.4375	0.5625	0.8125	0.78125	0.5	0.375
	paralleg	parallegal studies	0.46875	0.53125	0.625	0.5625	0.71875	0.25
	psi	PSY	0.0625	0.0	0.0625	0.5	0.0	0.25
	fashion design	Fashion Design	0.3125	0.4375	0.71875	0.6875	0.78125	0.375
	rehab servic	Rehab Services	0.28125	0.375	0.1875	0.59375	0.4375	0.53125
	undeclar	Undeclared	0.03125	0.25	0.625	0.71875	0.46875	0.0
	child develop	child development	0.0	0.25	0.40625	0.875	0.125	0.0
	keakaunan	Keakaunan	0.28125	0.0	0.375	0.5	0.3125	0.53125
	medic	medical	0.03125	0.40625	0.46875	0.71875	0.5	0.28125
	na	na	0.15625	0.5	0.4375	0.875	0.40625	0.71875
	rehab servic	Rehab Services	0.34375	0.625	0.15625	0.65625	0.28125	0.3125
	kinesiolog	Kinesiology	0.0	0.4375	0.03125	0.4375	0.0	0.1875
	construct mangement	construction mangement	0.8125	0.46875	0.1875	0.84375	0.5	0.6875
	youth ministri	Youth Ministry	0.625	0.625	0.71875	0.9375	0.375	0.4375
	multimedia	Multimedia	0.34375	0.5625	0.90625	0.65625	0.53125	0.375
	computeur	computeur	0.3125	0.4375	0.5625	0.65625	0.53125	0.53125
	comput game develop	Computing(Games Development)	0.375	0.5625	0.40625	0.1875	0.21875	0.46875
	drama	drama 	0.03125	0.0	0.53125	0.6875	0.5	0.0625
	languag	language	0.4375	0.59375	0.28125	0.59375	0.46875	0.625
	social justic	social justice 	0.0625	0.1875	0.25	0.84375	0.25	0.09375
	pharmaci	pharmacy	0.15625	0.1875	0.15625	0.5625	0.40625	0.46875
	dentistri	dentistry	0.40625	0.4375	0.21875	0.21875	0.0625	0.71875
	polit	Politics	0.0	0.40625	0.5625	0.65625	0.4375	0.0
	child develop	Child development 	0.25	0.5	0.65625	0.75	0.3125	0.21875
	liber	liberal studies	0.5	0.5	0.53125	0.96875	0.875	0.65625
	liber	Liberal Studies	0.0625	0.5	0.65625	0.65625	0.34375	0.34375
	athlet train	Athletic training	0.3125	0.78125	0.3125	0.875	0.0	0.03125
	current colleg	Currently in College	0.09375	0.09375	0.0	0.1875	0.21875	0.25
	dentistri	Dentistry	0.0	0.21875	0.1875	0.40625	0.3125	0.15625
	film	Film Studies	0.15625	0.53125	0.71875	0.375	0.4375	0.21875
	liber	Liberal Studies	0.5625	0.8125	0.6875	0.6875	0.5625	0.59375
	speech patholog	Speech Pathology	0.0	0.1875	0.0	0.65625	0.28125	0.21875
	remot sens gis	Remote Sensing GIS	0.1875	1.0	0.375	0.875	0.625	0.8125
	media	Media	0.125	0.25	0.59375	0.625	0.5	0.3125
	liber	Liberal Studies	0.59375	0.40625	0.28125	0.1875	0.5	0.53125
	entrepreneurship	Entrepreneurship	0.46875	0.5625	0.09375	0.34375	0.40625	0.6875
	logist	Logistics	0.375	0.78125	0.53125	0.46875	0.59375	0.71875
	alcohol drug	Alcohol and Drug Studies	0.25	0.34375	0.25	0.6875	0.28125	0.25
	bsn	BSN	0.125	0.46875	0.09375	0.75	0.0	0.0
	undecied	UNDECIEDED	0.4375	0.4375	0.09375	0.53125	0.53125	0.3125
	biodivers	Biodiversity	0.28125	0.625	0.71875	0.96875	0.53125	0.75
	bus magmt	bus magmt	0.5625	0.3125	0.3125	0.6875	0.46875	1.0
	teacher	teacher	0.09375	0.4375	0.59375	0.625	0.53125	0.375
	occup therpay	occupational therpay	0.0625	0.625	0.03125	0.46875	0.28125	0.25
	film	Film	0.5625	0.71875	0.96875	0.375	0.34375	0.28125
	speech patholog	Speech Pathology	0.34375	0.8125	0.84375	0.875	0.8125	0.5
	entrepreneurship	Entrepreneurship	0.40625	0.78125	0.75	0.4375	0.46875	0.1875
	fashion design	Fashion design	0.0625	0.25	0.3125	0.5	0.53125	0.21875
	hospit	Hospitality 	0.1875	0.375	0.46875	0.84375	0.34375	0.21875
	film	Film	0.59375	0.34375	0.875	0.40625	0.78125	0.03125
	system analysi	systems analysis	0.5	0.71875	0.53125	0.46875	0.34375	0.34375
	inform technolog	IT	0.4375	0.25	0.4375	0.65625	0.625	0.6875
	weld	welding	0.59375	0.46875	0.625	0.4375	0.4375	0.03125
	non	non	0.59375	0.59375	0.625	0.65625	0.5625	0.46875
	councillor	councillor	0.15625	0.28125	0.6875	0.71875	0.1875	0.28125
	leadership	leadership	0.21875	0.375	0.21875	0.125	0.25	0.03125
	medic	medical	0.21875	0.40625	0.75	0.96875	0.375	0.21875
	biomed	biomedical	0.28125	0.4375	0.3125	0.65625	0.5	0.28125
	med	PRE-MED	0.09375	0.6875	0.28125	0.21875	0.3125	0.21875
	forens	forensic 	0.28125	0.5	0.5	1.0	0.875	0.65625
	anim	animation	0.03125	0.09375	0.40625	0.4375	0.0	0.0
	languag	languages	0.34375	0.9375	0.375	0.53125	0.1875	0.65625
	act	Acting	0.1875	0.53125	0.84375	0.0625	0.09375	0.0
	creativ writi	Creative writiing	0.0625	0.59375	0.78125	0.71875	0.0625	0.0
	kinesiolog	kinesiology	0.15625	0.8125	0.8125	1.0	0.53125	0.21875
	epistemolog	epistemology	0.25	0.84375	0.65625	0.59375	0.1875	0.1875
	electr	electrical	0.6875	0.71875	0.0	0.15625	0.53125	0.78125
	theater	Theater	0.03125	0.6875	0.625	0.46875	0.1875	0.40625
	design	Design	0.53125	0.84375	0.96875	0.90625	0.84375	0.09375
	medic	Medical	0.0625	0.375	0.53125	0.25	0.21875	0.0625
	pharmaci	Pharmacy	0.34375	0.53125	0.34375	0.34375	0.5	0.6875
	polit	Politics 	0.4375	1.0	0.25	0.28125	0.09375	0.3125
	aviat technolog	aviation technology	0.8125	0.40625	0.25	0.34375	0.125	0.40625
	medic assist	Medical assisting	0.125	0.875	0.375	0.9375	0.53125	0.4375
	divin	Divinity	0.1875	0.78125	0.5625	0.375	0.28125	0.5
	textil	Textiles	0.625	0.71875	0.46875	0.625	0.40625	0.53125
	classic	Classics	0.1875	0.78125	0.65625	0.125	0.34375	0.375
	technic engen	Technical engeneering 	0.75	0.71875	0.65625	0.53125	0.5625	0.5625
	culinari	Culinary	0.15625	0.84375	0.1875	0.75	0.5625	0.21875
	american sign languag	American Sign Language	0.0625	0.46875	0.75	0.40625	0.375	0.0625
	dental	pre dental	0.1875	0.6875	0.3125	0.59375	0.4375	0.53125
	theater	THEATER	0.25	0.53125	0.3125	0.71875	0.3125	0.625
	medic	Medical	0.53125	0.71875	0.09375	0.40625	0.3125	0.75
	comput	computing	0.28125	0.4375	0.09375	0.0625	0.03125	0.3125
	inform technolog	Information technology 	0.5	0.84375	0.5	0.78125	0.5625	0.75
	fashion	fashion	0.34375	0.5	0.53125	0.65625	0.53125	0.40625
	medic	medical	0.125	0.875	0.53125	0.75	0.1875	0.125
	record industri	Recording Industry	0.34375	0.5625	0.71875	0.5625	0.28125	0.3125
	islam	islamic studies	0.25	0.5625	0.125	0.5625	0.3125	0.25
	medic	medic	0.5	0.75	0.3125	0.4375	0.4375	0.59375
	pyscholoy	pyscholoy	0.6875	0.375	0.71875	0.53125	0.34375	0.0625
	pilot	pilot	0.625	0.53125	0.6875	0.625	0.5625	0.59375
	various	various	0.40625	0.78125	0.75	0.34375	0.34375	0.40625
	pharmaceut	Pharmaceutical 	0.1875	0.96875	0.8125	0.84375	0.28125	0.375
	inform techc	info techc	0.34375	0.34375	0.5625	0.46875	0.53125	0.40625
	pharmaci	Pharmacy 	0.28125	0.65625	0.21875	0.375	0.125	0.125
	commut network web design	Commuter Networking and Web Design	0.40625	0.46875	0.40625	0.28125	0.25	0.4375
	pych	pych	0.0625	0.84375	0.375	0.4375	0.4375	0.28125
	rehabilit servic	Rehabilitation Services	0.15625	0.15625	0.65625	1.0	0.8125	0.59375
	medic	medical	0.09375	0.5625	0.09375	0.28125	0.0625	0.0625
	diesel mechan	diesel mechanic	0.75	0.625	0.28125	0.09375	0.0625	0.34375
	medic	Medical	0.375	0.53125	0.21875	0.6875	0.4375	0.59375
	biomimet	Biomimetics	0.59375	0.84375	0.78125	0.40625	0.34375	0.5
	medic	medic	0.28125	0.84375	0.71875	0.59375	0.4375	0.3125
	program	Programming	0.25	0.15625	0.28125	0.5625	0.46875	0.65625
	tourism teacher	tourism, teacher, 	0.75	0.8125	0.9375	0.9375	0.8125	0.75
	pharmacist	pharmacist	0.25	1.0	0.34375	0.59375	0.40625	0.59375
	translat	Translation	0.03125	0.59375	0.875	0.8125	0.5	0.21875
	bussiess adminstr	bussiess adminstration	0.5	0.5	0.5	0.5	0.5	0.5
	engen	engeneering	0.0625	0.125	0.0	0.0	0.0	0.03125
	pharmaci	pharmacy	0.21875	0.78125	0.75	0.90625	0.46875	0.34375
	teach	teaching	0.4375	0.28125	0.4375	0.875	0.5	0.53125
	leadership	Leadership	0.28125	0.5625	0.4375	0.84375	0.5	0.84375
	sucess	sucess	0.28125	0.75	0.21875	0.375	0.15625	0.34375
	dentistri	Dentistry	0.3125	0.8125	0.46875	0.5625	0.40625	0.375
	anim	animation	0.5625	0.6875	0.8125	0.59375	0.46875	0.5625
	multimedia	multimedia	0.53125	0.25	0.75	0.875	0.5	0.375
	muzic	Muzic	0.625	0.1875	0.90625	0.59375	0.53125	0.3125
	real estat	Real Estate	0.3125	0.75	0.5625	0.78125	0.4375	0.25
	program	programing	0.4375	0.21875	0.46875	0.71875	0.4375	0.5
	mechan e	Mechanical E.	0.59375	0.59375	0.71875	0.40625	0.5625	0.4375
	liber	Liberal Studies	0.53125	0.625	0.59375	0.6875	0.125	0.0625
	drama	Drama	0.0	0.65625	0.78125	0.8125	0.0625	0.0625
	mechan	mechanical	0.5625	0.8125	0.59375	0.71875	0.6875	0.8125
	drama	Drama	0.125	0.34375	0.65625	0.4375	0.15625	0.09375
	stori	Story	0.21875	0.625	0.6875	0.75	0.375	0.53125
	rehabilit servi	Rehabilitation Servies	0.0625	0.4375	0.0625	0.875	0.0625	0.375
	mental	mental 	0.0	0.3125	0.15625	0.9375	0.5625	0.09375
	cloth technolog incomplet	Clothing Technology-incomplete	0.09375	0.625	0.875	0.59375	0.46875	0.0625
	inform technolog	Information technology 	0.5625	0.5625	0.65625	0.40625	0.46875	0.40625
	hospit	Hospitality	0.4375	0.46875	0.84375	0.28125	0.625	0.4375
	child develop	Child Development	0.125	0.21875	0.46875	0.75	0.21875	0.40625
	film televis	Film/Television	0.4375	0.53125	0.78125	0.875	0.3125	0.25
	creativ write	Creative Writing	0.21875	0.78125	0.65625	0.84375	0.21875	0.40625
	offic autom	office automation	0.0625	0.15625	0.5625	0.53125	0.15625	0.09375
	adminst justic	adminstation of justice	0.28125	0.34375	0.375	0.6875	0.5625	0.46875
	neurolog	neurology 	0.5	0.875	0.75	0.65625	0.59375	0.3125
	hospit film produc	hospitality and film producer	0.5	0.40625	0.9375	0.90625	0.625	0.46875
	inform technolog	Information Technology	0.21875	0.09375	0.25	0.34375	0.28125	0.84375
	childhood	childhood studies 	0.0	0.0625	0.5	0.59375	0.53125	0.15625
	special need inclus	Special Needs and Inclusion 	0.125	0.3125	0.15625	0.875	0.4375	0.03125
	pharmaci	Pharmacy	0.25	0.78125	0.53125	0.40625	0.59375	0.34375
	doctor	doctor	0.375	0.8125	0.75	0.84375	0.59375	0.4375
	bahasa inngeri	bahasa inngeris	0.125	0.25	0.875	0.8125	0.5625	0.625
	interior design	Interior Design	0.15625	0.0625	0.84375	0.5	0.375	0.0
	cybersecur	Cybersecurity	0.21875	0.75	0.3125	0.625	0.0	0.4375
	musiv	Musiv	0.5	0.46875	0.8125	0.5625	0.4375	0.84375
	biochemist	biochemist	0.25	0.875	0.75	0.65625	0.3125	0.1875
	radiographi	radiography	0.4375	0.75	0.1875	0.65625	0.46875	0.5625
	buis	buisness	0.71875	0.3125	0.3125	0.8125	0.34375	0.71875
	dressmak	Dressmaking	0.34375	0.59375	0.75	0.53125	0.46875	0.375
	unsur	unsure	0.0	0.375	0.65625	0.125	0.0	0.0
	med	pre-med	0.53125	0.8125	0.46875	0.65625	0.375	0.375
	medic	Medical	0.46875	0.84375	0.03125	0.3125	0.15625	0.46875
	pharmaci	Pharmacy	0.40625	0.71875	0.09375	0.25	0.1875	0.625
	cybersecur	Cybersecurity	0.5625	0.625	0.65625	0.25	0.21875	0.875
	softwar enfin	software enfineering	0.625	0.84375	0.5	0.6875	0.46875	0.4375
	filipino	filipino	0.28125	0.4375	0.9375	0.8125	0.71875	0.5625
	network technolog	network technology	0.5625	0.375	0.40625	0.21875	0.21875	0.1875
	speech patholog	Speech Pathology	0.03125	0.71875	0.0	0.65625	0.09375	0.15625
	tulsa weld school	Tulsa Welding School	0.5	0.46875	0.46875	0.5	0.5	0.5
	physiotherapi	Physiotherapy	0.5	0.53125	0.65625	0.5625	0.3125	0.1875
	liber	Liberal studies	0.84375	1.0	0.71875	0.9375	0.6875	0.5
	child develop	child and development	0.1875	0.4375	0.15625	0.5625	0.5	0.5
	forens patholog	Forensic Pathology	0.0625	0.90625	0.8125	0.25	0.28125	0.0625
	bussines adminstr	Bussinese adminstration	0.375	0.8125	0.6875	0.625	0.75	0.46875
	hospit	hospitality	0.3125	0.375	0.53125	0.59375	0.6875	0.3125
	inform technolog	Information Technology	0.0625	0.34375	0.375	0.375	0.15625	0.15625
	tourism	tourism	0.46875	0.5625	0.6875	0.34375	0.4375	0.34375
	asl	ASL	0.0	0.0625	0.375	0.6875	0.4375	0.21875
	filipino	Filipino	0.1875	0.40625	0.28125	0.65625	0.78125	0.34375
	arab	arabic	0.1875	0.125	0.6875	1.0	0.4375	0.5
	blis	BLIS	0.375	0.65625	0.59375	0.65625	0.15625	0.65625
	languag	Language	0.125	0.21875	0.71875	0.875	0.03125	0.0
	medic	Medic	0.1875	0.6875	0.5	0.5	0.09375	0.28125
	pharmaci	Pharmacy	0.34375	0.5	0.34375	0.65625	0.40625	0.40625
	medic	medical	0.1875	0.90625	0.53125	0.5	0.21875	0.1875
	media	Media	0.28125	0.46875	0.84375	0.46875	0.3125	0.0625
	teacher	teacher	0.4375	0.59375	0.625	0.78125	0.65625	0.46875
	fisioteraphi	Fisioteraphy	0.0625	0.8125	0.84375	0.6875	0.59375	0.3125
	biomed	Biomedical 	0.0625	0.5	0.21875	0.46875	0.1875	0.21875
	pharmaci	pharmacy	0.71875	0.625	0.625	0.625	0.5	0.5625
	cosmetolog	Cosmetology 	0.0	0.625	0.90625	0.6875	0.125	0.0625
	med	pre med	0.09375	0.53125	0.0625	0.1875	0.03125	0.0
	anim	Animation	0.1875	0.0625	0.46875	0.59375	0.3125	0.5
	pharmaci	pharmacy 	0.5	0.5	0.0625	0.125	0.3125	0.75
	esthetician	Esthetician	0.3125	0.71875	0.75	0.59375	0.4375	0.28125
	filipino	FILIPINO	0.25	0.5	0.625	0.71875	0.59375	0.375
	network	networking	0.21875	0.84375	0.3125	0.28125	0.03125	0.375
	hospit	Hospitality	0.15625	0.03125	0.34375	0.3125	0.53125	0.8125
	medic	medical	0.375	0.6875	0.3125	0.65625	0.28125	0.3125
	inform technolog	information technology	0.3125	0.75	0.6875	0.71875	0.625	0.4375
	environment	Environmental Studies	0.09375	0.875	0.5	0.8125	0.53125	0.59375
	environment	Environmental Studies	0.09375	0.84375	0.375	0.84375	0.53125	0.53125
	filipino	Filipino	0.6875	1.0	0.875	1.0	0.84375	0.78125
	clinic	clinical	0.1875	0.28125	0.375	0.5	0.25	0.21875
	profession	professional bachelor	0.375	0.84375	0.5625	0.71875	0.28125	0.3125
	attend hypokhâgn specif	(I attend a hypokhâgne which is a specific 	0.0	0.5	0.5625	0.5625	0.1875	0.25
	american	American Studies	0.34375	0.21875	0.78125	0.75	0.96875	0.90625
	drama	Drama	0.09375	0.25	0.53125	0.40625	0.5	0.0625
	kinesiolog	kinesiology	0.09375	0.4375	0.5625	0.84375	0.5625	0.0
	creativ write	Creative writing 	0.59375	0.96875	0.8125	0.5625	0.21875	0.4375
	theatr	Theatre	0.40625	0.5625	0.8125	0.46875	0.5	0.25
	visual design	visual design	0.28125	0.09375	0.25	0.5	0.5	0.375
	danc	Dance	0.0625	0.71875	0.9375	0.6875	0.25	0.0625
	attend	Not attended	0.15625	0.40625	0.90625	0.5	0.28125	0.625
	social	Social 	0.09375	0.28125	0.5	0.4375	0.5	0.1875
	illustr	Illustration	0.59375	0.46875	0.59375	0.53125	0.375	0.28125
	liber	Liberal studies 	0.03125	0.3125	0.5	0.71875	0.375	0.09375
	interior design	Interior design	0.0625	0.21875	0.40625	0.21875	0.25	0.03125
	hit	HIT	0.0	0.625	0.625	0.59375	0.21875	0.5
	interior design	Interior design 	0.21875	0.0	0.3125	0.3125	0.40625	0.0
	child develop	Child Development	0.1875	0.59375	0.625	0.75	0.5625	0.25
	inform technolog	IT	0.125	0.6875	0.625	0.78125	0.65625	0.0
	im	Im not sure yet	0.40625	0.5	0.71875	0.71875	0.53125	0.40625
	finnish	Finnish	0.03125	0.03125	0.5625	0.5625	0.5625	0.03125
	modern languag	Modern Applied Languages	0.1875	0.03125	0.34375	0.59375	0.65625	0.84375
	hospit	Hospitality	0.125	0.3125	0.5	0.71875	0.75	0.59375
	foundat	foundation	0.21875	0.90625	0.28125	0.875	0.25	0.59375
	urban plan	Urban planning 	0.28125	0.75	0.625	0.34375	0.1875	0.0625
	bibl	Bible	0.0	0.25	0.375	0.6875	0.28125	0.03125
	hospit	Hospitality	0.25	0.59375	0.5	0.65625	0.5	0.375
	geophys	Geophysics	0.6875	0.875	0.375	0.59375	0.4375	0.25
	media	Media	0.0	0.1875	0.5	0.40625	0.125	0.0
	visual inform design	Visual Information Design	0.28125	0.4375	0.53125	0.71875	0.59375	0.125
	publish	Publishing 	0.4375	0.4375	0.375	0.625	0.65625	0.65625
	rehabilit servic	Rehabilitation Services	0.0	0.0625	0.0	0.84375	0.15625	0.5
	commuci	commuciations	0.0	0.375	0.46875	0.75	0.21875	0.09375
	product design	product design	0.15625	0.65625	0.9375	0.75	0.59375	0.03125
	weld	welding	0.90625	0.21875	0.03125	0.53125	0.59375	0.6875
	surgeri	Surgery	0.5	0.53125	0.625	0.5625	0.34375	0.84375
	kinesiolog	Kinesiology	0.0	0.21875	0.0	0.25	0.0	0.21875
	colleg student affair	College Student Affairs	0.0	0.21875	0.15625	0.6875	0.5	0.3125
	dietet	Dietetic	0.4375	0.625	0.65625	0.78125	0.4375	0.46875
	famili life	Family Life	0.125	0.0625	0.375	0.65625	0.65625	0.96875
	dietet	Dietetics	0.0	0.6875	0.40625	0.5625	0.0	0.0
	zootecnia	Zootecnia	0.25	0.78125	0.21875	0.28125	0.3125	0.28125
	industri design	industrial design	0.40625	0.8125	0.8125	0.5625	0.46875	0.625
	famili servic	Family Services	0.03125	0.28125	0.0625	0.78125	0.1875	0.09375
	ux	Ux	0.5625	0.6875	0.34375	0.625	0.4375	0.15625
	occup therapi	Occupational Therapy	0.125	0.1875	0.65625	0.75	0.34375	0.375
	autobodi	Autobody	0.53125	0.3125	0.21875	0.96875	0.0625	0.0
	women gender	Women & Gender Studies	0.15625	0.15625	0.125	0.5625	0.65625	0.5625
	bece	BECE	0.3125	0.78125	0.78125	0.875	0.53125	0.28125
	design	design	0.1875	0.4375	0.90625	0.46875	0.4375	0.1875
	theatrolog	Theatrology	0.25	0.625	0.8125	0.53125	0.15625	0.0625
	filipino	FILIPINO	0.4375	0.75	0.6875	0.8125	0.4375	0.4375
	interior design	Interior design	0.28125	0.3125	0.40625	0.21875	0.34375	0.03125
	bece	BECE	0.125	0.5	0.6875	0.8125	0.3125	0.0
	teach	Teaching	0.21875	0.375	0.65625	0.5625	0.46875	0.1875
	web technolog	Web Technology	0.125	0.5625	0.3125	0.5625	0.15625	0.46875
	theori	THEORY	0.21875	1.0	0.5625	1.0	0.25	0.375
	medic	Medic	0.21875	0.34375	0.5	0.5	0.53125	0.4375
	creativ multimedia	Creative multimedia	0.15625	0.28125	0.46875	0.53125	0.375	0.3125
	guidanc councel	guidance counceling	0.25	0.75	0.71875	0.75	0.3125	0.40625
	theatr	Theatre	0.71875	0.15625	0.84375	0.5	0.21875	0.15625
	veterinarian	veterinarian	0.03125	0.59375	0.125	0.34375	0.0	0.09375
	investig forens	Investigative Forensics	0.34375	0.78125	0.71875	0.84375	0.34375	0.28125
	cinema	cinema	0.03125	0.125	0.3125	0.40625	0.625	0.25
	occup therapi	Occupational Therapy	0.21875	0.6875	0.53125	0.65625	0.375	0.25
	undecid	Undecided	0.21875	0.5625	0.625	0.625	0.1875	0.375
	teach	teACHING	0.0	0.125	0.125	0.59375	0.125	0.0
	pharmaci	Pharmacy	0.375	0.53125	0.53125	0.3125	0.4375	0.46875
	undecid	undecided	0.0625	0.21875	0.125	0.5	0.25	0.0
	languag	languages	0.65625	0.75	0.90625	0.71875	0.375	0.375
	pastor ministri	Pastoral Ministry	0.25	0.34375	0.6875	0.71875	0.375	0.4375
	inform technolog	information technology	0.40625	0.59375	0.4375	0.40625	0.3125	0.53125
	medic	Medical	0.25	0.875	0.3125	0.5625	0.40625	0.1875
	psychiatrist	psychiatrist	0.21875	0.5625	0.59375	0.5	0.5	0.28125
	medic offic	Medical Office	0.0	0.3125	0.75	0.625	0.375	0.125
	inform technolog	Information Technology	0.21875	0.4375	0.59375	0.78125	0.28125	0.3125
	safeti secur	Safety and Security	0.0625	0.78125	0.84375	1.0	0.78125	0.78125
	film video product	Film/video production	0.625	0.65625	0.90625	0.40625	0.3125	0.3125
	child develop	child development	0.21875	0.40625	0.3125	0.71875	0.21875	0.0625
	marin transprot	marine transprotation	0.78125	0.75	0.46875	0.9375	0.5625	0.78125
	interior design	Interior Design	0.28125	0.375	0.6875	0.5625	0.4375	0.125
	speech lang patholog	Speech Lang Pathology	0.0	0.34375	0.25	0.3125	0.0625	0.15625
	comput	COMPUTER	0.4375	0.375	0.15625	0.5625	0.4375	0.90625
	danc	dance	0.375	0.71875	0.6875	0.90625	0.65625	0.40625
	modern european languag	Modern European Languages	0.3125	0.65625	0.65625	0.21875	0.34375	0.28125
	pharmaci	Pharmacy	0.0	0.4375	0.21875	0.40625	0.46875	0.46875
	medic	medical	0.46875	0.53125	0.25	0.46875	0.28125	0.5
	cybersecur	Cybersecurity	0.9375	1.0	0.8125	1.0	1.0	0.875
	web design	web design	0.1875	0.71875	0.75	0.53125	0.15625	0.0
	interior design	interior design	0.15625	0.28125	0.78125	0.25	0.375	0.15625
	teach	Teaching	0.34375	0.40625	0.84375	0.90625	0.625	0.3125
	interior design	interior design	0.0	0.0	0.28125	0.53125	0.125	0.0625
	veterinari	VETERINARY	0.46875	0.8125	0.5625	0.3125	0.28125	0.3125
	inform secur	Info Security	0.1875	0.25	0.78125	0.9375	0.75	0.9375
	christian ministri	Christian Ministry	0.40625	0.53125	0.625	0.8125	0.375	0.25
	tourism hospit	Tourism & Hospitality	0.21875	0.40625	0.0	0.09375	0.28125	0.6875
	undecid	undecided	0.1875	0.125	0.1875	0.84375	0.53125	0.0
	polit	politics	0.3125	0.78125	0.6875	0.78125	0.40625	0.1875
	electron media	electronic media	0.0	0.125	0.71875	0.75	0.5625	0.09375
	film	Film studies	0.375	0.75	0.75	0.6875	0.53125	0.1875
	tesl	tesl	0.34375	0.25	0.40625	0.71875	0.59375	0.59375
	medic	medical	0.0	0.75	0.0	0.0	0.0	0.0
	inform technolog	Information Technology	0.375	0.59375	0.375	0.59375	0.3125	0.5625
	tieng anh	tieng anh	0.21875	0.8125	0.3125	0.75	0.4375	0.5625
	culinari	culinary	0.1875	0.125	0.09375	0.5	0.375	0.375
	phycologist	phycologist 	0.4375	0.15625	0.46875	0.59375	0.5625	0.46875
	food technolog	Food Technology	0.28125	0.53125	0.71875	0.84375	0.5	0.1875
	paraleg	Paralegal	0.5	0.28125	0.0625	0.53125	0.53125	0.5
	public servic	public services	0.0625	0.09375	0.5	0.78125	0.75	0.09375
	media	Media	0.40625	0.65625	0.90625	0.375	0.375	0.15625
	radiolog	Radiology	0.09375	0.625	1.0	1.0	0.125	0.0
	pharmaci	Pharmacy	0.53125	0.71875	0.3125	0.875	0.6875	0.8125
	unsur	unsure	0.0625	0.90625	0.0	0.9375	0.84375	0.625
	guidanc councel	GUIDANCE AND COUNCELING	0.4375	0.625	0.8125	0.90625	0.5625	0.5625
	translat	Translation	0.1875	0.25	0.53125	0.5	0.5625	0.40625
	metallurgi	metallurgy	0.0625	0.40625	0.21875	0.375	0.15625	0.125
	fashion design	Fashion design	0.4375	0.5625	0.71875	0.28125	0.5	0.75
	mis	MIS	0.46875	0.5	0.65625	0.46875	0.59375	0.75
	comput	computer	1.0	0.59375	0.6875	0.90625	1.0	0.5625
	comput technolog	computer technology	0.5	0.5	0.78125	0.90625	0.6875	0.65625
	epidemiolog	Epidemiology	0.625	0.875	0.3125	0.71875	0.21875	0.375
	languag	language	0.4375	0.4375	0.5625	0.6875	0.625	0.46875
	automot	Automotive	0.40625	0.625	0.875	0.53125	0.4375	0.34375
	biblic	Biblical Studies	0.46875	0.5	0.71875	0.84375	0.625	0.3125
	ota	Pre-OTA	0.25	0.375	0.0	0.875	0.4375	0.1875
	design	Design	0.34375	0.5625	0.28125	0.5	0.3125	0.28125
	ïñèõîëîãèÿ	ïñèõîëîãèÿ	0.09375	0.875	0.5625	0.8125	0.1875	0.1875
	mis	MIS	0.28125	0.59375	0.625	0.71875	0.5625	0.5625
	design	design	0.5625	0.5625	0.625	0.40625	0.34375	0.3125
	food technolog	Food Technology	0.5625	0.8125	0.8125	0.59375	0.625	0.53125
	inform technolog	IT	0.53125	0.53125	0.1875	0.4375	0.46875	0.75
	csim	CSIM	0.625	0.5	0.625	0.625	0.875	0.75
	medic	medical	0.34375	0.8125	0.34375	0.4375	0.09375	0.34375
	entrepreneur	entrepreneur	0.3125	0.6875	0.21875	0.71875	0.1875	0.125
	social	Social	0.09375	0.46875	0.53125	0.6875	0.59375	0.0
	child famili develop	Child and Family Development 	0.0625	0.34375	0.75	0.84375	0.375	0.125
	medic	Medical	0.46875	0.8125	0.84375	0.65625	0.1875	0.0
	design	design	0.0625	0.0625	0.09375	0.09375	0.21875	0.03125
	rehabilit	Rehabilitation	0.0	0.40625	0.34375	0.90625	0.1875	0.21875
	polit	politics	0.03125	0.3125	0.59375	0.46875	0.3125	0.0
	organiz leadership	Organizational Leadership	0.21875	1.0	0.8125	0.5625	0.1875	0.21875
	undeclar	undeclared	0.1875	0.625	0.5	0.90625	0.9375	0.4375
	mine engieer	MINING ENGIEERING	0.0	0.03125	0.59375	0.59375	0.375	0.0
	empresa	Empresas	0.75	0.53125	0.5	0.78125	0.8125	0.96875
	liber	liberal studies	0.3125	0.3125	0.125	0.90625	0.03125	0.875
	theatr	Theatre	0.0	0.21875	1.0	0.90625	0.71875	0.1875
	event plan	Event planning	0.15625	0.34375	0.625	0.6875	0.71875	0.25
	interior design	interior design	0.4375	0.28125	0.28125	0.53125	0.78125	0.5
	maneg	maneger	0.625	0.78125	0.75	0.875	0.8125	0.84375
	electron	Electronic	0.5	0.5	0.46875	0.53125	0.53125	0.53125
	biblic knowledg	Biblical Knowledge	0.0	0.125	0.5	0.5	0.03125	0.1875
	interdiscplinari	interdiscplinary	0.15625	0.125	0.46875	0.65625	0.53125	0.53125
	sustain	Sustainability 	0.40625	0.78125	0.46875	0.78125	0.78125	0.84375
	nepali	nepali	0.5	0.28125	0.625	0.53125	0.625	0.53125
	rehabilit servic	Rehabilitative Services	0.15625	0.25	0.25	0.84375	0.5	0.1875
	costum design	Costume Design	0.1875	0.3125	0.5625	0.125	0.3125	0.25
	inform technolog	IT	0.90625	0.75	0.46875	0.5	0.84375	0.71875
	rehabilit	Rehabilitation	0.0625	0.21875	0.25	0.46875	0.3125	0.3125
	mis	MIS	0.40625	0.625	0.5	0.40625	0.28125	0.46875
	inform	Information Studies	0.03125	0.5625	0.5	0.5625	0.1875	0.34375
	philolog	philology	0.125	0.125	0.375	0.375	0.625	0.125
	design	Design	0.1875	0.71875	0.71875	0.65625	0.40625	0.3125
	inform technolog	IT	0.59375	1.0	0.5	0.3125	0.0	0.0625
	uav	uav	0.46875	0.6875	0.875	0.65625	0.4375	0.28125
	bussneiss	bussneiss	0.5625	0.25	0.375	0.34375	0.8125	0.5625
	build technolog	Building Technology	0.4375	0.75	0.5	0.75	0.6875	0.125
	biomed	Biomedical 	0.25	0.65625	0.4375	0.71875	0.21875	0.03125
	undecid	undecided	0.0	0.6875	0.6875	0.8125	0.3125	0.15625
	creativ write	Creative Writing	0.0625	0.375	0.5625	0.65625	0.34375	0.0625
	interior design	Interior Design	0.1875	0.09375	0.6875	0.34375	0.375	0.0
	¥øºþ	¥øºÞ	0.28125	0.21875	0.21875	0.5	0.84375	0.96875
	hospit	Hospitality	0.0625	0.375	0.71875	0.78125	0.375	0.0625
	sustain communiti develop	Sustainable Community Development	0.40625	0.4375	0.53125	0.75	0.4375	0.09375
	occupatin therapi	occupatinal therapy	0.40625	0.3125	0.59375	0.9375	0.34375	0.25
	occup therapi	Occupational Therapy	0.0625	0.75	0.15625	0.6875	0.34375	0.125
	radiolog	radiology	0.15625	0.5	0.25	0.875	0.4375	0.5
	theatr	Theatre	0.03125	0.21875	0.75	0.75	0.59375	0.03125
	fashion design	Fashion design	0.40625	0.28125	0.6875	0.25	0.65625	0.1875
	medic	medic	0.34375	0.90625	0.78125	0.8125	0.65625	0.375
	undecid	Undecided	0.4375	0.625	0.84375	0.53125	0.59375	0.09375
	psycholigi	psycholigy	0.59375	0.21875	0.53125	0.71875	0.5625	0.28125
	å @ ²z¾ç	Å@²z¾Ç	0.125	0.53125	0.5625	0.625	0.28125	0.09375
	bank	Banking	0.21875	0.28125	0.0625	0.5625	0.59375	0.40625
	veterinari	Veterinary 	0.75	1.0	0.875	1.0	0.4375	0.1875
	design	Design	0.0	0.25	0.0625	0.09375	0.1875	0.0625
	youth work	Youth Work	0.15625	0.5	0.53125	0.96875	0.4375	0.125
	youth worker	youth worker 	0.65625	0.21875	0.4375	0.84375	0.65625	0.4375
	theatr	Theatre	0.21875	0.40625	0.5	0.46875	0.4375	0.25
	parasitolog	Parasitology	0.4375	0.8125	0.65625	0.375	0.15625	0.125
	automot servic technolog	automotive service technology	0.75	0.90625	0.65625	0.59375	0.5625	0.5625
	veterinari	Veterinary	0.4375	0.53125	0.34375	0.59375	0.5625	0.71875
	skill	skill	0.0	0.0625	0.0625	0.3125	0.25	0.1875
	design	design	0.3125	0.375	0.75	0.4375	0.4375	0.34375
	media	Media	0.21875	0.46875	0.78125	0.5	0.25	0.0
	athlet train	Athletic Training	0.03125	0.84375	0.28125	0.40625	0.46875	0.25
	cepe	CEPE	0.53125	0.53125	0.6875	0.9375	0.5625	0.46875
	liber	liberal studies 	0.40625	0.59375	0.625	0.6875	0.6875	0.65625
	design	Design	0.1875	0.875	0.5625	0.375	0.40625	0.15625
	teach	Teaching	0.34375	0.96875	0.6875	0.6875	0.46875	0.34375
	undeclar	Undeclared	0.09375	0.25	0.6875	0.71875	0.5	0.15625
	usuluddin	Usuluddin	0.5	0.84375	0.75	0.4375	0.3125	0.53125
	rehabatilion servic	rehabatilion services	0.0625	0.09375	0.375	0.59375	0.4375	0.3125
	environ	Environment	0.03125	0.21875	0.0625	0.59375	0.5	0.46875
	comput	computer	0.4375	0.28125	0.3125	0.59375	0.65625	0.46875
	tourism	tourism	0.09375	0.0625	0.1875	0.4375	0.4375	0.5
	hotel	hotel	0.3125	0.0	0.0	0.1875	0.25	0.5
	occup theraphi	occupational theraphy	0.1875	0.8125	0.125	0.34375	0.15625	0.4375
	infom tecgnolog	infomation tecgnology	0.46875	0.4375	0.71875	0.6875	0.46875	0.5
	engenir	engeniring	0.625	0.4375	0.53125	0.65625	0.71875	0.90625
	gregorian chant	Gregorian Chant	0.5	0.53125	0.78125	0.625	0.53125	0.46875
	multimedia	multimedia	0.3125	0.625	0.59375	0.5625	0.375	0.4375
	pharmaci	pharmacy 	0.21875	0.59375	0.65625	0.8125	0.46875	0.09375
	media	media	0.34375	0.75	0.5625	0.5	0.3125	0.65625
	algebra	Algebra	0.5	0.5625	0.25	0.65625	0.96875	0.96875
	aviat technolog	Aviation Technology	0.34375	1.0	0.90625	0.90625	0.5625	0.3125
	liber	Liberal studies	0.125	0.5625	0.6875	0.6875	0.34375	0.21875
	anim	Animation	0.28125	0.34375	0.625	0.40625	0.25	0.21875
	veterinari doctor	Veterinary doctor	0.15625	0.46875	0.53125	0.78125	0.78125	0.15625
	speech patholog	Speech Pathology	0.0	0.1875	0.1875	1.0	0.375	0.25
	rehab disabl	Rehab and disability	0.03125	0.78125	0.6875	1.0	0.1875	0.21875
	pharmaci	pharmacy	0.125	0.53125	0.34375	0.28125	0.125	0.21875
	social comun	Social comunications	1.0	1.0	0.5625	0.625	0.5	0.9375
	kinesiolog	Kinesiology	0.25	0.53125	0.625	0.75	0.71875	0.4375
	teach	Teaching	0.0625	0.0625	0.125	0.84375	0.25	0.0625
	comput	computers	0.25	0.375	0.4375	0.125	0.3125	0.6875
	undecid	Undecided 	0.5	0.65625	0.75	0.71875	0.40625	0.28125
	humaiti	humaities	0.1875	0.3125	0.84375	0.59375	0.71875	0.40625
	horticultur	horticulture 	0.46875	0.1875	0.21875	0.21875	0.25	0.875
	medic assist	medical assisting	0.0	0.34375	0.03125	0.8125	0.28125	0.53125
	diesel servic technolog	Diesel Service Technology	0.71875	0.3125	0.28125	0.1875	0.21875	0.625
	veternarian	veternarian	0.40625	0.78125	0.75	0.3125	0.53125	0.53125
	inform technolog	Information Technology	0.25	0.125	0.15625	0.28125	0.28125	0.53125
	languag	Languages	0.0625	0.03125	0.6875	0.65625	0.75	0.40625
	buis	Buisness	0.0	0.0	0.375	0.15625	0.21875	0.0
	famili	family	0.21875	0.78125	0.6875	0.75	0.5	0.1875
	medic assisst	medical assisstance	0.40625	0.46875	0.03125	0.8125	0.5	0.875
	media	Media	0.125	0.5	0.96875	0.34375	0.5625	0.3125
	theatr	theatre	0.25	0.53125	0.8125	0.46875	0.34375	0.3125
	inform technolog	I.T.	0.71875	0.5625	0.5625	0.40625	0.5625	0.875
	medic code	Medical Coding	0.9375	1.0	0.375	0.84375	1.0	1.0
	greek roman	Greek and Roman Studies 	0.125	0.3125	0.34375	0.75	0.15625	0.59375
	forens	forensics	0.125	0.71875	0.75	0.6875	0.5625	0.5625
	media	media studies	0.40625	0.34375	0.1875	0.15625	0.1875	0.4375
	teach	Teaching	0.15625	0.15625	0.15625	0.125	0.0625	0.03125
	midwif	midwife	0.0	0.21875	0.4375	0.46875	0.25	0.1875
	phamacist	phamacist	0.28125	0.53125	0.875	0.625	0.59375	0.3125
	hospit	hospitality	0.03125	0.03125	0.21875	0.53125	0.46875	0.1875
	interior design	interior designer	0.1875	0.0	0.3125	0.25	0.46875	0.21875
	romanc languag	Romance Languages	0.21875	0.65625	0.75	0.5625	0.5	0.21875
	pharmaci	pharmacy	0.1875	0.5625	0.4375	0.84375	0.34375	0.25
	robot	robotics	0.21875	0.9375	0.71875	0.28125	0.34375	0.0
	occup therapi	pre occupational therapy	0.0625	0.25	0.125	0.71875	0.5	0.0
	genral	genral studies	0.1875	0.625	0.4375	1.0	0.71875	0.375
	dietet	Dietetics	0.4375	0.71875	0.4375	0.71875	0.375	0.125
	psycholpgi	psycholpgy	0.375	1.0	0.84375	1.0	0.5	0.875
	polici	Policy	0.40625	0.6875	0.40625	0.59375	0.25	0.0625
	âå¾çàëåç	Âå¾ÇÀËÅç	0.5625	0.59375	0.53125	0.84375	0.65625	0.84375
	kinesiolog	kinesiology	0.40625	0.59375	0.5625	0.875	0.65625	0.03125
	technic theater	technical theater	0.3125	0.4375	0.8125	0.8125	0.25	0.0625
	kinesiolog	kinesiology	0.65625	0.625	0.46875	0.90625	0.53125	0.0625
	playwright	Playwrighting	0.0625	0.65625	0.5625	0.84375	0.46875	0.28125
	toursim	toursim	0.3125	0.625	0.75	0.46875	0.75	0.28125
	teach	teaching	0.15625	0.125	0.1875	0.75	0.3125	0.46875
	undecid	Undecided	0.0625	0.59375	0.84375	0.875	0.46875	0.0625
	unsur	unsure	0.0625	0.875	0.46875	0.5625	0.40625	0.34375
	toxicolog	Toxicology	0.3125	0.9375	0.0625	0.5625	0.1875	0.75
	geophys	Geophysics	0.21875	0.96875	0.4375	0.09375	0.03125	0.15625
	pedagog	Pedagogics	0.15625	0.65625	0.75	0.59375	0.125	0.09375
	pharmaci	pharmacy	0.28125	0.71875	0.3125	0.8125	0.15625	0.3125
	medic doctor	Medical doctor	0.4375	0.71875	0.625	0.71875	0.375	0.1875
	nutrit	Nutrition	0.0625	0.4375	0.15625	0.46875	0.21875	0.90625
	doctor	Doctor	0.5625	0.71875	0.53125	0.78125	0.4375	0.5
	environment	environmental studies	0.0625	0.71875	0.40625	0.59375	0.28125	0.21875
	safeti	Safety 	0.28125	0.3125	0.40625	0.625	0.53125	0.5
	athlet train	Athletic Training	0.0	0.3125	0.0625	0.1875	0.0625	0.0
	pharmaci	pharmacy	0.3125	0.84375	0.6875	0.21875	0.125	0.09375
	peac	Peace	0.34375	0.59375	0.46875	0.625	0.34375	0.4375
	geophys	Geophysics	0.5625	0.875	0.15625	0.4375	0.3125	0.1875
	skill	Skill	0.4375	0.375	0.4375	0.375	0.4375	0.28125
	american	American Studies	0.125	0.90625	0.21875	0.375	0.21875	0.5
	culinari	Culinary	0.03125	0.0625	0.65625	0.84375	0.34375	0.09375
	inform technolog	IT	0.4375	0.65625	0.71875	0.6875	0.53125	0.3125
	media product	Media production	0.0	0.21875	0.3125	0.28125	0.25	0.59375
	interior design	interior design	0.03125	0.03125	0.5	0.625	0.34375	0.15625
	leadership	LEADERSHIP	0.40625	0.46875	0.5	0.5625	0.21875	0.3125
	bussin	Bussines	0.875	0.46875	0.6875	0.78125	0.96875	0.53125
	culinari	CULINARY	0.0	0.09375	0.71875	0.28125	0.03125	0.125
	design	Interdisciplinary Design	0.4375	0.5625	0.6875	0.625	0.59375	0.5
	social	Social Studies	0.28125	0.34375	0.8125	0.8125	0.40625	0.3125
	languag	Languages	0.375	0.5	0.4375	0.3125	0.0625	0.0
	technic leadership	Technical leadership	0.53125	0.28125	0.03125	0.4375	0.46875	0.40625
	bussi compani	bussiness, company	0.125	0.0	0.03125	0.125	0.9375	0.21875
	pharmaci	pharmacy	0.25	0.75	0.625	0.625	0.3125	0.4375
	child youth worker	Child and Youth Worker	0.21875	0.90625	0.65625	0.875	0.53125	0.375
	foreign trade	Foreign Trade  	0.1875	0.3125	0.625	0.34375	0.4375	0.6875
	geophys	Geophysics	0.46875	0.65625	0.6875	0.625	0.375	0.5625
	leadership	leadership	0.34375	0.5	0.5	0.5	0.15625	0.375
	kinesiolog	Kinesiology	0.5625	0.71875	0.3125	0.6875	0.3125	0.59375
	kinesiolog	Kinesiology	0.4375	0.8125	0.1875	0.65625	0.71875	0.4375
	medic assist	Medical Assistant	0.5	0.40625	0.375	0.375	0.40625	0.53125
	kinesiolog	Kinesiology	0.5	0.65625	0.5	1.0	0.75	0.3125
	kinesiolog	kinesiology	0.34375	0.65625	0.46875	0.71875	0.3125	0.25
	nutrit	Nutrition	0.0	0.84375	0.125	0.71875	0.125	0.4375
	screenwrit	Screenwriting	0.0625	0.34375	0.5625	0.34375	0.1875	0.09375
	kinesiolog	kinesiology	0.34375	0.5625	0.59375	0.5625	0.65625	0.625
	hawaiian languag	Hawaiian Language	0.15625	0.4375	0.0	0.46875	0.0	0.5
	culinari	culinary	0.25	0.71875	0.5	0.34375	0.53125	0.34375
	urban plan	urban planning	0.125	0.6875	0.53125	0.5	0.21875	0.0
	occup therapi	Occupational Therapy 	0.0	0.84375	0.71875	0.8125	0.625	0.0
	nutrit	Nutrition	0.09375	0.25	0.0	0.0	0.09375	0.75
	undecid	Undecided 	0.40625	0.15625	0.375	0.28125	0.3125	0.5
	medic	Medical	0.03125	0.65625	0.0	0.375	0.0	0.0
	teach	teaching	0.28125	0.84375	0.9375	0.8125	0.46875	0.03125
	fashion design	fashion designer 	0.25	0.1875	0.9375	0.8125	0.6875	0.3125
	pharmaci	pharmacy	0.21875	0.78125	0.5625	0.4375	0.65625	0.40625
	islam jurisprud	Islamic Jurisprudence	0.65625	0.59375	0.75	0.84375	0.5	0.53125
	media	media studies	0.09375	0.21875	0.46875	0.28125	0.53125	0.40625
	technic leadership	Applied Technical Leadership	0.09375	0.96875	0.71875	0.4375	0.34375	0.3125
	undeclar	undeclared	0.3125	0.46875	0.65625	0.53125	0.40625	0.5
	kinesiolog	kinesiology	0.21875	0.75	0.6875	0.5625	0.34375	0.15625
	comput	Computer	0.40625	0.53125	0.5625	0.46875	0.5	0.46875
	media	Media	0.0	0.375	0.71875	0.4375	0.5625	0.0
	neuropsycholgi	Neuropsycholgy	0.0625	0.78125	0.15625	0.65625	0.3125	0.1875
	chemic	chemical	0.0625	0.1875	0.375	0.59375	0.25	0.15625
	hospit	Hospitality	0.21875	0.0	0.1875	0.75	0.625	0.6875
	undeclar	Undeclared	0.21875	0.25	0.21875	0.4375	0.5625	0.0
	nutrit	Nutrition	0.03125	0.375	0.34375	0.78125	0.25	0.1875
	foreign servic	Foreign Service	0.28125	0.71875	0.71875	0.5	0.28125	0.34375
	sell man cook	sells-man, cook	0.125	0.15625	0.5625	0.46875	0.46875	0.28125
	dentistri	Dentistry	0.15625	0.8125	0.71875	0.375	0.3125	0.15625
	medic	medic	0.5625	0.875	0.5625	0.6875	0.53125	0.46875
	hospit	Hospitality	0.0	0.03125	0.46875	0.46875	0.15625	0.1875
	comput	computers	0.1875	0.875	0.5	0.3125	0.3125	0.4375
	bsuiness	bsuiness	0.25	0.34375	0.4375	0.3125	0.25	0.15625
	hospit	Hospitality	0.25	0.53125	0.46875	0.5	0.5	0.28125
	nutrit	Nutrition	0.0625	0.53125	0.6875	0.71875	0.46875	0.3125
	undecid	Undecided	0.28125	0.75	0.53125	0.21875	0.15625	0.3125
	undecid	Undecided 	0.4375	0.9375	0.8125	0.78125	0.40625	0.09375
	comput	computers	0.5625	0.40625	0.40625	0.84375	0.375	0.375
	poverti	Poverty Studies	0.0	0.28125	0.21875	0.6875	0.25	0.0
	design technolog	Design & Technology	0.125	0.375	0.1875	0.34375	0.0625	0.0
	electron	electronics	0.46875	0.96875	0.65625	0.8125	0.3125	0.5
	medic	MEDICAL	0.15625	0.9375	0.625	0.875	0.125	0.15625
	perform	performance	0.1875	0.46875	0.875	0.125	0.15625	0.0
	diesel technolog	DIESEL TECH	0.90625	0.59375	0.3125	0.3125	0.53125	0.4375
	kinesiolog	Kinesiology	0.53125	0.71875	0.375	0.5625	0.1875	0.21875
	public realtion	Public Realtions	0.28125	0.1875	0.34375	0.40625	0.625	0.375
	tourism	Tourism	0.78125	0.53125	0.75	0.84375	0.71875	0.78125
	theater	Theater	0.09375	0.84375	0.875	0.6875	0.34375	0.28125
	hospit	Hospitality	0.375	0.59375	0.21875	0.59375	0.5	0.71875
	econim	Econimic	0.4375	0.21875	0.21875	0.65625	0.625	0.75
	hospit	hospitality	0.65625	0.40625	0.78125	0.6875	0.8125	0.71875
	hospit	Hospitality 	0.59375	0.5625	0.84375	0.6875	0.625	0.5625
	nure	NURING	0.0	0.375	0.0625	0.5625	0.1875	0.0
	outdoor leadership	Outdoor Leadership	0.15625	0.34375	0.25	0.84375	0.6875	0.0625
	film make	film making	0.21875	0.46875	0.9375	0.75	0.46875	0.25
	publish	Publishment	0.28125	0.03125	0.84375	0.71875	0.6875	0.5625
	diesel	Diesel	0.75	0.1875	0.09375	0.21875	0.09375	0.34375
	organiz leadership	Organizational Leadership	0.09375	0.15625	0.78125	0.59375	0.25	0.21875
	undecid	Undecided 	0.34375	0.46875	0.59375	0.375	0.5625	0.34375
	illustr	Illustration	0.5625	0.6875	0.65625	0.65625	0.375	0.4375
	comput game design	Computer Game Design	0.1875	0.40625	0.59375	0.03125	0.125	0.4375
	danc	Dance	0.0	0.0	0.625	0.21875	0.21875	0.0
	act	Acting 	0.0	0.28125	0.96875	0.6875	0.15625	0.0
	equestrian	Equestrian studies 	0.75	0.78125	0.34375	0.6875	0.40625	0.28125
	danc	Dance	0.0	0.15625	0.5	0.34375	0.03125	0.09375
	danc	dance	0.0	0.0625	0.40625	0.65625	0.03125	0.0
	nutrit	Nutrition	0.09375	0.53125	0.4375	0.9375	0.4375	0.15625
	betray	betray	1.0	1.0	1.0	1.0	1.0	1.0
	pharmaci	Pharmacy	0.25	0.84375	0.4375	0.75	0.1875	0.3125
	mechan	mechanics	0.5	0.5625	0.5625	0.59375	0.375	0.28125
	interior design	Interior Design	0.0	0.5625	0.65625	0.53125	0.3125	0.0625
	marriag famili	Marriage & Family Studies	0.03125	0.40625	0.84375	0.84375	0.15625	0.0625
	draw printmak	Drawing/Printmaking	0.59375	0.71875	0.5625	0.59375	0.1875	0.34375
	nutrit	nutrition	0.0625	0.1875	0.15625	0.59375	0.15625	0.5
	film	Film	0.40625	0.46875	0.59375	0.53125	0.28125	0.03125
	teach	Teaching 	0.125	0.5	0.6875	0.78125	0.0625	0.0625
	comput applic	computer application	0.21875	0.34375	0.28125	0.84375	0.46875	0.5625
	hotel restaur mgmt	Hotel Restaurant Mgmt	0.28125	0.4375	0.53125	0.5	0.5625	0.40625
	teach	Teaching	0.0625	0.71875	0.78125	0.96875	0.21875	0.03125
	industri electron technician	Industrial electronics technician	0.5	0.21875	0.78125	0.53125	0.28125	0.375
	envi	envi studies	0.09375	0.71875	0.5	0.625	0.125	0.15625
	procom	ProCom	0.71875	0.59375	0.78125	0.65625	0.59375	0.40625
	food product	food production	0.65625	0.34375	0.71875	0.625	0.8125	0.53125
	ict field	ICT Field	0.34375	0.28125	0.4375	0.6875	0.375	0.75
	fashion design	Fashion design	0.1875	0.46875	0.8125	0.9375	0.53125	0.09375
	comput applic	Computer applications	0.9375	0.59375	0.59375	0.84375	0.59375	0.625
	medic code	medical coding	1.0	0.875	0.25	0.75	0.875	1.0
	inform technolog mgmt	Information Technology mgmt	0.375	0.3125	0.65625	0.625	0.65625	0.40625
	radiolog	radiology	0.0625	0.5	0.375	0.75	0.3125	0.59375
	undecid	undecided	0.0	0.0	0.0	0.0625	0.21875	0.0
	teacher	Teacher	0.0625	0.3125	0.5625	0.5625	0.375	0.3125
	leadership	leadership	0.0	0.0	0.09375	0.5625	0.375	0.5
	cyber secur	cyber security	0.03125	0.0	0.21875	0.125	0.0	0.15625
	kinesiolog	kinesiology	0.28125	0.375	0.4375	0.65625	0.5	0.375
	loss prevent	Loss Prevention	0.59375	0.53125	0.5	0.65625	0.71875	0.625
	anim	animation	0.4375	0.625	0.9375	0.5	0.5625	0.25
	forens	forensics	0.5625	1.0	0.53125	0.9375	0.8125	0.78125
	kinesiolog	Kinesiology	0.5	0.71875	0.71875	0.78125	0.75	0.5625
	nutrit	nutrition	0.5625	0.75	0.25	0.3125	0.3125	0.71875
	fyc	FYCS	0.09375	0.65625	0.875	0.6875	0.40625	0.1875
	hospit	Hospitality 	0.5	0.40625	0.34375	0.59375	0.40625	0.25
	ict	ICT	0.34375	0.0625	0.21875	0.6875	0.375	0.90625
	pilot	pilot	0.46875	0.90625	0.78125	0.6875	0.375	0.875
	foreign servic	Foreign Service	0.375	0.375	0.4375	1.0	0.8125	0.75
	undecid	Undecided	0.53125	0.875	0.5	0.75	0.5625	0.5
	voic perform	voice performance	0.40625	0.78125	0.84375	0.625	0.25	0.21875
	letter	Letters	0.1875	0.34375	1.0	0.6875	0.53125	0.375
	attendingnot	attending...not sure	0.21875	0.0625	0.0625	0.21875	0.15625	0.15625
	kinesiolog	kinesiology	0.28125	0.65625	0.65625	0.625	0.59375	0.34375
	electron	electronics	0.59375	0.5625	0.8125	0.8125	0.625	0.53125
	anim	Animation	0.21875	0.40625	0.125	0.09375	0.0	0.03125
	cyber secur	cyber security	0.5	0.28125	0.59375	0.375	0.4375	0.6875
	creativ director	creative director	0.28125	0.25	0.8125	0.4375	0.71875	0.1875
	design	Design	0.53125	0.75	0.8125	1.0	0.6875	0.125
	food technolog	Food Technology	0.15625	0.875	0.84375	0.9375	0.5625	0.125
	medic	Medical	0.34375	0.8125	0.75	0.6875	0.375	0.375
	meddic	meddic	0.21875	0.71875	0.84375	0.53125	0.25	0.1875
	kinesiolog	KINESIOLOGY 	0.46875	0.40625	0.625	0.5625	0.53125	0.5625
	ibm	IBM	0.25	0.125	0.4375	0.46875	0.4375	0.4375
	electron	electronics	0.375	0.71875	0.40625	0.71875	0.40625	0.40625
	polit	Politics 	0.3125	0.4375	0.625	0.53125	0.5625	0.1875
	kinesiolog	kinesiology 	0.3125	0.5625	0.53125	0.71875	0.34375	0.53125
	game design	Game Design	0.0625	0.15625	0.59375	0.03125	0.0625	0.0
	comput game design develop	Computer Game Design and Development	0.53125	0.0625	0.125	0.6875	0.59375	0.875
	american	American Studies	0.09375	0.34375	0.15625	0.09375	0.125	0.03125
	design digit media	design in digital media	0.53125	0.40625	0.84375	0.125	0.34375	0.46875
	doctor	Doctor	0.4375	0.96875	0.625	0.9375	0.53125	0.53125
	librarianship	Librarianship	0.15625	0.3125	0.375	0.6875	0.53125	0.375
	student affair	Student Affairs	0.0	0.28125	0.0625	0.75	0.4375	0.34375
	diesel technolog	diesel technology	0.875	0.53125	0.5625	0.6875	0.375	0.53125
	classic	Classical Studies	0.0	0.09375	0.625	0.75	0.375	0.0
	women	women studies	0.0625	0.78125	0.5	0.78125	0.34375	0.0
	undecid	undecided	0.1875	0.28125	0.3125	0.59375	0.46875	0.34375
	youth ministri	Youth Ministry	0.09375	0.1875	0.4375	0.78125	0.34375	0.0625
	pharmaci	Pharmacy	0.34375	0.78125	0.3125	0.53125	0.65625	0.625
	medic assist	medical assistant	0.125	0.15625	0.0625	0.71875	0.40625	0.40625
	undeclar	undeclared	0.25	0.5625	0.59375	0.09375	0.09375	0.03125
	pharmaceut	pharmaceutical	0.9375	1.0	0.78125	0.9375	0.8125	0.90625
	theatr	theatre	0.28125	0.46875	0.375	0.375	0.03125	0.71875
	aeronaut	Aeronautics 	0.03125	0.0625	0.03125	0.0	0.125	0.0625
	organis develop	Organisation Development 	0.3125	0.59375	0.5625	0.53125	0.125	0.125
	agrotecnolog	agrotecnology	0.53125	0.9375	0.5	0.53125	0.59375	0.75
	cosmetolog	Cosmetology 	0.125	0.21875	0.78125	0.59375	0.625	0.5
	famili	Family Studies	0.03125	0.0	0.09375	0.84375	0.53125	0.4375
	environment	environmental studies	0.15625	0.5625	0.6875	0.375	0.4375	0.09375
	food beverag	food and beverage	0.53125	0.1875	0.1875	0.46875	0.53125	0.625
	medic	Medical	0.3125	0.65625	0.6875	0.875	0.84375	0.875
	inform technolog	IT	0.75	0.25	0.375	0.5625	0.6875	0.78125
	inform technolog	Information Technology	0.09375	0.8125	0.625	0.40625	0.78125	0.59375
	inform technolog	Information technology 	0.28125	0.4375	0.90625	0.6875	0.59375	0.5625
	pharmaci	pharmacy	0.1875	0.25	0.4375	0.40625	0.5625	0.28125
	physiotherapi	PHYSIOTHERAPY	0.375	0.28125	0.84375	0.9375	0.65625	0.5
	cinema	Cinema	0.1875	0.59375	0.84375	0.375	0.3125	0.1875
	comput applic	computer application	0.46875	0.6875	0.90625	0.59375	0.5625	0.3125
	veterinari	Pre-veterinary 	0.0	0.46875	0.03125	0.03125	0.125	0.09375
	theatr	theatre	0.21875	0.28125	0.90625	0.28125	0.4375	0.375
	american	American Studies	0.0	0.0625	0.46875	0.71875	0.0625	0.03125
	horticultur	Horticulture	0.40625	0.75	0.625	0.6875	0.1875	0.21875
	film theatr	Film and Theatre	0.21875	0.6875	0.9375	0.4375	0.09375	0.03125
	anathomi	anathomy	0.0	0.9375	0.53125	0.4375	0.0625	0.0
	pilot	Pilot	0.6875	0.28125	0.4375	0.1875	0.375	0.4375
	undecid	Undecided	0.0	0.34375	0.625	0.65625	0.25	0.03125
	cinema	Cinema	0.4375	0.3125	0.90625	0.65625	0.40625	0.28125
	write	Writing	0.125	0.40625	0.84375	0.375	0.25	0.15625
	vocat	vocational	0.0	0.0625	0.71875	0.71875	0.34375	0.53125
	vocat graduat	vocational graduate	0.125	0.28125	0.875	0.625	0.4375	0.75
	oil gas	oil and gas	0.375	0.53125	0.375	0.28125	0.28125	0.3125
	famili	Family Studies	0.0	0.625	0.28125	0.78125	0.0	0.0625
	coach	Coaching 	0.375	0.40625	0.375	0.59375	0.34375	0.5625
	communiti plan	Community planning	0.125	0.0	0.21875	0.40625	0.375	0.28125
	social servic	Social services 	0.15625	0.4375	0.75	0.65625	0.3125	0.0625
	speech patholog	Speech Pathology	0.34375	1.0	0.78125	0.90625	0.5	0.1875
	undecid	Undecided	0.375	0.5625	0.6875	0.3125	0.25	0.3125
	undecid	Undecided 	0.21875	0.5	0.75	0.3125	0.28125	0.28125
	kinesiolog	Kinesiology	0.1875	0.375	0.15625	0.5625	0.15625	0.28125
	comput	computer	0.4375	0.6875	0.71875	0.5625	0.34375	0.4375
	kinesiolog	kinesiology	0.1875	0.84375	0.15625	0.65625	0.375	0.34375
	athlet train	athletic training	0.375	0.4375	0.375	0.75	0.25	0.1875
	polit	Politics	0.59375	0.625	0.65625	0.71875	0.375	0.28125
	textil design	textile design	0.0	0.0625	0.40625	0.53125	0.0625	0.0
	dentistri	dentistry	0.03125	0.53125	0.65625	0.625	0.46875	0.28125
	theatr	Theatre	0.21875	0.625	0.71875	0.375	0.28125	0.09375
	director	director	0.34375	0.5625	0.875	0.5	0.5	0.34375
	na	na	0.34375	0.4375	0.59375	0.5	0.5	0.5625
	teach	Teaching	0.4375	0.59375	0.625	0.78125	0.34375	0.84375
	war peac	studies in war and peace	0.25	0.34375	0.0	0.1875	0.0	0.0625
	liber	Liberal Studies	0.0	0.75	0.375	0.75	0.1875	0.09375
	undecid	undecided	0.4375	0.9375	0.4375	0.90625	0.4375	0.3125
	audio	Audio	0.0	0.21875	0.65625	0.21875	0.5	0.03125
	hospit	Hospitality 	0.5625	0.21875	0.84375	0.5625	0.625	0.5625
	occup therapi	Occupational Therapy	0.03125	0.40625	0.21875	0.1875	0.0	0.0
	occup therapi	Occupational therapy 	0.34375	0.34375	0.15625	0.71875	0.65625	0.375
	medic	Medic	0.3125	0.9375	0.21875	0.71875	0.40625	0.34375
	merchandis	Merchandising	0.0625	0.5	0.46875	0.875	0.65625	0.5
	autom	automation	0.65625	0.59375	0.28125	0.28125	0.3125	0.65625
	reahab servic	Reahab services	0.125	0.125	0.3125	0.71875	0.5	0.21875
	polym engeenirng	polymer engeenirng	0.59375	0.4375	0.625	0.5625	0.875	0.65625
	psikolog	psikologi	0.15625	0.40625	0.34375	0.9375	0.4375	0.46875
	mad sicentist	mad sicentist	0.625	0.25	0.25	0.28125	0.40625	0.84375
	medic lab pyscholog	Medical Lab/pyschology	0.375	1.0	0.5625	0.78125	0.21875	0.25
	media	Media	0.0	0.0625	0.125	0.375	0.09375	0.15625
	coach train	coaching/training	0.21875	0.8125	0.5	0.75	0.5	0.03125
	kinesiolog	Kinesiology	0.0	0.875	0.375	0.5	0.375	0.3125
	film	Film	0.34375	0.25	0.8125	0.90625	0.53125	0.28125
	dentistri	dentistry	0.21875	0.78125	0.28125	0.75	0.34375	0.25
	teach	teaching	0.59375	0.78125	0.8125	0.71875	0.40625	0.59375
	kinesiolog	kinesiology	0.5	0.65625	0.5625	0.84375	0.46875	0.15625
	clinic kinesiolog	Clinical Kinesiology	0.09375	0.625	0.5	0.53125	0.5	0.1875
	environment	Environmental studies	0.25	0.65625	0.625	0.65625	0.5625	0.6875
	medic	medic	0.5625	0.71875	0.75	0.625	0.5625	0.34375
	cyber secur	cyber security	0.375	0.21875	0.53125	0.78125	0.5	0.71875
	cyber secur	cyber security	0.25	0.0	0.75	0.75	0.75	0.625
	comput	computer 	0.40625	0.125	0.375	0.6875	0.34375	0.0625
	languag	Language	0.1875	0.21875	0.59375	0.46875	0.71875	0.1875
	undecid	Undecided	0.03125	0.34375	0.40625	0.09375	0.25	0.0625
	amciv	AmCiv	0.0	0.15625	0.125	0.09375	0.0	0.0
	creativ write	Creative Writing	0.03125	0.625	0.96875	0.6875	0.34375	0.1875
	student affair	Student Affairs	0.125	0.34375	0.21875	0.9375	0.0625	0.21875
	gestão	gestão	0.15625	0.34375	0.53125	0.625	0.40625	0.28125
	medic	Medical 	0.59375	0.96875	0.71875	0.8125	0.75	0.75
	environment	environmental studies	0.34375	0.5	0.5625	0.375	0.125	0.5625
	media	Media Studies	0.0	0.40625	0.65625	0.75	0.375	0.375
	hospit	hospitality	0.34375	0.53125	0.71875	0.875	0.78125	1.0
	comput	Computer	0.3125	0.21875	0.65625	0.625	0.46875	0.46875
	pharmaceut	Pharmaceuticals	0.28125	0.6875	0.375	0.25	0.625	0.4375
	languag	Languages	0.0625	0.15625	0.625	0.8125	0.5	0.3125
	polit	Politics	0.0	0.0625	0.28125	0.875	0.28125	0.21875
	electr	Electrical 	0.65625	0.34375	0.375	0.78125	0.59375	0.65625
	buiss	Buissness	0.09375	0.0625	0.625	0.21875	0.6875	0.3125
	kinesiolog	kinesiology	0.375	0.65625	0.3125	0.6875	0.28125	0.3125
	languag	Languages	0.0	0.59375	0.65625	0.4375	0.21875	0.15625
	na	na	0.21875	0.6875	0.46875	0.375	0.28125	0.1875
	mucic	mucic	0.1875	0.53125	0.9375	0.65625	0.25	0.28125
	em	ems	0.15625	0.4375	0.0	0.28125	0.0	0.0
	occup therapi	Pre-Occupational Therapy	0.0	0.625	0.15625	0.875	0.0625	0.0
	sale	Sales	0.53125	0.3125	0.34375	0.53125	0.53125	0.46875
	undecid	Undecided	0.0	0.5625	0.5625	0.75	0.1875	0.0625
	inform technolog	it	0.65625	0.75	0.40625	0.6875	0.3125	0.40625
	web develop digit media	Web development and digital media	0.25	0.1875	0.53125	0.34375	0.0	0.0
	doctor	Doctor	0.15625	0.46875	0.3125	0.5625	0.25	0.3125
	physiotherapi	PHYSIOTHERAPY	0.1875	0.4375	0.5625	0.78125	0.28125	0.21875
	audiovisu	Audiovisual	0.25	0.09375	0.53125	0.15625	0.1875	0.3125
	public	Publicity	0.21875	0.15625	0.46875	0.1875	0.5625	0.40625
	automot system	Automotive systems	0.4375	0.0	0.1875	0.375	0.59375	0.65625
	act	acting	0.15625	0.09375	0.84375	0.75	0.59375	0.3125
	urban plan	Urban Planning	0.21875	0.375	0.46875	0.6875	0.6875	0.5625
	kinesiolog	Kinesiology 	0.09375	0.5625	0.59375	0.84375	0.75	0.15625
	medic field	Medical Field	0.03125	0.34375	0.03125	0.375	0.21875	0.09375
	radiographi	Radiography	0.09375	0.3125	0.375	0.34375	0.0	0.0
	inform technolog	Information Technology	0.4375	0.71875	0.78125	0.65625	0.34375	0.28125
	mis	MIS	0.1875	0.0625	0.0625	0.34375	0.09375	0.375
	nil	nil	0.59375	0.875	0.6875	0.5	0.0	0.4375
	occup therapi	occupational therapy	0.21875	0.65625	0.75	0.9375	0.3125	0.1875
	nutrit	nutrition	0.125	0.375	0.25	0.875	0.25	0.75
	weld	Welding	0.78125	0.78125	0.96875	1.0	0.75	0.34375
	kinesiolog	Kinesiology	0.0	0.96875	0.4375	0.8125	0.3125	0.4375
	inform technolog	IT	0.59375	0.4375	0.40625	0.53125	0.8125	0.59375
	phisiotheraphi	phisiotheraphy	0.25	0.96875	0.84375	0.84375	0.40625	0.1875
	culinari	culinary	0.25	0.25	0.5	0.90625	0.5625	0.84375
	geometri teacher	Geometry Teacher	0.0	0.0	0.0	0.15625	0.0	0.125
	attend	Attending now	0.125	0.84375	0.40625	0.375	0.34375	0.59375
	comput inform technolog	Computer Information Technology	0.5	0.75	0.21875	0.28125	0.375	0.84375
	orient languag	Oriental Languages	0.75	0.84375	0.90625	1.0	0.59375	0.6875
	pharmaci	pharmacy	0.5625	0.5625	0.53125	0.71875	0.6875	0.34375
	arquiteto	arquiteto	0.5625	0.65625	0.59375	0.5625	0.6875	0.71875
	person ell	Personal elling	0.0625	0.125	0.5625	0.4375	0.46875	0.15625
	bank	banking	0.25	0.28125	0.28125	0.8125	0.6875	0.78125
	anim	Animation	0.28125	0.34375	0.46875	0.3125	0.28125	0.15625
	urban plan	Urban Planning	0.1875	0.5625	0.53125	0.5625	0.46875	0.5
	theatr	Theatre	0.09375	0.34375	0.90625	0.71875	0.59375	0.21875
	arquitetura	Arquitetura	0.65625	0.5625	0.78125	0.875	0.4375	0.75
	publicidad	Publicidade	0.375	0.125	0.28125	0.4375	0.34375	0.28125
	doctor vet	Doctor Vet	0.0	0.875	0.6875	0.375	0.3125	0.0
	actor	actor	0.3125	0.75	0.71875	0.21875	0.65625	0.34375
	design	design	0.28125	0.53125	0.78125	0.625	0.4375	0.1875
	dentistri	Pre-Dentistry	0.0	0.1875	0.40625	0.59375	0.34375	0.375
	pharmaceut	pharmaceutics	0.5	0.3125	0.28125	0.84375	0.90625	0.84375
	inform technolog	IT	0.59375	0.4375	0.40625	0.25	0.40625	0.625
	european	European Studies	0.09375	0.125	0.78125	0.84375	0.625	0.09375
	matj	Matj	0.5	0.75	0.96875	0.875	0.65625	0.6875
	inform technolog	Information technology	0.5	0.28125	0.84375	0.28125	0.1875	0.21875
	african	African Studies	0.0625	0.59375	0.5	0.78125	0.71875	0.125
	yettt	not sure yettt	0.0625	0.5	0.5625	0.8125	0.3125	0.25
	nautic	Nautical	0.4375	0.625	0.375	0.3125	0.0	0.0
	undecid	undecided	0.0625	0.34375	0.125	0.46875	0.3125	0.15625
	design	Design	0.5625	0.25	0.59375	0.84375	0.625	0.3125
	homeland secur	Homeland Security	0.34375	0.53125	0.1875	0.5	0.28125	0.1875
	communiti	community 	0.09375	0.125	0.09375	0.59375	0.1875	0.0
	program	programming	0.375	0.28125	0.1875	0.1875	0.25	0.03125
	comput	Computer	0.1875	0.53125	0.625	0.4375	0.21875	0.34375
	drama	Drama	0.0625	0.0625	0.8125	0.8125	0.46875	0.46875
	inform technolog	i.t 	0.0625	0.4375	0.8125	0.84375	0.46875	0.34375
	massag therapi	Massage therapy 	0.53125	0.5	0.375	0.59375	0.3125	0.125
	pharmacist	Pharmacist	0.40625	0.875	0.0	0.1875	0.0	0.0
	social	Social Studies 	0.4375	0.59375	0.75	0.84375	0.46875	0.5
	marin offshor technolog	Marine Offshore Technology	0.75	0.90625	0.5	0.8125	0.40625	0.53125
	comput	computing	0.375	0.65625	0.59375	0.8125	0.65625	0.15625
	real estat	real estate	0.75	0.78125	0.46875	0.9375	0.875	0.84375
	women	Womens Studies	0.15625	0.78125	0.9375	0.9375	0.46875	0.28125
	horticultur	Horticulture	0.34375	0.65625	0.5625	0.78125	0.4375	0.5625
	inform technolog	Information technology	0.59375	0.46875	0.5	0.59375	0.34375	0.53125
	crivil justin	crivil justin	0.4375	0.5	0.59375	0.46875	0.65625	0.5
	inform technolog	I.T	0.25	0.25	0.6875	0.59375	0.3125	0.40625
	doctor	doctor	0.09375	0.8125	0.375	0.59375	0.25	0.0625
	still high school	still in high school	0.0625	0.09375	0.09375	0.15625	0.28125	0.0
	nutritionist	nutritionist	0.5625	0.25	0.4375	0.8125	0.78125	0.75
	socioligi	Socioligy	0.375	0.6875	0.5625	0.90625	0.6875	0.59375
	aerospac electron	Aerospace Electronics	0.84375	0.71875	0.625	0.65625	0.5625	0.78125
	inform technolog	I.T	0.875	0.40625	0.65625	0.375	0.5	0.78125
	psicologia	psicologia 	0.28125	0.46875	0.6875	0.6875	0.25	0.21875
	teach	Teaching	0.125	0.625	0.5625	0.625	0.5	0.53125
	inform technolog	Information Technology	0.25	0.3125	0.25	0.375	0.3125	0.3125
	entrepreneurship	Entrepreneurship	0.375	0.28125	0.21875	0.46875	0.28125	0.125
	modern languag	Modern Languages	0.1875	0.78125	0.34375	0.46875	0.40625	0.75
	dentistri	dentistry	0.53125	0.71875	0.65625	0.0625	0.25	0.40625
	optician licens	Optician license	0.125	0.40625	0.28125	0.5625	0.25	0.3125
	aircraft	aircraft	0.4375	0.40625	0.75	0.59375	0.375	0.53125
	individu	individual studies	0.0625	0.4375	0.6875	0.8125	0.375	0.15625
	mechnic engienn	Mechnical engienner	0.59375	0.75	0.53125	0.40625	0.40625	0.375
	media	Media	0.375	0.625	0.71875	0.6875	0.375	0.15625
	aviat	Aviation	0.375	0.75	0.71875	0.6875	0.6875	0.5
	na	n.a.	0.5625	0.40625	0.625	0.28125	0.53125	0.25
	liber	liberal studies	0.0	0.21875	0.25	0.46875	0.375	0.125
	nutrit	Nutrition	0.0	0.0625	0.0	0.375	0.1875	0.4375
	teach	Teaching	0.28125	0.1875	0.375	0.65625	0.59375	0.34375
	speech patholog	speech pathology	0.40625	0.40625	0.375	0.59375	0.3125	0.5
	attend	Not attend	0.125	0.4375	0.4375	0.8125	0.75	0.5625
	inform technolog	information technology	0.875	0.78125	1.0	0.84375	0.96875	0.90625
	inform technolog	information technology	0.625	0.96875	0.875	0.59375	0.65625	0.96875
	undecid	undecided	0.3125	0.15625	0.28125	0.96875	0.59375	0.1875
	patholog	Pathology	0.3125	0.5	0.625	0.71875	0.6875	0.28125
	urban plan	Urban planning	0.0	0.40625	0.625	0.1875	0.0625	0.0625
	militari	Military	0.5625	0.875	0.5625	0.0	0.4375	0.34375
	video product	Video Production	0.25	0.34375	0.40625	0.0625	0.21875	0.34375
	pharmaci	pharmacy	0.75	0.40625	0.75	0.625	0.75	0.875
	psikoloji	psikoloji	0.3125	0.65625	0.59375	0.65625	0.21875	0.1875
	dental hygien	Pre-Dental Hygiene	0.0625	0.6875	0.09375	0.46875	0.09375	0.0
	cyber secur	Cyber security	0.25	0.46875	0.4375	0.71875	0.5	0.4375
	música	Música 	0.0	0.46875	0.5625	0.65625	0.09375	0.125
	ministri	Ministry	0.0	0.0625	0.15625	0.0	0.09375	0.0
	fashion design	fashion design	0.375	0.4375	0.4375	0.5625	0.46875	0.40625
	technolog	Technology 	0.15625	0.6875	0.5625	0.53125	0.5	0.5
	finaci informat	finacial informatics	0.5625	0.625	0.59375	0.78125	0.65625	0.78125
	nil	NIL	0.0	0.03125	0.0	0.25	0.34375	0.4375
	anim	Animation	0.125	0.125	0.3125	0.375	0.25	0.0
	multimedia inform technolog	Multimedia & IT	0.28125	0.4375	0.75	0.78125	0.21875	0.28125
	occup therapi	Occupational Therapy	0.0625	0.34375	0.0	0.5	0.0	0.0625
	film tv product	Film/TV Production	0.1875	0.375	0.90625	0.1875	0.0625	0.59375
	mbbs	MBBS	0.21875	0.625	0.53125	0.78125	0.53125	0.4375
	leadership	Leadership	0.9375	0.78125	0.90625	0.90625	0.875	0.875
	video game desgin	Video Game Desgin	0.09375	0.09375	0.4375	0.21875	0.15625	0.25
	medic	medical	0.28125	0.8125	1.0	0.53125	0.40625	0.46875
	anim behavior	Animal Behavior	0.0	0.96875	0.25	0.21875	0.0	0.0
	org dev	Org Dev	0.25	0.46875	0.84375	0.53125	0.53125	0.09375
	letter	letters	0.53125	0.53125	0.53125	0.71875	0.5	0.375
	kinesiolog	kinesiology	0.25	0.59375	0.59375	0.5625	0.5	0.5625
	entrepreneurship	entrepreneurship	0.625	0.875	0.9375	0.96875	0.8125	0.625
	translat	Translation	0.25	0.59375	0.59375	0.84375	0.5625	0.375
	apparel merchandis	Apparel Merchandising 	0.0	0.0	0.09375	0.59375	0.34375	0.0
	central bank	central banking	0.21875	0.59375	0.375	0.28125	0.4375	0.5625
	mechan	Mechanical	0.53125	0.09375	0.09375	0.28125	0.09375	0.0
	film tv	Film and TV	0.03125	0.46875	0.90625	0.3125	0.09375	0.0
	food technolog	FOOD TECHNOLOGY	0.03125	0.1875	0.875	0.6875	0.4375	0.28125
	therapi	therapy 	0.0625	0.375	0.0	0.71875	0.53125	0.625
	aerospac	Aerospace	0.78125	0.84375	0.59375	0.59375	0.46875	0.71875
	global suppli chain mangement	Global Supply Chain Mangement	0.28125	0.1875	0.875	0.75	0.46875	0.15625
	marin offshor technolog	Marine Offshore Technology	0.78125	0.3125	0.46875	0.65625	0.625	0.8125
	languag	Languages 	0.28125	0.25	0.34375	0.625	0.4375	0.40625
	inform technolog	Information technology	0.46875	0.09375	0.0	0.125	0.59375	0.78125
	interpret	interpreting 	0.53125	0.34375	0.75	0.6875	0.5625	0.3125
	theatr	Theatre	0.0	0.21875	0.6875	0.34375	0.125	0.0
	oil gas	Oil and gas	0.21875	0.9375	0.25	0.46875	0.46875	0.25
	media	Media Studies	0.34375	0.78125	0.65625	0.46875	0.1875	0.34375
	latino	Latino Studies	0.4375	0.8125	0.65625	0.40625	0.21875	0.4375
	inform technolog	Information Technology	0.53125	0.1875	0.40625	0.84375	0.90625	0.40625
	sport	Sports	0.71875	0.6875	0.46875	0.75	0.3125	0.59375
	inform technolog	information technology	0.3125	0.40625	0.3125	0.21875	0.4375	0.53125
	draft	drafting	0.8125	0.9375	0.46875	0.0625	0.1875	0.28125
	oper room	operating room	0.625	0.8125	0.71875	0.4375	0.25	0.46875
	bbit	BBIT	0.375	0.875	0.875	0.875	0.625	0.625
	student affair	Student Affairs	0.34375	0.375	0.5	0.65625	0.0625	0.09375
	hospit	Hospitality	0.34375	0.6875	0.46875	0.46875	0.5625	0.46875
	inform technolog	it	0.78125	0.71875	0.75	0.84375	0.78125	0.84375
	heat power	Heating power	0.3125	0.25	0.3125	0.1875	0.40625	0.75
	buis	Buisness	0.15625	0.4375	0.15625	0.1875	0.5	0.6875
	practition	General Practitioner	0.40625	0.75	0.625	0.8125	0.34375	0.34375
	sale	sales	0.0	0.0625	0.0	0.125	0.59375	0.25
	teach	teaching	0.03125	0.46875	0.8125	0.71875	0.4375	0.15625
	inform technolog	IT	0.71875	0.75	0.40625	0.25	0.15625	0.3125
	phyical activ sport	phyical activity and sports studies	0.5625	0.8125	0.78125	0.59375	0.1875	0.21875
	inform technolog	Information Technology	0.71875	0.125	0.46875	0.84375	0.53125	0.6875
	air travel	Air Travel	0.1875	0.125	0.90625	0.71875	0.71875	0.875
	inform technolog	IT	0.5	0.4375	0.4375	0.65625	0.5625	0.46875
	inform technolog	IT	0.53125	0.71875	0.4375	0.8125	0.5625	0.9375
	inform technolog	IT	0.71875	0.1875	0.125	0.3125	0.625	0.8125
	public safeti	public safety	0.125	0.125	0.25	1.0	0.875	0.75
	hospit	hospitality 	0.15625	0.0625	0.09375	0.625	0.71875	0.125
	veterinari	veterinary	0.40625	0.84375	0.84375	0.90625	0.59375	0.1875
	mechan	mechanical	0.53125	0.40625	0.65625	0.28125	0.3125	0.25
	lab teck	lab teck	0.21875	0.59375	0.46875	0.65625	0.375	0.15625
	undecid	Undecided	0.28125	0.59375	0.34375	0.5	0.40625	0.4375
	hospit	Hospitality	0.125	0.1875	0.09375	0.21875	0.71875	0.59375
	serviço social	Serviço Social	0.15625	0.75	0.40625	0.9375	0.6875	0.46875
	fashion	fashion	0.40625	0.125	0.34375	0.84375	0.40625	0.46875
	organis develop	Organisational development	0.46875	0.84375	0.71875	0.53125	0.53125	0.6875
	research	researcher	0.0	0.75	0.40625	0.71875	0.125	0.25
	medic	medical	0.21875	0.75	0.34375	0.3125	0.03125	0.09375
	logist	logistic	0.53125	0.46875	0.5625	0.3125	0.375	0.125
	liber	liberal studies	0.0	0.34375	0.0625	0.90625	0.0625	0.0
	inform technolog	Information Technology	0.40625	0.1875	0.71875	0.71875	0.5	0.65625
	child famili develop	Child and Family Development	0.1875	0.3125	0.34375	1.0	0.3125	0.65625
	forens patholog	Forensic Pathology	0.125	1.0	0.5	0.46875	0.5625	0.0
	food technolog	FOOD TECHNOLOGY	0.125	0.75	0.5625	1.0	0.3125	0.1875
	teach	teaching	0.0	0.03125	0.03125	0.65625	0.28125	0.0
	practition	general practitioner	0.15625	0.875	0.65625	0.65625	0.0625	0.125
	costum design	Costume Design	0.09375	0.09375	0.71875	0.4375	0.46875	0.28125
	kinesiolog	kinesiology	0.125	0.40625	0.5625	0.5	0.5	0.5625
	teach	teaching	0.4375	0.53125	0.34375	0.875	0.65625	0.5625
	inform technolog	IT	0.15625	0.46875	0.34375	0.59375	0.6875	0.53125
	multimedia	Multimedia	0.40625	0.59375	0.8125	0.75	0.5	0.3125
	liber	liberal studies 	0.0	0.1875	0.0	0.625	0.3125	0.6875
	game design develop	Game Design and Development	0.59375	0.84375	0.9375	0.53125	0.84375	0.15625
	design	design	0.0625	0.65625	0.53125	0.75	0.0625	0.0
	na	na	0.0	0.0	0.3125	0.5625	0.6875	0.375
	film	Film	0.46875	0.4375	0.40625	0.4375	0.4375	0.5625
	hospit	Hospitality	0.0	0.0	0.6875	0.875	0.5625	0.40625
	game design	Game Designing	0.0	0.0	0.25	0.34375	0.09375	0.0
	billionar	Billionare	0.3125	0.5	1.0	0.875	1.0	0.875
	med	pre med	0.0625	0.5	0.1875	0.46875	0.21875	0.0625
	design	design	0.03125	0.34375	0.40625	0.625	0.5	0.4375
	design	Design	0.34375	0.71875	0.71875	0.4375	0.46875	0.375
	medic	medical	0.25	0.71875	0.3125	0.5	0.21875	0.4375
	teach	teaching 	0.625	0.375	0.5	0.6875	0.75	0.75
	cyber secur	Cyber Security	0.1875	0.8125	0.40625	0.375	0.125	0.15625
	medic field	Medical field	0.0625	0.28125	0.15625	0.3125	0.03125	0.0625
	idea	no idea	0.0	0.375	0.0	0.6875	0.125	0.0
	classic	classics	0.0625	0.59375	0.125	0.625	0.0625	0.0625
	special eduat	Special Eduation	0.34375	0.65625	0.09375	0.8125	0.09375	0.21875
	pharmaci	pharmacy	0.625	0.5	0.65625	0.6875	0.75	0.75
	christian ministri	Christian Ministry	0.34375	0.84375	0.5625	0.65625	0.1875	0.125
	comput	computers	0.0	0.125	0.40625	0.40625	0.15625	0.3125
	paraleg	paralegal	0.21875	0.71875	0.4375	0.75	0.46875	0.65625
	buis	buisness	0.0	0.09375	0.28125	0.28125	0.3125	0.15625
	anim	Animation	0.15625	0.1875	0.40625	0.3125	0.4375	0.25
	bank	banking	0.53125	0.71875	0.53125	0.78125	0.53125	0.46875
	teach	Teaching	0.0	0.3125	0.4375	0.59375	0.53125	0.15625
	inform secur	information security	0.21875	0.59375	0.46875	0.28125	0.375	0.53125
	paint	painting	0.875	0.78125	1.0	0.9375	0.625	0.34375
	renuabl energi	renuable energy	0.28125	0.0	0.125	0.28125	0.3125	0.1875
	intl relat	Intl relations	0.0	0.09375	0.625	0.0625	0.25	0.1875
	inform technolog	IT	0.59375	0.90625	0.59375	0.78125	0.5	0.09375
	forens	Forensics	0.625	0.875	0.46875	0.71875	0.3125	0.78125
	child welfar	Child Welfare	0.46875	0.78125	0.71875	0.84375	0.5625	0.40625
	inform technolog	Information Technology	0.375	0.625	0.6875	0.75	0.8125	1.0
	still tri figur inform technolog probabl accou	still trying to figure it out, probably accou	0.09375	0.125	0.3125	0.25	0.28125	0.53125
	medic career	medical career	0.0	0.125	0.0	0.0	0.0	0.0
	open	Open	0.1875	0.5	0.28125	0.125	0.0	0.15625
	fashion	fashion	0.4375	0.625	0.375	0.375	0.5	0.125
	enrin	enrineering	0.53125	0.59375	0.4375	0.5625	0.5625	0.46875
	neither	Neither	0.09375	0.21875	0.5	0.40625	0.6875	0.5
	odontolog	odontology	0.0	0.25	0.25	0.25	0.0	0.125
	far	general studies so far	0.3125	0.71875	0.71875	0.6875	0.5	0.3125
	violin perform	violin performance	0.0	0.28125	0.65625	0.625	0.3125	0.0
	tourism	Tourism	0.0625	0.34375	0.40625	0.4375	0.25	0.21875
	food technolog	food technology	0.25	0.5625	0.15625	0.40625	0.4375	0.4375
	laa	laa	0.46875	0.53125	0.53125	0.53125	0.53125	0.34375
	inform technolog	Information technology	0.5	0.6875	0.375	0.6875	0.5	0.9375
	front offic	front office	0.21875	0.40625	0.15625	0.46875	0.28125	0.53125
	electron	electronics	0.1875	0.53125	0.75	0.65625	0.6875	0.40625
	aviat egin	Aviation egineering	0.6875	0.4375	0.4375	0.65625	0.40625	0.5
	dietet	dietetics	0.5625	0.78125	0.75	0.84375	0.75	0.46875
	biomed	Biomedical	0.1875	0.84375	0.65625	0.65625	0.1875	0.0
	tourism	Tourism	0.09375	0.03125	0.375	0.53125	0.53125	0.125
	attend	Attending	0.4375	0.375	0.59375	0.5	0.65625	0.53125
	cybersecur	Cybersecurity	0.90625	0.90625	0.5625	0.84375	0.5	0.96875
	pharmaci	pharmacy	0.21875	0.4375	0.375	0.3125	0.375	0.34375
	drama	Drama	0.34375	0.75	0.96875	0.8125	0.40625	0.09375
	islami	islamis studies	0.375	0.34375	0.40625	0.875	0.46875	0.53125
	histoy	Histoy	0.65625	0.96875	0.71875	0.875	0.40625	0.65625
	gerontolog	Gerontology	0.8125	0.71875	0.3125	0.15625	0.125	0.625
	public safeti	public safety	0.53125	0.375	0.6875	0.875	0.5625	0.96875
	inform technolog	IT	0.0	0.09375	0.375	0.3125	0.53125	0.03125
	theatr	Theatre	0.53125	0.53125	0.875	0.21875	0.125	0.0
	biotechnolgi	biotechnolgy	0.1875	0.59375	0.25	0.25	0.15625	0.125
	medic	medical	0.3125	0.5	0.46875	0.75	0.59375	0.4375
	organiz leadership	Organizational leadership	0.40625	0.28125	0.4375	0.8125	0.6875	0.375
	hospit	Hospitality	0.375	0.0	0.25	0.4375	0.15625	0.3125
	translat	Translation	0.21875	0.625	0.65625	0.53125	0.5	0.125
	hospit	Hospitality	0.40625	0.0	0.1875	0.3125	0.375	0.4375
	fashion design	Fashion design	0.59375	0.53125	0.375	0.125	0.28125	0.4375
	p	[/p-79y	0.4375	0.5	0.40625	0.4375	0.46875	0.4375
	liber	liberal	0.34375	0.9375	0.8125	0.375	0.40625	0.125
	design	Design	0.0	0.84375	0.21875	0.5	0.09375	0.15625
	dentistri	Dentistry	0.0625	0.34375	0.53125	0.3125	0.71875	0.03125
	medic ad asst	medical ad asst	0.125	0.1875	0.0625	0.25	0.0625	0.0625
	teacher	teacher	0.40625	0.75	0.5	0.71875	0.46875	0.4375
	nil	NIL	0.15625	0.625	0.78125	0.5625	0.5625	0.40625
	kinesiolog	Kinesiology 	0.25	0.5	0.25	0.5625	0.3125	0.25
	htm	htm	0.46875	0.875	0.5625	0.625	0.25	0.25
	low	low	0.5	0.8125	0.75	0.40625	0.34375	0.3125
	inform technolog	IT	1.0	1.0	0.59375	1.0	1.0	1.0
	hospit	Hospitality	0.3125	0.46875	0.6875	0.5	0.625	0.53125
	comput	computer	0.5625	0.59375	0.40625	0.625	0.34375	0.5
	pharmaci	pharmacy	0.5625	1.0	1.0	0.96875	0.9375	0.84375
	medic assist	medical assistant	0.4375	0.9375	0.9375	0.9375	0.5625	0.4375
	philippin	Philippine Studies	0.71875	0.53125	0.9375	0.75	0.65625	0.46875
	media	Media Studies	0.0	0.90625	0.6875	0.6875	0.25	0.0
	languag	Language	0.125	0.03125	0.0625	0.6875	0.53125	0.71875
	kinesiolog	Kinesiology	0.09375	0.5625	0.4375	0.25	0.125	0.1875
	inform technolog	it	0.34375	0.6875	0.1875	0.1875	0.0625	0.375
	organiz leadership	Organizational Leadership	0.40625	0.6875	0.6875	0.4375	0.28125	0.34375
	electron	Electronics	0.875	0.59375	0.59375	0.71875	0.78125	0.75
	digit cinema	digital cinema	0.3125	0.40625	0.5	0.375	0.40625	0.46875
	comput	Computer	0.0	0.4375	0.0625	0.25	0.125	0.0
	industri design	Industrial design	0.34375	0.375	0.6875	0.375	0.375	0.15625
	simul anim game	Simulation, Animation, and Gaming	0.375	0.53125	0.5625	0.40625	0.0625	0.28125
	inform technolog	IT	0.1875	0.5625	0.59375	0.21875	0.46875	0.65625
	lectur	Lecturer	0.4375	0.9375	0.84375	0.40625	0.09375	0.71875
	interior design	Interior Design	0.5625	0.5	0.78125	0.65625	0.6875	0.84375
	medic	medical	0.40625	0.6875	0.65625	0.5625	0.375	0.375
	social	social studies	0.03125	0.25	0.75	0.5	0.34375	0.0625
	tourism	tourism	0.3125	0.84375	0.71875	0.9375	0.40625	0.25
	program softwar	programming software	0.09375	0.1875	0.4375	0.125	0.09375	0.03125
	teach	Teaching	0.28125	0.5625	0.625	0.75	0.15625	0.125
	inform technolog	IT	0.0	0.28125	0.46875	0.625	0.1875	0.0
	medic research	Medical research	0.625	0.4375	0.5625	0.875	0.8125	0.6875
	mechan	mechanical	0.59375	0.46875	0.53125	0.59375	0.625	0.59375
	drama theatr mdrdama creativ	Drama & Theatre Studies, MDrdama in Creative 	0.28125	0.21875	0.34375	0.65625	0.0625	0.4375
	inform technolog	information technology	0.4375	0.40625	0.75	0.71875	0.65625	0.84375
	translat	translation	0.15625	0.8125	0.5625	0.78125	0.625	0.5
	bacteriolog	Bacteriology	0.5625	0.6875	0.46875	0.4375	0.1875	0.34375
	inform technolog	Information Technology	0.4375	0.53125	0.375	0.71875	0.625	0.78125
	medic	medical	0.0625	0.125	0.3125	0.4375	0.21875	0.0
	crime investig	Crime investigation 	0.3125	0.65625	0.78125	0.5	0.25	0.21875
	golf	golf	0.59375	0.71875	0.34375	0.75	0.84375	0.75
	inform technolog	it	0.3125	0.34375	0.53125	0.78125	0.59375	0.5
	count	counting	0.53125	0.5	0.53125	0.53125	0.5	0.5625
	design	Design	0.1875	0.46875	0.34375	0.59375	0.53125	0.21875
	languag	Languages	0.5	0.9375	0.96875	0.5	0.53125	0.3125
	actuari	actuary	0.40625	0.53125	0.5	0.5	0.34375	0.625
	organiz develop	Organizational Development	0.59375	0.125	0.59375	0.40625	0.34375	0.5
	industri design	industrial design	0.65625	0.78125	0.625	0.40625	0.28125	0.15625
	current comput technolog	Currently, Computer Technology	0.59375	0.65625	0.5	0.4375	0.03125	0.125
	fashion merchandis	Fashion Merchandising	0.03125	0.34375	0.15625	0.5	0.5	0.15625
	medic assist	medical assisting	0.125	0.46875	0.53125	0.84375	0.4375	0.40625
	hospit	Hospitality 	0.8125	0.875	0.6875	0.40625	0.625	0.5625
	pengurusan	pengurusan	0.125	0.03125	0.0625	0.28125	0.15625	0.0
	textil	Textiles	0.6875	0.78125	0.59375	0.40625	0.25	0.75
	bookkeep	 bookkeeper	0.34375	0.65625	0.53125	0.375	0.40625	0.34375
	energi intuit train	Energy and intuition training	0.375	0.71875	0.65625	0.875	0.34375	0.4375
	cmhc	CMHC	0.09375	0.375	0.71875	0.5625	0.4375	0.46875
	motiv	Motivation	0.0	0.0	0.375	0.15625	0.28125	0.09375
	hospit	Hospitality	0.25	0.0	0.0	0.5625	0.5	0.6875
	languag	languages	0.09375	0.625	0.875	0.5	0.125	0.0
	medic	medical	0.0625	0.3125	0.3125	0.375	0.1875	0.09375
	biomed	biomedical	0.28125	0.90625	0.71875	0.78125	0.46875	0.34375
	counter	counter	0.5	0.4375	0.875	0.5625	0.6875	0.71875
	teach	Teaching 	0.0	0.0	0.0	0.3125	0.0625	0.0625
	inform technolog	IT	0.375	1.0	0.46875	0.53125	0.34375	0.46875
	occup therapi	Occupational Therapy	0.5	0.46875	0.53125	0.625	0.4375	0.53125
	theatr film	theatre and film	0.03125	0.46875	0.75	0.1875	0.34375	0.03125
	pharmaci	Pre-Pharmacy	0.0625	0.59375	0.03125	0.03125	0.03125	0.03125
	inform technolog	Information technology	0.59375	0.53125	0.5	0.6875	0.40625	0.375
	medic	medical	0.1875	0.3125	0.09375	0.96875	0.375	0.1875
	surgic technolog	Surgical Technology	0.1875	0.65625	0.0	0.5625	0.59375	0.5625
	r n	R N	0.4375	0.75	0.6875	0.9375	0.5	0.75
	inform technolog	IT	0.28125	0.53125	0.59375	0.0	0.0625	0.03125
	psychotherapi	Psychotherapy	0.25	0.4375	0.28125	0.21875	0.59375	0.09375
	hotel travel airlin tourism	hotel,travel,airline tourism 	0.03125	0.0	0.15625	0.71875	0.78125	0.6875
	media prtoduct	media prtoduction	0.0625	0.75	0.875	0.46875	0.375	0.25
	urban plan	Urban Planning	0.15625	0.8125	0.1875	0.34375	0.15625	0.1875
	hospit	hospitality	0.71875	0.09375	0.40625	0.75	0.59375	0.84375
	film	Film	0.03125	0.375	0.625	0.46875	0.21875	0.15625
	medic technolog	Medical Technology	0.28125	0.59375	0.5	0.4375	0.1875	0.25
	middl east	Middle East Studies	0.375	0.84375	0.59375	0.5	0.21875	0.03125
	teach	teaching	0.15625	0.46875	0.40625	0.5	0.125	0.15625
	count	Counting	0.5	0.28125	0.46875	0.5625	0.53125	0.5
	count	counting	0.40625	0.46875	0.6875	0.625	0.5	0.40625
	count	counting	0.34375	0.40625	0.34375	0.5625	0.75	0.4375
	nutrit food exercis	nutrition foods and exercise	0.3125	0.46875	0.21875	0.53125	0.40625	0.5
	acout	acouting	0.5625	0.5	0.65625	0.5	0.53125	0.53125
	ophthalm technician	Ophthalmic technician 	0.09375	0.71875	0.71875	0.59375	0.125	0.78125
	write	Writing	0.40625	0.15625	0.5625	0.1875	0.25	0.5625
	pedagogi theatr	Pedagogy, Theatre	0.28125	0.34375	0.96875	0.53125	0.375	0.09375
	dental hygien	Dental Hygiene	0.0	0.40625	0.84375	0.90625	0.125	0.0
	crimin behavior	Criminal behavior	0.5	0.46875	0.8125	0.625	0.4375	0.46875
	interior design	Interior design	0.0	0.59375	0.71875	0.4375	0.46875	0.0625
	costum design	costume design	0.46875	0.875	0.84375	0.53125	0.21875	0.15625
	teach	Teaching	0.1875	0.5	0.4375	0.625	0.4375	0.125
	film	Film	0.21875	0.03125	0.875	0.125	0.84375	0.0
	design	design	0.0	0.3125	0.09375	0.03125	0.0625	0.03125
	media	Media	0.46875	0.5	0.90625	0.75	0.46875	0.09375
	medic school	medical school	0.25	0.40625	0.21875	0.25	0.03125	0.09375
	ecomomi	Ecomomy	0.3125	0.3125	0.3125	0.34375	0.59375	0.6875
	doctor	doctor	0.3125	0.1875	0.0625	0.65625	0.65625	0.3125
	classic	Classics	0.3125	0.375	0.8125	0.34375	0.25	0.5625
	network technolog	Network Technology	0.59375	0.6875	0.5625	0.78125	0.5625	0.84375
	biblic	Biblical Studies	0.09375	0.875	0.8125	0.78125	0.4375	0.125
	electron	Electronics	0.09375	0.28125	0.1875	0.40625	0.21875	0.40625
	comput	computers	0.25	0.09375	0.59375	0.40625	0.46875	0.53125
	disabl servic	Disabilities Services	0.15625	0.40625	0.09375	0.78125	0.28125	0.375
	inform technolog	IT	0.5625	0.5625	0.65625	0.625	0.5625	0.53125
	physiotheapi	Physiotheapy	0.34375	0.34375	0.6875	1.0	0.8125	0.46875
	drama	Drama	0.65625	0.71875	0.96875	0.84375	0.1875	0.4375
	inform technolog	IT	0.5625	0.53125	0.6875	0.5625	0.65625	0.625
	film product	Film Production	0.1875	0.75	0.90625	0.75	0.34375	0.15625
	automot technolog	Automotive Technology	0.71875	0.90625	0.875	0.5625	0.71875	0.6875
	interior design	Interior design	0.4375	0.375	0.9375	0.78125	0.5625	0.5625
	occup therapi	Occupational Therapy	0.1875	0.53125	0.15625	0.375	0.21875	0.71875
	still high school	Still in high school 	0.3125	0.96875	0.5	0.53125	0.28125	0.4375
	radiolog	RADIOLOGY 	0.25	0.75	0.5	0.9375	0.375	0.875
	potato	Potatos	0.0	0.125	0.25	0.21875	0.25	0.0625
	audit	audit	0.59375	0.625	0.46875	0.5625	0.53125	0.53125
	athlet train	Athletic Training	0.0	0.59375	0.25	0.78125	0.28125	0.3125
	magh	magh	0.15625	0.6875	0.6875	0.59375	0.0	0.1875
	career develop	Career Development	0.125	0.09375	0.3125	0.46875	0.21875	0.34375
	leadership	Leadership	0.0	0.28125	0.53125	0.34375	0.03125	0.28125
	offic admistrt	office admistrtion	0.5	0.40625	0.34375	0.75	0.78125	0.78125
	theatr perform	Theatre: Performance	0.21875	0.1875	0.625	0.78125	0.09375	0.125
	polit theori	Political theory	0.34375	0.4375	0.6875	0.65625	0.625	0.5
	apparel	apparel	0.1875	0.375	0.59375	0.59375	0.75	0.3125
	inform technolog	Information Technology	0.46875	0.65625	0.3125	0.75	0.53125	0.59375
	doctor	Doctor	0.0	0.71875	0.25	0.375	0.15625	0.0625
	social	social	0.0	0.15625	0.4375	0.25	0.21875	0.15625
	comput	computer	0.0	0.0	0.0	0.0625	0.0	0.125
	cybersecur	Cybersecurity	0.5	0.40625	0.53125	0.65625	0.375	0.3125
	justic	Justice Studies	0.03125	0.4375	0.125	0.1875	0.1875	0.09375
	medic	medic	0.25	0.46875	0.5	0.78125	0.375	0.28125
	game develop	Game Development	0.375	0.84375	0.84375	0.03125	0.34375	0.78125
	publicidad diseño grafico	Publicidad, Diseño Grafico	0.09375	0.09375	0.78125	0.28125	0.28125	0.09375
	dietet	Dietetics	0.125	0.6875	0.5625	0.8125	0.65625	0.25
	media	Media	0.0625	0.53125	0.6875	0.75	0.25	0.15625
	languag	languages	0.125	0.53125	0.9375	0.84375	0.4375	0.25
	inform technolog	Information Technology	0.3125	0.6875	0.4375	0.25	0.3125	0.15625
	sn comput	sn comp	0.34375	0.4375	0.46875	0.5	0.3125	0.5
	pharmaci	pharmacy	0.375	0.5	0.5625	0.75	0.625	0.53125
	illustr	Illustration	0.0625	0.5625	0.5	0.28125	0.0625	0.0625
	biblic	Biblical Studies 	0.125	0.53125	0.40625	0.65625	0.625	0.28125
	optometri	Pre-optometry	0.25	0.6875	0.34375	0.625	0.25	0.125
	optometri	Pre-optometry	0.25	0.625	0.34375	0.59375	0.1875	0.125
	inform technolog	information technology	0.71875	0.375	0.4375	0.4375	0.875	0.84375
	metal work	metal work	0.875	0.875	0.8125	0.875	0.9375	0.9375
	hospit	Hospitality	0.46875	0.21875	0.125	0.78125	0.84375	0.65625
	hospit	hospitality	0.15625	0.25	0.71875	0.6875	0.84375	0.125
	dentistri	dentistry	0.625	0.84375	0.59375	0.15625	0.375	0.53125
	informat	Informatics	0.21875	0.71875	0.09375	0.5625	0.1875	0.59375
	polit	Politics	0.09375	0.4375	0.21875	0.71875	0.5625	0.15625
	anim	Animation	0.59375	0.6875	0.25	0.1875	0.09375	0.28125
	leadership	Leadership	0.0	0.1875	0.125	0.5625	0.34375	0.0625
	ofic adminstrion	ofice adminstrion 	0.4375	0.125	0.6875	0.9375	1.0	0.96875
	film	Film	0.09375	0.40625	0.90625	0.65625	0.4375	0.0625
	buis	Buisness 	0.59375	0.53125	0.5625	0.96875	0.96875	0.4375
	surgic technician	surgical technician	0.0	0.4375	0.25	0.5	0.03125	0.03125
	surgic technolog	Surgical Tech	0.15625	0.5625	0.59375	0.8125	0.5625	0.6875
	dietet	dietetics	0.40625	0.4375	0.375	0.75	0.46875	0.15625
	respiratori care	Respiratory care	0.1875	0.3125	0.53125	0.46875	0.4375	0.1875
	medic assist	medical assisting 	0.34375	0.6875	0.5625	0.59375	0.59375	0.375
	applic	not applicable	0.4375	0.28125	0.6875	0.71875	0.65625	0.46875
	teach	teaching	0.03125	0.46875	0.125	0.53125	0.65625	0.5625
	electron	Electronics	0.71875	0.4375	0.53125	0.625	0.4375	0.59375
	classic	Classics	0.03125	0.375	0.75	0.71875	0.46875	0.09375
	pharmaci	pharmacy	0.21875	0.375	0.40625	0.6875	0.40625	0.21875
	automat robot	automatics and robotics	0.34375	0.75	0.1875	0.375	0.5625	0.375
	hair design	hair design	0.03125	0.46875	0.125	0.8125	0.1875	0.125
	buis	buisness	0.3125	0.5	0.28125	0.65625	0.59375	0.4375
	mortuari	mortuary	0.5625	0.5	0.5625	0.5625	0.625	0.625
	cyber secur	cyber security	0.75	0.65625	0.625	0.78125	0.5	0.65625
	horticultur	Horticulture	0.15625	0.84375	0.78125	0.65625	0.21875	0.15625
	inform technolog	it	0.5	0.375	0.40625	0.125	0.125	0.46875
	system inform	system information 	0.5625	0.71875	0.65625	0.59375	0.65625	0.65625
	interior design	Interior Design	0.5	0.8125	1.0	0.8125	0.6875	0.3125
	culinari	culinary	0.1875	0.34375	0.46875	0.8125	0.6875	0.1875
	psygolog	psygology	0.15625	0.90625	0.9375	1.0	0.6875	0.28125
	pharmaci	pharmacy	0.40625	0.6875	0.4375	0.46875	0.34375	0.34375
	biomed	Biomedical	0.1875	0.6875	0.40625	0.6875	0.28125	0.5
	liber	Liberal Studies	0.0625	0.53125	0.0625	0.8125	0.34375	0.3125
	draft technolog	drafting technology	0.3125	0.46875	0.53125	0.65625	0.4375	0.65625
	famili	Family Studies	0.0	0.0	0.65625	0.75	0.4375	0.0
	marriag famili therapi	Marriage and Family Therapy	0.78125	0.59375	0.6875	0.8125	0.46875	0.625
	therapeut rec	Therapeutic rec	0.15625	0.4375	0.8125	0.90625	0.15625	0.09375
	na	na	0.25	0.59375	0.65625	0.96875	0.6875	0.8125
	toxicolog	toxicology	0.4375	0.25	0.21875	0.5625	0.3125	0.5625
	teach	Teaching	0.1875	0.6875	0.25	0.75	0.1875	0.0
	speech patholog	Speech pathology 	0.03125	0.59375	0.25	0.21875	0.28125	0.0
	real estat	Real Estate	0.40625	0.625	0.125	0.25	0.3125	0.6875
	environment	Environmental Studies	0.59375	0.875	0.375	0.71875	0.5625	0.625
	public servic	Public Service	0.4375	0.59375	0.4375	0.6875	0.46875	0.4375
	inform technolog	Information Technology	0.71875	0.46875	0.53125	0.375	0.59375	0.875
	neurolog	neurology	0.21875	0.8125	0.65625	0.8125	0.34375	0.21875
	child develop	Child development 	0.0	0.25	0.21875	0.46875	0.5	0.0
	kinesiolog	Kinesiology	0.125	0.4375	0.75	0.78125	0.46875	0.5625
	inform technolog	Information Technology	0.28125	0.28125	0.5625	0.4375	0.4375	0.375
	dentistri	dentistry	0.09375	0.84375	0.625	0.96875	0.40625	0.375
	na	na	0.28125	0.375	0.59375	0.8125	0.375	0.1875
	school cousnel	school cousneling	0.0	0.46875	0.21875	0.78125	0.1875	0.1875
	transport	Transportation	0.125	0.34375	0.28125	0.5	0.09375	0.5
	cybersecur	CyberSecurity	0.71875	0.78125	0.75	0.6875	0.6875	0.6875
	leadership ministri	leadership and ministry	0.0	0.0	0.5	0.5	0.34375	0.1875
	undecid	Undecided 	0.5	0.875	0.65625	0.9375	0.375	0.0
	industri design	Industrial Designing	0.4375	0.34375	0.65625	0.5625	0.03125	0.46875
	pharmaci	pharmacy	0.375	0.46875	0.46875	0.34375	0.40625	0.5
	procur	procurement	0.8125	0.875	0.96875	1.0	0.96875	0.9375
	emerg servic paramed	Emergency Services (paramedic)	0.28125	0.5	0.5625	0.53125	0.0	0.09375
	purchas	Purchasing	0.125	0.4375	0.28125	0.46875	0.3125	0.46875
	aerospac	aerospace	0.71875	0.9375	0.71875	0.15625	0.15625	0.46875
	film product	film production	0.21875	0.21875	1.0	0.09375	0.125	0.03125
	culinari	culinary	0.15625	0.34375	0.5625	0.625	0.375	0.3125
	textil	Textiles 	0.28125	0.09375	0.46875	0.6875	0.5625	0.15625
	undecid	Undecided 	0.625	0.875	0.625	0.90625	0.4375	0.0625
	interior design	Interior Design	0.25	0.5	0.84375	0.25	0.3125	0.75
	interior design	Interior design	0.125	0.09375	0.78125	0.3125	0.125	0.0
	medic technolog	Medical Technology	0.0	0.25	0.375	0.53125	0.1875	0.0625
	real estat properti	real estate property	0.21875	0.125	0.34375	0.78125	0.59375	0.1875
	forens	Forensics	0.28125	0.53125	0.46875	0.5625	0.59375	0.40625
	idst	IDST	0.34375	0.25	0.6875	0.75	0.40625	0.375
	hospit	Hospitality	0.53125	0.59375	0.84375	0.59375	0.84375	0.34375
	electron	electronics	0.4375	0.28125	0.375	0.875	0.6875	0.34375
	hospit	Hospitality 	0.28125	0.5	0.65625	0.6875	0.65625	0.46875
	dentistri	DENTISTRY	0.625	0.8125	0.96875	0.875	0.59375	0.6875
	menag	menagment	0.15625	0.5625	0.5	0.59375	0.40625	0.15625
	medic laboratori technician	medical laboratory technician	0.0	0.375	0.03125	0.59375	0.125	0.25
	inform technolog	Information Technology	0.75	0.875	0.75	1.0	0.65625	1.0
	global	Global Studies	0.25	0.625	0.875	0.8125	0.46875	0.1875
	danc	Dance	0.21875	0.71875	0.84375	0.5	0.25	0.21875
	fashion design	Fashion Design	0.09375	0.34375	0.4375	0.75	0.53125	0.15625
	electron	Electronics	0.40625	0.4375	0.1875	0.4375	0.125	0.75
	divin	Divinity	0.15625	0.53125	0.6875	0.75	0.21875	0.0
	cultur	culture studies	0.0	0.65625	0.625	0.65625	0.3125	0.1875
	jeweleri	Jewelery	0.625	0.75	0.28125	0.59375	0.53125	0.71875
	graphic	graphic	0.125	0.125	0.3125	0.5	0.375	0.40625
	inform technolog	Information Technology	0.4375	0.90625	0.71875	0.65625	0.5	0.15625
	medic laboratori technician	medical laboratory technician	0.125	0.65625	0.09375	0.59375	0.28125	0.375
	basic	basics 	0.25	0.875	0.09375	0.8125	0.25	0.28125
	juri doctor	Juris Doctor	0.03125	0.59375	0.46875	0.875	0.4375	0.0625
	medic laboratori technician	medical laboratory technician	0.0625	0.53125	0.0	0.625	0.0625	0.125
	undecid	undecided	0.0	0.71875	0.40625	0.53125	0.0625	0.09375
	medic laboratori technician	medical laboratory technician	0.0625	0.5625	0.125	0.625	0.1875	0.34375
	nil	nil	0.28125	0.1875	0.3125	0.6875	0.75	0.46875
	diplomaci	Diplomacy	0.1875	0.5625	0.84375	0.375	0.625	0.125
	pharmacist	pharmacist	0.34375	0.6875	0.53125	0.375	0.46875	0.40625
	illustr	Illustration	0.125	0.78125	0.625	0.75	0.0625	0.0
	jungl travel	Jungle traveler	0.3125	0.6875	0.28125	0.5	0.1875	0.125
	comput	computer	0.53125	0.71875	0.65625	0.625	0.25	0.15625
	kinesiolog	Kinesiology	0.0625	0.46875	0.71875	0.53125	0.59375	0.5
	design	Design	0.25	0.4375	0.53125	0.4375	0.375	0.40625
	landscap design	Landscape design	0.03125	0.625	0.65625	0.59375	0.28125	0.0625
	digit media	digital media	0.3125	0.5625	0.40625	0.34375	0.4375	0.40625
	industri design	Industrial Design	0.0	0.0625	0.0	0.0	0.0	0.0
	ieti	IETI	0.625	0.59375	0.78125	0.90625	0.8125	0.875
	automot technolog	Automotive Technology	0.59375	0.25	0.625	0.65625	0.21875	0.0
	media	Media	0.40625	0.65625	0.875	0.96875	0.65625	0.5
	cultur	cultural studies	0.40625	0.125	0.4375	0.5625	0.6875	0.53125
	social comun	Social Comunication	0.03125	0.03125	0.8125	0.78125	0.5625	0.0
	comput	computers	0.4375	0.3125	0.3125	0.78125	0.59375	0.40625
	thanatolog	Thanatology	0.0625	0.71875	0.78125	0.625	0.40625	0.28125
	phisiotherapi	Phisiotherapy	0.21875	0.5	0.25	0.6875	0.34375	0.125
	cit	CIT	0.4375	0.4375	0.3125	0.40625	0.625	0.6875
	tourism	Tourism 	0.59375	0.25	0.125	0.875	0.8125	0.53125
	pharmacu	Pharmacu	0.65625	0.53125	0.375	0.46875	0.40625	0.59375
	nutrit	Nutrition	0.09375	0.8125	0.65625	0.1875	0.0625	0.09375
	mbbs	MBBS	0.375	0.875	0.25	0.8125	0.125	0.4375
	hydrocarbon	hydrocarbon	0.03125	0.03125	0.125	0.34375	0.1875	0.15625
	adpr	ADPR	0.09375	0.34375	0.65625	0.46875	0.40625	0.1875
	strategi	Strategy	0.0	0.0625	0.8125	0.25	0.25	0.0
	medic	Medical 	0.6875	0.46875	0.6875	0.6875	0.65625	0.71875
	electron	Electronics	0.96875	1.0	1.0	0.9375	0.84375	0.6875
	medic biotechnolog	medical biotechnology	0.0625	0.65625	0.40625	0.53125	0.3125	0.21875
	creativ media design	creative media design	0.0	0.0	0.34375	0.28125	0.09375	0.0625
	comput technolog	computer technology	0.6875	0.03125	0.0625	0.40625	0.3125	0.4375
	fashion design	Fashion design	0.0625	0.53125	0.5	0.75	0.5	0.09375
	medic assist	Medical Assistant	0.4375	0.875	0.125	0.875	0.875	1.0
	social pedagogi	social pedagogy	0.21875	0.53125	0.78125	0.84375	0.46875	0.25
	environment sustain	environmental sustainability 	0.1875	0.53125	0.46875	0.5625	0.65625	0.5
	organiz behavior	organizational behavior	0.46875	0.8125	0.125	0.65625	0.4375	0.4375
	pediatrit	Pediatrition	0.125	0.25	0.0625	0.09375	0.15625	0.21875
	polit	politics	0.1875	0.65625	0.78125	0.75	0.5	0.4375
	comput technolog	computer technology	0.6875	0.03125	0.09375	0.40625	0.25	0.375
	cabin crew	cabin crew	0.25	0.6875	0.875	0.875	0.875	0.8125
	hospit	hospitality	0.375	0.1875	0.125	0.0	0.6875	0.5625
	dental hygien	dental hygiene	0.0	0.125	0.03125	0.28125	0.375	0.03125
	esthet	Esthetics	0.15625	0.59375	0.71875	0.90625	0.46875	0.34375
	kinesiolog	Kinesiology	0.0	0.25	0.4375	0.78125	0.15625	0.0625
	dietet	Dietetics	0.0	0.84375	0.65625	0.875	0.15625	0.375
	graphic	graphic	0.0625	0.46875	0.65625	0.1875	0.03125	0.0
	entrepreneurship	Entrepreneurship	0.3125	0.46875	0.4375	0.46875	0.53125	0.5
	fashion merchandis	Fashion merchandising	0.25	0.28125	0.8125	0.9375	0.75	0.3125
	environ	environment	0.0	0.625	0.65625	0.625	0.15625	0.0
	bibl	Bible	0.21875	0.6875	0.625	0.84375	0.375	0.40625
	danc	dance	0.0	0.0	0.875	0.0	0.0	0.0
	food	food	0.1875	0.65625	0.46875	0.5	0.15625	0.1875
	communiti develop	Community Development	0.03125	0.34375	0.3125	0.8125	0.3125	0.09375
	medic assis	 medical assisent	0.3125	0.84375	0.15625	0.65625	0.1875	0.5
	surdolog	surdology	0.40625	0.5625	0.34375	0.59375	0.34375	0.21875
	comput	Computers	0.5	0.5625	0.34375	0.4375	0.375	0.53125
	speech patholog	Speech Pathology	0.03125	0.78125	0.90625	0.78125	0.25	0.3125
	design	design	0.03125	0.28125	0.3125	0.09375	0.0625	0.0
	eng	ENGLIS	0.0625	0.1875	0.4375	0.625	0.09375	0.09375
	design	Design	0.125	0.75	0.71875	0.28125	0.4375	0.15625
	communiti develop	Community Development	0.65625	0.71875	0.625	0.875	0.1875	0.625
	mechan	mechanical	0.71875	0.53125	0.28125	0.65625	0.3125	0.5625
	hospit	Hospitality	0.46875	0.71875	0.84375	0.96875	0.75	0.5
	hospit industri	Hospitality industry	0.21875	0.3125	0.53125	0.71875	0.53125	0.1875
	hospit	Hospitality	0.09375	0.0	0.125	0.71875	0.6875	0.0625
	film	Film	0.0	0.0	0.75	0.25	0.21875	0.28125
	design	design	0.6875	0.78125	1.0	0.84375	0.71875	0.65625
	classic	Classics	0.28125	0.65625	0.28125	0.40625	0.21875	0.3125
	ministri	ministry	0.0625	0.5	0.125	0.25	0.125	0.15625
	polit	politics	0.0625	0.625	0.78125	0.90625	0.75	0.09375
	inform technolog	Information technology	0.375	0.4375	0.21875	0.4375	0.34375	0.625
	n	N/a	0.0625	0.65625	0.46875	0.84375	0.125	0.03125
	rehabilit servic	Rehabilitation Services	0.0	0.46875	0.40625	0.90625	0.21875	0.0
	rehabilit servic	rehabilitation serviceds	0.0	0.09375	0.0	0.71875	0.25	0.1875
	rehabilit servic	rehabilitation services	0.0	0.09375	0.0	0.875	0.21875	0.125
	pharmaci	Pharmacy	0.5	0.46875	0.15625	0.5625	0.5625	0.375
	org leadership	Org Leadership	0.0625	0.46875	0.34375	0.71875	0.21875	0.0625
	medic reimburs code	 Medical Reimbursement and Coding. 	0.0625	0.125	0.125	0.375	0.46875	0.75
	reabilit	Reabilitation	0.125	0.59375	0.1875	0.84375	0.28125	0.15625
	rehabilit servic	Rehabilitation Services	0.28125	0.90625	0.40625	0.78125	0.25	0.375
	classic	classics	0.25	0.625	0.6875	0.71875	0.46875	0.28125
	communcat	communcation	0.09375	0.03125	0.6875	0.5625	0.5	0.0625
	biotechnolog engen	biotechnology engeneering	0.5625	0.78125	0.75	0.75	0.65625	0.5625
	media	Media	0.15625	0.21875	0.9375	0.9375	0.625	0.71875
	horticultur	horticulture	0.46875	0.90625	0.75	0.8125	0.53125	0.59375
	liber	liberal studies	0.375	0.6875	0.625	0.8125	0.4375	0.375
	child develop	Child Development	0.1875	0.75	0.4375	0.5	0.25	0.25
	child develop	Child Development	0.0	0.53125	0.46875	0.75	0.125	0.09375
	child develop	Child Development	0.0	0.0	0.125	0.65625	0.0	0.1875
	global	Global Studies	0.0	0.0625	0.34375	0.53125	0.125	0.34375
	languag	language	0.46875	0.59375	0.5625	0.65625	0.375	0.4375
	hospit	hospitality	0.125	0.3125	0.46875	0.53125	0.78125	0.53125
	cybersecur	Cybersecurity	0.40625	0.9375	0.8125	0.875	0.34375	0.03125
	medic reimburs	Medical Reimbursement	0.15625	0.5625	0.125	0.59375	0.40625	0.71875
	biblic	biblical studies	0.0	0.3125	0.8125	0.75	0.375	0.0625
	horticultur	horticulture	0.5625	0.96875	0.78125	0.84375	0.46875	0.90625
	horticultur	horticulture	0.625	0.75	0.6875	0.875	0.5	0.5625
	kinesolog	Kinesology	0.125	0.375	0.0	0.6875	0.0	0.0
	polit	Politics	0.09375	0.15625	0.75	0.40625	0.25	0.09375
	kinesiolog	Kinesiology	0.25	0.625	0.34375	0.65625	0.34375	0.3125
	mechan	Mechanics	0.3125	0.3125	0.25	0.15625	0.3125	0.25
	pharmaci	pharmacy	0.21875	0.6875	0.21875	0.4375	0.09375	0.34375
	med	Pre-med	0.03125	0.5	0.625	0.84375	0.59375	0.34375
	tefl	TEFL	0.5625	0.625	0.125	0.6875	0.71875	0.78125
	social	social	0.375	0.65625	0.34375	0.53125	0.3125	0.3125
	classic	Classics	0.09375	0.375	0.4375	0.78125	0.375	0.46875
	creativ write	Creative Writing	0.0	0.78125	0.625	0.34375	0.09375	0.0
	física	Física 	0.28125	0.90625	0.28125	0.65625	0.46875	0.375
	film	Film	0.25	0.53125	0.6875	0.28125	0.4375	0.21875
	design	Design	0.25	0.125	0.03125	0.0625	0.0625	0.59375
	electron	electronics	0.4375	0.28125	0.125	0.375	0.03125	0.375
	film	Film	0.3125	0.59375	0.625	0.4375	0.25	0.53125
	paraleg	paralegal	0.25	0.90625	0.875	0.84375	0.34375	0.5
	medic	medical	0.375	0.75	0.0625	0.9375	0.6875	0.9375
	environ design	Environment Design  	0.09375	0.84375	0.28125	0.4375	0.15625	0.0625
	undecid	Undecided	0.0	0.75	0.53125	0.71875	0.125	0.0625
	design	Design	0.0625	0.25	0.46875	0.46875	0.375	0.0625
	cinema tv	Cinema /TV	0.09375	0.21875	0.4375	0.3125	0.1875	0.03125
	languag	Languages	0.1875	0.4375	0.4375	0.625	0.28125	0.21875
	drama	Drama	0.09375	0.46875	0.78125	0.8125	0.28125	0.15625
	librari	library	0.5	0.5	0.5625	0.9375	0.4375	0.75
	languag	Language	0.53125	0.4375	0.65625	0.8125	0.40625	0.46875
	middl eastern	Middle Eastern Studies	0.3125	0.84375	0.875	0.6875	0.40625	0.3125
	speech patholog	Speech Pathology	0.09375	0.25	0.65625	0.78125	0.3125	0.46875
	weld	welding	0.8125	0.71875	0.28125	0.40625	0.3125	0.5
	film	Film	0.0625	0.59375	0.6875	0.53125	0.5	0.21875
	bioinformati	bioinformatis	0.0	0.71875	0.375	0.4375	0.0625	0.03125
	nil	nil	0.21875	0.5	0.875	0.75	0.625	0.3125
	inform technolog	information technology	0.125	0.71875	0.78125	0.71875	0.4375	0.25
	medic technolog	Medical technology	0.5	0.6875	0.5	0.3125	0.375	0.4375
	inform technolog	Information Technology	0.0	0.78125	0.40625	0.5625	0.375	0.21875
	idea	No idea	0.21875	0.4375	0.09375	0.5	0.25	0.03125
	aeronaut	aeronautics	0.65625	0.0625	0.25	0.53125	0.21875	0.5
	design	Design	0.3125	0.71875	0.625	0.53125	0.4375	0.46875
	aviat	Aviation	0.09375	0.71875	0.09375	0.375	0.28125	0.25
	aviat mangag	aviation mangagement	0.40625	0.375	0.28125	0.46875	0.6875	0.625
	aviat flight	Aviation Flight	0.75	0.59375	0.09375	0.34375	0.5	0.65625
	aviat	Aviation	0.5625	0.09375	0.15625	0.25	0.4375	0.375
	social antrhopolog	Social Antrhopology	0.125	0.21875	0.28125	0.4375	0.09375	0.0
	undecid	undecided	0.875	0.875	0.6875	0.75	0.6875	0.78125
	cybersecur	cybersecurity	0.75	0.875	0.78125	0.5625	0.71875	0.3125
	bioinformat	Bioinformatics	0.1875	0.90625	0.625	0.53125	0.34375	0.34375
	cybersecur	cybersecurity	0.25	0.875	0.625	0.78125	0.4375	0.21875
	immunolog	Immunology	0.15625	0.9375	0.65625	0.8125	0.375	0.25
	piano perform	Piano Performance	0.3125	0.5625	0.875	0.65625	0.46875	0.3125
	undeclar	undeclared	0.09375	0.40625	0.53125	0.46875	0.46875	0.03125
	comput	Computer 	0.5	0.25	0.34375	0.28125	0.25	0.625
	dietitian	dietitian	0.21875	0.6875	0.65625	0.53125	0.71875	0.59375
	usp	Usp	0.0	0.09375	0.0	0.5625	0.125	0.0625
	nutrit	Nutrition	0.375	0.3125	0.4375	0.875	0.65625	0.65625
	everyth	Everything	0.0	0.0	0.0	0.0	0.125	0.0
	ethnolog	ethnology	0.375	0.53125	0.09375	0.0625	0.03125	0.40625
	inform technolog	Information Technology 	0.3125	0.46875	0.3125	0.84375	0.28125	0.5625
	design	Design	0.46875	0.375	0.4375	0.5625	0.46875	0.5625
	design	Design	0.4375	0.375	0.375	0.625	0.46875	0.59375
	inform technolog	information technology	0.84375	0.75	0.1875	0.25	0.21875	0.65625
	medic lab	Medical Lab	0.34375	0.75	0.4375	0.53125	0.34375	0.625
	mis	MIS	0.5	0.4375	0.90625	1.0	0.53125	0.3125
	theater film	Theater and Film	0.125	0.40625	1.0	0.8125	0.34375	0.28125
	psi	psy	0.25	0.28125	0.28125	0.25	0.28125	0.3125
	culinari	culinary	0.6875	0.75	1.0	0.84375	0.375	0.15625
	occup therapi assist	Certified Occupational Therapy Assistant	0.125	0.375	0.0	0.90625	0.34375	0.65625
	kl	KL	0.59375	0.5	0.59375	0.53125	0.59375	0.625
	medic	medical	0.5625	0.84375	0.625	0.71875	0.4375	0.75
	comput	Computing	0.6875	0.53125	0.6875	0.65625	0.8125	0.78125
	theatr	Theatre	0.0	0.3125	0.78125	0.40625	0.0625	0.03125
	theatr	Theatre 	0.125	0.5	1.0	0.625	0.25	0.03125
	cyber secur	Cyber Security 	0.625	0.625	0.5625	0.75	0.71875	0.9375
	child care	Child care	0.46875	0.53125	0.65625	0.90625	0.46875	0.625
	kinesnolog	kinesnology 	0.15625	0.21875	0.34375	0.5	0.3125	0.34375
	learn develop	Learning Development	0.28125	0.4375	0.34375	0.84375	0.53125	0.375
	med	pre-med	0.0	0.5	0.0	0.21875	0.0	0.0
	trade cosmetolog	trade cosmetology	0.5	0.46875	0.71875	0.5625	0.3125	0.4375
	electron media product	Electronic Media Production 	0.40625	0.65625	0.5625	0.4375	0.5	0.1875
	chiropract	Chiropractic	0.03125	0.6875	0.59375	0.5	0.28125	0.15625
	comput	Computing	0.03125	0.1875	0.4375	0.09375	0.125	0.03125
	fashion merchandis	Fashion merchandising 	0.3125	0.375	0.59375	0.5	0.375	0.5
	kinesiolog	Kinesiology	0.1875	0.5	0.375	0.9375	0.6875	0.6875
	comput technolog	computer technology	0.59375	0.625	0.78125	0.65625	0.46875	0.625
	narrat	Narrative Studies	0.09375	0.75	0.8125	0.53125	0.59375	0.15625
	teacher	teacher	0.25	0.0	0.1875	0.59375	0.1875	0.15625
	pharmaci	pre-pharmacy	0.0625	0.75	0.40625	0.65625	0.34375	0.375
	athlet train	Athletic Training	0.625	0.46875	0.40625	0.40625	0.3125	0.65625
	fashion	Fashion	0.125	0.3125	0.34375	0.6875	0.40625	0.03125
	labor	Labor Studies	0.0	0.3125	0.09375	0.4375	0.125	0.34375
	electron	ELECTRONICS	0.625	0.75	0.5	0.53125	0.28125	0.59375
	media	Media	0.375	0.5625	0.59375	0.59375	0.59375	0.5
	fashion design	Fashion design	0.34375	0.28125	0.71875	0.4375	0.3125	0.1875
	earli childhood teacher	Early Childhood Teacher	0.1875	0.375	0.625	0.84375	0.3125	0.4375
	dms	dms	0.5625	0.625	0.25	0.8125	0.875	1.0
	veterinarian	veterinarian	0.46875	0.875	0.53125	0.9375	0.46875	0.40625
	kinesiolog	kinesiology 	0.0	0.3125	0.3125	0.5625	0.53125	0.5
	militari	Military	0.5	0.71875	0.40625	0.53125	0.3125	0.34375
	kinesiolog	kinesiology 	0.0625	0.28125	0.34375	0.75	0.25	0.28125
	anim	Animation	0.25	0.59375	0.5625	0.46875	0.625	0.53125
	electron	Electronics	0.53125	0.625	0.75	0.6875	0.46875	0.6875
	product design	Product design	0.46875	0.71875	0.46875	0.53125	0.3125	0.34375
	industri design	industrial design	0.46875	0.71875	0.5	0.5	0.40625	0.4375
	environ	Environment	0.5625	0.84375	0.59375	0.59375	0.34375	0.34375
	teach	Teaching	0.0	0.46875	0.4375	0.71875	0.21875	0.125
	sepedi life orient	sepedi&life orientation	0.5	0.6875	0.0625	1.0	0.4375	0.5625
	pharmaci	Pharmacy	0.0625	0.78125	0.40625	0.5	0.28125	0.15625
	aerospac avinoci	Aerospace Avinocis	0.75	0.75	0.75	0.75	0.75	0.75
	occup therapi	Occupational Therapy	0.0	0.875	0.28125	0.96875	0.40625	0.4375
	occup therapi	occupational therapy	0.0	0.46875	0.0625	0.53125	0.40625	0.28125
	jour	JOUR	0.15625	0.0625	0.4375	0.4375	0.5625	0.3125
	organiz mangement	Organizational Mangement	0.53125	0.46875	0.40625	0.5	0.65625	0.875
	product develop	product development 	0.0	0.59375	0.375	0.78125	0.8125	0.40625
	physiotherapist	Physiotherapist	0.0	0.71875	0.1875	0.71875	0.65625	0.46875
	inform technolog	Information technology 	0.8125	0.75	0.75	0.9375	0.5625	1.0
	inform technolog	IT	0.28125	0.09375	0.59375	0.3125	0.3125	0.5
	ir	IR	0.46875	0.625	0.5625	0.65625	0.375	0.375
	inform technolog	information technology	0.53125	0.5625	0.53125	0.6875	0.59375	0.5
	srt	Srt	0.34375	0.6875	0.6875	0.53125	0.09375	0.03125
	templar train	Templar training	0.5625	0.34375	0.25	0.21875	0.40625	0.65625
	program	Programming	0.5	0.0625	0.09375	0.03125	0.21875	0.5
	inform technolog	IT	0.125	0.4375	0.09375	0.25	0.25	0.28125
	knowledg integr	Knowledge Integration	0.09375	0.75	0.8125	0.40625	0.1875	0.0
	typographi	Typography	0.75	0.65625	0.34375	0.1875	0.125	0.3125
	drama	Drama	0.03125	0.3125	0.75	0.40625	0.03125	0.03125
	theatr	Theatre	0.0	0.3125	0.4375	0.46875	0.125	0.0
	thretr	Thretre	0.125	0.1875	0.9375	0.625	0.5	0.125
	pharmaci	Pharmacy 	0.125	0.46875	0.25	0.25	0.125	0.28125
	electron	electronic	0.71875	0.125	0.4375	0.4375	0.78125	0.875
	teach	teaching	0.25	0.8125	0.9375	0.84375	0.25	0.25
	geodesi	geodesy	0.3125	0.8125	0.8125	0.3125	0.21875	0.40625
	comput	Computer	0.09375	0.78125	0.625	0.09375	0.34375	0.0625
	inform technolog	it	0.375	0.65625	0.53125	0.71875	0.21875	0.3125
	american	American Studies	0.1875	0.6875	0.75	0.6875	0.25	0.28125
	undecid	Undecided	0.125	0.28125	0.0	0.5	0.34375	0.21875
	environ	environment	0.0625	0.375	0.5625	1.0	0.875	0.5
	multimedia	Multimedia	0.21875	0.75	0.84375	0.75	0.34375	0.53125
	occup therapi	Occupational Therapy	0.15625	0.59375	0.53125	1.0	0.40625	0.03125
	philolog	philology	0.125	0.1875	0.625	0.5	0.28125	0.09375
	program	Programming	0.8125	0.625	0.6875	0.3125	0.5	0.5625
	dietet	Dietetic	0.3125	0.1875	0.1875	0.59375	0.71875	0.625
	design	Design	0.4375	0.8125	0.6875	0.3125	0.65625	0.65625
	nutrit	Nutrition	0.0	0.8125	0.5	0.59375	0.0625	0.0625
	liber	liberal studies	0.0625	0.28125	0.6875	0.625	0.375	0.1875
	marin	Marine	0.125	0.125	0.03125	0.09375	0.0	0.75
	electr	Electrical 	0.46875	0.5	0.5	0.78125	0.75	0.75
	aviat	aviation	0.5625	0.625	0.1875	0.03125	0.5	0.25
	ece	ece	0.0	0.0	0.34375	0.5625	0.28125	0.0
	tourism	tourism	0.0	0.78125	0.25	0.75	0.34375	0.0625
	undecid	undecided	0.0625	0.375	0.71875	0.3125	0.5625	0.40625
	comput	Computers	0.375	0.59375	0.5	0.78125	0.53125	0.5625
	energi	Energy	0.5625	0.875	0.71875	0.0625	0.5625	0.375
	media studi	media study	0.3125	0.59375	0.71875	0.65625	0.5625	0.40625
	kinesiolog	Kinesiology	0.34375	0.4375	0.40625	0.59375	0.125	0.4375
	foundat asasipintar	FOUNDATION ASASIPINTAR	0.78125	0.9375	0.5625	0.46875	0.625	0.65625
	marriag famili therapist	Marriage and Family therapist	0.3125	0.125	0.5	0.9375	0.84375	0.84375
	earli childhood develop	Early Childhood Development	0.625	0.78125	0.5625	0.71875	0.4375	0.625
	robot	robotic	0.46875	0.21875	0.15625	0.25	0.15625	0.34375
	european	european studies	0.15625	0.625	0.21875	0.21875	0.625	0.34375
	doctor	Doctor	0.46875	0.59375	0.625	0.71875	0.5625	0.5
	btech	b.tech	0.5625	0.4375	0.4375	0.96875	0.78125	0.8125
	medic assist	medical assistant 	0.0625	0.0625	0.0625	0.125	0.1875	0.28125
	polit	Politics	0.46875	0.75	0.3125	0.09375	0.28125	0.375
	anatomi	Anatomy	0.125	0.78125	0.34375	0.34375	0.09375	0.65625
	illustr	illustration	0.125	0.125	0.5625	0.0625	0.0	0.3125
	safeti	safety	0.3125	0.25	0.09375	0.59375	0.6875	0.875
	program	Programming	0.34375	0.5625	0.5625	0.28125	0.0625	0.28125
	vocal perform	Vocal Performance	0.125	0.40625	0.90625	0.65625	0.5625	0.28125
	medic bill	medical billing	0.46875	0.46875	0.34375	0.6875	0.625	0.75
	mrc	mrc	0.84375	0.75	0.65625	0.90625	0.65625	0.59375
	medic assist	Medical Assisting	0.125	0.6875	0.1875	1.0	0.3125	0.5
	broadcast technolog	Broadcast technology	0.4375	0.75	0.75	0.875	0.1875	0.0625
	film school	film school	0.0	0.25	0.875	0.25	0.09375	0.0
	violin perform	violin performance	0.5625	0.96875	0.78125	0.65625	0.03125	0.34375
	real estat commerc	real estate and commerce 	0.28125	0.03125	0.34375	0.5625	0.625	0.59375
	vet	Vet	0.34375	0.53125	0.34375	0.1875	0.46875	0.15625
	pharmaci	Pharmacy	0.25	0.78125	0.15625	0.4375	0.1875	0.3125
	american	American Studies	0.0625	0.71875	0.71875	0.21875	0.28125	0.3125
	dental hygien	dental hygiene	0.21875	0.28125	0.0	0.0	0.0	0.0
	pharmaci	pharmacy	0.375	0.71875	0.3125	0.53125	0.21875	0.21875
	fashion merchandis	fashion merchandising	0.0625	0.125	0.3125	0.53125	0.1875	0.125
	tourism	TOURISM	0.4375	0.625	0.71875	0.84375	0.5	0.5
	doctor	Doctor	0.4375	0.71875	0.78125	0.65625	0.53125	0.40625
	geophys	Geophysics	0.125	0.28125	0.09375	0.25	0.15625	0.6875
	electron	Electronics	0.5	0.25	0.75	0.75	0.6875	0.875
	anthro	Anthro	0.34375	0.78125	0.40625	0.59375	0.375	0.53125
	enviro	Enviroment	0.3125	0.59375	0.125	0.28125	0.15625	0.34375
	physiotherapi	Physiotherapy	0.1875	0.78125	0.65625	0.5625	0.0625	0.0625
	social develop	social development	0.6875	0.875	0.71875	0.6875	0.71875	0.6875
	occup therapi	Occupational Therapy	0.21875	0.75	0.53125	0.8125	0.65625	0.1875
	medic	medical	0.15625	0.9375	0.71875	0.65625	0.40625	0.3125
	medic	Medical	0.21875	0.59375	0.28125	0.71875	0.25	0.21875
	translat	Translation	0.0625	0.5625	0.59375	0.75	0.34375	0.0
	engneer	engneering	0.5625	0.53125	0.8125	0.625	0.5625	0.8125
	tourism	TOURISM	0.1875	0.40625	0.46875	0.5	0.5	0.25
	compur	Compuring	0.28125	0.4375	0.71875	0.40625	0.5	0.3125
	design	Design	0.46875	0.5625	0.65625	0.8125	0.5625	0.28125
	network	Networking	0.28125	0.625	0.5	0.09375	0.125	0.28125
	medic transcript	Medical Transcription	0.0	0.1875	0.375	0.0625	0.0	0.0625
	pharmaci	Pharmacy	0.125	0.9375	0.25	0.78125	0.8125	0.53125
	film	film	0.21875	0.15625	0.9375	0.6875	0.34375	0.0625
	inform technolog	it	0.375	0.46875	0.75	0.78125	0.28125	0.125
	bis	bisness	0.71875	0.875	0.6875	0.78125	0.625	0.65625
	film tv	Film and TV	0.21875	0.5	0.5625	0.375	0.03125	0.15625
	athlet train	Athletic Training	0.15625	0.28125	0.28125	0.59375	0.21875	0.46875
	dental hygien	dental hygiene	0.125	0.53125	0.3125	0.625	0.375	0.34375
	nutrit	Nutrition 	0.125	0.6875	0.5625	0.75	0.34375	0.28125
	medic	Medic	0.21875	0.84375	0.28125	0.53125	0.125	0.25
	design	Design	0.40625	0.625	0.75	0.625	0.25	0.28125
	nutrit	Nutrition	0.125	0.53125	0.4375	0.46875	0.375	0.125
	medic assist	Medical Assisting	0.09375	0.84375	0.25	0.90625	0.21875	0.21875
	design merchandis	Design and Merchandising	0.5	0.53125	0.4375	0.6875	0.625	0.46875
	creativ write	Creative Writing	0.0	0.28125	0.5	0.21875	0.0	0.0
	comput	computing	0.375	0.375	0.25	0.25	0.3125	0.5625
	medic	medical	0.125	0.90625	0.25	0.75	0.0	0.1875
	logist	logistics	0.3125	0.0625	0.125	0.34375	0.5	0.5625
	pharmaci	Pharmacy	0.46875	0.78125	0.34375	0.71875	0.84375	0.75
	inform technolog	Information Technology	0.1875	0.28125	0.1875	0.75	0.53125	0.75
	pharmaci	Pharmacy	0.15625	0.6875	0.4375	0.75	0.375	0.59375
	kinesiolog	Kinesiology	0.53125	0.21875	0.40625	0.4375	0.1875	0.0
	veternari	veternary	0.1875	0.5	0.0	0.21875	0.375	0.34375
	aviaton	Aviaton	0.09375	0.28125	0.0	0.0	0.0625	0.125
	beautit	BEAUTITION 	0.25	0.40625	0.375	0.4375	0.59375	0.4375
	teacher	teacher 	0.5	0.40625	0.59375	0.75	0.71875	0.5625
	town plan	TOWN PLANNING	0.5	0.28125	0.625	0.65625	0.78125	0.65625
	global affair	Global Affairs	0.1875	0.59375	0.65625	0.5625	0.15625	0.09375
	nil	nil	0.1875	0.28125	0.5	0.6875	0.65625	0.3125
	inform technolog	IT	0.34375	0.03125	0.25	0.5625	0.46875	0.53125
	undecid	Undecided 	0.21875	0.5	0.5625	0.53125	0.40625	0.21875
	theatr	Theatre studies	0.15625	0.4375	0.84375	0.875	0.4375	0.125
	electron media	Electronic Media 	0.34375	0.59375	0.625	0.5625	0.3125	0.25
	consum apparel retail	Consumer Apparel and Retail Studies	0.0	0.0625	0.40625	0.65625	0.5	0.1875
	ethnic	Ethnic Studies	0.09375	0.625	0.75	0.71875	0.5	0.25
	photojourn	Photojournalism 	0.5625	0.9375	0.53125	0.5	0.5	0.28125
	design	Design	0.0	0.0	0.46875	0.125	0.5	0.0
	com	coms	0.0	0.0	0.25	0.625	0.0625	0.34375
	design	design	0.25	0.25	0.34375	0.625	0.5625	0.125
	drama	Drama	0.0	0.25	0.40625	0.21875	0.0	0.0
	med consid chang	Pre-med, considering change	0.1875	0.59375	0.625	0.1875	0.46875	0.09375
	hotel oper	Hotel operations	0.375	0.375	0.4375	0.71875	0.625	0.34375
	athlet train	athletic training	0.1875	0.59375	0.09375	0.6875	0.09375	0.40625
	polit	Politics	0.4375	0.8125	0.75	0.625	0.5	0.34375
	homesci	homescience	0.53125	0.65625	0.71875	0.75	0.6875	0.53125
	comput	Computing	0.375	0.75	0.375	0.8125	0.46875	0.34375
	biotech	Biotech	0.0625	0.96875	0.8125	0.59375	0.1875	0.0625
	islam bank	islamic banking	0.40625	0.40625	0.5625	0.53125	0.5625	0.65625
	na	N.A.	0.09375	0.78125	0.625	0.25	0.28125	0.34375
	aviat	Aviation	0.5	0.1875	0.34375	0.75	0.78125	0.125
	aviat	Aviation	0.71875	0.625	0.71875	0.90625	0.59375	0.65625
	bank	Banking	0.15625	0.125	0.125	0.3125	0.25	0.40625
	electron	Electronics	0.53125	0.21875	0.21875	0.25	0.09375	0.21875
	multimedia comput	multimedia computing	0.28125	0.4375	0.75	0.53125	0.5	0.1875
	inform technolog	Information Tech	0.9375	0.59375	0.6875	0.25	0.4375	0.5625
	classic	Classics	0.15625	0.375	0.75	0.40625	0.15625	0.1875
	comput	Computer	0.125	0.15625	0.4375	0.5	0.46875	0.125
	film	Film	0.0	0.0	0.34375	0.03125	0.0	0.0
	medic assist	Medical Assisting	0.40625	0.59375	0.5625	0.65625	0.125	0.40625
	teach	teaching	0.21875	0.1875	0.1875	0.8125	0.46875	0.4375
	medic assist	Medical Assisting	0.25	0.75	0.625	0.6875	0.25	0.375
	inform tecnolog	Information Tecnology	0.65625	0.96875	1.0	0.8125	0.40625	0.28125
	electron	electronics	0.0625	0.09375	0.59375	0.25	0.1875	0.1875
	languag	language 	0.53125	0.8125	0.4375	0.59375	0.5	0.5
	med	Pre-med	0.21875	0.8125	0.65625	0.625	0.34375	0.25
	film	Film	0.03125	0.5	0.9375	0.71875	0.5625	0.09375
	medic assist	Medical Assistant	0.3125	0.625	0.28125	0.625	0.4375	0.5
	environment	environmental studies	0.65625	0.78125	0.5625	0.4375	0.625	0.46875
	social	social studies	0.1875	0.0625	0.125	0.125	0.375	0.3125
	ece	ECE	0.15625	0.5625	0.46875	0.90625	0.90625	0.78125
	comput support	computer support	0.53125	0.46875	0.53125	0.5625	0.59375	0.6875
	na	na	0.25	0.625	0.4375	0.8125	0.25	0.75
	tech	teching	0.625	0.71875	0.46875	0.625	0.53125	0.40625
	midwiferi	Midwifery	0.1875	0.78125	0.59375	0.8125	0.46875	0.375
	emerg servic	emergency services 	0.1875	0.5	0.375	0.5625	0.28125	0.15625
	respiratori therapi	Respiratory therapy	0.25	0.59375	0.3125	0.59375	0.28125	0.28125
	crime scene invetig	Crime Scene Invetigating	0.5	0.8125	0.625	0.59375	0.5	0.5
	medic assist	Medical Assisting	0.46875	1.0	1.0	0.96875	0.8125	0.25
	film	Film	0.0	0.5625	0.65625	0.4375	0.375	0.34375
	histor polit studi	Historical and Political Studi	0.0625	0.125	0.4375	0.8125	0.4375	0.0
	anim care	Animal care	0.1875	0.875	0.65625	0.71875	0.375	0.1875
	electron	electronics	0.3125	0.40625	0.75	0.96875	0.40625	0.5625
	nutrit	nutrition	0.125	0.375	0.125	0.78125	0.4375	0.34375
	nil	NIL	0.125	0.6875	0.65625	0.59375	0.3125	0.21875
	aviat	Aviation	0.40625	0.15625	0.1875	0.59375	0.3125	0.25
	profession	professional 	0.25	0.03125	0.5	0.84375	0.59375	0.21875
	teach	teaching	0.25	0.375	0.375	0.71875	0.375	0.375
	dentistri	dentistry	0.75	0.75	0.375	0.5	0.53125	0.75
	undecid	undecided	0.0625	0.21875	0.0625	0.0625	0.3125	0.125
	buis	Buisness	0.53125	0.375	0.375	0.6875	0.21875	0.15625
	ðäàíñ§	ÐÄÀíÑ§	0.59375	0.90625	0.6875	0.6875	0.59375	0.59375
	nutritionist	nutritionist	0.15625	0.8125	0.46875	0.4375	0.25	0.34375
	medic	medic	0.1875	0.65625	0.15625	0.21875	0.3125	0.1875
	cook	cook	0.59375	0.8125	0.59375	0.5	0.5625	0.34375
	anim	Animation	0.1875	0.8125	0.78125	0.40625	0.40625	0.0625
	youth develop	youth development	0.09375	0.875	0.40625	0.5625	0.1875	0.0
	medic assist	Medical Assisting	0.53125	0.71875	0.375	0.75	0.71875	0.75
	pharmaci technician	Pharmacy technician	0.5625	0.6875	0.21875	0.84375	0.1875	0.6875
	paraleg	Paralegal Studies	0.0625	0.3125	0.3125	0.5625	0.40625	0.6875
	p	p	0.0625	0.375	0.40625	0.59375	0.4375	0.21875
	comput	Computer	0.96875	1.0	0.8125	0.875	0.65625	0.96875
	microfin	Microfinance	0.34375	0.4375	0.5	0.5	0.65625	0.875
	web research	web research	0.84375	0.8125	0.75	1.0	0.90625	1.0
	eng	englis	0.5625	0.6875	0.65625	0.84375	0.8125	0.625
	hdfs	HDFS	0.09375	0.34375	0.5	0.53125	0.15625	0.0
	theater	Theater	0.03125	0.40625	0.6875	0.25	0.34375	0.0625
	informat multimedia technolog	Informatics and Multimedia Technology	0.25	0.5	0.5625	0.6875	0.59375	0.625
	buis	Buisness	0.4375	0.5	0.71875	0.625	0.5625	0.53125
	cyber secur	Cyber Security	0.28125	0.53125	0.21875	0.5625	0.1875	0.5625
	ota	OTA	0.375	0.71875	0.78125	0.78125	0.34375	0.375
	ota	OTA	0.34375	0.8125	0.8125	0.875	0.34375	0.375
	cyber forens	Cyber Forensics	0.59375	0.8125	1.0	0.75	0.0625	0.25
	ota	OTA	0.1875	0.71875	0.84375	0.875	0.15625	0.15625
	organiz develop	Organizational Development	0.15625	0.4375	0.125	0.3125	0.0	0.03125
	good	Good	0.09375	0.09375	0.15625	0.59375	0.5	0.375
	pharmaci practic pscholog	pharmacy practice/pschology	0.09375	0.5	0.375	0.84375	0.09375	0.3125
	tourism	Tourism	0.5625	0.3125	0.75	0.9375	0.8125	0.6875
	tourism	Tourism	0.5	0.8125	0.8125	0.875	0.75	0.625
	draft technolog	drafting technology	0.4375	0.375	0.5	0.71875	0.4375	0.28125
	btte garment fashion design	BTTE-GARMENTS FASHION AND DESIGN	0.40625	0.34375	0.3125	0.71875	0.4375	0.46875
	pharmaci	Pharmacy	0.3125	0.59375	0.28125	0.46875	0.40625	0.25
	anim	Animation	0.4375	0.6875	0.625	0.3125	0.0625	0.25
	medic	medical	0.25	0.34375	0.1875	0.25	0.25	0.375
	horticultur	horticulture	0.1875	0.84375	0.3125	0.6875	0.21875	0.3125
	kinesiolog	kinesiology	0.21875	0.3125	0.09375	0.71875	0.21875	0.28125
	medic technolog	Medical Technology	0.375	0.875	0.625	0.4375	0.3125	0.5
	psycholgoy	Psycholgoy	0.125	0.5	0.6875	0.6875	0.46875	0.46875
	fashion design	Fashion Design	0.0625	0.1875	0.5625	0.21875	0.71875	0.0625
	vocat	Vocational	0.53125	0.53125	1.0	0.96875	0.46875	0.5
	paraleg	paralegal	0.1875	0.53125	0.1875	0.5	0.40625	0.59375
	polit	Politics	0.0	0.5	0.4375	0.40625	0.21875	0.21875
	medic	medical	0.375	0.25	0.0625	0.3125	0.0	0.4375
	pharmaci	Pharmacy	0.03125	0.21875	0.03125	0.03125	0.0625	0.25
	kinesiolog	kinesiology	0.21875	0.90625	0.4375	0.9375	0.375	0.375
	cyber secur	Cyber Security	0.5	0.40625	0.78125	0.78125	0.78125	0.59375
	inform technolog	IT	0.53125	0.59375	0.5625	0.75	0.46875	0.78125
	multimedia	Multimedia	0.125	0.09375	0.34375	0.4375	0.5625	0.59375
	culinari	culinary	0.25	0.59375	0.5	0.78125	0.5625	0.40625
	homeland secur	Homeland Security	0.5	0.4375	0.71875	0.8125	0.53125	0.34375
	spatial plane	spatial planing	0.78125	0.75	0.875	0.84375	0.8125	0.6875
	fashion	Fashion	0.0625	0.0625	0.40625	0.4375	0.5	0.0
	horticultur	Horticulture 	0.0	0.5	0.1875	0.34375	0.09375	0.34375
	christian ministri	Christian Ministries	0.03125	0.25	0.5625	0.71875	0.625	0.375
	design	design	0.4375	0.75	0.78125	0.6875	0.59375	0.3125
	biomed	biomed	0.15625	0.75	0.625	0.4375	0.6875	0.03125
	anim	Animation	0.0	0.28125	0.90625	0.75	0.28125	0.09375
	languag	Languages	0.0	0.4375	0.09375	0.34375	0.34375	0.46875
	buss	bussness	0.40625	0.125	0.75	0.625	0.90625	0.5625
	polit	Politics	0.0	0.25	0.09375	0.46875	0.3125	0.0625
	nutrit	Nutrition	0.1875	0.625	0.25	0.9375	0.5	0.375
	athlet train	Athletic Training 	0.5625	0.375	0.125	0.46875	0.375	0.34375
	dental hygien	Dental hygiene	0.15625	0.46875	0.40625	0.46875	0.21875	0.25
	child develop	Child Development	0.09375	0.75	0.65625	0.71875	0.15625	0.03125
	anim care	animal care	0.125	0.53125	0.40625	0.4375	0.25	0.03125
	child develop famili	Child Development Family Studies	0.34375	0.4375	0.46875	0.75	0.71875	0.15625
	derecho	DERECHO	0.28125	0.53125	0.6875	0.625	0.75	0.625
	fashion merchandis	Fashion Merchandising 	0.1875	0.28125	0.375	0.5625	0.625	0.65625
	undecid graduat	Undecided, have not yet graduated	0.1875	0.625	0.59375	0.9375	0.59375	0.5
	sustain	Sustainability	0.03125	0.53125	0.53125	0.25	0.0	0.15625
	assciat	Assciate Degree	0.0625	0.4375	0.0	0.4375	0.09375	0.375
	labor relat	Labor relations	0.03125	0.4375	0.5625	0.6875	0.53125	0.15625
	film	Film	0.25	0.25	0.71875	0.5	0.1875	0.15625
	polit	Politics	0.0	1.0	0.875	0.625	0.5	0.0
	culinari skill	culinary skills	0.1875	0.71875	0.03125	0.84375	0.15625	0.4375
	inform technolog	IT	0.59375	0.5625	0.5625	0.28125	0.34375	0.25
	comput	computer	0.75	1.0	0.75	1.0	0.75	0.75
	attend	Did not attend	0.6875	0.71875	0.46875	0.71875	0.34375	0.1875
	dietet	dietetics	0.03125	0.5625	0.1875	0.28125	0.0625	0.0
	doctor	Doctor	0.375	0.4375	0.625	0.6875	0.21875	0.40625
	robot	robotics	0.375	0.5625	0.3125	0.46875	0.625	0.46875
	fire technolog	Fire Technology	0.25	0.09375	0.15625	0.21875	0.1875	0.09375
	comput	Computers	0.3125	0.6875	0.25	0.1875	0.21875	0.40625
	doctor	doctor	0.6875	0.90625	0.5	0.6875	0.53125	0.6875
	actuari	Actuarial	0.5625	0.21875	0.375	0.3125	0.4375	0.5625
	anatomi	Anatomy	0.25	1.0	0.40625	0.625	0.25	0.59375
	investig forensicss	Investigative Forensicss	0.25	0.40625	0.34375	0.78125	0.625	0.90625
	bioinformat	Bioinformatics	0.53125	0.4375	0.5625	0.65625	0.5625	0.75
	clinic research	Clinical research	0.59375	0.75	0.875	0.625	1.0	0.75
	eh asistido	No eh asistido	0.65625	0.46875	0.53125	0.625	0.5	0.40625
	inform technolog	IT	0.6875	0.71875	0.75	0.53125	0.6875	0.84375
	inform technolog	IT	0.53125	0.3125	0.6875	0.71875	0.59375	0.5625
	design	Design	0.25	0.34375	0.4375	0.875	0.5	0.125
	cultur	culture	0.0625	0.34375	0.71875	0.34375	0.1875	0.125
	hrwd	HRWD	0.28125	0.125	0.125	0.71875	0.5	0.71875
	radio televison film	Radio, Televison and Film	0.375	0.59375	1.0	0.5	0.25	0.03125
	fashion design	fashion design	0.3125	0.40625	0.90625	0.6875	0.75	0.34375
	buis	buisness	0.40625	0.40625	0.40625	0.28125	0.15625	0.0625
	cosmetolog	cosmetology	0.125	0.28125	0.09375	0.5	0.53125	0.21875
	famili	Family Studies	0.15625	0.65625	0.71875	0.65625	0.375	0.15625
	broadcast	Broadcasting	0.0	0.0625	0.9375	0.71875	0.25	0.0
	mangement	mangement	0.3125	0.90625	0.53125	1.0	0.71875	1.0
	film tv	Film and TV	0.4375	0.8125	0.8125	0.65625	0.4375	0.34375
	kinesiolog	kinesiology	0.125	0.59375	0.34375	0.65625	0.40625	0.21875
	na	Na	0.375	0.28125	0.46875	0.4375	0.25	0.15625
	palaeontolog	palaeontology	0.09375	0.84375	0.21875	0.0625	0.0625	0.46875
	design	Design	0.46875	0.65625	0.21875	0.1875	0.1875	0.625
	sign languag interpret	Sign Language Interpreter	0.03125	0.1875	0.03125	0.75	0.0625	0.0
	crj	CRJ	0.15625	0.84375	0.625	0.96875	0.6875	0.4375
	teach	teaching	0.65625	0.0625	0.125	0.25	0.09375	0.875
	instrument electron	instrumentation &  Electronics 	0.625	0.53125	0.46875	0.78125	0.5625	0.78125
	broadcast cinema	Broadcast Cinema 	0.125	0.09375	0.625	0.15625	0.15625	0.15625
	dietet	dietetics 	0.46875	0.375	0.34375	0.625	0.25	0.25
	broadcast cinema	Broadcast Cinema	0.34375	0.4375	0.90625	0.6875	0.6875	0.09375
	dietet	Dietetics	0.1875	0.46875	0.34375	0.40625	0.375	0.1875
	dietet	Dietetics	0.0	0.3125	0.0	0.5625	0.125	0.125
	p	P	0.5	0.625	0.46875	0.625	0.34375	0.3125
	hydrologu	hydrologu 	0.21875	0.78125	0.15625	0.0625	0.15625	0.6875
	kinesiolog	Kinesiology	0.4375	0.5	0.625	0.84375	0.375	0.6875
	famili	Family Studies	0.46875	0.46875	0.375	0.65625	0.3125	0.875
	safeti	SAFETY	0.375	0.75	0.0	0.75	0.3125	0.1875
	broadcast cinema	Broadcast Cinema	0.0625	0.0625	0.5	0.0625	0.09375	0.03125
	buis	Buisness	0.0625	0.125	0.0	0.34375	0.28125	0.375
	buis	Buisness	0.0	0.125	0.0	0.28125	0.25	0.40625
	languag skill	Language skills 	0.28125	0.46875	0.28125	0.8125	0.25	0.34375
	broadcast cinema	Broadcast Cinema 	0.0625	0.125	0.65625	0.09375	0.0	0.0
	buis	Buisness	0.0625	0.0	0.0	0.21875	0.5	0.5625
	nure	Nuring	0.1875	0.53125	0.0	0.75	0.4375	0.75
	adminstr secretari	Adminstrative Secretarial	0.3125	0.375	0.46875	0.8125	0.8125	0.5
	digit forens	Digital Forensics	0.28125	0.5625	0.71875	0.84375	0.34375	0.3125
	dietet	Dietetics	0.25	0.6875	0.96875	0.6875	0.65625	0.125
	kinesiolog	Kinesiology	0.0	0.21875	0.65625	0.6875	0.3125	0.0625
	raidolog	Raidology	0.0	0.25	0.0	0.0	0.0625	0.0
	nutrit	nutrition	0.125	0.28125	0.34375	0.9375	0.6875	0.375
	program	Programming	0.40625	0.53125	0.59375	0.125	0.375	0.4375
	justic polici	Justice & Policy Studies	0.09375	0.40625	0.0	0.375	0.28125	0.5
	psi	PSY	0.125	0.3125	0.46875	0.75	0.34375	0.46875
	interior deesign	interior deesign	0.03125	0.28125	0.09375	0.84375	0.4375	0.46875
	go colleg	going to college	0.46875	0.53125	0.71875	0.4375	0.53125	0.53125
	kinesiolog	Kinesiology	0.125	0.6875	0.65625	0.9375	0.625	0.34375
	dietet	Dietetics 	0.15625	0.53125	0.0	0.28125	0.0625	0.34375
	dietet	dietetics	0.0	0.84375	0.0	0.28125	0.15625	0.0
	medic	Medical	0.25	0.625	0.4375	0.59375	0.375	0.34375
	physiotherapi	physiotherapy	0.0625	0.5	0.25	0.3125	0.375	0.25
	inform technolog	Information technology	0.875	0.40625	0.3125	0.5625	0.71875	0.59375
	hospit	hospitality	0.28125	0.84375	0.3125	1.0	0.71875	0.625
	medhic	Medhical	0.3125	0.78125	0.40625	0.6875	0.375	0.5
	asian	Asian studies	0.5625	0.625	0.875	1.0	0.8125	0.78125
	radio telivis	Radio and Telivision	0.25	0.40625	0.8125	0.3125	0.40625	0.3125
	nutrit	nutrition	0.0625	0.5625	0.59375	0.78125	0.0	0.09375
	dietet	Dietetics	0.0	0.28125	0.46875	0.65625	0.21875	0.09375
	technolog	Technology	0.4375	0.71875	0.65625	0.40625	0.34375	0.09375
	tourism	Tourism	0.21875	0.34375	0.40625	0.625	0.59375	0.4375
	informat	Informatics	0.71875	0.875	0.3125	0.5625	0.6875	0.78125
	heavi diesel technolog	heavy diesel tech 	0.78125	0.625	0.4375	0.46875	0.5	0.5625
	sonographi	sonography	0.40625	0.78125	0.34375	0.9375	0.8125	0.9375
	pyschol sicienc	pyschol sicience	0.6875	0.375	0.21875	0.90625	0.875	0.90625
	nutrit	Nutrition	0.3125	0.65625	0.46875	0.59375	0.21875	0.46875
	media	Media	0.1875	0.65625	0.8125	0.75	0.53125	0.0625
	record industri	Recording Industry	0.0	0.4375	0.5625	0.59375	0.21875	0.1875
	inform technolog	Information Technology	0.25	1.0	0.375	0.15625	0.25	0.75
	undecid	undecided	0.375	0.125	0.40625	0.28125	0.25	0.3125
	diesel	 diesel	0.40625	0.3125	0.125	0.40625	0.125	0.125
	rehabilit servic	rehabilitative services	0.0	0.59375	0.15625	0.78125	0.21875	0.0
	undecid	Undecided	0.375	0.5625	0.5625	0.46875	0.5625	0.46875
	electrica electron	Electricaal and Electronics	0.84375	0.59375	0.46875	0.78125	0.53125	0.71875
	comput aid draft	Computer aided drafting	0.28125	0.09375	0.15625	0.375	0.0625	0.28125
	game develop	Game Development	0.03125	0.09375	0.28125	0.0	0.0	0.03125
	food technolog	Food Technology	0.4375	0.78125	0.5625	0.6875	0.40625	0.46875
	child youth care	Child & youth care 	0.09375	0.40625	0.40625	0.8125	0.25	0.28125
	mangement	Mangement	0.09375	0.25	0.8125	0.34375	0.59375	0.53125
	pharmaci	Pharmacy 	0.25	0.6875	0.53125	0.34375	0.5	0.3125
	comput technolog	Computer Technology	0.6875	0.40625	0.21875	0.4375	0.3125	0.28125
	dietet technolog	dietetic technology	0.0	0.8125	0.25	0.65625	0.15625	0.1875
	comput	Computer studies	0.5	0.625	0.625	0.78125	0.6875	0.46875
	film video	Film & Video	0.15625	0.46875	0.25	0.40625	0.15625	0.0625
	hospit	Hospitality 	0.1875	0.375	0.375	0.53125	0.65625	0.625
	medic school	medical school	0.375	0.40625	0.46875	0.5625	0.65625	0.34375
	game design	Game Design	0.5	0.75	0.71875	0.71875	0.40625	0.40625
	medic	Medical	0.5625	0.65625	0.4375	0.75	0.59375	0.46875
	still enrol	Still enrolled in University 	0.0	0.875	0.0	0.5625	0.3125	0.0625
	earli childhood develop	Early Childhood Development	0.84375	0.40625	0.75	0.84375	0.8125	0.5
	theatr	theatre	0.0	0.0625	0.6875	0.8125	0.5625	0.40625
	inform technolog	IT	0.5	0.75	0.78125	0.625	0.40625	0.25
	labor employ relat	Labor and Employment Relations	0.0	0.0625	0.0	0.15625	0.3125	0.0625
	cj	CJ	0.0	0.0	0.3125	0.53125	0.0	0.0
	colleg	college	0.5	0.5	0.5	0.5	0.5	0.5
	comput forens	Computer Forensics 	0.75	0.71875	0.6875	0.75	0.71875	0.75
	radiolog	RADIOLOGY	0.125	0.65625	0.6875	0.78125	0.625	0.21875
	dietet	Dietetics	0.0	0.0625	0.0	0.625	0.0625	0.3125
	undecid	undecided	0.34375	0.53125	0.59375	0.6875	0.5625	0.46875
	career develop	career development	0.125	0.78125	0.65625	0.65625	0.40625	0.15625
	ca	CA	0.625	0.8125	0.625	0.5	0.75	0.71875
	technolog	Technology	0.4375	0.3125	0.5625	0.71875	0.4375	0.8125
	gymnast	gymnastics	0.125	0.125	0.1875	1.0	0.78125	0.25
	dietet	Dietetics	0.25	0.75	0.625	0.71875	0.4375	0.21875
	dietet	Dietetics	0.1875	0.78125	0.34375	0.875	0.25	0.09375
	medic school	Medical School	0.625	0.75	0.8125	0.65625	0.5625	0.53125
	anesthesiolog	Anesthesiology	0.375	0.875	0.34375	0.78125	0.5625	0.78125
	urban plan	Urban Planning	0.15625	0.65625	0.34375	0.875	0.625	0.71875
	undecid	undecided	0.15625	0.6875	0.25	0.28125	0.1875	0.25
	ler	LER	0.09375	0.28125	0.1875	0.78125	0.84375	0.15625
	anesthesiolog	Anesthesiology	0.125	0.8125	0.21875	0.75	0.3125	0.65625
	video audio product	Video Audio Production	0.09375	0.1875	0.5	0.21875	0.1875	0.3125
	perform	Performance Studies	0.125	0.5	0.9375	0.8125	0.5625	0.46875
	undeclar	undeclared	0.03125	0.25	0.28125	0.875	0.15625	0.0
	automot restor	automotive restoration	0.5	0.4375	0.625	0.5	0.21875	0.1875
	medic assist	Medical Assistant	0.0	0.25	0.0	0.3125	0.0	0.0
	product design	Product Design	0.53125	0.625	0.8125	0.71875	0.34375	0.15625
	optometri	Optometry	0.5	0.9375	0.6875	0.9375	0.6875	0.53125
	culinari	culinary	0.28125	0.71875	0.3125	0.53125	0.375	0.40625
	med	Pre med major	0.0	0.625	0.46875	0.65625	0.25	0.375
	informat	Informatics	0.125	0.75	0.5625	0.5625	0.5625	0.3125
	conflict analysi resolut	Conflict analysis and resolution	0.46875	0.78125	0.78125	0.8125	0.53125	0.375
	labor employ relat	Labor and Employment Relations	0.21875	0.46875	0.875	0.4375	0.40625	0.46875
	teach	Teaching	0.0	0.0625	0.375	0.40625	0.0	0.0625
	informat	Informatics	0.4375	0.59375	0.625	0.8125	0.46875	0.65625
	medic research	medical researcher	0.53125	0.75	0.375	0.75	0.46875	0.4375
	undecid	undecided	0.28125	0.75	0.5	0.0	0.1875	0.65625
	one	dont have one	0.0	0.0	0.09375	0.0	0.0	0.0
	automot mechan	automotive mechanic	0.40625	0.25	0.125	0.09375	0.5625	0.5625
	calcul	Calculators 	0.25	0.6875	0.65625	0.65625	0.75	0.5625
	child develop famili	child development and family studies	0.15625	0.9375	0.53125	0.84375	0.40625	0.53125
	comput	Computer	0.4375	0.71875	0.71875	0.84375	0.3125	0.6875
	inform technolog	Information Technology	0.375	0.0	0.28125	0.53125	0.53125	0.34375
	inform technolog	Information Technology	0.3125	0.0	0.25	0.5	0.46875	0.3125
	pharmaci	Pharmacy	0.875	0.84375	0.6875	0.1875	0.40625	0.09375
	american sign languag	american sign language	0.0	0.5625	0.875	0.59375	0.4375	0.0625
	buis	Buisness	0.1875	0.34375	0.53125	0.46875	0.75	0.375
	liber	Liberal Studies	0.0	0.0	0.1875	0.5	0.5	0.09375
	bgs	Bgs	0.09375	0.5625	0.21875	0.59375	0.375	0.59375
	turism	turism	0.0	0.0	0.125	0.09375	0.1875	0.0
	medic	Medical	0.21875	0.90625	0.5	0.4375	0.34375	0.375
	sts	sts	0.59375	0.65625	0.25	0.6875	0.5	0.625
	product design	Product Design	0.09375	0.28125	0.71875	0.625	0.3125	0.0
	social justic	social justice	0.8125	0.40625	0.40625	0.71875	0.40625	0.3125
	medic	medical	0.21875	0.34375	0.1875	0.375	0.40625	0.5
	speech languag patholog audiologu	Speech Language Pathology and Audiologu	0.0	0.1875	0.0	0.5625	0.3125	0.15625
	paraleg	paralegal	0.1875	0.625	0.625	0.75	0.28125	0.0625
	film	Film	0.25	0.65625	0.9375	0.59375	0.5	0.21875
	pharmaci	Pharmacy	0.03125	0.5	0.375	0.75	0.34375	0.34375
	video	video	0.34375	0.71875	0.84375	0.84375	0.59375	0.4375
	dental hygien	Dental Hygiene	0.4375	0.25	0.625	0.1875	0.46875	0.875
	child develop	Child Development	0.0625	0.125	0.40625	0.71875	0.09375	0.0
	survey	Surveying	0.21875	0.53125	0.375	0.34375	0.375	0.3125
	build survey	building survey	0.40625	0.75	0.1875	0.4375	0.375	0.5
	dental hygien	Dental Hygiene	0.0625	0.65625	0.90625	0.96875	0.40625	0.21875
	construct	Construction	0.4375	0.0625	0.0625	0.4375	0.4375	0.625
	survey	Surveying	0.4375	0.75	0.5625	0.5625	0.5625	0.375
	environ	environment	0.3125	0.53125	0.5	0.5625	0.625	0.1875
	na	na	0.5625	0.71875	0.53125	0.4375	0.3125	0.59375
	crativ media	Crative media	0.1875	0.46875	0.59375	0.15625	0.25	0.375
	pharmaci	Pharmacy	0.375	0.53125	0.625	0.625	0.375	0.4375
	undecid	undecided	0.0	0.375	0.03125	0.78125	0.3125	0.59375
	aggress medit class	aggression meditation class	0.9375	0.53125	0.5	0.96875	0.84375	0.78125
	recreact therapi	Recreactional  Therapy	0.25	0.4375	0.40625	0.8125	0.5625	0.625
	kinesiolog	Kinesiology	0.0	0.625	0.125	0.90625	0.0625	0.8125
	social	social	0.34375	0.71875	0.46875	0.59375	0.40625	0.71875
	cinema	cinema	0.3125	0.90625	0.71875	0.34375	0.46875	0.3125
	informat	Informatics	0.25	0.46875	0.625	0.5625	0.0625	0.0625
	kinesiolog	Kinesiology	0.0	0.1875	0.6875	0.71875	0.28125	0.1875
	prepharm	PrePharm	0.40625	0.78125	0.03125	0.40625	0.25	0.625
	teach	Teaching	0.09375	0.625	0.3125	0.65625	0.28125	0.0
	creativ media	Creative Media	0.40625	0.3125	0.875	0.28125	0.09375	0.15625
	child develop	child development 	0.09375	0.59375	0.3125	0.40625	0.15625	0.21875
	interpret	Interpreting	0.0625	0.6875	0.53125	0.9375	0.34375	0.28125
	philolog	Philology	0.34375	0.3125	0.5	0.84375	0.59375	0.5
	comput	computer	0.0625	0.625	0.03125	0.40625	0.28125	0.1875
	fashion design	Fashion Design	0.125	0.09375	0.6875	0.5625	0.625	0.15625
	web design	Web Design	0.34375	0.5	0.65625	0.59375	0.40625	0.15625
	famili child	Family & Child Studies	0.0625	0.46875	0.25	0.875	0.09375	0.0625
	mechan	mechanics	0.71875	0.0625	0.1875	0.28125	0.1875	0.03125
	undecid	undecided	0.375	0.28125	0.375	0.8125	0.78125	0.71875
	classic	Classics	0.09375	0.90625	0.90625	0.8125	0.46875	0.1875
	dietet	Dietetics	0.34375	0.84375	0.65625	0.6875	0.4375	0.625
	apparel design	Apparel Design	0.21875	0.28125	0.625	0.71875	0.6875	0.4375
	undecid	Undecided	0.03125	0.34375	0.96875	0.21875	0.78125	0.21875
	undecid	Undecided	0.3125	0.46875	0.15625	0.15625	0.125	0.625
	languag	Languages	0.40625	0.78125	0.59375	0.6875	0.46875	0.46875
	pharmaci	pharmacy	0.53125	0.75	0.65625	0.6875	0.5625	0.625
	child develop	child development	0.3125	0.59375	0.75	0.8125	0.40625	0.09375
	buis	Buisness	0.3125	0.0	0.0	0.15625	0.375	0.3125
	pedagogi	pedagogy	0.125	0.5	0.71875	0.71875	0.46875	0.1875
	event	Events	0.0625	0.0625	0.5625	0.3125	0.59375	0.0
	properti	Property 	0.65625	0.3125	0.96875	0.875	0.5	0.5
	event	Event	0.15625	0.65625	0.59375	0.5	0.8125	0.1875
	fashion textil	fashion textiles	0.625	0.5625	0.5625	0.59375	0.5	0.375
	comput applic	Computer application	0.1875	0.09375	0.34375	0.5	0.40625	0.46875
	arab	arabic	0.5	0.21875	0.25	0.09375	0.53125	0.375
	undecid	Undecided	0.5	0.5625	0.75	0.6875	0.65625	0.625
	undecid	Undecided	0.59375	0.6875	0.75	0.65625	0.75	0.6875
	speech patholog	Speech Pathology	0.0	0.625	0.0625	0.5	0.0	0.28125
	interior design	interior design	0.0	0.46875	0.65625	0.5	0.3125	0.1875
	bbm	BBM	0.40625	0.5625	0.75	0.78125	0.75	0.5625
	veternarian	Veternarian	0.3125	0.8125	0.375	0.9375	0.21875	0.78125
	med	Pre-Med	0.21875	0.625	0.3125	0.40625	0.25	0.28125
	culinari	culinary	0.09375	0.1875	0.34375	0.59375	0.625	0.53125
	still attend	still attending 	0.15625	0.78125	0.78125	0.96875	0.75	0.53125
	design	Design	0.28125	0.75	0.84375	0.15625	0.3125	0.0625
	film	Film	0.0625	0.0	0.3125	0.0625	0.5625	0.125
	tourism	Tourism	0.59375	0.03125	0.40625	0.59375	0.625	0.75
	ethnolog	ethnology	0.1875	0.8125	0.3125	0.4375	0.40625	0.03125
	medic	Medical	0.125	0.6875	0.6875	0.8125	0.25	0.15625
	homeland seriitiy	homeland seriitiy 	0.59375	0.59375	0.625	0.53125	0.65625	0.625
	medic field	medical field	0.28125	0.90625	0.5625	0.90625	0.71875	0.53125
	inform technolog	IT	0.625	0.96875	0.96875	1.0	0.78125	0.78125
	asl interpret	ASL Interpreting	0.125	0.03125	0.4375	0.8125	0.46875	0.375
	speech languag therapi	speech and language therapy	0.03125	0.5625	0.09375	0.46875	0.34375	0.625
	vocat rehab	Vocational Rehab	0.0625	0.09375	0.0	0.5625	0.09375	0.5
	aeronaut	aeronautics	0.53125	0.375	0.1875	0.40625	0.21875	0.25
	prod engg	prod engg	0.1875	0.0	0.0625	0.0625	0.0625	0.1875
	speech patholog	speech pathology	0.5625	0.625	0.71875	0.625	0.1875	0.0625
	survey	Surveying	0.40625	0.84375	0.5625	0.5	0.59375	0.21875
	paraleg	Paralegal Studies	0.375	0.34375	0.5	0.34375	0.3125	0.5625
	dental	Dental	0.0	0.9375	0.125	0.21875	0.0	0.03125
	x ray	x-ray	0.28125	0.375	0.40625	0.34375	0.3125	0.34375
	chemic industri	Chemical Industry	0.40625	0.6875	0.3125	0.71875	0.71875	0.5625
	medic field	Medical field	0.375	0.6875	0.34375	0.5	0.40625	0.1875
	com	Com studies	0.15625	0.25	0.3125	1.0	0.34375	0.4375
	train	training	0.4375	0.53125	0.34375	0.59375	0.4375	0.6875
	industri electr	Industrial Electrical	0.75	0.25	0.65625	0.375	0.5	0.34375
	consum electron	consumer electronics	0.46875	0.5	0.53125	0.46875	0.125	0.09375
	textil merchandis	textiles and merchandising	0.0	0.03125	0.28125	0.53125	0.59375	0.15625
	undecid	undecided	0.0	0.0	0.09375	0.0625	0.03125	0.0
	kinesolog	Kinesology	0.125	0.375	0.09375	0.75	0.09375	0.0625
	creativ write	creative writing	0.21875	0.59375	0.71875	0.6875	0.3125	0.28125
	day care	day care	0.375	0.84375	0.5	1.0	0.75	0.75
	media product	Media Production 	0.40625	0.90625	0.59375	0.71875	0.40625	0.53125
	multimedia	Multimedia	0.34375	0.34375	0.53125	0.25	0.28125	0.34375
	mechan	Mechanical	0.40625	0.09375	0.4375	0.9375	0.78125	0.59375
	dms	DMS	0.03125	0.75	0.3125	0.3125	0.34375	0.375
	fashion	Fashion	0.03125	0.0	0.15625	0.5	0.53125	0.6875
	prosecut	Prosecuter	0.0	0.0	0.0	0.0	0.0	0.0625
	occup therapi	Occupational therapy	0.09375	0.46875	0.1875	0.75	0.0625	0.1875
	film televis	Film and Television	0.03125	0.65625	0.8125	0.6875	0.4375	0.0625
	med	Pre-Med	0.0625	0.875	0.625	0.71875	0.53125	0.28125
	comput inform technolog	Computer information technology	0.21875	0.25	0.65625	0.46875	0.4375	0.53125
	dietet	dietetic	0.1875	0.8125	0.625	0.46875	0.21875	0.15625
	kinesiolog	Kinesiology	0.46875	0.59375	0.46875	0.65625	0.21875	0.28125
	film	film	0.1875	0.1875	0.875	0.09375	0.1875	0.0
	tree	trees	0.40625	0.5625	0.3125	0.5625	0.28125	0.125
	child develop	Child Development 	0.09375	0.25	0.5	0.875	0.4375	0.3125
	inform technolog	Information technology	0.34375	0.3125	0.65625	0.9375	0.78125	0.65625
	inform technolog	Information Technology	0.71875	0.84375	0.8125	0.90625	0.625	0.71875
	inform technolog	IT	0.5625	0.8125	0.625	0.9375	0.53125	0.75
	inform technolog	Information Technology	0.59375	0.59375	0.75	0.90625	0.90625	0.875
	undecid	undecided	0.0625	0.0	0.0	0.90625	0.34375	0.25
	inform technolog	information technology	0.78125	0.5625	0.5625	0.6875	0.84375	0.84375
	inform technolog	Information Technology	0.75	0.6875	0.40625	0.78125	0.46875	0.65625
	inform technolog	Information Technology	0.5625	0.875	0.90625	0.9375	0.5625	0.71875
	inform	Information Studies	0.0625	0.40625	0.125	0.375	0.15625	0.375
	undeclar	Undeclared	0.4375	0.28125	0.21875	0.625	0.3125	0.46875
	eco	Eco	0.21875	0.71875	0.65625	0.375	0.6875	0.34375
	famili communiti servic	Family and Community Services	0.03125	0.3125	0.1875	1.0	0.5625	0.65625
	medic	medical	0.0	0.6875	0.0	0.53125	0.0	0.0
	interior design	Interior design	0.0625	0.15625	0.5625	0.40625	0.53125	0.28125
	cosmetolog	cosmetology	0.125	0.84375	0.375	0.59375	0.34375	0.34375
	liber	liberal studies	0.15625	0.375	0.5625	0.59375	0.625	0.375
	medic code	medical coding	0.09375	0.15625	0.15625	0.5	0.15625	1.0
	hospit	Hospitality	0.0	0.1875	0.78125	0.625	0.5625	0.375
	fashion merchandis	Fashion Merchandise	0.125	0.0625	0.875	0.53125	0.625	0.3125
	fashion apparel	fashion apparel	0.0	0.0	0.75	0.125	0.375	0.0
	organiz develop leadership sup	Organizational Development Leadership and Sup	0.75	0.75	0.65625	0.8125	0.78125	0.78125
	quantiti survey	Quantity Surveying	0.0625	0.375	0.0625	0.6875	0.75	0.4375
	quantiti survey	Quantity Surveying	0.40625	0.40625	0.65625	0.5	0.6875	0.4375
	quantiti surveyor	Quantity Surveyor	0.125	0.0625	0.53125	0.71875	0.75	0.84375
	quantiti survey	Quantity surveying	0.21875	0.4375	0.53125	0.8125	0.5	0.53125
	quantiti survey	Quantity surveying 	0.21875	0.09375	0.59375	0.59375	0.4375	0.65625
	quantiti survey	Quantity surveying	0.15625	0.0625	0.53125	0.625	0.5625	0.59375
	forens	forensic	0.40625	0.84375	0.75	0.8125	0.25	0.5625
	design	Design	0.03125	0.28125	0.75	0.5	0.5	0.09375
	quantiti surveryor	Quantity Surveryor	0.28125	0.03125	0.25	0.1875	0.75	0.1875
	quantiti survey	Quantity Surveying 	0.53125	0.40625	0.53125	0.90625	0.71875	0.59375
	quantiti survey	Quantity Surveying 	0.1875	0.3125	0.90625	0.71875	0.59375	0.59375
	quantiti survey	Quantity surveying	0.59375	0.125	0.59375	0.5	0.34375	0.78125
	quantiti survey	Quantity Surveying	0.5625	0.8125	0.15625	0.3125	0.125	0.53125
	quantiti survey	quantity surveying	0.28125	0.09375	0.28125	0.5	0.3125	0.78125
	quantiti survey	Quantity Surveying	0.25	0.40625	0.625	0.53125	0.6875	0.375
	surveyor	surveyor	0.21875	0.0625	0.5625	0.8125	0.875	0.40625
	dentistri	Dentistry	0.25	0.8125	0.59375	0.5	0.5	0.40625
	quantiti surveyor	Quantity Surveyor	0.5	0.25	0.28125	0.53125	0.5	0.59375
	rehab servic	rehab services	0.21875	0.125	0.25	0.46875	0.3125	0.3125
	buis	Buisness	0.46875	0.03125	0.25	0.65625	0.5625	0.65625
	sport med	sports med	0.0625	0.21875	0.21875	0.625	0.0625	0.0
	inform technolog	Information Technology	0.78125	0.46875	0.375	0.34375	0.4375	0.3125
	diagnost medic sonographi	diagnostic medical sonography	0.09375	0.53125	0.71875	0.65625	0.6875	0.5
	inform technolog	Information of Technology	0.59375	0.125	0.3125	0.875	0.75	1.0
	sonographi	Sonography	0.5	0.90625	0.65625	0.65625	0.3125	0.40625
	rehabilitaion servic	Rehabilitaion Services	0.1875	0.375	0.46875	0.84375	0.65625	0.59375
	hospit	Hospitality	0.34375	0.59375	0.71875	0.71875	0.625	0.6875
	undeclar	undeclared	0.0	0.15625	0.40625	0.84375	0.09375	0.0
	hospit	Hospitality	0.75	0.875	0.84375	0.78125	0.875	0.84375
	pharmaci	pharmacy	0.03125	0.875	0.625	0.53125	0.34375	0.21875
	undecid	undecided	0.0625	0.375	0.09375	0.625	0.5	0.6875
	women	Women studies	0.125	0.03125	0.09375	0.4375	0.0	0.0
	offic	office	0.59375	0.34375	0.53125	0.28125	0.0625	0.03125
	rehabilit servic	Rehabilitation Services	0.4375	0.6875	0.53125	0.84375	0.90625	0.90625
	fashion merchandis	Fashion&merchandising	0.0	0.0	0.25	0.625	0.53125	0.0625
	fashion merchandis	Fashion Merchandising	0.375	0.34375	0.34375	0.4375	0.5	0.4375
	quantiti survey	Quantity Surveying	0.21875	0.125	0.875	0.46875	0.375	0.46875
	fashion merchandis	Fashion Merchandising 	0.09375	0.5625	0.78125	0.6875	0.53125	0.375
	inform technolog	Information Technology	0.0	0.375	0.59375	0.75	0.5625	0.3125
	undeclar	Undeclared	0.4375	0.6875	0.65625	0.28125	0.15625	0.09375
	fashion merchandis	Fashion merchandising 	0.15625	0.03125	0.375	0.46875	0.53125	0.40625
	pharmaci	pharmacy	0.375	0.96875	0.1875	0.34375	0.0	0.40625
	culinari	culinary	0.3125	0.21875	0.53125	0.5	0.71875	0.65625
	comm	comm	0.0	0.375	0.375	0.875	0.25	0.0
	quantiti survey	quantity survey	0.21875	0.09375	0.15625	0.40625	0.34375	0.96875
	graphic multimedia softwar	Graphics and multimedia software	0.21875	0.09375	0.53125	0.78125	0.65625	0.65625
	pharmaci medic research	Pharmacy, Medical research	0.53125	0.78125	0.28125	0.71875	0.5	0.53125
	hospit	Hospitality	0.0	0.0625	0.40625	0.25	0.875	0.0
	design	design	0.34375	0.28125	0.46875	0.46875	0.53125	0.59375
	inform technolog	Information Technology	0.59375	0.6875	0.28125	0.625	0.40625	0.84375
	veterinari medic technician	Veterinary Medical Technician 	0.0	0.90625	0.75	0.65625	0.0625	0.0
	theatr	Theatre Studies	0.375	0.25	0.84375	0.8125	0.53125	0.125
	social	social	0.5	0.84375	0.78125	0.65625	0.59375	0.4375
	sport	Sports	0.0	0.0	0.125	0.0	0.0	0.0
	rehabilit consel	Rehabilitation Conseling	0.0	0.25	0.40625	0.625	0.40625	0.0
	rehabilt servic	Rehabiltation Services	0.03125	0.0625	0.0	0.625	0.21875	0.25
	pharmaci	Pharmacy	0.3125	0.59375	0.53125	0.625	0.5	0.46875
	kinesiolog	Kinesiology	0.21875	0.6875	0.6875	0.78125	0.25	0.21875
	medic	medical	1.0	0.625	0.40625	0.84375	0.6875	0.96875
	cis	CIS	0.3125	0.6875	0.5	0.25	0.65625	0.625
	occup therapi	Occupational Therapy	0.15625	0.875	0.5625	0.625	0.0625	0.0625
	econ	Econs	0.40625	0.5625	0.375	0.53125	0.375	0.40625
	occup therapi assist	Occupational therapy Assistant	0.15625	1.0	0.9375	0.84375	0.1875	0.21875
	medic	Medical	0.21875	1.0	0.9375	0.90625	0.34375	0.46875
	construct	Construction	0.6875	0.53125	0.65625	0.8125	0.6875	0.71875
	quantiti survey	Quantity surveying	0.21875	0.25	0.6875	0.5625	0.65625	0.8125
	echo cardiolog	Echo cardiology 	0.3125	0.59375	0.1875	0.46875	0.28125	0.21875
	quantiti survey	Quantity Surveying	0.15625	0.46875	0.75	0.65625	0.46875	0.40625
	quantiti survey	Quantity surveying	0.53125	0.0625	0.75	0.46875	0.40625	0.75
	quantiti surveyor	QUANTITY SURVEYOR	0.6875	0.75	1.0	0.75	0.875	1.0
	quantiti survey	Quantity Surveying	0.21875	0.34375	0.71875	0.5	0.71875	0.40625
	quantiti survey	Quantity Surveying	0.3125	0.03125	1.0	0.40625	0.5625	0.6875
	quantiti survey	Quantity surveying 	0.28125	0.5	0.15625	0.6875	0.5625	0.375
	town plan	Town Planning	0.25	0.0625	0.5	0.90625	0.65625	0.46875
	inform technolog	Information Technology	0.59375	0.125	0.5	0.6875	0.59375	0.78125
	town plan	Town Planning	0.46875	0.34375	0.53125	0.59375	0.59375	0.65625
	urban plan	Urban Planning 	0.4375	0.5625	0.75	0.8125	0.59375	0.65625
	translat interpret	Translation and Interpreting	0.03125	0.15625	0.5	0.4375	0.34375	0.0625
	medic	medical	0.25	0.78125	0.125	0.5	0.59375	0.59375
	medic	medical	0.09375	1.0	0.125	0.6875	0.4375	0.6875
	dentistri	dentistry	0.1875	0.71875	0.15625	0.84375	0.25	0.0625
	war societi	War and Society	0.4375	0.625	0.3125	0.375	0.34375	0.59375
	inform technolog	INFORMATION TECHNOLOGY	0.5	0.5	0.53125	0.875	0.3125	0.65625
	rehabilit servic	Rehabilitation Services	0.0625	0.4375	0.46875	0.8125	0.5	0.375
	bsba	BSBA	0.0	0.71875	0.3125	0.5625	0.09375	0.0625
	pharmaci	Pharmacy	0.0	0.34375	0.125	0.65625	0.15625	0.0
	rehabilit servic	Rehabilitation Services 	0.0	0.5	0.0	0.875	0.0	0.0
	electr	electrical	0.71875	0.4375	0.5	0.59375	0.40625	0.59375
	bbm	BBM	0.28125	0.25	0.53125	0.65625	0.5	0.3125
	rehabilit servic	Rehabilitation Services	0.03125	0.15625	0.03125	0.4375	0.15625	0.0
	innov	innovation	0.6875	0.75	0.625	0.84375	0.5625	0.5625
	town plan	Town planning	0.46875	0.28125	0.625	0.6875	0.6875	0.59375
	rehabilit servic	Rehabilitation services	0.0	0.15625	0.0	0.40625	0.0	0.0
	rehabilit servic	Rehabilitation Services	0.46875	0.6875	0.5	0.8125	0.625	0.3125
	inform technolog	IT	0.4375	0.46875	0.53125	0.71875	0.625	0.40625
	rehabilit servic	Rehabilitation Services 	0.53125	0.1875	0.125	0.8125	0.90625	1.0
	social	social 	0.28125	0.25	0.25	0.28125	0.21875	0.28125
	rehabilit servic	REHABILITATION SERVICES	0.0625	0.21875	0.1875	0.90625	0.125	0.0
	na	na	0.375	0.96875	0.25	1.0	1.0	0.96875
	exploratori	Exploratory	0.0	0.09375	0.0	0.5625	0.15625	0.53125
	polit	Politics	0.0	0.09375	0.0	0.1875	0.0	0.0
	teacher	teacher	0.65625	1.0	0.875	0.90625	0.40625	0.6875
	engeen	engeenering	0.625	0.5625	0.6875	0.53125	0.75	0.8125
	pilot	pilot	0.4375	0.0625	0.0625	0.59375	0.375	0.375
	teach	Teaching	0.5	0.25	0.75	0.625	0.5625	0.4375
	medic	Medical	0.1875	0.3125	0.21875	0.75	0.75	0.75
	child protect	Child Protection	0.59375	0.75	0.65625	0.875	0.59375	0.65625
	rehab servic	rehab service	0.03125	0.375	0.21875	0.875	0.21875	0.46875
	comput graphic	computer graphic	0.53125	0.53125	0.59375	0.3125	0.6875	0.53125
	media	Media	0.0	0.40625	0.5625	0.28125	0.15625	0.0
	urban plan	Urban Planning	0.03125	0.1875	0.46875	0.71875	0.5	0.0625
	bbm	Bbm	0.3125	0.65625	0.5	0.53125	0.4375	0.4375
	town region plan	Town and Regional Planning	0.125	1.0	0.625	0.9375	0.53125	0.09375
	quantiti survey	Quantity Surveying	0.3125	0.1875	0.4375	0.59375	0.25	0.25
	plan	Planning	0.3125	0.34375	0.46875	0.65625	0.59375	0.5
	undecid	undecided	0.65625	0.6875	0.5	0.625	0.46875	0.34375
	mechan	mechanical	0.5	0.25	0.53125	0.625	0.78125	0.5
	softwar develop	Software Development	0.34375	0.03125	0.21875	0.3125	0.5	0.46875
	geophys	geophysics	0.5	0.5625	0.15625	0.4375	0.15625	0.40625
	undecid	undecided	0.09375	0.125	0.5625	0.5	0.375	0.125
	undecid	undecided	0.34375	0.40625	0.875	0.125	0.5	0.40625
	undeclar	undeclared	0.0625	0.21875	0.25	0.59375	0.59375	0.28125
	correct	corrections	0.3125	0.21875	0.0625	0.4375	0.1875	0.75
	rehabilit servic	Rehabilitation Services	0.03125	0.34375	0.3125	0.84375	0.40625	0.34375
	labor employ relat	Labor Studies and employment relation  	0.0	0.34375	0.375	0.5	0.40625	0.1875
	construct	construction	0.84375	0.375	0.25	0.65625	0.53125	0.34375
	film theori	Film Theory	0.0	0.0	0.0	0.0	0.0625	0.09375
	technic theatr	technical theatre	0.75	0.28125	0.6875	0.6875	0.4375	0.34375
	urban region plan	Urban and Regional Planning	0.46875	0.75	0.5	0.75	0.5625	0.21875
	languag	Languages	0.21875	0.46875	0.84375	0.65625	0.4375	0.3125
	town planner	town planner	0.4375	0.15625	0.375	0.59375	0.53125	0.625
	mechan	mechanical	0.78125	0.65625	0.1875	0.75	0.125	0.53125
	undecid	undecided	0.0	0.71875	0.65625	0.75	0.34375	0.03125
	inform technolog	Information Technology 	0.53125	0.96875	0.84375	0.5625	0.21875	0.375
	sport industri	Sports Industry	0.3125	0.4375	0.5625	0.75	0.4375	0.53125
	rehabilit servic	Rehabilitation Services	0.1875	0.40625	0.25	0.71875	0.59375	0.6875
	rehabilit servic	Rehabilitation services	0.09375	0.65625	0.25	0.9375	0.09375	0.625
	geolgi	geolgy	0.71875	0.8125	0.5625	0.78125	0.4375	0.59375
	program	PROGRAMMING	0.40625	0.53125	0.15625	0.4375	0.125	0.4375
	pediatrician	pediatrician	0.40625	0.75	0.125	0.6875	0.53125	0.65625
	construct	Construction	0.6875	0.46875	0.84375	0.6875	0.375	0.5625
	ab	abs	0.8125	0.4375	0.375	0.3125	0.625	0.8125
	infom technolog	Infomation Technologies	0.6875	0.28125	0.09375	0.21875	0.3125	0.25
	inform technolog	Information Technology	0.0625	0.8125	0.8125	0.46875	0.25	0.28125
	adult develop	Adult development	0.03125	0.125	0.65625	0.71875	0.0	0.0
	real estet sienc	Real estete sience	0.15625	0.15625	0.5	0.5	0.3125	0.09375
	forens scien	Forensic Sciene 	0.09375	0.8125	0.625	0.3125	0.09375	0.0
	design	Design	0.21875	0.59375	0.65625	0.75	0.5	0.1875
	infocomm technoligi	Infocomm Technoligy	0.0625	0.1875	0.0625	0.4375	0.46875	0.84375
	town plan	town planning	0.71875	0.8125	0.75	0.90625	0.71875	0.5
	interior design	Interior Design	0.21875	0.0625	0.71875	0.34375	0.40625	0.03125
	dietet	Dietetics	0.1875	1.0	0.3125	0.90625	0.40625	0.53125
	athlet train	athletic training	0.4375	0.75	0.40625	0.6875	0.21875	0.0625
	kinesiolog	Kinesiology 	0.0	0.6875	0.28125	0.40625	0.0625	0.1875
	food technolog	food technology	0.5	1.0	0.84375	0.59375	0.375	0.5
	pharmaci	pharmacy	0.28125	0.96875	0.65625	0.53125	0.15625	0.25
	medic	medical	0.375	0.78125	0.75	0.8125	0.46875	0.34375
	diesel technolog	Diesel Tech	0.9375	0.625	0.71875	0.96875	0.625	0.5
	softwar technolog	Software Technologies	0.09375	0.03125	0.0625	0.09375	0.03125	0.4375
	undecid	Undecided	0.03125	0.28125	0.0625	0.1875	0.5	0.25
	design	Design	0.0	0.21875	0.875	0.5625	0.53125	0.0
	polym technolog	Polymer technology	0.65625	0.71875	0.21875	0.6875	0.59375	0.40625
	dentistri	Dentistry	0.1875	0.5	0.125	0.28125	0.0	0.15625
	offic system	office system	0.3125	0.5625	0.59375	0.78125	0.40625	0.65625
	radiolog	Radiology	0.34375	0.8125	0.28125	0.5	0.375	0.375
	dental hygien	Dental hygiene 	0.1875	0.5	0.0625	0.28125	0.375	0.5
	rehabilit servic	Rehabilitation Services	0.1875	0.65625	0.03125	0.84375	0.375	0.4375
	fashion merchandis	fashion merchandising	0.59375	0.5	0.71875	0.78125	0.75	0.84375
	inform technolog	Information Technology	0.0	0.125	0.03125	0.09375	0.1875	0.75
	quantiti surveyor	QUANTITY SURVEYOR	0.1875	0.0625	0.5625	0.4375	0.875	0.8125
	nutrit	Nutrition	0.28125	0.5	0.25	0.71875	0.375	0.21875
	inform technolog	Information Technology	0.0	0.375	0.4375	0.1875	0.0	0.25
	cloth textil	Clothing and Textiles	0.34375	0.625	0.375	0.78125	0.5	0.1875
	teach	Teaching	0.5	0.59375	0.5	0.5625	0.5	0.5
	enterpur	enterpural	1.0	0.5	0.9375	0.9375	1.0	1.0
	paraleg	Paralegal	0.4375	0.375	0.28125	0.5625	0.5	0.75
	nautic	nautical studies	0.5625	0.84375	0.6875	0.625	0.46875	0.0
	inform technolog	Information Technology	0.53125	0.40625	0.75	0.78125	0.53125	0.875
	odontología	odontología 	0.09375	0.5	0.4375	0.21875	0.46875	0.1875
	psicologia	Psicologia	0.0	0.59375	0.21875	0.84375	0.0625	0.0
	rehabilit servic	Rehabilitation Services	0.28125	0.3125	0.4375	0.875	0.5625	0.5625
	rehabilit servic	Rehabilitation Service	0.28125	0.28125	0.0625	0.65625	0.28125	0.34375
	pharmaci	pharmacy	0.0625	0.875	0.875	0.875	0.75	0.1875
	ect	ect	0.125	0.0	0.125	0.0625	0.0	0.25
	flight attend	flight attendant	0.53125	0.5	0.84375	0.84375	0.625	0.875
	traffic	Traffic	0.0	0.0	0.125	0.0625	0.15625	0.1875
	quantiti survey	quantity surveying	0.25	0.4375	0.21875	0.78125	0.8125	0.53125
	interior design	Interior design	0.25	0.25	0.78125	0.53125	0.25	0.25
	aviat	Aviation	0.375	0.53125	0.25	0.21875	0.46875	0.3125
	build technolog	Building technology 	0.4375	0.125	0.28125	0.5	0.75	0.78125
	danc	Dance	0.0	0.0	0.1875	0.34375	0.0625	0.0
	inform technolog	Information Technology	0.78125	0.59375	0.71875	0.9375	0.84375	0.90625
	intergr leadership	intergrated leadership studies	0.0	0.0	0.1875	0.3125	0.1875	0.0
	pedagogi	Pedagogy	0.4375	0.375	0.46875	0.59375	0.3125	0.09375
	gunsmith	gunsmithing	0.21875	0.0625	0.1875	0.25	0.0625	0.0
	inform technolog	IT	0.4375	0.375	0.40625	0.6875	0.25	0.65625
	medic	medical	0.375	0.65625	0.3125	0.53125	0.4375	0.28125
	medic imag	medical imaging	0.34375	0.59375	0.53125	0.5625	0.375	0.40625
	anim	Animation	0.1875	0.125	0.875	0.34375	0.1875	0.1875
	biophys	Biophysics	0.40625	0.75	0.25	0.40625	0.125	0.3125
	inform technolog	IT	0.21875	0.21875	0.21875	0.53125	0.3125	0.46875
	translat	translation	0.21875	0.125	0.4375	0.53125	0.0625	0.8125
	undecid	Undecided	0.125	0.28125	0.75	0.4375	0.34375	0.03125
	undecid	undecided 	0.0	0.0625	0.125	0.8125	0.375	0.0625
	rehabilit	Rehabilitation	0.0625	0.1875	0.15625	0.875	0.46875	0.65625
	b com	b com	0.4375	0.125	0.46875	0.625	0.53125	0.5625
	dentistri	Dentistry	0.40625	0.46875	0.625	0.4375	0.65625	0.5625
	rehabilit	Rehabilitation	0.3125	0.34375	0.5625	0.65625	0.40625	0.40625
	rehab servic	rehab services	0.4375	0.53125	0.34375	0.8125	0.5	0.65625
	rehabilit servic	Rehabilitation Services	0.375	0.625	0.875	0.875	0.875	0.5
	quantiti survey	Quantity Surveying	0.1875	0.375	0.75	0.90625	0.6875	0.53125
	undecid	undecided	0.5625	0.625	0.53125	0.75	0.53125	0.53125
	undecid	Undecided	0.125	0.21875	0.40625	0.96875	0.28125	0.09375
	american	American Studies	0.21875	0.125	0.21875	0.59375	0.46875	0.65625
	electr	electrical	0.09375	0.34375	0.625	0.90625	0.15625	0.15625
	design	design	0.8125	0.65625	0.6875	0.65625	0.3125	0.71875
	bds	BDS	0.3125	0.5625	0.71875	0.71875	0.84375	0.65625
	occup therapi	Occupational therapy	0.375	0.4375	0.5625	0.71875	0.3125	0.28125
	youth ministri	Youth Ministry	0.28125	0.53125	0.1875	0.25	0.46875	0.625
	pharmaci technolog	Pharmacy Technology 	0.21875	0.78125	0.15625	0.59375	0.34375	0.4375
	quantiti survey	Quantity Surveying	0.34375	0.46875	0.9375	0.3125	0.375	0.5
	pharmaci technolog	Pharmacy Technology 	0.09375	0.90625	0.09375	0.4375	0.0625	0.28125
	undecid	undecided	0.0	0.21875	0.375	0.25	0.21875	0.0
	classic	Classics	0.25	0.875	0.40625	0.125	0.34375	0.46875
	classic	Classics	0.34375	0.375	0.5625	0.59375	0.46875	0.21875
	occup therapi	Occupational Therapy	0.40625	0.3125	0.21875	0.46875	0.3125	0.6875
	bake culinari	Baking/culinary	0.03125	0.84375	0.15625	0.15625	0.125	0.03125
	podiatri	Podiatry	0.4375	0.65625	0.375	0.53125	0.46875	0.65625
	classic	classics	0.0	0.53125	0.78125	0.59375	0.46875	0.03125
	aviat	Aviation 	0.5	0.6875	0.75	0.8125	0.875	0.375
	town plan	town planning	0.25	0.125	0.65625	0.96875	0.65625	0.59375
	comput	computing	0.15625	0.5625	0.4375	0.65625	0.3125	0.1875
	bioindustri	bioindustry	0.0	0.0	0.40625	0.53125	0.3125	0.09375
	bank	banking	0.28125	0.6875	0.5625	0.5	0.625	0.5
	polit	Politics	0.0625	0.28125	0.46875	0.59375	0.84375	0.3125
	med lab	Med Lab	0.15625	0.5	0.53125	0.6875	0.15625	0.03125
	buis	Buisness 	0.0	0.0	0.40625	0.65625	0.75	0.09375
	ict	ICT	0.1875	0.3125	0.28125	0.65625	0.5	0.40625
	undecid	undecided	0.65625	0.625	0.21875	0.46875	0.1875	0.65625
	vet technolog	Vet Tech	0.03125	0.4375	0.09375	0.6875	0.09375	0.0
	psikolog undang undang	psikologi,undang undang	0.25	0.5625	0.9375	1.0	0.625	0.4375
	pharmaci	Pharmacy	0.40625	0.46875	0.53125	0.71875	0.40625	0.46875
	creativ media	creative media	0.09375	0.40625	0.8125	0.34375	0.59375	0.25
	next	will next year	0.40625	0.25	0.53125	0.4375	0.40625	0.3125
	translat	Translation	0.1875	0.75	0.78125	0.8125	0.6875	0.34375
	undecid	Undecided 	0.125	1.0	0.3125	0.5625	0.84375	0.46875
	undecid	undecided	0.0	0.53125	0.21875	0.59375	0.21875	0.0
	inform technolog	Information Technology	0.09375	0.28125	0.1875	0.6875	0.25	0.65625
	film video product	Film and Video Production	0.1875	0.875	0.625	0.59375	0.25	0.15625
	comput	computers	0.625	0.3125	0.25	0.375	0.375	0.5
	psyc	psyc	0.0	0.0	0.25	0.21875	0.0	0.25
	cognit system	Cognitive Systems	0.25	0.65625	0.84375	0.59375	0.375	0.28125
	fashion merchandis	Fashion Merchandising	0.0625	0.0	0.0	0.21875	0.40625	0.1875
	inform technolog	Information technology 	0.0625	0.53125	0.4375	0.34375	0.0625	0.25
	design	Design	0.5625	0.5	0.78125	0.46875	0.59375	0.5
	hospit	Hospitality	0.28125	0.46875	0.625	0.6875	0.6875	0.28125
	mechan power plant	mechanical power plant	0.9375	0.0	0.0	0.0	0.53125	0.4375
	flight attend	Flight attendant	0.15625	0.21875	0.75	0.6875	0.46875	0.3125
	teach culinari	teaching, or culinary	0.40625	0.78125	0.96875	1.0	0.75	0.40625
	undecid	undecided	0.0	0.375	0.3125	0.5	0.59375	0.15625
	interior design	interior design	0.3125	0.3125	0.53125	0.40625	0.65625	0.46875
	medic assist	medical assisting	0.0	0.25	0.0	0.75	0.0	0.375
	sac	sac	0.40625	0.3125	0.6875	1.0	0.8125	0.96875
	slhs	SLHS	0.0625	0.53125	0.1875	0.90625	0.34375	0.09375
	fashion merchandis	fashion merchandising	0.375	0.4375	0.34375	0.375	0.59375	0.25
	pasycholog travel tourism	PASYCHOLOGY, TRAVEL AND TOURISM	0.3125	0.34375	0.90625	0.75	0.65625	0.21875
	buis	Buisness	0.65625	0.84375	0.59375	0.75	0.21875	0.4375
	marin	MARINES	0.84375	0.625	0.78125	0.9375	0.5	0.875
	travel	travel	0.375	0.40625	0.34375	0.8125	0.9375	0.9375
	undecid	Undecided	0.53125	0.5625	0.53125	0.59375	0.5625	0.53125
	inform technolog	IT	0.21875	0.71875	0.71875	0.5625	0.65625	0.125
	armi	ARMY	0.5625	0.4375	0.75	0.625	0.25	0.0
	medic field	Medical field 	0.0	0.0625	0.0	0.59375	0.0	0.0
	undecid	undecided	0.03125	0.59375	0.3125	0.46875	0.28125	0.3125
	undecid	Undecided	0.46875	0.4375	0.15625	0.125	0.21875	0.4375
	biomed technolog	Biomedical Technology	0.9375	0.59375	0.3125	0.28125	0.5	0.5625
	comun	comunications	0.375	0.0625	0.78125	1.0	0.75	0.59375
	nutrit	nutrition	0.0625	0.75	0.53125	0.625	0.3125	0.21875
	undecid	undecided	0.1875	0.25	0.28125	0.8125	0.53125	0.46875
	rehabilit servic	Rehabilitation Services	0.0	0.40625	0.0	0.75	0.28125	0.03125
	rehabilit servic	Rehabilitation Services	0.0	0.75	0.0	0.78125	0.25	0.21875
	bhpe	BHPE	0.46875	0.21875	0.09375	0.8125	0.1875	0.15625
	undecid	undecided	0.0	0.34375	0.6875	0.34375	0.0625	0.0
	kinesiolog	Kinesiology	0.125	0.59375	0.21875	0.625	0.1875	0.34375
	kinesiolog	kinesiology	0.0625	0.3125	0.0	0.625	0.0	0.125
	pharmaci	Pharmacy	0.25	0.59375	0.15625	0.4375	0.28125	0.5625
	dental	dental	0.34375	0.90625	0.875	0.625	0.5625	0.65625
	hospit	Hospitality 	0.3125	0.46875	0.59375	0.5625	0.3125	0.3125
	tourism hotel	tourism and hotel	0.21875	0.21875	0.5	0.5625	0.4375	0.40625
	air transport	Air Transportation	0.1875	0.75	0.40625	0.34375	0.3125	0.28125
	theater	theater	0.4375	0.78125	0.78125	0.53125	0.15625	0.0625
	undecid	undecided	0.21875	0.5625	0.09375	0.3125	0.1875	0.1875
	mortician	mortician	0.4375	0.625	0.8125	0.625	0.46875	0.40625
	industri	Industrial	0.4375	0.5625	0.625	0.53125	0.65625	0.3125
	visual effect	Visual Effects	0.40625	0.875	0.84375	0.65625	0.1875	0.125
	undecid	undecided	0.15625	0.71875	0.125	0.46875	0.34375	0.21875
	undeclar	undeclared	0.15625	0.03125	0.0	0.40625	0.71875	0.59375
	kinesiolog	Kinesiology	0.0	0.71875	0.40625	0.5625	0.5	0.0625
	undecid	undecided	0.03125	0.09375	0.0	0.6875	0.40625	0.34375
	rehab	rehab	0.0	0.125	0.34375	0.625	0.40625	0.0625
	rehabilit servic	Rehabilitation Services	0.03125	0.78125	0.0	0.8125	0.09375	0.0625
	rehabilit servic	Rehabilitation Services	0.25	0.53125	0.53125	0.8125	0.65625	0.5625
	rehabilit servic	Rehabilitational Services	0.46875	0.5625	0.625	0.65625	0.1875	0.4375
	leadership	Leadership	0.28125	0.125	0.46875	0.75	0.6875	0.53125
	media	Media Studies	0.15625	0.65625	0.84375	0.75	0.40625	0.09375
	cj	Cj	0.0	0.46875	0.0625	0.34375	0.21875	0.40625
	rehabilit servic	rehabilitative services	0.0	0.6875	0.34375	0.90625	0.25	0.25
	child develop	Child Development	0.09375	0.59375	0.34375	0.625	0.40625	0.375
	dentistri	Dentistry	0.25	0.4375	0.40625	0.65625	0.46875	0.21875
	undecid	undecided	0.34375	0.65625	0.40625	0.375	0.46875	0.375
	bioinformat	bioinformatics	0.34375	0.78125	0.625	0.375	0.03125	0.125
	theatr	Theatre	0.0	0.0	0.4375	0.5	0.0	0.0
	sound	Sound	0.4375	0.0	0.46875	0.0625	0.0	0.34375
	rehabilit servic	Rehabilitation Services	0.0	0.1875	0.125	0.8125	0.21875	0.1875
	inform	information	0.4375	0.65625	0.71875	0.9375	0.59375	0.46875
	inform technolog	IT	0.0625	0.28125	0.03125	0.15625	0.0625	0.5
	industri design	Industrial Design	0.5	0.625	0.53125	0.5	0.59375	0.46875
	cogsci	CogSci	0.125	0.65625	0.5625	0.65625	0.1875	0.0625
	american	American studies 	0.21875	0.5625	0.5	0.75	0.375	0.1875
	psi cv holog	Psy CV hology	0.125	0.6875	0.75	0.25	0.09375	0.125
	media	Media Studies	0.375	0.625	0.6875	0.78125	0.71875	0.375
	polit	Politics	0.125	0.125	0.40625	0.09375	0.21875	0.75
	urban regener	Urban regeneration	0.34375	0.46875	0.59375	0.5625	0.5	0.25
	polit	Politics 	0.25	0.5625	0.59375	0.5625	0.25	0.21875
	drama	Drama	0.1875	0.9375	0.78125	0.5625	0.125	0.125
	design	design	0.34375	0.625	0.78125	0.5625	0.25	0.25
	film director	Film director 	0.40625	0.8125	0.71875	0.6875	0.40625	0.09375
	tesol	TESOL	0.3125	0.5	0.75	0.84375	0.4375	0.03125
	pharmaci	Pharmacy	0.59375	0.75	0.5625	0.53125	0.0625	0.4375
	environment horticultur	environmental horticulture	0.375	0.90625	0.84375	0.59375	0.0625	0.0
	urban plan	Urban Planning	0.28125	0.28125	0.46875	0.34375	0.21875	0.21875
	classic	Classics	0.53125	0.71875	0.84375	0.46875	0.40625	0.5
	comnerv	Comnerve	0.3125	0.40625	0.34375	0.4375	0.3125	0.375
	healyh safeti	Healyh & Safety	0.78125	0.65625	0.59375	0.84375	0.53125	0.375
	languag	languages	0.5	0.75	0.78125	0.5625	0.15625	0.15625
	cultur	Cultural studies	0.34375	0.71875	0.96875	0.625	0.21875	0.4375
	comput	computing	0.5	0.8125	0.78125	0.71875	0.4375	0.34375
	design	Design	0.71875	0.6875	0.59375	0.53125	0.25	0.21875
	audiolog	Audiology	0.40625	0.59375	0.5625	0.8125	0.46875	0.78125
	polit	Political studies	0.1875	0.15625	0.375	0.59375	0.3125	0.34375
	drama	Drama	0.34375	0.625	0.84375	0.15625	0.0625	0.0
	classic	classics	0.03125	0.5625	0.53125	0.65625	0.09375	0.0
	comput	Computing	0.46875	0.71875	0.4375	0.3125	0.3125	0.5625
	pharmaci	pharmacy	0.4375	0.84375	0.65625	0.6875	0.21875	0.25
	product design	Product Design	0.59375	0.5	0.875	0.90625	0.625	0.40625
	polit	politics	0.34375	0.65625	0.5625	0.6875	0.25	0.28125
	polit	Politics	0.1875	0.71875	0.78125	0.53125	0.21875	0.03125
	comput	Computing	0.375	0.625	0.78125	0.4375	0.1875	0.375
	film	film	0.4375	0.71875	0.75	0.40625	0.25	0.5
	polit	Politics 	0.1875	0.3125	0.40625	0.75	0.71875	0.78125
	languag	Language	0.46875	0.3125	0.21875	0.21875	0.1875	0.125
	cosmolog	Cosmology	0.34375	0.78125	0.78125	0.6875	0.40625	0.28125
	urban plan	Urban Planning	0.34375	0.8125	0.78125	0.28125	0.1875	0.0
	languag	Languages	0.375	0.84375	0.71875	0.59375	0.6875	0.46875
	film	Film	0.5	0.375	0.65625	0.5	0.25	0.28125
	publish	publishing	0.46875	0.75	0.90625	0.625	0.15625	0.0625
	anim	Animation	0.21875	0.46875	0.84375	0.6875	0.53125	0.1875
	pharmaci	Pharmacy	0.125	0.9375	0.375	0.5625	0.09375	0.25
	polit	Politics	0.4375	0.75	0.65625	0.625	0.09375	0.125
	polit	Politics	0.25	0.21875	0.03125	0.09375	0.5	0.375
	food technolog	Food Technology	0.625	0.875	0.53125	0.46875	0.3125	0.40625
	inform technolog	It	0.21875	0.5	0.625	0.40625	0.59375	0.59375
	theatr	Theatre	0.53125	0.59375	0.25	0.28125	0.0625	0.3125
	liber	Liberal studies	0.21875	0.4375	0.78125	0.6875	0.5	0.21875
	drama	Drama	0.0	0.21875	0.46875	0.3125	0.0	0.03125
	polit	Politics	0.375	0.4375	0.8125	0.90625	0.625	0.59375
	environment anoth c	Environmental Studies and another degree in c	0.15625	0.59375	0.8125	0.4375	0.0625	0.0625
	languag	languages	0.4375	0.4375	0.59375	0.5	0.375	0.59375
	translat	translation	0.25	0.84375	0.875	0.59375	0.25	0.0
	teach	Teaching	0.125	0.40625	0.15625	0.5	0.21875	0.03125
	patholog	Pathology	0.25	0.53125	0.21875	0.25	0.46875	0.75
	polit	politics	0.5	0.625	0.875	0.9375	0.34375	0.3125
	teach	Teaching	0.15625	0.65625	0.125	0.71875	0.1875	0.4375
	classic	Classics	0.03125	0.3125	0.5625	0.65625	0.625	0.375
	urban plan	Urban Planning 	0.15625	0.375	0.40625	0.34375	0.15625	0.28125
	glassmak	glassmaking	0.125	0.71875	0.625	0.34375	0.09375	0.0
	dentist	Dentist 	0.4375	0.78125	0.46875	0.75	0.125	0.0
	polit	politics	0.5625	0.625	0.78125	0.375	0.375	0.625
	design	Design	0.40625	0.8125	0.75	0.34375	0.40625	0.0
	environment conserv	Environmental Conservation	0.34375	0.78125	0.6875	0.65625	0.21875	0.0
	design	Design	0.65625	0.8125	0.78125	0.625	0.1875	0.1875
	media	media	0.46875	0.375	0.71875	0.65625	0.40625	0.21875
	polit	politics	0.0625	0.15625	0.34375	0.71875	0.0	0.09375
	town plan	Town Planning	0.125	0.53125	0.40625	0.46875	0.1875	0.03125
	inform technolog	IT	0.375	0.40625	0.46875	0.3125	0.21875	0.0625
	comput	computing	0.40625	0.75	0.53125	0.59375	0.28125	0.21875
	media	media	0.0625	0.59375	0.75	0.3125	0.09375	0.0
	polit	Politics	0.1875	0.5625	0.5625	0.59375	0.4375	0.0625
	social polici	social policy	0.125	0.78125	0.65625	0.625	0.375	0.21875
	occup therapi	Occupational therapy 	0.375	0.53125	0.53125	0.875	0.5625	0.375
	paedagog	Paedagogics	0.375	0.75	0.875	0.78125	0.5	0.1875
	construct	Construction 	0.28125	0.5625	0.28125	0.46875	0.28125	0.0
	theater	Theater	0.5625	0.59375	0.625	0.59375	0.59375	0.71875
	move imag	Moving image	0.4375	0.5	0.59375	0.59375	0.28125	0.53125
	multimedia technolog	Multimedia Technology	0.28125	0.375	0.28125	0.21875	0.28125	0.4375
	computersci lingust	computerscience/applied lingustics	0.375	0.90625	0.59375	0.8125	0.25	0.34375
	design	design	0.625	0.90625	0.65625	0.625	0.28125	0.15625
	diplomaci	diplomacy	0.40625	0.8125	0.6875	0.65625	0.625	0.28125
	dental techic	Dental techics	0.25	0.84375	0.90625	0.46875	0.25	0.21875
	classic	Classics	0.3125	0.8125	0.75	0.46875	0.4375	0.09375
	teach	Teaching	0.375	0.4375	0.71875	0.65625	0.25	0.375
	urban plan	urban planning	0.0	0.15625	0.4375	0.71875	0.375	0.09375
	nure	Nureing	0.0	0.46875	0.4375	0.40625	0.09375	0.1875
	optometri	Optometry	0.65625	0.65625	0.5625	0.8125	0.25	0.28125
	media	media studies	0.625	0.84375	0.71875	0.5625	0.21875	0.4375
	translat	translation	0.5625	0.71875	0.875	0.5	0.4375	0.28125
	polit	Politics	0.1875	0.5	0.8125	0.6875	0.3125	0.0625
	bank	Banking	0.21875	0.15625	0.4375	0.15625	0.15625	0.1875
	pharmaci	Pharmacy	0.3125	0.65625	0.5	0.84375	0.28125	0.21875
	peac conflict	Peace and Conflict Studies	0.625	0.90625	0.78125	0.875	0.625	0.625
	epidemiolog	Epidemiology	0.4375	0.78125	0.5625	0.21875	0.28125	0.40625
	librarianship	Librarianship	0.125	0.34375	0.90625	0.40625	0.03125	0.0625
	film direct	Film Direction	0.4375	0.53125	0.40625	0.4375	0.3125	0.4375
	social polici	social policy	0.03125	0.5625	0.8125	0.5625	0.375	0.15625
	modern languag	Modern languages	0.40625	0.78125	0.78125	0.5	0.09375	0.0625
	occup therapi	Occupational therapy	0.0	0.75	0.625	0.59375	0.0	0.34375
	dramaturgi	Dramaturgy	0.1875	0.4375	0.875	0.625	0.25	0.25
	speech therapi	Speech therapy	0.09375	0.625	0.15625	0.59375	0.0625	0.0625
	translat	Translation	0.1875	0.65625	0.21875	0.40625	0.0	0.0
	comput engeer	Computer Engeering	0.34375	0.84375	0.875	0.75	0.4375	0.375
	inform technolog	IT	0.625	0.46875	0.21875	0.375	0.25	0.75
	fashion	Fashion	0.0	0.40625	0.9375	0.625	0.46875	0.0
	polit	Politics	0.21875	0.6875	0.5625	0.34375	0.1875	0.0
	european	European studies	0.1875	0.40625	0.375	0.9375	0.59375	0.1875
	pharmaci	Pharmacy	0.1875	0.8125	0.5625	0.71875	0.4375	0.3125
	inform technolog	IT	0.625	0.84375	0.28125	0.625	0.3125	0.75
	languag	Languages	0.34375	0.78125	0.9375	0.75	0.375	0.375
	teach	Teaching	0.40625	0.5625	0.6875	0.4375	0.4375	0.0
	comput	computing	0.34375	0.9375	0.78125	0.4375	0.25	0.46875
	geophys	geophysics	0.5625	0.96875	0.625	0.4375	0.4375	0.125
	classic	Classics	0.125	0.625	0.78125	0.46875	0.5	0.25
	comun	comunication	0.25	0.4375	0.5625	0.625	0.28125	0.15625
	film	film	0.34375	0.5	0.78125	0.46875	0.34375	0.1875
	psychotherapi	Psychotherapy 	0.0625	0.34375	0.34375	0.5625	0.125	0.34375
	publish	Publishing 	0.6875	0.6875	0.75	0.875	0.125	0.9375
	technolog	Technology	0.75	0.3125	0.0625	0.34375	0.40625	0.78125
	danc	Dance	0.1875	0.8125	0.5625	0.71875	0.03125	0.125
	geophys	Geophysics	0.40625	0.8125	0.46875	0.65625	0.34375	0.21875
	translat	translation	0.28125	0.5	0.625	0.34375	0.28125	0.4375
	urban plan	Urban Planning	0.625	0.78125	0.875	0.59375	0.28125	0.1875
	cybernet	Cybernetics	0.40625	0.8125	0.625	0.59375	0.21875	0.34375
	comput	Computing	0.5	0.28125	0.40625	0.21875	0.0625	0.25
	languag	Languages	0.09375	0.71875	0.25	0.28125	0.46875	0.59375
	psychotherapi	Psychotherapy 	0.9375	0.8125	0.9375	0.875	0.28125	0.0625
	comput	Computing	0.65625	0.78125	0.71875	0.3125	0.375	0.625
	ecomon	ecomonics	0.59375	0.34375	0.34375	0.6875	0.65625	0.84375
	build survey	Building Surveying	0.78125	0.84375	0.6875	0.4375	0.28125	0.1875
	occup therapi	Occupational Therapy	0.46875	0.78125	0.65625	0.71875	0.125	0.03125
	film	film	0.5	0.6875	0.90625	0.5625	0.375	0.3125
	languag	Languages	0.34375	0.78125	0.84375	0.875	0.46875	0.1875
	polit	Politics	0.28125	0.53125	0.5625	0.53125	0.28125	0.1875
	b sc	B. Sc.	0.375	0.46875	0.625	0.59375	0.25	0.1875
	polit	Politics	0.25	0.46875	0.46875	0.625	0.34375	0.3125
	polit	politics	0.15625	0.625	0.375	0.4375	0.25	0.125
	librarianship	Librarianship	0.09375	0.46875	0.15625	0.46875	0.59375	0.625
	classic	classics	0.375	0.75	0.5625	0.4375	0.09375	0.375
	nutrit	Nutrition	0.71875	0.75	0.40625	0.1875	0.25	0.3125
	industri design	Industrial Design	0.375	0.71875	0.71875	0.25	0.0625	0.15625
	design industri	Design industrial	0.84375	0.96875	0.9375	0.6875	0.4375	0.28125
	polit	Politics	0.65625	0.71875	0.1875	0.59375	0.1875	0.46875
	comput	computing	0.4375	0.8125	0.65625	0.28125	0.0625	0.3125
	urban plan	Urban Planning	0.59375	0.5625	0.5625	0.3125	0.5	0.40625
	modern languag	Modern languages	0.28125	0.625	0.6875	0.9375	0.3125	0.03125
	town plan	town planning	0.46875	0.8125	0.5625	0.6875	0.4375	0.46875
	cinema	cinema	0.75	0.84375	0.9375	0.53125	0.28125	0.09375
	environment	Environmental studies	0.3125	0.9375	0.75	0.75	0.5	0.3125
	pharmaci	Pharmacy 	0.40625	1.0	0.15625	0.71875	0.28125	0.5625
	digit concept develop	Digital Concept Development	0.3125	0.75	0.75	0.59375	0.625	0.625
	european cooper	European Cooperation	0.28125	0.96875	0.75	0.71875	0.34375	0.40625
	polit	Politics	0.09375	0.375	0.59375	0.46875	0.03125	0.03125
	nutrit	Nutrition	0.25	0.46875	0.34375	0.6875	0.46875	0.46875
	design	Design	0.4375	0.5	0.53125	0.6875	0.28125	0.15625
	womenswear fashion design technolog	Womenswear fashion design and technology	0.21875	0.78125	0.59375	0.71875	0.25	0.15625
	design	Design	0.03125	0.21875	0.75	0.71875	0.25	0.4375
	product design	Product Design	0.5625	0.8125	0.75	0.40625	0.40625	0.375
	horticultur	Horticulture 	0.46875	0.65625	0.375	0.59375	0.5	0.625
	nutrit dietet	Nutrition & Dietetics	0.53125	0.71875	0.5625	0.59375	0.15625	0.125
	comput	Computing 	1.0	0.4375	0.15625	0.4375	0.5	0.96875
	paint	painting	0.3125	0.625	0.5	0.3125	0.375	0.1875
	podiatri	podiatry	0.21875	0.5625	0.375	0.65625	0.34375	0.5625
	design	Design	0.4375	0.65625	0.59375	0.5	0.125	0.5
	translat	Translation	0.0625	0.21875	0.6875	0.28125	0.15625	0.15625
	chiropract	Chiropractic 	0.1875	0.9375	0.0625	0.4375	0.0	0.09375
	filmmak	Filmmaking	0.3125	0.75	0.875	0.21875	0.46875	0.46875
	philologist	Philologist	0.03125	0.75	0.46875	0.15625	0.21875	0.0
	cultur	Cultural studies	0.25	0.5	0.71875	0.96875	0.4375	0.125
	teach	teaching	0.25	0.375	0.84375	0.90625	0.75	0.21875
	softwar develop	Software Development	0.71875	0.65625	0.5	0.25	0.40625	0.40625
	theatr film	Theatre & Film	0.28125	0.65625	0.75	0.5	0.1875	0.0625
	industri design	Industrial Design	0.28125	0.46875	0.78125	0.625	0.15625	0.09375
	inform technolog	IT	0.5625	0.96875	0.5625	0.6875	0.25	0.3125
	toxicolog	Toxicology	0.09375	0.84375	0.09375	0.09375	0.0	0.09375
	media	Media	0.09375	0.65625	0.78125	0.65625	0.28125	0.375
	environment conserv studiesp	Environmental conservation studiesP	0.5625	1.0	0.5625	0.8125	0.375	0.4375
	environment plan	Environmental Planning	0.5	0.8125	0.65625	0.5	0.40625	0.5625
	ot	OT	0.4375	0.34375	0.46875	0.96875	0.3125	0.6875
	fashion design	Fashion design 	0.03125	0.46875	0.78125	0.40625	0.15625	0.0
	curatorship	Curatorship	0.1875	0.65625	0.78125	0.65625	0.25	0.21875
	survey	surveying	0.3125	0.75	0.59375	0.625	0.5	0.3125
	textil design	Textile design 	0.1875	0.28125	0.75	0.6875	0.125	0.0
	industri design	Industrial Design	0.4375	0.65625	0.71875	0.28125	0.4375	0.09375
	inform technolog	Information Technology	0.28125	0.59375	0.6875	0.65625	0.34375	0.40625
	polit	Politics	0.125	0.625	0.78125	0.4375	0.1875	0.0625
	develop	development	0.21875	0.4375	0.78125	0.65625	0.375	0.125
	cultur	Cultural studies	0.3125	0.75	0.6875	0.6875	0.0625	0.0
	jewelleri design	Jewellery Design	0.3125	0.5625	0.75	0.65625	0.125	0.1875
	inform technolog	It	0.21875	0.59375	0.75	0.3125	0.03125	0.15625
	american	American Studies	0.4375	0.5	0.5	0.34375	0.46875	0.4375
	polit write	Politics and Writing 	0.09375	0.4375	0.15625	0.25	0.0	0.0
	film theatr	Film & Theatre	0.09375	0.09375	0.71875	0.3125	0.0625	0.0
	busn	busn	0.09375	0.6875	0.4375	0.59375	0.28125	0.25
	design	Design	0.28125	0.34375	0.65625	0.75	0.46875	0.34375
	pharmaci	Pharmacy	0.28125	0.78125	0.65625	0.65625	0.1875	0.25
	polit	Politics	0.21875	0.5625	0.28125	0.40625	0.03125	0.0
	tourism	Tourism	0.25	0.65625	0.4375	0.65625	0.53125	0.40625
	polit	Politics	0.03125	0.5	0.5625	0.6875	0.375	0.09375
	modern languag	Modern Languages	0.5625	0.28125	0.75	0.5	0.8125	0.625
	child develop	Child development	0.59375	0.75	0.75	0.78125	0.625	0.59375
	languag	languages	0.40625	0.15625	0.375	0.625	0.40625	0.375
	classic	Classics	0.0	0.15625	0.21875	0.5625	0.125	0.0
	classic	Classics	0.6875	1.0	0.875	0.78125	0.5625	0.4375
	drama	Drama	0.375	0.4375	0.71875	0.59375	0.3125	0.25
	fashion technolog	Fashion Technology	0.09375	1.0	0.6875	0.59375	0.21875	0.40625
	industri design	Industrial Design	0.375	0.75	0.71875	0.71875	0.375	0.28125
	build	Building	0.1875	0.625	0.8125	0.34375	0.125	0.21875
	design	Design	0.4375	0.375	0.5625	0.46875	0.53125	0.28125
	inform technolog	IT	0.59375	0.65625	0.5	0.75	0.6875	0.625
	design	Design 	0.5	0.625	0.6875	0.40625	0.28125	0.25
	comput oper research	Computing & Operations Research	0.53125	0.40625	0.375	0.5625	0.25	0.4375
	modern languag	Modern Languages	0.0	0.28125	0.625	0.25	0.28125	0.03125
	anim	Animation	0.625	0.6875	0.4375	0.34375	0.375	0.46875
	fashion	Fashion	0.09375	0.09375	0.625	0.46875	0.40625	0.25
	build	Building	0.09375	0.40625	0.59375	0.125	0.0625	0.03125
	survey	surveying	0.6875	0.625	0.46875	0.5	0.375	0.34375
	social design	social design	0.125	0.21875	0.46875	0.46875	0.34375	0.0625
	dentistri	Dentistry	0.40625	0.65625	0.71875	0.59375	0.34375	0.21875
	media	Media	0.25	0.71875	0.90625	0.84375	0.59375	0.1875
	design	Design	0.6875	0.96875	0.65625	0.46875	0.46875	0.375
	design	design	0.65625	0.4375	0.3125	0.3125	0.6875	0.5625
	illustr	illustration	0.28125	0.53125	0.9375	0.75	0.53125	0.0625
	industri design	Industrial Design	0.15625	0.65625	0.625	0.625	0.34375	0.0625
	media	Media	0.28125	0.8125	0.375	0.4375	0.21875	0.125
	polit	Politics	0.46875	0.46875	0.59375	0.5625	0.59375	0.53125
	optometri	Optometry	0.53125	0.84375	0.53125	0.625	0.1875	0.15625
	film theori	Film Theory	0.25	0.34375	0.5	0.90625	0.5	0.65625
	automot robot	Automotive and robotics	0.5	0.34375	0.0625	0.53125	0.3125	0.78125
	optometri	Optometry	0.4375	0.875	0.625	0.6875	0.1875	0.125
	environ	Environment	0.53125	0.8125	0.5625	0.6875	0.15625	0.21875
	scandinavian	Scandinavian Studies	0.46875	0.84375	0.6875	0.46875	0.53125	0.4375
	polit	Politics 	0.125	0.21875	0.46875	0.5	0.21875	0.4375
	drama	Drama	0.28125	0.40625	0.9375	0.78125	0.09375	0.0625
	translat interpret	Translation/interpretation	0.59375	0.90625	0.65625	0.84375	0.25	0.375
	classic	Classics	0.40625	0.84375	0.59375	0.5625	0.1875	0.03125
	polit	Politics 	0.15625	0.59375	0.53125	0.71875	0.5	0.53125
	film american	Film and American Studies 	0.4375	0.3125	0.625	0.5625	0.53125	0.40625
	inform	Information studies	0.1875	0.59375	0.6875	0.8125	0.0	0.15625
	compar literest	Comparative Literest	0.375	0.5625	0.5625	0.65625	0.5	0.5625
	design	Design	0.46875	0.5	0.875	0.46875	0.09375	0.25
	design curat write	design curating and writing	0.28125	0.53125	0.46875	0.09375	0.3125	0.125
	polit	Politics	0.625	0.65625	0.6875	0.65625	0.46875	0.53125
	speech patholog	speech pathology	0.40625	0.90625	0.65625	0.75	0.3125	0.09375
	polit	Politics	0.125	0.5625	0.6875	0.46875	0.40625	0.125
	polit	politics	0.0	0.59375	0.1875	0.625	0.0	0.0
	pharmaci	pharmacy	0.28125	1.0	0.59375	0.46875	0.25	0.375
	write	Writing	0.40625	0.78125	0.71875	0.34375	0.3125	0.46875
	epidemiolog	Epidemiology	0.28125	0.90625	0.875	0.71875	0.0625	0.15625
	teach	Teaching	0.0	0.40625	0.59375	0.46875	0.25	0.0
	translat	Translation	0.1875	0.875	0.71875	0.84375	0.5	0.0625
	ancient near east	Ancient Near East Studies	0.125	0.71875	0.84375	0.6875	0.46875	0.0625
	theatr	Theatre	0.125	0.53125	0.96875	0.46875	0.46875	0.03125
	classic	Classics	0.40625	0.59375	0.0	0.25	0.28125	0.40625
	theatr direct	Theatre Directing	0.1875	0.59375	0.84375	0.78125	0.15625	0.09375
	pharmaci	Pharmacy 	0.5	0.75	0.78125	0.90625	0.53125	0.25
	inform technolog	Information technology 	0.5625	0.71875	0.75	0.5625	0.46875	0.28125
	polit	Politics	0.28125	0.4375	1.0	0.5625	0.65625	0.25
	polit	Politics	0.28125	0.71875	0.75	0.375	0.25	0.15625
	teacher train	teachers training	0.3125	0.59375	0.5	0.875	0.5625	0.625
	languag	Languages	0.46875	0.84375	0.90625	0.78125	0.53125	0.53125
	polit	Politics	0.09375	0.5625	0.25	0.53125	0.25	0.25
	infecti diseas epidemiolog	Infectious disease epidemiology	0.15625	0.84375	0.59375	0.5625	0.125	0.15625
	polit	politics	0.15625	0.625	0.8125	0.34375	0.0625	0.0
	weld colleg	Welding college 	0.5	0.71875	0.875	0.40625	0.5	0.34375
	media product	Media Production	0.4375	0.78125	0.65625	0.59375	0.25	0.1875
	occup therapi	occupational therapy	0.25	0.6875	0.34375	0.75	0.34375	0.09375
	media	Media Studies	0.03125	0.53125	0.65625	0.8125	0.5	0.34375
	drama	Drama	0.4375	0.78125	0.96875	0.5625	0.21875	0.0
	gender	gender	0.0625	0.25	0.71875	0.53125	0.1875	0.0625
	drama	Drama	0.4375	0.84375	0.96875	0.65625	0.125	0.25
	teach	Teaching	0.15625	0.4375	0.15625	0.4375	0.34375	0.15625
	develop	Development Studies	0.40625	0.40625	0.34375	0.4375	0.28125	0.40625
	act	Acting	0.0	0.3125	0.84375	0.21875	0.625	0.1875
	translat	Translation	0.40625	0.75	0.8125	0.71875	0.65625	0.34375
	social	Social studies	0.34375	0.65625	0.875	0.6875	0.375	0.21875
	dentistri	Dentistry 	0.4375	0.90625	0.625	0.34375	0.28125	0.28125
	design	Design	0.625	0.59375	0.65625	0.15625	0.125	0.28125
	creativ write publish museum	Creative writing, publishing, museum studies	0.15625	0.5	0.8125	0.5625	0.3125	0.09375
	psycjologu	Psycjologu	0.0625	0.6875	0.78125	0.3125	0.03125	0.09375
	survey	SURVEYING	0.53125	0.78125	0.4375	0.46875	0.25	0.3125
	actuari	Actuarial	0.28125	0.53125	0.5	0.46875	0.25	0.40625
	draft	Drafting	0.125	0.21875	0.46875	0.1875	0.21875	0.0625
	polit	Politics	0.0	0.4375	0.75	0.90625	0.71875	0.4375
	polit	Politics	0.1875	0.9375	0.90625	0.46875	0.25	0.0625
	polit	politics	0.5625	0.71875	0.84375	0.59375	0.71875	0.53125
	tv product	tv production	0.40625	0.8125	0.59375	0.46875	0.5625	0.53125
	comput	Computing	0.3125	0.5625	0.1875	0.3125	0.03125	0.59375
	psycholoji	psycholojy	0.5625	0.8125	0.59375	0.6875	0.5625	0.8125
	tv film	Tv and film	0.25	0.34375	0.5	0.40625	0.3125	0.25
	speech patholog	Speech Pathology	0.03125	0.4375	0.75	0.5	0.40625	0.03125
	inform technolog	Information Technology	0.375	0.3125	0.15625	0.375	0.125	0.53125
	digit media	Digital media 	0.34375	0.5	0.8125	0.78125	0.625	0.03125
	cultur	Cultural studies	0.0	0.84375	0.8125	0.40625	0.34375	0.0
	creativ write	Creative Writing	0.4375	1.0	1.0	0.90625	0.90625	0.28125
	develop	Development 	0.34375	0.625	0.5	0.625	0.53125	0.21875
	media	Media	0.0625	0.78125	0.78125	0.4375	0.21875	0.03125
	entrepreneurship	Entrepreneurship	0.4375	0.34375	0.3125	0.3125	0.53125	0.5625
	modern languag	modern languages	0.1875	0.6875	0.78125	0.875	0.34375	0.46875
	drama	Drama	0.21875	0.5625	0.875	0.625	0.21875	0.0
	textil	Textiles	0.3125	0.40625	0.65625	0.65625	0.3125	0.34375
	polit	Politics	0.5625	0.5	0.5	0.53125	0.75	0.6875
	teach	Teaching	0.28125	0.40625	0.71875	0.6875	0.46875	0.03125
	physiotherapi	Physiotherapy	0.21875	0.65625	0.6875	0.625	0.46875	0.375
	modern languag	Modern languages	0.28125	0.40625	0.59375	0.65625	0.28125	0.375
	medic	medical	0.09375	0.8125	0.09375	0.4375	0.3125	0.46875
	classic	Classical Studies	0.5625	0.875	0.5625	0.75	0.09375	0.03125
	design	Design	0.15625	0.34375	0.71875	0.625	0.59375	0.3125
	quantiti survey	Quantity Surveying	0.34375	1.0	0.71875	0.65625	0.21875	0.0625
	specialis translat	Specialised Translation	0.40625	0.59375	0.625	0.71875	0.46875	0.3125
	languag	Languages	0.25	0.75	0.625	0.40625	0.21875	0.21875
	ergonom	ergonomics	0.28125	0.5625	0.3125	0.5	0.125	0.21875
	classic	Classics	0.75	0.21875	0.25	0.53125	0.21875	0.0
	speech patholog therapi	Speech Pathology and Therapy	0.03125	0.28125	0.75	0.78125	0.4375	0.1875
	creativ write	creative writing	0.21875	0.65625	0.5	0.46875	0.34375	0.5
	social polici	Social Policy	0.59375	0.53125	0.4375	0.78125	0.375	0.4375
	film	Film Studies	0.25	0.625	0.875	0.71875	0.625	0.125
	pschotherapi	Pschotherapy	0.125	0.375	0.28125	0.78125	0.21875	0.46875
	film	Film	0.125	0.1875	0.59375	0.28125	0.1875	0.09375
	furnitur design	Furniture Design	0.375	0.40625	0.65625	0.71875	0.375	0.125
	occup therapi	Occupational Therapy 	0.03125	0.40625	0.3125	0.65625	0.3125	0.125
	design	Design	0.375	0.4375	0.65625	0.5625	0.53125	0.40625
	urban plan	Urban Planning	0.6875	0.78125	0.53125	0.3125	0.25	0.375
	translat	translation	0.59375	0.75	0.46875	0.53125	0.4375	0.5
	social care	social care	0.21875	0.6875	0.28125	0.125	0.21875	0.5625
	modern lamguag	modern lamguages	0.125	0.40625	0.65625	0.6875	0.59375	0.21875
	design	Design	0.40625	0.75	0.875	0.6875	0.40625	0.21875
	physiotherapi	Physiotherapy 	0.25	0.59375	0.4375	0.65625	0.53125	0.09375
	polit	Politics	0.34375	0.71875	0.59375	0.625	0.3125	0.3125
	film televis	Film and Television	0.6875	0.53125	0.9375	0.6875	0.34375	0.15625
	multimedia design	multimedia design	0.1875	0.875	0.875	1.0	0.3125	0.4375
	languag	Languages	0.21875	0.59375	0.125	0.53125	0.1875	0.15625
	social polici	Social Policy	0.09375	0.34375	0.375	0.25	0.4375	0.46875
	social polici	Social policy	0.34375	0.65625	0.75	0.90625	0.75	0.34375
	sport	sport	0.0625	0.28125	0.53125	0.8125	0.4375	0.1875
	urban plan	urban planning	0.5625	0.96875	0.90625	0.78125	0.5625	0.40625
	cis	Cis	0.1875	0.9375	0.875	0.5	0.53125	0.3125
	paraleg	Paralegal	0.09375	0.90625	0.78125	0.96875	0.625	0.5625
	inform technolog	IT	0.21875	0.34375	0.46875	0.28125	0.34375	0.0
	inform technolog	IT	0.28125	0.5625	0.53125	0.4375	0.5625	0.25
	serv	serving	0.5	0.4375	0.5625	0.5625	0.65625	0.5
	orient	Oriental Studies	0.59375	0.71875	0.59375	0.78125	0.40625	0.34375
	design	Design	0.3125	0.84375	0.65625	0.46875	0.09375	0.15625
	serv	serving	0.5	0.5	0.59375	0.5625	0.59375	0.5
	broadcast	Broadcasting 	0.375	0.6875	0.875	0.375	0.21875	0.90625
	pharmaci	Pharmacy	0.3125	0.90625	0.6875	0.5	0.21875	0.28125
	media	media	0.4375	0.71875	0.96875	0.71875	0.28125	0.1875
	instrument electron	Instrumentation and Electronics	0.3125	0.9375	0.625	0.4375	0.3125	0.375
	design	design	0.0625	0.1875	0.625	0.6875	0.3125	0.1875
	drama	Drama	0.5	0.40625	0.78125	0.59375	0.3125	0.1875
	polici	Policy	0.1875	0.65625	0.625	0.71875	0.375	0.28125
	media	media	0.09375	0.96875	0.875	0.5625	0.09375	0.125
	organiz develop	Organizational Development	0.0	0.0625	0.6875	0.65625	0.25	0.0
	design	Design	0.28125	0.40625	0.78125	0.71875	0.15625	0.0625
	digit media	Digital Media	0.4375	0.4375	0.875	0.3125	0.09375	0.15625
	media product	Media production	0.21875	0.5625	0.875	0.6875	0.34375	0.28125
	teach	teaching	0.15625	0.25	0.71875	0.3125	0.0625	0.0
	media	Media	0.21875	0.15625	0.34375	0.46875	0.40625	0.4375
	geophys	Geophysics	0.4375	0.71875	0.71875	0.46875	0.1875	0.15625
	illustr	Illustration	0.03125	0.34375	0.71875	0.625	0.375	0.03125
	media	media	0.375	0.5625	0.8125	0.875	0.5	0.25
	design	design	0.5	0.65625	0.40625	0.15625	0.21875	0.0
	paraleg	paralegal	0.375	0.6875	0.3125	0.125	0.34375	0.6875
	film video edit	film and video editing	0.15625	0.8125	0.90625	0.625	0.34375	0.125
	polit	Politics	0.25	0.5625	0.78125	0.8125	0.53125	0.09375
	medic assist	Medical Assisting	0.375	0.6875	0.21875	0.71875	0.5625	0.75
	medic assist	medical assisting	0.28125	0.6875	0.71875	0.5625	0.625	0.4375
	translat	Translation	0.46875	0.90625	0.96875	0.9375	0.75	0.4375
	medic assist	medical assisting 	0.0625	0.15625	0.0	0.5	0.25	0.21875
	medic assist	Medical Assistant	0.0	0.46875	0.0625	0.34375	0.0	0.125
	medic assist	Medical Assisting	0.15625	0.5	0.125	0.78125	0.4375	0.25
	medic assist	Medical Assisting 	0.125	0.5	0.5	0.78125	0.71875	0.8125
	drama	Drama 	0.3125	0.3125	0.34375	0.59375	0.5	0.65625
	polit	Politics	0.0625	0.28125	0.53125	0.75	0.3125	0.125
	ir	IR	0.28125	0.53125	0.5	0.65625	0.21875	0.28125
	therapi	therapy	0.28125	0.0625	0.25	0.65625	0.5625	0.5
	design	design	0.15625	0.8125	0.75	0.46875	0.21875	0.09375
	polit	Politics	0.125	0.0	0.21875	0.1875	0.0	0.0
	design	Design	0.5625	0.5	0.46875	0.75	0.46875	0.71875
	polit	politics	0.1875	0.6875	0.625	0.71875	0.625	0.375
	social polici	Social policy	0.25	0.71875	0.34375	0.71875	0.46875	0.40625
	polit	Politics	0.46875	0.65625	0.84375	0.75	0.59375	0.28125
	econim	Econimics	0.3125	0.4375	0.40625	0.46875	0.25	0.5
	polit	Politics	0.40625	0.1875	0.625	0.59375	0.25	0.3125
	theatr	Theatre	0.125	0.625	0.875	0.6875	0.46875	0.25
	film	Film	0.0	0.46875	0.8125	0.53125	0.28125	0.03125
	teach	Teaching	0.53125	0.8125	0.65625	0.875	0.3125	0.53125
	theatr	theatre	0.0	0.5625	0.9375	0.71875	0.375	0.15625
	sport	Sports	0.21875	0.5	0.53125	0.6875	0.15625	0.21875
	polit	Politics	0.78125	0.5	0.84375	0.46875	0.59375	0.4375
	polit	Politics	0.25	0.53125	0.65625	0.78125	0.34375	0.25
	film digit media	Film and digital media 	0.28125	0.75	0.8125	0.5	0.25	0.28125
	design	design	0.4375	0.65625	0.46875	0.5	0.21875	0.40625
	speech patholog	Speech pathology	0.125	0.59375	0.84375	0.96875	0.4375	0.3125
	area	Area studies	0.3125	0.78125	0.875	0.6875	0.375	0.28125
	design	Design	0.8125	1.0	1.0	1.0	0.4375	0.25
	ceram	ceramics 	0.1875	0.3125	0.8125	0.71875	0.25	0.3125
	translat	Translation	0.4375	0.5625	0.5	0.4375	0.46875	0.65625
	inform technolog	It	0.71875	0.875	0.40625	0.40625	0.21875	0.84375
	industri design	Industrial Design	0.25	0.03125	0.75	0.59375	0.34375	0.03125
	librarianship	librarianship	0.0	0.125	0.46875	0.375	0.28125	0.5625
	sculptur	sculpture	0.78125	0.96875	0.9375	1.0	0.40625	0.375
	creativ write	Creative writing	0.40625	0.75	0.8125	0.78125	0.46875	0.21875
	medic	Medical	0.59375	1.0	0.71875	0.21875	0.3125	0.65625
	informat	Informatics	0.53125	0.59375	0.71875	0.625	0.46875	0.46875
	design	Design	0.0625	0.5625	0.4375	0.5	0.0	0.0
	anim behaviour	Animal behaviour 	0.34375	0.78125	0.65625	0.5625	0.59375	0.25
	design	Design	0.34375	0.9375	0.65625	0.71875	0.1875	0.21875
	american	American studies	0.25	0.46875	0.78125	0.625	0.5	0.125
	design	Design	0.53125	0.6875	0.65625	0.65625	0.34375	0.125
	polit	Politics	0.0	0.3125	0.125	0.21875	0.3125	0.125
	languag	Languages	0.1875	0.4375	0.75	0.5625	0.3125	0.3125
	folklor	Folklore 	0.65625	0.71875	0.75	0.4375	0.34375	0.15625
	languag	Languages	0.65625	0.71875	0.96875	0.75	0.625	0.5625
	film	Film	0.03125	0.6875	0.8125	0.25	0.1875	0.03125
	tourism	Tourism	0.65625	0.6875	0.75	0.84375	0.59375	0.4375
	massag therapi	massage therapy	0.125	0.4375	0.6875	0.34375	0.125	0.0625
	media design	Media Design	0.4375	0.625	0.5	0.375	0.15625	0.1875
	literaci	Literacy	0.15625	0.46875	0.625	0.71875	0.375	0.28125
	creativ write	Creative writing 	0.0	0.46875	0.46875	0.53125	0.09375	0.0
	drama	Drama	0.34375	0.40625	0.75	0.5625	0.53125	0.21875
	film	Film	0.03125	0.625	0.75	0.625	0.28125	0.1875
	good question	Good question	0.3125	0.25	0.28125	0.84375	0.28125	0.25
	creativ write	Creative Writing	0.0	0.9375	0.8125	0.09375	0.1875	0.25
	product design	product design 	0.5625	0.5625	0.71875	0.4375	0.3125	0.125
	demographi	Demography	0.125	0.625	0.4375	0.8125	0.65625	0.875
	polit	Politics	0.5625	0.46875	0.5625	0.28125	0.25	0.25
	design	Design	0.28125	0.75	0.96875	0.5	0.0	0.09375
	inform technolog	Information and Technology	0.53125	0.625	0.625	0.5	0.59375	0.4375
	applic	not applicable	0.1875	0.0	0.3125	0.9375	0.5	0.4375
	non	non	0.125	0.4375	0.40625	0.75	0.75	1.0
	urban plan	Urban Planning	0.3125	0.25	0.125	0.78125	0.53125	0.375
	doctor	Doctor	0.59375	0.53125	0.3125	0.8125	0.75	0.5625
	languag	Languages	0.21875	0.21875	0.1875	0.59375	0.40625	0.5
	philolog	philology	0.0625	0.625	0.84375	0.8125	0.3125	0.125
	teacher program	Teacher program	0.25	0.59375	0.53125	0.71875	0.28125	0.21875
	pharmaci	Pharmacy	0.09375	0.15625	0.28125	0.75	0.34375	0.28125
	develop	Development	0.0625	0.28125	0.53125	0.84375	0.625	0.3125
	inform technolog	information technology	0.25	0.6875	0.5625	0.6875	0.375	0.0
	film	film	0.40625	0.78125	0.625	0.28125	0.3125	0.21875
	theatr	Theatre	0.21875	0.625	0.9375	0.625	0.5	0.0625
	comput	Computing	0.375	0.34375	0.375	0.34375	0.65625	0.65625
	inform technolog	Information Technology	0.5625	0.53125	0.53125	0.53125	0.40625	0.6875
	polit	Politics	0.40625	0.75	0.90625	0.71875	0.40625	0.03125
	theatr	Theatre	0.59375	0.78125	0.875	0.75	0.25	0.3125
	curat	Curator	0.21875	0.375	0.125	0.0625	0.1875	0.4375
	hvac	Hvac	0.9375	0.1875	0.25	0.5	0.5	0.6875
	undecid	undecided	0.0	0.34375	0.0	0.375	0.4375	0.0
	undecid	undecided	0.0625	0.03125	0.0	0.03125	0.0	0.0
	environment	Environmental Studies	0.15625	0.34375	0.53125	0.53125	0.25	0.28125
	prof moral digit time	prof. morality in digital times	0.65625	0.96875	0.9375	0.71875	0.46875	0.21875
	undecid	Undecided	0.375	0.46875	0.46875	0.90625	0.34375	0.65625
	program	Programming	0.0625	0.09375	0.40625	0.03125	0.09375	0.0625
	modern languag	Modern languages	0.1875	0.4375	0.4375	0.65625	0.59375	0.28125
	rehabilit servic	Rehabilitation Services	0.8125	0.8125	0.875	0.90625	0.78125	0.65625
	audio video product	Audio/Video Production	0.59375	0.28125	0.84375	0.75	0.6875	0.625
	rehab servic	rehab service	0.0	0.46875	0.375	0.9375	0.34375	0.5625
	anim	animation	0.15625	0.65625	0.78125	0.59375	0.0	0.0
	immunolog	Immunology 	0.09375	0.875	0.4375	0.34375	0.5	0.53125
	rehabilit	Rehabilitation	0.34375	0.46875	0.53125	0.84375	0.375	0.21875
	rehabilit servic	Rehabilitation Services	0.0625	0.3125	0.5	0.75	0.59375	0.40625
	cybersecuirti	Cybersecuirty	0.3125	0.28125	0.21875	0.625	0.5	0.6875
	occup therapi	Occupational Therapy	0.03125	0.53125	0.40625	0.40625	0.40625	0.09375
	undecid	Undecided	0.125	0.59375	0.21875	0.46875	0.03125	0.0625
	sustain	sustainability	0.625	0.875	0.90625	0.75	0.28125	0.46875
	nutrit	Nutrition	0.03125	0.6875	0.5	0.625	0.0625	0.0
	design	Design	0.125	0.4375	0.40625	0.71875	0.1875	0.0
	design	design	0.59375	0.84375	0.875	0.59375	0.46875	0.28125
	industri	industrial	0.0	0.0625	0.625	0.9375	0.5	0.125
	quantiti surveyor	Quantity Surveyors	0.34375	0.15625	0.3125	0.71875	0.65625	0.6875
	surgic technolog	Surgical technology 	0.40625	0.75	0.65625	0.78125	0.34375	0.25
	paint	Painting	0.4375	0.34375	0.96875	0.34375	0.65625	0.1875
	psyc	psyc	0.125	0.78125	0.71875	0.71875	0.09375	0.25
	anatomi	Anatomy	0.53125	0.625	0.09375	0.21875	0.1875	0.53125
	fit	fitness	0.40625	0.5	0.46875	0.6875	0.5	0.4375
	design	Design	0.3125	0.6875	0.84375	0.6875	0.28125	0.125
	inform technolog	IT	0.3125	0.625	0.75	0.53125	0.46875	0.28125
	occup therapi	Occupational therapy 	0.28125	0.875	0.65625	0.78125	0.46875	0.03125
	kejuruteraan awam	kejuruteraan awam	0.0625	0.1875	0.75	0.375	0.25	0.5
	languag	languages	0.5	0.625	0.5625	0.40625	0.1875	0.34375
	direito e psicologia	direito e psicologia	0.03125	0.15625	0.09375	0.5625	0.28125	0.8125
	social servic	Social Services	0.0	0.03125	0.0	0.875	0.84375	0.625
	technolog	Technology	0.59375	0.5	0.3125	0.40625	0.5	0.34375
	illustr	illustration	0.125	0.4375	0.875	0.4375	0.15625	0.0
	teach	Teaching	0.0625	0.40625	0.8125	0.75	0.28125	0.28125
	cj	CJ	0.6875	1.0	1.0	1.0	0.875	0.8125
	inform technolog	IT	0.34375	0.65625	0.40625	0.1875	0.125	0.21875
	environment	Environmental 	0.15625	0.6875	0.5	0.9375	0.25	0.09375
	occup therapi	Occupational Therapy	0.375	0.46875	0.625	0.84375	0.3125	0.09375
	web desgin	Web Desgin	0.40625	0.28125	0.53125	0.09375	0.125	0.65625
	classic	Classics	0.1875	0.4375	0.53125	0.53125	0.5	0.71875
	rehabilit servic	Rehabilitation Services	0.0	0.375	0.0	0.625	0.09375	0.03125
	environment technolog	Environmental technology	0.25	0.5625	0.625	0.1875	0.15625	0.03125
	buis	buiseness	0.0625	0.0	0.21875	0.1875	0.125	0.4375
	filosophi	Filosophy	0.46875	0.8125	0.65625	0.6875	0.59375	0.40625
	film	film	0.28125	0.25	0.71875	0.46875	0.375	0.28125
	polit	Politics	0.40625	0.625	0.5	0.5625	0.53125	0.15625
	never	Never 	0.25	0.21875	0.71875	0.84375	0.84375	0.625
	kinesiolog	Kinesiology	0.1875	0.5625	0.4375	0.875	0.5	0.375
	environment	Environmental Studies	0.0	0.28125	0.0	0.25	0.0625	0.0
	heritag protect restaur	heritage protection and restauration	0.3125	0.65625	0.71875	0.75	0.34375	0.03125
	program	programming	0.1875	0.0625	0.15625	0.40625	0.21875	0.5
	occup therapi	occupational therapy	0.0	0.25	0.25	0.625	0.625	0.28125
	undecid	Undecided	0.125	0.59375	0.125	0.34375	0.0625	0.71875
	justic	Justice Studies	0.15625	0.71875	0.375	0.375	0.0	0.0
	rehab servic	Rehab Services	0.6875	0.9375	0.8125	1.0	0.6875	0.96875
	interior design	Interior design	0.21875	0.40625	0.65625	0.53125	0.5625	0.3125
	cybersecur	Cybersecurity	0.78125	0.25	0.4375	0.78125	0.71875	0.875
	rehab	rehab	0.4375	0.40625	0.5	0.4375	0.375	0.4375
	rehab	rehab	0.3125	0.5	0.40625	0.21875	0.4375	0.53125
	nutrit dietet	Nutrition and Dietetics	0.125	0.40625	0.9375	0.4375	0.21875	0.0625
	kinesiolog	Kinesiology	0.4375	0.46875	0.34375	0.53125	0.4375	0.34375
	film direct	film directing	0.40625	0.71875	0.875	0.5625	0.3125	0.21875
	polit	politics	0.125	0.59375	0.53125	0.5625	0.1875	0.09375
	sale	sales	0.28125	0.5625	0.75	0.5625	0.71875	0.46875
	inform technolog	information technology	0.96875	1.0	0.34375	0.53125	0.28125	0.53125
	polit	Politics	0.5625	0.4375	0.6875	0.625	0.21875	0.375
	nutrient phsycolog kid teacher	nutrient, phsycology, kids teacher	0.15625	0.5625	0.28125	0.5625	0.34375	0.4375
	survey	Surveying	0.5	0.9375	0.90625	0.65625	0.65625	0.34375
	design	3d design	0.0625	0.5	0.46875	0.40625	0.40625	0.03125
	undecid	Undecided	0.0	0.0	0.0	0.40625	0.03125	0.59375
	modern languag	Modern languages	0.25	0.53125	0.53125	0.6875	0.3125	0.78125
	design	design	0.625	0.75	0.8125	0.90625	0.5	0.40625
	undecid	undecided	0.0625	0.5625	0.0	0.1875	0.1875	0.0625
	occup therapi	occupational therapy	0.0	0.21875	0.09375	0.875	0.34375	0.375
	fashion merchandis	Fashion Merchandising	0.15625	0.375	0.46875	0.78125	0.75	0.1875
	teach	Teaching	0.5625	0.90625	0.8125	0.59375	0.09375	0.3125
	media	media studies	0.0625	0.65625	0.90625	0.71875	0.3125	0.21875
	anim	animation	0.1875	0.40625	0.875	0.75	0.5625	0.21875
	illustr	Illustration	0.09375	0.28125	0.6875	0.65625	0.1875	0.09375
	design	Design	0.21875	0.625	0.5625	0.71875	0.28125	0.375
	communcat	Communcations	0.125	0.125	0.375	0.375	0.375	0.40625
	landscap design horticultur	Landscape design and horticulture	0.4375	0.96875	0.6875	0.625	0.34375	0.125
	turkish	turkish studies	0.4375	0.1875	0.5625	0.625	0.625	0.375
	broadcast	broadcasting	0.8125	0.21875	0.75	0.9375	0.90625	0.28125
	polit	Politics	0.125	0.8125	0.15625	0.5625	0.53125	0.59375
	med	Pre-med	0.4375	0.71875	0.375	0.34375	0.15625	0.0625
	environment polici	Environmental Policy	0.125	0.90625	0.625	0.90625	0.375	0.15625
	network	Networking	0.46875	0.1875	0.15625	0.46875	0.4375	0.4375
	pharmaci	Pharmacy 	0.25	0.6875	0.3125	0.65625	0.21875	0.5
	electr	electrical	0.28125	0.9375	0.46875	0.34375	0.0625	0.0
	pharmaci	pharmacy	0.3125	0.625	0.09375	0.1875	0.0	0.15625
	radiolog	Radiology 	0.53125	0.78125	0.90625	0.75	0.34375	0.375
	pta	Pta	0.53125	0.90625	0.40625	0.5	0.75	0.4375
	pharmaci	pharmacy	0.34375	0.84375	0.5625	0.5	0.125	0.21875
	game program	Games Programming	0.65625	0.75	0.46875	0.28125	0.21875	0.65625
	environment	Environmental studies 	0.40625	0.65625	0.46875	0.125	0.0	0.6875
	languag patologist	Language patologist	0.3125	0.875	0.40625	0.9375	0.59375	0.3125
	electr instal previous web desig	Electrical Installation, previously web desig	0.75	0.875	0.5625	0.4375	0.1875	0.5625
	medic	Medical	0.5	0.625	0.6875	0.75	0.21875	0.25
	inform	Information	0.3125	0.625	0.84375	0.625	0.125	0.0
	design	design	0.125	0.1875	0.5625	0.65625	0.34375	0.375
	design	Design	0.40625	0.875	0.59375	0.84375	0.375	0.28125
	inform technolog	IT	0.25	0.90625	0.625	0.75	0.53125	0.5625
	fashion design	Fashion design	0.3125	0.25	0.5625	0.8125	0.875	0.8125
	film product	Film Production	0.53125	0.0625	0.9375	0.4375	0.09375	0.0625
	develop	Development studies	0.5625	0.5	0.65625	0.5	0.28125	0.40625
	screenwrit playwrit	Screenwriting and Playwriting	0.09375	0.65625	0.71875	0.5	0.0	0.03125
	languag	Languages	0.53125	0.375	0.5	0.34375	0.375	0.65625
	classic	Classics	0.3125	0.34375	0.5	0.4375	0.28125	0.34375
	sport	Sports degree 	0.75	0.6875	0.46875	0.75	0.4375	0.1875
	act creativ write	Acting, Creative Writing	0.5	0.53125	0.96875	0.71875	0.4375	0.34375
	social	Social 	0.09375	0.1875	0.0625	0.4375	0.375	0.15625
	automot sceinc	automotive sceinces	0.59375	0.5625	0.25	0.34375	0.40625	0.4375
	media	media	0.15625	0.3125	0.75	0.90625	0.625	0.40625
	environment	Environmental Studies	0.375	0.46875	0.375	0.46875	0.15625	0.40625
	design	design	0.375	0.53125	0.6875	0.40625	0.15625	0.03125
	global	Global Studies	0.03125	0.03125	0.53125	0.59375	0.53125	0.4375
	design	Design 	0.34375	0.5	0.46875	0.125	0.375	0.6875
	hospit	Hospitality	0.78125	0.5	0.4375	0.5	0.53125	1.0
	environ	Environment 	0.1875	0.75	0.90625	0.90625	0.15625	0.03125
	paraleg	paralegal	0.03125	0.34375	0.0	0.46875	0.0	0.4375
	sistema de informação	Sistemas de Informação	0.6875	0.8125	0.5	1.0	0.4375	0.6875
	environment	Environmental 	0.34375	0.84375	0.6875	0.96875	0.40625	0.1875
	inform technolog comput support	IT and Computer Support	0.34375	0.03125	0.4375	0.75	0.53125	0.625
	hospit	Hospitality	0.0	0.40625	0.6875	0.78125	0.71875	0.5
	pharmaci	Pharmacy	0.46875	0.71875	0.6875	0.625	0.5	0.5625
	game design	Game Design	0.84375	1.0	0.84375	0.125	0.0	0.125
	hospit	Hospitality	0.0625	0.03125	0.4375	0.40625	0.59375	0.53125
	undecid	Undecided 	0.25	0.71875	0.5625	0.5625	0.5	0.40625
	safeti risk analysi	Safety and Risk Analysis	0.34375	0.65625	0.1875	0.5	0.0	0.0625
	edu ztion	Edu ztion	0.09375	0.21875	0.21875	0.28125	0.15625	0.09375
	european polit	European Politics	0.21875	0.375	0.3125	0.6875	0.375	0.34375
	na	na	0.4375	0.34375	0.65625	0.5	0.8125	0.34375
	polit	Politics	0.40625	0.59375	0.5625	0.4375	0.4375	0.34375
	comput	computing	0.21875	0.09375	0.59375	0.125	0.25	0.0
	languag	Languages	0.125	0.59375	0.875	0.59375	0.59375	0.1875
	energi	Energy	0.5	0.90625	0.59375	0.625	0.8125	0.1875
	polit	Politics	0.46875	0.75	0.25	0.3125	0.5	0.5625
	polit	Politics	0.3125	0.65625	0.71875	0.28125	0.4375	0.125
	communiti servic	Community services	0.1875	0.53125	0.21875	0.6875	0.53125	0.3125
	product design	Product design	0.46875	0.53125	0.46875	0.4375	0.46875	0.15625
	polit	Politics	0.28125	0.6875	0.71875	0.46875	0.21875	0.21875
	organiz leadership	Organizational leadership	0.53125	0.4375	0.53125	0.3125	0.46875	0.34375
	design	Design	0.0	0.15625	0.6875	0.1875	0.25	0.0625
	polit	Politics	0.4375	0.8125	0.75	0.75	0.5	0.09375
	survey	Surveying 	0.09375	0.59375	0.46875	0.59375	0.59375	0.25
	fashion design	fashion design	0.0625	0.3125	0.46875	0.25	0.15625	0.09375
	cybersecur	Cybersecurity	0.25	0.875	0.375	0.375	0.0	0.75
	design	Design	0.1875	0.625	0.53125	0.5	0.28125	0.1875
	inform studi	Information studied 	0.1875	0.4375	0.1875	0.65625	0.375	0.40625
	inform technolog	Information Technology	0.625	0.6875	0.875	0.84375	0.625	0.46875
	theatr	Theatre	0.3125	0.375	0.40625	0.4375	0.5625	0.59375
	televis product	Television Production	0.53125	0.71875	0.90625	0.34375	0.09375	0.1875
	electron	Electronics	0.40625	0.84375	0.59375	0.28125	0.46875	0.03125
	medial	Medial	0.0	0.3125	0.0	0.4375	0.09375	0.0
	film	Film	0.15625	0.375	0.6875	0.875	0.5625	0.1875
	inform technolog mgmt	IT Mgmt	0.5625	0.9375	0.90625	0.8125	0.59375	0.25
	textil	Textiles	0.0625	0.6875	0.09375	0.375	0.03125	0.28125
	polit	Politics 	0.5	0.71875	0.6875	0.5625	0.4375	0.46875
	inform technolog	IT 	0.4375	0.6875	0.6875	0.59375	0.4375	0.3125
	teach	Teaching	0.28125	0.5625	0.46875	0.71875	0.34375	0.46875
	modern languag	Modern languages	0.1875	0.71875	0.59375	0.34375	0.25	0.0625
	danc	Dance	0.03125	0.25	0.125	0.53125	0.15625	0.0
	geophys	Geophysics	0.125	0.53125	0.25	0.71875	0.0	0.0625
	inform technolog	it	0.8125	0.875	0.5625	0.5	0.375	0.8125
	teach	Teaching	0.5625	0.40625	0.59375	0.15625	0.5625	0.375
	polit	Politics	0.3125	0.3125	0.25	0.1875	0.28125	0.71875
	media	Media Studies	0.28125	0.625	0.6875	0.8125	0.53125	0.4375
	product develop	Product Development	0.4375	0.4375	0.5625	0.5625	0.34375	0.375
	product design	Production Design	0.09375	0.40625	0.8125	0.40625	0.09375	0.03125
	theatr	Theatre	0.125	0.28125	0.90625	0.71875	0.59375	0.15625
	primari teach	Primary teaching	0.0	0.1875	0.125	0.65625	0.0625	0.15625
	sport	Sport	0.40625	0.71875	0.34375	0.75	0.375	0.21875
	classic	Classics	0.0	0.46875	0.4375	0.3125	0.3125	0.0
	comun	Comunication	0.3125	0.75	0.9375	0.78125	0.71875	0.3125
	career develop	Career development	0.03125	0.59375	0.90625	0.65625	0.40625	0.125
	cookeri	Cookery	0.3125	0.09375	0.1875	0.59375	0.125	0.09375
	medic	medical 	0.09375	0.65625	0.65625	0.4375	0.0625	0.0625
	exercis sport	Exercise and sport	0.4375	0.90625	0.28125	0.71875	0.5625	0.5625
	audiolog	Audiology 	0.125	0.71875	0.1875	0.71875	0.1875	0.28125
	media	Media	0.375	0.625	0.65625	0.34375	0.28125	0.3125
	inform technolog	Information Technology	0.65625	0.75	0.25	0.59375	0.65625	0.375
	teach	teaching 	0.15625	0.15625	0.5625	0.75	0.5625	0.53125
	physiotherapi	Physiotherapy	0.59375	0.90625	0.46875	0.78125	0.4375	0.53125
	media	Media	0.0	0.3125	0.53125	0.5625	0.46875	0.09375
	polit	Politics	0.5	0.40625	0.40625	0.59375	0.28125	0.53125
	film	film	0.34375	0.625	0.8125	0.4375	0.1875	0.3125
	liber	Liberal Studies	0.53125	0.5625	0.34375	0.59375	0.53125	0.875
	media	Media Studies	0.15625	0.0625	0.78125	0.1875	0.15625	0.0
	food technolog product develop	Food Technology Product Development	0.4375	0.25	0.40625	0.46875	0.53125	0.6875
	inform technolog	IT	0.40625	0.59375	0.625	0.90625	0.65625	0.53125
	comput	computing	0.625	0.34375	0.15625	0.125	0.5625	0.28125
	comput	Computing 	0.53125	0.34375	0.40625	0.40625	0.375	0.46875
	n	N/A 	0.40625	0.71875	0.59375	0.84375	0.71875	0.6875
	optometri	Optometry 	0.59375	0.5	0.4375	0.5	0.625	0.875
	inform technolog	IT	0.6875	0.9375	0.34375	0.40625	0.25	0.375
	design	Design	0.21875	0.53125	0.78125	0.46875	0.46875	0.125
	languag	Language	0.03125	0.4375	0.71875	0.6875	0.03125	0.0
	polit	Politics	0.125	0.5	0.6875	0.59375	0.5625	0.5
	pharmaci	Pharmacy 	0.21875	0.34375	0.40625	0.5625	0.46875	0.71875
	teach	Teaching	0.0625	0.65625	0.28125	0.8125	0.3125	0.09375
	design	Design	0.25	0.4375	0.65625	0.375	0.28125	0.03125
	european	European studies	0.09375	0.0625	0.34375	1.0	0.34375	0.0
	american	American studies	0.0	0.1875	0.3125	0.6875	0.375	0.0
	graphic	Graphics	0.125	0.5	0.25	0.5625	0.25	0.28125
	teacher	teacher	0.5	0.5625	0.1875	0.6875	0.65625	0.46875
	nonenon	NoneNone	0.65625	0.59375	0.90625	0.71875	0.53125	0.0
	librarianship	Librarianship	0.5	0.78125	0.75	0.71875	0.21875	0.65625
	creativ write	Creative Writing	0.34375	0.1875	0.75	0.78125	0.4375	0.5625
	survey	Surveying	0.1875	0.4375	0.78125	0.5	0.28125	0.15625
	pharmaci	Pharmacy	0.1875	0.875	0.65625	0.65625	0.53125	0.125
	pharmaci	Pharmacy	0.34375	0.96875	0.90625	0.90625	0.53125	0.4375
	drama theatr practic	Drama and Theatre Practice	0.5625	0.90625	0.75	0.5625	0.34375	0.71875
	polit	Politics	0.53125	0.75	0.59375	0.1875	0.34375	0.0
	polit	politics	0.59375	0.5625	0.1875	0.28125	0.5625	0.6875
	polit	politics	0.15625	0.40625	0.46875	0.5	0.4375	0.40625
	arab	Arabic Studies 	0.09375	0.21875	0.5625	0.71875	0.1875	0.0
	virolog	PhD virology	0.0	0.875	0.1875	0.09375	0.1875	0.25
	teach	Teaching 	0.0	0.34375	0.1875	0.375	0.1875	0.6875
	medic	Medical	0.34375	0.40625	0.0	0.125	0.28125	0.25
	dentist	Dentist	0.15625	0.40625	0.125	0.6875	0.3125	0.625
	veternarian	Veternarian 	0.125	0.9375	0.28125	0.3125	0.125	0.0625
	vike	Viking Studies	0.15625	0.3125	0.1875	0.34375	0.09375	0.21875
	safeti	safety	0.25	0.78125	0.71875	0.6875	0.09375	0.0
	inform technolog	IT	0.3125	0.59375	0.71875	0.6875	0.59375	0.09375
	translat	Translation	0.0	0.0625	0.8125	0.34375	0.0625	0.0
	weld	welding	0.625	0.5625	0.4375	0.59375	0.53125	0.4375
	informat enngin	informatic enngineering	0.1875	0.5625	0.0	0.125	0.34375	0.28125
	design	Design	0.0	0.125	0.5625	0.25	0.1875	0.0
	inform technolog	Information technology	0.0	0.40625	0.375	0.5625	0.71875	0.53125
	radiolog	radiology	0.25	0.59375	0.53125	0.8125	0.46875	0.5
	optometri	Optometry 	0.125	0.75	0.65625	0.59375	0.28125	0.75
	tourism	Tourism	0.25	0.3125	0.09375	0.40625	0.1875	0.34375
	design	Design	0.28125	0.21875	0.125	0.25	0.21875	0.15625
	design	design	0.40625	0.75	0.59375	0.6875	0.1875	0.125
	design	Design	0.15625	0.21875	0.40625	0.28125	0.21875	0.34375
	pilot	Piloting	0.46875	0.5	0.25	0.5625	0.15625	0.53125
	aeronaut	Aeronautics	0.28125	0.9375	0.8125	0.59375	0.34375	0.1875
	na	na	0.46875	0.96875	0.78125	0.9375	0.78125	0.625
	electron inform	Electronics and Information 	0.15625	0.5625	0.09375	0.09375	0.0625	0.125
	bioloy	Bioloy	0.3125	0.5625	0.125	0.15625	0.21875	0.03125
	dental assist	Dental assisting	0.5625	0.78125	0.65625	0.875	0.6875	0.71875
	act	acting	0.125	0.9375	0.875	0.71875	0.375	0.03125
	translat	Translation	0.125	0.0625	0.15625	0.3125	0.3125	0.40625
	design	Design	0.09375	0.21875	0.28125	0.28125	0.3125	0.09375
	design	Design	0.125	0.40625	0.5625	0.46875	0.46875	0.21875
	town plan	Town Planning	0.34375	0.25	0.5	0.6875	0.71875	0.15625
	pharmaceut	Pharmaceutic	0.28125	0.84375	0.6875	0.4375	0.46875	0.3125
	sport	Sports	0.125	0.5	0.15625	0.59375	0.4375	0.28125
	pharmacist	Pharmacist	0.0625	0.78125	0.1875	0.15625	0.21875	0.0
	informat	informatics	0.0	0.15625	0.0	0.0	0.0	0.0625
	desenho	desenho	0.59375	0.65625	0.46875	0.75	0.5625	0.59375
	veterinari	veterinary	0.78125	0.625	0.4375	0.46875	0.59375	0.71875
	gestão	Gestão 	0.5	0.46875	0.03125	0.375	0.46875	0.28125
	social media	Social media	0.0	0.40625	0.4375	0.84375	0.75	0.125
	dental hygien	Dental Hygiene	0.0625	0.28125	0.0625	0.21875	0.34375	0.1875
	tourism	Tourism 	0.125	0.5	0.375	0.875	0.5	0.1875
	speech languag therapist	speech language therapist	0.03125	0.3125	0.28125	0.6875	0.25	0.21875
	engen	Engeneering 	0.40625	0.75	0.65625	0.3125	0.5625	0.15625
	interact media game develop	Interactive Media & Game Development	0.375	0.59375	0.6875	0.84375	0.59375	0.34375
	travel tourism	Travel & Tourism	0.28125	0.1875	0.28125	0.59375	0.5625	0.625
	technolog	Technology	0.59375	0.53125	0.46875	0.375	0.40625	0.28125
	design	Design	0.59375	0.6875	0.46875	0.53125	0.03125	0.0
	fashion	Fashion	0.0	0.0	0.21875	0.0625	0.3125	0.0
	design	Design	0.34375	0.34375	0.75	0.59375	0.625	0.40625
	physiotherapi	Physiotherapy	0.40625	0.4375	0.53125	0.46875	0.5	0.28125
	veterinari	veterinary	0.0	0.875	0.59375	0.3125	0.125	0.125
	tourism	Tourism	0.1875	0.125	0.0625	0.40625	0.25	0.5
	design	Design 	0.15625	0.34375	0.3125	0.5625	0.25	0.25
	individu	Individual Studies	0.125	0.5625	0.4375	0.5625	0.125	0.0625
	cyber secur	Cyber Security	0.1875	0.40625	0.625	0.59375	0.3125	0.28125
	survey	Surveying 	0.3125	0.09375	0.40625	0.375	0.625	0.0625
	psycholigi	psycholigy	0.21875	0.65625	0.71875	0.65625	0.0	0.0
	interior design	interior design	0.1875	0.0625	0.3125	0.71875	0.53125	0.5
	media	media studies	0.34375	0.375	0.59375	0.75	0.4375	0.25
	teach	Teaching	0.46875	0.78125	0.65625	0.46875	0.59375	0.375
	franch	Franch	0.15625	0.40625	0.71875	0.65625	0.6875	0.09375
	design	Design	0.21875	0.53125	0.75	0.4375	0.1875	0.34375
	languag	Language	0.03125	0.125	0.125	0.21875	0.34375	0.1875
	urban region plan	Urban and Regional Planning	0.59375	0.875	0.90625	0.9375	0.09375	0.46875
	cosmetolog	Cosmetology 	0.09375	0.125	0.40625	0.59375	0.25	0.34375
	applic	Not applicable	0.5625	0.75	0.90625	0.6875	0.84375	0.46875
	rehab servic	rehab services	0.0	0.5625	0.21875	0.8125	0.125	0.125
	rehab	rehab	0.0	0.15625	0.03125	0.25	0.0625	0.0
	chef	Chef	0.21875	0.4375	0.3125	0.4375	0.3125	0.25
	teach	Teaching	0.03125	0.28125	0.1875	0.71875	0.5	0.46875
	design	Design	0.3125	0.21875	0.625	0.78125	0.09375	0.0
	podiatri	Podiatry	0.3125	0.8125	0.65625	0.53125	0.375	0.375
	tourism	Tourism	0.09375	0.375	0.4375	0.6875	0.9375	0.78125
	medic	Medical	0.21875	0.5	0.25	0.5	0.4375	0.53125
	primari qts	Primary Studies with QTS	0.28125	0.53125	0.84375	0.9375	0.375	0.375
	museolog	museology	0.15625	0.5625	0.4375	0.5625	0.5	0.25
	radio	Radio	0.0	0.34375	0.46875	0.6875	0.46875	0.03125
	logist	logistic	0.3125	0.34375	0.15625	0.46875	0.40625	0.40625
	nutrit	Nutrition	0.34375	0.8125	0.5625	0.84375	0.5	0.46875
	teach	Teaching	0.375	0.65625	0.875	0.75	0.53125	0.375
	polit	Politics 	0.0	0.1875	0.5625	0.25	0.0625	0.0
	broadcast	Broadcast	0.5	0.40625	0.375	0.125	0.28125	0.15625
	dentistri	Dentistry	0.125	0.71875	0.34375	0.65625	0.375	0.59375
	teach	Teaching	0.21875	0.90625	0.5625	0.4375	0.4375	0.21875
	speech patholog	Speech Pathology	0.0625	0.46875	0.3125	0.34375	0.21875	0.15625
	teach	Teaching 	0.03125	0.40625	0.625	0.75	0.21875	0.34375
	anális clínica	análises clínicas	0.1875	0.84375	0.5	0.5625	0.25	0.3125
	winemak	Winemakers	0.25	0.71875	0.34375	0.625	0.1875	0.375
	inform technolog	IT	0.34375	0.4375	0.625	0.59375	0.40625	0.59375
	multimedia	multimedia	0.15625	0.65625	0.53125	0.40625	0.1875	0.15625
	fashion	Fashion	0.4375	0.40625	0.21875	0.5	0.46875	0.21875
	comput	computing	0.25	0.40625	0.34375	0.375	0.25	0.09375
	vet	Vet	0.0	0.0	0.0	0.0	0.0	0.0
	fit	Fitness	0.40625	0.40625	0.96875	0.21875	0.5625	0.65625
	psicologia	psicologia	0.0	0.5	0.0625	0.625	0.125	0.0
	polit	politics	0.34375	0.9375	0.75	0.65625	0.53125	0.0
	electron	Electronics	0.4375	0.71875	0.40625	0.3125	0.125	0.25
	aviat	aviation	0.53125	0.40625	0.71875	0.90625	0.875	0.75
	menstruar	Menstruar 	0.125	0.375	0.0	0.125	0.21875	0.28125
	nutrit	Nutrition 	0.0	0.125	0.1875	0.15625	0.125	0.0625
	illustr	Illustration	0.03125	0.75	0.96875	0.8125	0.28125	0.03125
	ece teach	Ece teaching	0.25	0.6875	0.1875	0.5625	0.4375	0.4375
	design	Design	0.0	0.0	0.21875	0.125	0.09375	0.0625
	prótese dentária	Próteses dentárias	0.28125	0.75	0.59375	0.75	0.625	0.4375
	theater	theater	0.3125	0.75	0.6875	0.09375	0.0625	0.28125
	polit	Politics 	0.0	0.28125	0.09375	0.46875	0.125	0.0625
	inform technolog	IT	0.3125	0.0	0.5625	0.1875	0.40625	0.09375
	industri design	Industrial Design	0.53125	0.78125	0.59375	0.9375	0.625	0.4375
	real estat	Real Estate	0.4375	0.40625	0.53125	0.34375	0.28125	0.0625
	tourism	Tourism	0.0	0.0	0.0	0.0	0.125	0.0
	envireo	Envireoment	0.15625	0.65625	0.53125	0.6875	0.375	0.4375
	polit	Politics	0.34375	0.5	0.5625	0.8125	0.59375	0.5
	secretari	secretarial	0.28125	0.5625	0.625	0.46875	0.625	0.0625
	gestão	gestão	0.5	0.28125	0.21875	0.6875	0.5625	0.65625
	design	Design	0.3125	0.3125	0.40625	0.28125	0.3125	0.28125
	dentistri	dentistry	0.125	0.375	0.09375	0.40625	0.125	0.0
	pharmacist	Pharmacist 	0.09375	0.46875	0.40625	0.59375	0.3125	0.09375
	construct	construction	0.21875	0.46875	0.0625	0.21875	0.0	0.0625
	design	design	0.0	0.21875	0.25	0.28125	0.125	0.0
	design	Design	0.03125	0.25	0.53125	0.59375	0.5625	0.5
	theatre´´	``Theatre´´	0.5	0.59375	0.8125	0.75	0.6875	0.5
	comun	comunication	0.125	0.40625	0.5625	0.59375	0.46875	0.0
	tourism	Tourism	0.0	0.125	0.125	0.125	0.1875	0.0
	visual design	Visual Design	0.28125	0.90625	0.8125	0.6875	0.375	0.21875
	design	Design	0.15625	0.46875	0.78125	0.34375	0.3125	0.25
	occup therapi	occupational therapy	0.03125	0.125	0.15625	0.53125	0.28125	0.0625
	tourism	Tourism	0.375	0.3125	0.75	0.5	0.4375	0.1875
	teach	teaching	0.5	0.4375	0.4375	1.0	0.6875	0.625
	greek languag cultur	Greek language and culture	0.3125	0.53125	0.46875	0.4375	0.375	0.21875
	multimídia design	Multimídia Designer	0.125	0.0	0.15625	0.0	0.25	0.3125
	vet	vet	0.34375	0.90625	0.09375	0.03125	0.46875	0.46875
	town plan	town planning	0.15625	0.5	0.84375	0.4375	0.5	0.03125
	informat	informatic	0.34375	0.5625	0.5	0.71875	0.71875	0.6875
	landscap arquitectur	Landscape Arquitecture	0.25	0.875	0.875	0.9375	0.71875	0.03125
	polit	politics	0.4375	0.5625	0.5625	0.53125	0.625	0.25
	tourism	tourism	0.15625	0.1875	0.25	0.46875	0.1875	0.1875
	pharmaci	Pharmacy	0.15625	0.84375	0.28125	0.46875	0.21875	0.0625
	rehab servic	rehab services	0.03125	0.21875	0.15625	0.5	0.65625	0.21875
	interdi	Interdis.	0.0	0.09375	0.4375	0.625	0.3125	0.125
	dentisteri	Dentistery 	0.1875	0.21875	0.4375	0.71875	0.40625	0.125
	write	writing	0.15625	0.84375	0.9375	0.625	0.59375	0.5625
	inform technolog	IT 	0.1875	0.0	0.09375	0.6875	0.4375	0.09375
	medic	Medical	0.375	0.875	0.90625	0.65625	0.40625	0.25
	scientist	scientist	0.21875	0.6875	0.625	0.53125	0.53125	0.59375
	environ	environment	0.34375	0.71875	0.625	0.46875	0.46875	0.5
	radiat therapi	Radiation Therapy	0.46875	0.40625	0.21875	0.40625	0.375	0.9375
	tourism	Tourism	0.5	0.5	0.5625	0.5625	0.46875	0.375
	culinari	CULINARY	0.5	0.5	0.5	0.71875	0.5	0.625
	pharmacist	Pharmacist 	0.125	0.5625	0.375	0.46875	0.40625	0.1875
	sport	Sport	0.09375	0.75	0.59375	0.71875	0.25	0.0
	american	American Studies	0.25	0.3125	0.46875	0.5	0.34375	0.4375
	cultur	Cultural Studies	0.09375	0.46875	0.53125	0.3125	0.4375	0.6875
	famili	Family Studies	0.46875	0.375	0.65625	0.71875	0.5	0.375
	design	Design	0.40625	0.5625	0.78125	0.75	0.46875	0.15625
	cultur	culture	0.0	0.375	0.78125	0.5625	0.46875	0.0
	speech therapi	Speech therapy	0.25	0.6875	0.4375	0.84375	0.4375	0.6875
	speech languag therapi	Speech and language therapy	0.4375	0.9375	0.28125	0.625	0.40625	0.59375
	inform	Information Studies	0.0	0.0	0.0	0.09375	0.0	0.125
	design	design	0.1875	0.34375	0.46875	0.84375	0.6875	0.4375
	veterinari	Veterinary	0.28125	0.8125	0.65625	0.5	0.40625	0.25
	turismolog	turismology	0.125	0.5	0.375	0.125	0.25	0.375
	sculptur	Sculpture	0.46875	0.5	0.59375	0.34375	0.3125	0.28125
	ttechnolog inform	TTechnologic information	0.3125	0.15625	0.1875	0.625	0.5625	0.65625
	biolagi	Biolagy 	0.0625	0.4375	0.75	0.5625	0.125	0.0
	creativ write	Creative Writing	0.15625	0.03125	0.875	0.1875	0.1875	0.0
	fashion	Fashion	0.0625	0.34375	0.3125	0.28125	0.40625	0.40625
	global	Global Studies	0.25	0.46875	0.5	0.75	0.5625	0.375
	film	Film	0.28125	0.625	0.96875	0.875	0.46875	0.34375
	drama	drama	0.3125	0.1875	0.75	0.46875	0.53125	0.46875
	pharmaci	pharmacy	0.4375	0.65625	0.6875	0.8125	0.46875	0.5
	cyber secur	cyber security	0.21875	0.21875	0.375	0.28125	0.1875	0.21875
	medic school	Medical school	0.5	1.0	0.46875	0.71875	0.875	0.75
	comput	computers	0.71875	0.375	0.625	0.0	0.09375	0.5625
	film product	Film Production	0.15625	0.0625	0.5	0.625	0.28125	0.34375
	lab	lab	0.34375	0.78125	0.46875	0.40625	0.25	0.09375
	logist procur	Logistics and procurement	0.375	0.5	0.40625	0.90625	0.6875	0.96875
	maritim archaeolog	Maritime Archaeology	0.375	0.71875	0.25	0.53125	0.21875	0.125
	informat	Informatics	0.65625	0.65625	0.21875	0.28125	0.21875	0.6875
	tourism	Tourism	0.09375	0.4375	0.59375	0.5	0.21875	0.28125
	design	Design	0.375	0.625	0.4375	0.5625	0.46875	0.21875
	arquitectur	Arquitecture	0.28125	0.875	0.875	0.71875	0.3125	0.21875
	motion design	Motion Design	0.03125	0.0625	0.375	0.125	0.28125	0.0625
	tourism	Tourism	0.375	0.71875	0.34375	0.3125	0.5	0.4375
	therapi	therapy	0.0	0.34375	0.0625	0.46875	0.34375	0.28125
	modern languag	Modern Languages	0.125	0.8125	0.71875	0.625	0.375	0.03125
	design	Design	0.09375	0.09375	0.4375	0.125	0.5625	0.34375
	social entrepreneurship	social entrepreneurship	0.1875	0.34375	0.8125	0.9375	0.65625	0.3125
	renew energi	renewable energies	0.46875	0.28125	0.25	0.3125	0.21875	0.4375
	inform technolog	Information Technology	0.34375	0.5	0.4375	0.5	0.625	0.75
	comun	comunication	0.0625	0.1875	0.40625	0.46875	0.46875	0.0
	design	Design	0.34375	0.3125	0.3125	0.6875	0.5625	0.3125
	undecid	undecided	0.0	0.8125	0.34375	0.78125	0.375	0.3125
	comun	comunication	0.28125	0.5	0.59375	0.8125	0.5625	0.28125
	social media	Social media	0.125	0.15625	0.40625	0.5	0.40625	0.375
	undecid	undecided	0.09375	0.21875	0.21875	0.25	0.34375	0.03125
	phyisolgi	General Studies / Phyisolgy	0.5625	0.6875	0.21875	0.4375	0.5	0.40625
	comun	Comunication	0.0	0.28125	0.5625	0.0625	0.0625	0.0
	optometri	Optometry	0.125	0.5625	0.46875	0.375	0.4375	0.84375
	design	DESIGN	0.40625	0.15625	0.53125	0.3125	0.71875	0.65625
	asl interpret	ASL Interpreting	0.15625	0.6875	0.28125	0.875	0.28125	0.6875
	european	European studies	0.21875	0.46875	0.4375	0.46875	0.15625	0.25
	teach	Teaching	0.09375	0.75	0.28125	0.46875	0.46875	0.65625
	polit	Politics	0.09375	0.6875	0.4375	0.53125	0.1875	0.1875
	ict	Ict	0.1875	0.40625	0.375	0.625	0.3125	0.28125
	professor	Professor	0.09375	0.25	0.28125	0.8125	0.6875	0.125
	mark	Markeing	0.03125	0.40625	0.40625	0.3125	0.25	0.0625
	teacher	Teachering	0.09375	0.0625	0.375	0.90625	0.59375	0.3125
	leadership	Leadership	0.125	0.1875	0.0625	0.6875	0.46875	0.53125
	informática	Informática	0.46875	0.40625	0.40625	0.5625	0.59375	0.59375
	nutrit	nutrition	0.0	0.125	0.65625	0.84375	0.34375	0.0
	paraleg	paralegal	0.0	0.4375	1.0	0.9375	0.875	0.6875
	medic field	medical field	0.0	0.90625	0.4375	0.40625	0.21875	0.0
	network	Networking	0.53125	0.4375	0.28125	0.4375	0.3125	0.5
	sport	Sport	0.46875	0.21875	0.21875	0.40625	0.4375	0.65625
	food safeti	food safety	0.0	0.75	0.40625	0.28125	0.03125	0.21875
	tourism	tourism	0.46875	0.875	0.90625	0.46875	0.46875	0.0625
	interdiscplinari	Interdiscplinary Studies 	0.0	0.21875	0.28125	0.875	0.09375	0.03125
	undecid	undecided	0.0	0.375	0.09375	0.6875	0.40625	0.0625
	wildlif conserv	Wildlife Conservation	0.5	0.78125	0.25	0.0	0.0625	0.0625
	não	não	0.125	0.4375	0.5	0.4375	0.3125	0.25
	mobil network	mobile network	0.59375	0.6875	0.125	0.6875	0.3125	0.25
	nutrit	Nutrition	0.34375	0.8125	0.15625	0.625	0.4375	0.53125
	write	Writing	0.0	0.125	0.5	0.3125	0.21875	0.0625
	hospit	Hospitality	0.59375	0.9375	0.34375	0.53125	0.5	0.65625
	spatial design	Spatial design 	0.0625	0.40625	0.4375	0.71875	0.53125	0.1875
	theatr film	Theatre and Film Studies	0.03125	0.4375	0.75	0.40625	0.28125	0.21875
	design	Design	0.1875	0.375	0.21875	0.375	0.53125	0.78125
	film	film	0.0625	0.21875	0.40625	0.75	0.4375	0.09375
	cultur heritag	Cultural Heritage	0.0625	0.21875	0.5625	0.34375	0.28125	0.40625
	construct	construction	0.15625	0.21875	0.46875	0.25	0.09375	0.6875
	speech patholog	Speech pathology	0.03125	0.3125	0.625	0.5	0.0	0.0
	film	Film	0.125	0.15625	0.46875	0.5625	0.03125	0.0625
	speech therapi	Speech therapy	0.3125	0.40625	0.5	0.84375	0.5625	0.21875
	creativ media	Creative Media	0.28125	0.5625	0.40625	0.125	0.1875	0.15625
	gestão	gestão	0.40625	0.375	0.5625	0.625	0.65625	0.5
	hospit	Hospitality	0.09375	0.28125	0.6875	0.78125	0.5	0.28125
	christian ministri	Christian Ministries	0.1875	0.15625	0.3125	0.4375	0.34375	0.25
	polit	Politics	0.65625	0.21875	0.34375	0.09375	0.46875	0.6875
	tourism	Tourism	0.0	0.0	0.0	0.0	0.0625	0.0
	paraleg	paralegal	0.1875	0.75	0.28125	0.40625	0.21875	0.21875
	american sign languag	American Sign Language	0.0	0.15625	0.4375	0.59375	0.34375	0.125
	child develop famili relat	Child Development and Family Relations	0.0	0.59375	0.46875	0.96875	0.125	0.125
	informat	Informatics	0.15625	0.5625	0.5	0.4375	0.375	0.28125
	inform technolog	IT	0.21875	0.125	0.28125	0.46875	0.5	0.40625
	undecid	undecided	0.25	0.125	0.0	0.96875	0.6875	0.78125
	logist	Logistics	0.09375	0.34375	0.3125	0.625	0.75	0.5
	leadership	Leadership 	0.09375	0.71875	0.875	0.75	0.46875	0.21875
	undecid	Undecided	0.1875	0.53125	0.75	0.8125	0.4375	0.125
	occup safeti	occupational safety	0.125	0.0	0.1875	0.3125	0.0625	0.0
	asl interpret	ASL Interpreting	0.0625	0.59375	0.1875	0.84375	0.125	0.71875
	surgic	Surgical	0.25	1.0	0.21875	1.0	0.875	1.0
	arab	arabic	0.28125	0.53125	0.28125	0.53125	0.59375	0.75
	liber	Liberal Studies	0.3125	0.6875	0.84375	0.84375	0.21875	0.59375
	global	Global Studies	0.375	0.5625	0.5625	0.90625	0.59375	0.65625
	speech patholog	Speech pathology	0.0	0.84375	0.71875	0.71875	0.375	0.28125
	sustain farm	sustainable farming	0.3125	0.75	0.5625	0.8125	0.0625	0.0
	dentistri	dentistry	0.25	0.5625	0.59375	0.5625	0.34375	0.375
	interior design	Interior design	0.125	0.40625	0.8125	0.1875	0.25	0.0625
	interior design	Interior design 	0.1875	0.3125	0.8125	0.625	0.59375	0.09375
	environ develop	Environment and Development	0.28125	0.125	0.40625	0.59375	0.4375	0.59375
	pharmaci	pharmacy	0.53125	0.75	0.8125	0.875	0.59375	0.21875
	forens	Forensics	0.5625	0.65625	0.71875	0.4375	0.375	0.5
	entrepreneurship	Entrepreneurship	0.40625	0.84375	0.40625	0.59375	0.40625	0.375
	profession qualif network en	only professional qualifications : network en	0.71875	0.5625	0.21875	0.40625	0.65625	0.46875
	design	Design	0.375	0.46875	0.5625	0.5625	0.125	0.0625
	media	media 	0.5	0.3125	0.8125	0.65625	0.53125	0.28125
	technolog	Technology 	0.8125	0.71875	0.78125	0.8125	0.6875	0.34375
	gender	Gender studies 	0.09375	0.875	0.59375	0.65625	0.25	0.5625
	inform technolog	Information technology	0.375	0.46875	0.59375	0.8125	0.6875	0.125
	theater light med	Theater lighting/pre med	0.1875	0.71875	0.34375	0.3125	0.71875	0.0
	ceram	Ceramics	0.03125	0.15625	0.25	0.5	0.53125	0.34375
	undecid	Undecided	0.3125	0.34375	0.65625	0.03125	0.46875	0.53125
	assyriolog	assyriology	0.5	0.8125	0.65625	0.53125	0.3125	0.46875
	mananag	Mananagement	0.125	0.21875	0.375	0.53125	0.4375	0.5
	design	design	0.625	0.53125	0.78125	0.59375	0.6875	0.59375
	comput	Computers	0.84375	0.78125	1.0	1.0	0.875	0.6875
	pharmaci	Pharmacy	0.03125	0.5625	0.90625	0.875	0.71875	0.40625
	enterpris develop	Enterprise Development	0.71875	0.9375	0.9375	0.6875	0.5	0.625
	act	acting	0.0	0.375	0.90625	0.6875	0.1875	0.0
	theater	Theater	0.09375	0.09375	0.46875	0.65625	0.6875	0.625
	american	American Studies	0.03125	0.15625	0.65625	0.6875	0.75	0.46875
	danc	dance	0.0625	0.4375	0.96875	0.5625	0.28125	0.125
	design	Design 	0.40625	0.28125	0.46875	0.53125	0.625	0.375
	design	Design	0.34375	0.75	0.625	0.4375	0.4375	0.125
	graphic	Graphics 	0.15625	0.40625	0.6875	0.71875	0.4375	0.15625
	polit	politics	0.1875	0.625	0.71875	0.625	0.21875	0.0625
	theater	theater	0.40625	0.5	0.5	0.65625	0.5625	0.6875
	anthro polici comm	Anthro, Policy, Comm	0.25	0.75	0.53125	0.5625	0.34375	0.15625
	write	Writing	0.125	0.5	0.875	0.65625	0.1875	0.125
	design	Design	0.40625	0.78125	0.75	0.5625	0.34375	0.15625
	mbbs	Mbbs	0.5	0.625	0.5	0.53125	0.21875	0.21875
	web design	Web Design	0.53125	0.78125	0.625	0.46875	0.15625	0.25
	paint printmak	Painting/Printmaking 	0.125	0.5625	0.78125	0.71875	0.28125	0.03125
	american	American Studies	0.28125	0.78125	0.375	0.84375	0.1875	0.09375
	design	Design 	0.6875	0.84375	0.65625	0.75	0.6875	0.65625
	industri design	industrial design	0.59375	0.75	0.71875	0.5625	0.46875	0.21875
	polici analysi	Policy analysis	0.0625	0.65625	0.8125	0.375	0.53125	0.0625
	massag therapi anatomi	Massage therapy, anatomy 	0.21875	0.59375	0.9375	0.3125	0.1875	0.15625
	rehabilit servic	Rehabilitation Services	0.0625	0.3125	0.0625	0.875	0.09375	0.21875
	film	Film	0.0	0.53125	0.84375	0.53125	0.0625	0.0
	east asian languag cultur	East Asian languages and cultures	0.0625	0.46875	0.46875	0.65625	0.28125	0.03125
	film languag	Film and Language	0.3125	0.75	0.84375	0.65625	0.125	0.09375
	tourism	tourism	0.03125	0.40625	0.40625	0.59375	0.40625	0.0625
	languag	language	0.34375	0.3125	0.6875	0.8125	0.8125	0.5
	pharmaci	Pharmacy 	0.25	0.1875	0.53125	0.59375	0.71875	0.28125
	comput	Computer	0.5	0.5625	0.6875	0.53125	0.40625	0.3125
	pscyh	Pscyh	0.28125	0.75	0.6875	0.65625	0.28125	0.21875
	design	Design	0.34375	0.59375	0.625	0.34375	0.59375	0.3125
	plan	planning	0.25	0.625	0.5	0.625	0.53125	0.59375
	inform technolog	IT	0.3125	0.40625	0.21875	0.75	0.34375	0.5625
	product design	Product Design	0.5	0.9375	1.0	0.6875	0.53125	0.28125
	med	pre-med	0.0625	0.46875	0.53125	0.34375	0.125	0.0
	american	American Studies	0.0	0.6875	0.15625	0.84375	0.40625	0.3125
	inform technolog	IT	0.65625	0.8125	0.8125	0.65625	0.375	0.34375
	construct	Construction	0.28125	0.0625	0.0625	0.46875	0.34375	0.28125
	design	Design	0.1875	0.78125	0.65625	0.71875	0.3125	0.03125
	urban plan	Urban planning	0.3125	0.53125	0.71875	0.71875	0.46875	0.3125
	design	Design	0.65625	0.4375	0.6875	0.4375	0.21875	0.125
	languag	languages	0.125	0.34375	0.0	0.875	0.03125	0.09375
	inform technolog	Information Technology	0.625	0.53125	0.625	0.78125	0.53125	0.28125
	nutrit	Nutrition 	0.34375	0.59375	0.59375	0.40625	0.5	0.34375
	theatr	theatre	0.25	0.78125	0.96875	0.9375	0.125	0.0625
	finnish	Finnish	0.53125	0.5	0.71875	0.75	0.4375	0.5625
	industri design	industrial design	0.375	0.53125	0.65625	0.03125	0.125	0.25
	pharmaci	pharmacy	0.0	0.03125	0.34375	0.625	0.09375	0.0
	undecid	Undecided	0.25	0.46875	0.1875	0.59375	0.25	0.625
	comput	Computers	0.375	0.5625	0.6875	0.78125	0.5	0.40625
	dentistri	dentistry	0.34375	1.0	0.625	0.75	0.5625	0.09375
	polit	politics	0.375	0.6875	0.5	0.6875	0.3125	0.1875
	filmmak	Filmmaking	0.46875	0.84375	0.84375	0.28125	0.0	0.25
	ceram	Ceramics	0.40625	0.75	0.78125	0.78125	0.5625	0.28125
	languag	Languages	0.1875	0.4375	0.4375	0.28125	0.53125	0.4375
	broadcast	Broadcasting	0.15625	0.28125	0.375	0.28125	0.28125	0.1875
	undecid	Undecided 	0.46875	0.03125	0.3125	0.21875	0.4375	0.25
	hospit	hospitality	0.03125	0.125	0.75	0.5	0.46875	0.40625
	type	typing	0.6875	0.6875	0.53125	0.4375	0.53125	0.46875
	coastal conserv	Coastal Conservation	0.46875	0.65625	0.5	0.75	0.21875	0.25
	maori	Maori	0.1875	0.5	0.625	0.375	0.28125	0.0625
	modern languag	modern languages	0.4375	0.625	0.625	0.4375	0.0	0.0625
	research	Research 	0.0625	0.3125	0.65625	0.5625	0.25	0.15625
	pe	PE	0.65625	0.625	0.6875	0.625	0.53125	0.5
	inform technolog	Information Technology	0.59375	0.75	0.5625	0.8125	0.8125	0.4375
	languag	languages	0.03125	0.4375	0.75	0.15625	0.21875	0.28125
	logist	Logistics	0.5625	0.5	0.875	1.0	0.9375	1.0
	undeclar	Undeclared	0.3125	0.3125	0.375	0.375	0.0625	0.875
	pharmaci	Pharmacy	0.25	0.75	0.1875	0.0625	0.1875	0.28125
	survey	Surveying	0.6875	0.5625	0.625	0.40625	0.21875	0.25
	sport	sport	0.1875	0.0625	0.0625	0.8125	0.1875	0.375
	pharmaci	pharmacy	0.4375	0.96875	0.4375	0.65625	0.40625	0.59375
	drama	drama	0.53125	0.5625	0.9375	0.65625	0.6875	0.46875
	kinesiolog	kinesiology	0.34375	0.8125	0.28125	0.71875	0.40625	0.5
	computin	Computin	0.0	0.40625	0.4375	0.0	0.0	0.0
	inform technolog	IT	0.375	0.34375	0.21875	0.375	0.46875	0.34375
	med	Pre Med	0.0	0.0625	0.125	0.1875	0.0625	0.0
	undecid	undecided	0.0625	0.125	0.125	0.625	0.125	0.03125
	tefl	TEFL	0.375	0.5	0.5	0.75	0.40625	0.6875
	interior design	Interior Design	0.40625	0.21875	0.59375	0.3125	0.59375	0.28125
	design	Design	0.71875	0.71875	0.8125	0.40625	0.625	0.4375
	comput	Computers	0.5625	0.53125	0.6875	0.65625	0.75	0.59375
	marin bioloy	Marine Bioloy	0.40625	0.9375	0.53125	0.15625	0.09375	0.0625
	design	Design	0.125	0.34375	0.28125	0.40625	0.21875	0.28125
	occup therapi	occupational therapy	0.34375	0.75	0.53125	0.71875	0.125	0.03125
	aerospac electron	Aerospace Electronics	0.34375	0.625	0.59375	0.6875	0.71875	0.5
	translat	Translation	0.03125	0.25	0.5625	0.25	0.125	0.09375
	inform technolog	IT	0.5	0.375	0.6875	0.75	0.65625	0.75
	media	Media	0.03125	0.03125	0.71875	0.625	0.6875	0.28125
	global develop	global development	0.25	0.625	0.75	0.75	0.1875	0.0625
	urban plan	urban planning	0.09375	0.53125	0.21875	0.40625	0.125	0.0
	inform technolog	IT	0.5625	0.59375	0.71875	0.59375	0.59375	0.46875
	kinesiolog	Kinesiology	0.28125	0.5	0.21875	0.625	0.4375	0.84375
	kinesiolog	Kinesiology 	0.15625	0.65625	0.15625	0.59375	0.4375	0.84375
	diesel technolog	diesel technology	0.75	0.09375	0.125	0.15625	0.0	0.0
	undecid	undecided	0.0	0.34375	0.65625	0.75	0.15625	0.0
	undecid	undecided	0.0	0.4375	0.125	0.6875	0.5625	0.0625
	teacher assist	teacher assistant	0.3125	1.0	0.96875	1.0	0.6875	0.96875
	vet	Pre-Vet	0.0625	0.46875	0.40625	0.375	0.1875	0.4375
	american	American Studies	0.46875	0.65625	0.5625	0.78125	0.46875	0.375
	dental hygien	Dental Hygiene	0.40625	0.6875	0.34375	0.875	0.375	0.5
	european	european studies	0.15625	0.0625	0.125	0.21875	0.4375	0.34375
	radio televis	radio and television	0.21875	0.90625	0.5	0.75	0.4375	0.78125
	current undecid	currently undecided	0.21875	0.53125	0.8125	0.40625	0.375	0.25
	theatr	Theatre	0.03125	0.28125	0.6875	0.84375	0.34375	0.15625
	na	N.a.	0.5625	0.375	0.8125	0.625	0.53125	0.59375
	paraleg	paralegal studies	0.15625	0.25	0.25	0.46875	0.4375	0.6875
	translat	translation	0.40625	1.0	0.5625	0.75	0.25	0.25
	translat interpret	Translation & Interpretation	0.1875	0.375	0.3125	0.15625	0.3125	0.34375
	biomed	Biomedical	0.46875	0.8125	0.71875	0.53125	0.46875	0.28125
	duke	duke	0.3125	0.375	0.5	0.53125	0.5625	0.4375
	kinesiolog	kinesiology 	1.0	0.96875	0.65625	0.9375	0.96875	0.96875
	kinesiolog	kinesiology	0.25	0.21875	0.5625	0.59375	0.46875	0.40625
	undecid	undecided	0.03125	0.375	0.46875	0.84375	0.46875	0.0625
	kinesiolog	Kinesiology 	0.0	0.75	0.4375	0.6875	0.3125	0.3125
	undeclar	undeclared	0.03125	0.53125	0.0	0.75	0.09375	0.0625
	american	American Studies	0.03125	0.40625	0.53125	0.4375	0.15625	0.0625
	kinesiolog	kinesiology	0.03125	0.40625	0.25	0.59375	0.5625	0.15625
	inform technolog	information technology	0.4375	0.8125	0.34375	0.1875	0.4375	0.59375
	inform technolog	IT	0.0625	0.78125	0.46875	0.375	0.0	0.0
	inform technolog	Information Technology	0.1875	0.0	0.28125	0.25	0.1875	0.40625
	na	na	0.125	0.78125	0.84375	0.5625	0.78125	0.40625
	survey	Surveying	0.0	0.03125	0.09375	0.0625	0.1875	0.0
	social servic	social services	0.0	0.0625	0.5	0.6875	0.375	0.1875
	pt	Pre Pt	0.6875	0.90625	0.8125	0.65625	0.5	0.40625
	kinesiolog	Kinesiology	0.125	0.8125	0.34375	0.71875	0.40625	0.34375
	cardiolog	cardiology	0.0625	0.875	0.5	0.5625	0.1875	0.0625
	sale	sales 	0.0	0.0	0.625	0.59375	0.15625	0.0
	christian ministri	Christian Ministry	0.4375	0.09375	0.21875	0.875	0.34375	0.1875
	radiolog	radiology	0.0	0.8125	0.0625	0.9375	0.5625	0.0625
	bibl	Bible	0.28125	0.4375	0.59375	0.25	0.5	0.15625
	marriag famili therapi	Marriage and Family Therapy	0.0625	0.6875	0.6875	0.71875	0.21875	0.09375
	kinesiolog	Kinesiology	0.25	0.75	0.65625	1.0	0.15625	0.03125
	strategi	Strategy	0.0	0.375	0.21875	0.59375	0.375	0.15625
	paramed	Paramedic	0.0	0.6875	0.53125	0.9375	0.1875	0.0
	cis	CIS	0.375	0.6875	0.15625	0.25	0.21875	0.34375
	child develop	Child Development	0.0	0.1875	0.15625	0.65625	0.09375	0.125
	comput graphic	Computer Graphics	0.40625	0.8125	0.875	0.46875	0.5	0.5
	landscap	landscape	0.09375	0.65625	0.03125	0.15625	0.0	0.71875
	child develop	Child Development	0.03125	0.28125	0.4375	0.84375	0.40625	0.15625
	bank technic	banking technical degree	0.25	0.3125	0.375	0.46875	0.59375	1.0
	film	Film	0.0	0.09375	0.71875	0.4375	0.4375	0.0
	inform technolog	it	0.34375	0.59375	0.65625	0.15625	0.40625	0.625
	culutr	culutre	0.15625	0.53125	0.6875	0.625	0.5625	0.21875
	global bussi	global bussiness	0.40625	0.59375	0.40625	0.625	0.625	0.59375
	aviat	Aviation 	0.90625	0.34375	0.78125	0.6875	0.5625	0.28125
	informat	Applied informatics	0.0625	0.09375	0.09375	0.125	0.09375	0.09375
	ip	IPS	0.0	0.0	0.5625	0.875	0.375	0.25
	urban region plan	Urban and Regional Planning	0.6875	0.53125	0.8125	0.9375	0.375	0.6875
	act	Acting	0.0	0.40625	0.53125	0.78125	0.125	0.0625
	mediev languag	Medieval languages	0.0	0.5625	0.71875	0.84375	0.25	0.03125
	network system	Networking System	0.75	0.53125	0.46875	0.625	0.59375	0.5625
	tourism	Tourism	0.125	0.6875	0.4375	0.71875	0.53125	0.53125
	individu	Individual Studies	0.0625	0.4375	0.4375	0.46875	0.28125	0.25
	demographi	Demography	0.21875	0.90625	0.75	0.21875	0.03125	0.3125
	medic technolog	medical technology	0.4375	0.65625	0.34375	0.65625	0.65625	0.75
	ota	ota	0.0	0.46875	0.21875	0.6875	0.34375	0.0
	instruct technolog	Instructional Technology	0.65625	0.25	0.5625	0.46875	0.5625	0.1875
	polit	politics	0.21875	0.75	0.5	0.5	0.1875	0.0
	optometri	optometry	0.4375	1.0	0.5	0.25	0.25	0.375
	social	social studies	0.21875	0.3125	0.625	0.59375	0.40625	0.1875
	nil	Nil	0.40625	0.65625	0.65625	0.46875	0.5625	0.46875
	mecahtron	Mecahtronics	0.5	0.78125	0.5625	0.53125	0.28125	0.34375
	tourism hospit	Tourism and Hospitality	0.125	0.125	0.625	0.84375	0.65625	0.375
	colleg	College...	0.53125	0.1875	0.90625	0.71875	0.3125	0.75
	interior design	Interior Design	0.4375	0.40625	0.3125	0.4375	0.3125	0.28125
	electron technician	ELECTRONICS TECHNICIAN	0.78125	0.28125	0.21875	0.65625	0.3125	0.5625
	inform technolog	IT	0.4375	0.75	0.9375	0.625	0.53125	0.375
	n	N/a	0.40625	0.5625	0.125	0.40625	0.3125	0.4375
	buinsess	buinsess	0.65625	0.28125	0.125	0.71875	0.5625	0.53125
	fashion merchandis	fashion merchandising	0.125	0.0	0.3125	0.65625	0.40625	0.4375
	museolog	Museology	0.1875	0.96875	0.8125	0.71875	0.1875	0.0625
	fashion merchandis	fashion merchandising 	0.125	0.0	0.25	0.4375	0.40625	0.21875
	veterianri techincian	veterianry Techincian	0.4375	0.71875	0.40625	0.625	0.46875	0.5
	radiolog	Radiology	0.46875	0.59375	0.5	0.28125	0.34375	0.0625
	fashion design	fashion design	0.25	0.71875	0.90625	0.90625	0.25	0.125
	buis	Buisness	0.4375	0.15625	0.0	0.40625	0.78125	0.625
	kinesiolog pt	Kinesiology: Pre-PT	0.53125	0.65625	0.5625	0.59375	0.25	0.34375
	environment	Environmental Studies 	0.28125	0.84375	0.46875	0.78125	0.34375	0.4375
	social develop	Social Development	0.28125	0.28125	0.5	0.6875	0.34375	0.46875
	biblic	Biblical Studies	0.28125	0.5	0.84375	0.46875	0.28125	0.21875
	psycholgoy	Psycholgoy	0.34375	0.46875	0.75	0.8125	0.25	0.28125
	speech languag patholog	Speech language Pathology	0.15625	0.125	0.40625	0.21875	0.3125	0.125
	classic	Classical Studies	0.34375	0.34375	0.71875	0.84375	0.375	0.0
	clean energi	Clean Energy	0.34375	0.4375	0.6875	0.5625	0.40625	0.1875
	mbbs	MBBS	0.21875	0.34375	0.375	0.46875	0.59375	0.28125
	medic design	medic or designer	0.75	0.875	0.9375	0.96875	0.84375	0.6875
	undeclar	Undeclared	0.1875	0.375	0.5625	0.5	0.25	0.125
	polic foundat	police foundations	0.71875	0.8125	0.6875	0.53125	0.5625	0.40625
	game program	Game programming	0.125	0.40625	0.25	0.75	0.59375	0.34375
	food nutrit	food and nutrition	0.5625	0.46875	0.5625	0.71875	0.625	0.46875
	gas fitter	gas fitter	0.625	0.75	0.375	0.5625	0.53125	0.5625
	dental	dental	0.0	0.375	0.0	0.59375	0.0625	0.125
	dental	dental	0.3125	0.375	0.625	0.90625	0.8125	0.46875
	dkv	DKV	0.53125	0.71875	0.4375	0.8125	0.15625	0.4375
	film	Film	0.53125	0.96875	0.5625	0.46875	0.125	0.34375
	psicologica	psicologica	0.375	0.6875	0.75	0.625	0.4375	0.25
	profession write technic web design	Professional Writing (technical & web design)	0.09375	0.84375	0.5	0.59375	0.28125	0.6875
	dental hygien	Dental Hygiene	0.21875	0.96875	0.375	0.96875	0.34375	0.46875
	environment conserv	Environmental Conservation	0.4375	0.625	0.3125	0.65625	0.46875	0.46875
	undeclar	Undeclared	0.0	0.15625	0.03125	0.25	0.34375	0.0
	undeclar	undeclared	0.6875	0.375	0.71875	0.5625	0.65625	0.34375
	film	Film	0.46875	0.40625	0.8125	0.5625	0.15625	0.15625
	undeclar	undeclared	0.46875	0.3125	0.375	0.65625	0.46875	0.5
	sing	singing	0.59375	0.9375	0.96875	0.625	0.03125	0.28125
	question inclus mis	Your question above is not inclusive. You mis	0.375	0.375	0.625	0.65625	0.71875	0.9375
	peac global	Peace and Global Studies	0.25	0.78125	0.3125	0.78125	0.1875	0.1875
	matematica	matematicas	0.375	0.59375	0.5625	0.4375	0.4375	0.4375
	matematica	matematicas	0.34375	0.59375	0.0	0.53125	0.625	0.34375
	ingl	ingles	0.5	0.625	0.625	0.6875	0.5	0.5
	psicologia	psicologia	0.71875	0.84375	0.71875	0.90625	0.75	0.75
	masturb	Masturbation	0.34375	0.96875	0.71875	0.59375	0.21875	0.25
	horticultur	Horticulture	0.53125	0.59375	0.59375	0.53125	0.40625	0.15625
	power electron	Power Electronics	0.09375	0.46875	0.78125	0.5625	0.25	0.3125
	audio	Audio	0.125	0.125	0.4375	0.1875	0.40625	0.3125
	physiotherapi	Physiotherapy	0.25	0.15625	0.3125	0.53125	0.65625	0.09375
	dental	Dental	0.0	0.875	0.34375	0.84375	0.5	0.0
	cis	Cis	0.40625	0.125	0.25	0.5	0.125	0.1875
	emt	EMT	0.1875	0.65625	0.4375	0.375	0.21875	0.0
	undeclar current	Undeclared currently	0.125	0.9375	0.9375	0.875	0.4375	0.0
	therapi	Therapy	0.0	0.125	0.0	0.84375	0.46875	0.125
	greek	Greek	0.59375	0.21875	0.71875	0.46875	0.6875	0.03125
	languag	Languages 	0.15625	0.6875	0.375	0.75	0.40625	0.28125
	behavior scienec	behavioral scienece	0.28125	0.5	0.3125	0.84375	0.3125	0.53125
	development	Developmental Studies	0.1875	0.28125	0.71875	0.53125	0.4375	0.3125
	pharmaci	Pharmacy 	0.25	0.8125	0.09375	0.71875	0.625	0.71875
	undecid	undecided 	0.59375	0.6875	0.53125	0.5625	0.59375	0.1875
	famili	Family Studies	0.03125	0.5625	0.71875	0.96875	0.375	0.0625
	scuptur	Scupture	0.15625	0.1875	0.65625	0.5	0.0625	0.09375
	model cours	modelling course	0.0	0.0	0.5	0.125	0.0	0.0625
	biophys	Biophysics	0.25	1.0	0.3125	0.28125	0.0	0.0625
	tourism	Tourism Studies	0.625	0.6875	0.3125	0.65625	0.625	0.78125
	pharmacist	Pharmacist	0.25	0.34375	0.46875	0.5	0.34375	0.3125
	cis	CIS	0.625	0.28125	0.375	0.40625	0.8125	0.625
	colleg	Some College	0.1875	0.78125	0.78125	0.5625	0.5625	0.28125
	occup therapi	Occupational therapy	0.46875	0.5625	0.625	0.59375	0.625	0.53125
	radio broadcast	Radio Broadcasting	0.0	0.03125	0.46875	0.125	0.0	0.0
	kinesiolog	Kinesiology	0.53125	0.25	0.0625	0.4375	0.0	0.25
	nutrit	nutrition	0.5625	0.53125	0.34375	0.8125	0.3125	0.21875
	inform technolog	Information technology 	0.34375	0.53125	0.65625	0.5625	0.53125	0.53125
	earli childhood develop	Early childhood development	0.25	0.1875	0.8125	0.875	0.875	0.6875
	media	media	0.09375	0.1875	0.53125	0.375	0.40625	0.125
	earl childhood develop	earl childhood development	0.0	0.3125	0.875	0.875	0.875	0.5
	design	design	0.0625	0.65625	0.625	0.6875	0.5625	0.09375
	languag	Language Studies	0.0	0.03125	0.5	0.375	0.53125	0.03125
	kinesiolog	Kinesiology	0.3125	0.625	0.8125	1.0	0.625	0.4375
	media	Media Studies	0.5625	0.5625	0.84375	0.59375	0.34375	0.5625
	aeronaut	aeronautics	0.625	0.3125	0.46875	0.125	0.34375	0.625
	undecid	undecided	0.0625	0.3125	0.90625	0.4375	0.6875	0.0
	radio broadcast	Radio Broadcasting	0.28125	0.4375	0.78125	0.46875	0.46875	0.375
	hospit	hospitality	0.09375	0.25	0.21875	0.4375	0.3125	0.53125
	develop	Development studies 	0.53125	0.875	0.59375	0.84375	0.3125	0.0
	undecid	undecided	0.21875	0.75	0.09375	0.5	0.3125	0.3125
	buis	buisness 	0.53125	0.53125	0.4375	0.5625	0.65625	0.40625
	medic assist	Medical Assistant	0.34375	0.75	0.375	0.78125	0.625	0.65625
	anim behavior	Animal behavior 	0.25	0.78125	0.1875	0.34375	0.0	0.03125
	philolog	philology	0.15625	0.90625	0.25	0.625	0.28125	0.15625
	rehabilit	Rehabilitation	0.25	0.625	0.375	0.875	0.5	0.375
	inform technolog	IT	0.28125	0.3125	0.625	0.53125	0.25	0.0625
	massag therapi	Massage therapy	0.09375	0.625	0.96875	0.90625	0.5	0.15625
	medic assist	medical assistant	0.125	0.625	0.625	1.0	0.125	0.875
	undecid	Undecided	0.21875	0.4375	0.28125	0.5625	0.125	0.1875
	kinesiolog	Kinesiology	0.0	0.34375	0.0	0.46875	0.0625	0.03125
	inform technolog	Information Technology	0.125	0.125	0.0625	0.1875	0.0	0.0
	kin	kin	0.125	0.59375	0.625	0.53125	0.1875	0.0
	comput technolog	Computer tech	0.8125	0.78125	0.53125	0.65625	0.53125	0.59375
	design	Design	0.09375	0.71875	0.78125	0.71875	0.71875	0.0
	polit	Politics	0.34375	0.34375	0.5	0.40625	0.4375	0.28125
	death	DEATH	0.0	0.0	0.0	1.0	0.0	0.0
	crime	crime	0.1875	0.4375	0.53125	0.875	0.5	0.03125
	inform technolog	IT	0.0625	0.03125	0.96875	0.40625	0.28125	0.0
	behavior scienec	behavioral scienece	0.0	0.59375	0.0625	1.0	0.0625	0.1875
	cultur design	culture, design	0.5625	0.625	0.75	0.6875	0.46875	0.28125
	entrepreneurship	entrepreneurship	0.375	0.75	0.625	0.59375	0.5	0.125
	radiolog	Radiology	0.1875	0.625	0.3125	0.625	0.25	0.1875
	organiz supervis	Organizational Supervision	0.03125	0.5	0.3125	0.5	0.34375	0.625
	design	Design	0.40625	0.5	0.84375	0.375	0.4375	0.4375
	trevel	TREVELING	0.375	0.6875	0.625	0.71875	0.625	0.4375
	polit	Politics	0.25	0.65625	0.8125	0.6875	0.46875	0.09375
	veterinari	Veterinary	0.09375	0.34375	0.625	0.40625	0.46875	0.34375
	medic	Medical	0.4375	0.625	0.6875	0.65625	0.46875	0.4375
	develop	Development	0.4375	0.46875	0.59375	0.78125	0.46875	0.09375
	design	design	0.21875	0.6875	0.6875	0.4375	0.34375	0.15625
	veterinari	Veterinary	0.5625	0.875	0.6875	0.3125	0.15625	0.1875
	design	design	0.21875	0.1875	0.53125	0.53125	0.5625	0.15625
	digit media	Digital Media	0.15625	0.09375	0.4375	0.5625	0.28125	0.59375
	museum	Museum Studies	0.375	0.375	0.5625	0.65625	0.59375	0.25
	thai languag inscript	Thai Language and Inscription	0.75	0.71875	0.65625	0.78125	0.59375	0.46875
	medic	Medical	0.4375	0.5	0.53125	0.53125	0.25	0.28125
	philolog	philology	0.5625	0.6875	0.5	0.40625	0.1875	0.5
	design	Design	0.09375	0.75	0.71875	0.75	0.28125	0.0
	design	designer	0.625	0.5	0.875	0.6875	0.8125	0.25
	film	Film	0.40625	0.5	0.59375	0.25	0.625	0.375
	inform technolog	Information Technology	0.65625	0.5625	0.375	0.75	0.28125	0.90625
	spirituallti	Spirituallty	0.34375	0.3125	0.6875	0.6875	0.53125	0.375
	dentistri	dentistry	0.34375	0.53125	0.71875	0.84375	0.4375	0.28125
	curat	Curating	0.34375	0.59375	0.75	0.75	0.40625	0.0625
	comput	computer	0.71875	0.8125	0.125	0.625	0.125	0.46875
	horticultur	Horticulture	0.46875	0.71875	0.1875	0.25	0.21875	0.28125
	design	Design	0.75	0.9375	0.09375	0.875	0.625	0.21875
	dentistri	Dentistry	0.0625	0.53125	0.28125	0.1875	0.1875	0.4375
	film	Film	0.28125	0.34375	0.6875	0.4375	0.34375	0.28125
	food technolog	Food technology	0.53125	0.75	0.5	0.59375	0.53125	0.4375
	aquacultur	Aquaculture	0.5	0.875	0.5	0.6875	0.25	0.4375
	creativ	creative	0.21875	0.78125	0.71875	0.59375	0.5625	0.3125
	inform tchnolog	Information Tchnology	0.71875	0.40625	0.375	0.53125	0.375	0.96875
	cabin crew	cabin crew	0.25	0.1875	0.34375	0.90625	1.0	0.875
	logist	Logistics	0.65625	0.59375	0.34375	0.65625	0.53125	0.71875
	remot sens gis	remote sensing and GIS	0.25	0.6875	0.34375	0.5	0.25	0.40625
	industri design	Industrial Design	0.59375	0.59375	0.46875	0.375	0.5625	0.5
	thai languag	Thai language	0.4375	0.625	0.84375	0.75	0.5625	0.4375
	rehabilit	Rehabilitation	0.0	0.0	0.0	0.78125	0.25	0.09375
	speech	Speech	0.40625	0.90625	0.84375	0.84375	0.375	0.25
	invest	Investment	0.3125	0.625	0.65625	0.4375	0.3125	0.21875
	automot technolog	Automotive Technology	0.59375	0.3125	0.5	0.53125	0.21875	0.65625
	illustr	Illustration	0.25	0.40625	0.65625	0.125	0.1875	0.09375
	unsur	unsure	0.125	0.34375	0.15625	0.125	0.0	0.5625
	inform	Information studies	0.09375	0.125	0.0	0.0625	0.0	0.71875
	fashion design	Fashion design	0.15625	0.65625	0.46875	0.5	0.40625	0.21875
	buis	Buisness 	0.40625	0.65625	0.34375	0.34375	0.34375	0.6875
	inform tehnolog	Information Tehnology	0.53125	0.5625	0.46875	0.65625	0.6875	0.84375
	liber	liberal studies	0.0	0.0	0.0	0.3125	0.1875	0.09375
	medic assist	Medical Assistant	0.0	0.3125	0.0625	0.03125	0.0	0.0
	interior design	Interior design	0.34375	0.28125	0.5	0.53125	0.53125	0.25
	dentistri	Dentistry 	0.0625	0.21875	0.125	0.5625	0.84375	0.09375
	polit	Politics	0.15625	0.375	0.5625	0.28125	0.21875	0.6875
	communiti develop	community development	0.09375	0.34375	0.4375	0.65625	0.375	0.28125
	biotech inform sys	Biotech, Information Sys	0.53125	0.6875	0.3125	0.21875	0.0625	0.5
	buddhism studi	Buddhism study	0.25	0.78125	0.5625	0.40625	0.25	0.09375
	nutrit	Nutrition	0.15625	0.71875	0.21875	0.625	0.0625	0.03125
	pharmaci	Pharmacy	0.5625	0.5	0.625	0.46875	0.4375	0.5
	pharmaci	Pharmacy	0.28125	0.34375	0.6875	0.8125	0.59375	0.53125
	na	na	0.3125	0.6875	0.53125	0.75	0.53125	0.5625
	pharmaceut industri	pharmaceutical industry	0.40625	0.8125	0.59375	0.65625	0.53125	0.21875
	pharmaci	Pharmacy	0.4375	0.59375	0.78125	0.75	0.6875	0.40625
	pharmaci	Pharmacy	0.5	0.59375	0.78125	0.84375	0.46875	0.375
	rehab servic	Rehab Services	0.0	0.84375	0.03125	0.53125	0.28125	0.375
	film	Film	0.3125	0.5625	0.875	0.65625	0.40625	0.1875
	social enterpris	social enterprise 	0.21875	0.28125	0.25	0.75	0.375	0.375
	rehabilit servic	Rehabilitation Services	0.0	0.40625	0.0625	0.78125	0.125	0.03125
	drama	Drama	0.09375	0.6875	0.75	0.59375	0.28125	0.0
	hispan	Hispanic Studies	0.03125	0.65625	0.375	0.1875	0.0625	0.3125
	pharmaci	Pharmacy	0.25	0.71875	0.59375	0.59375	0.46875	0.5
	dentistri	Dentistry	0.3125	0.46875	0.8125	0.40625	0.5625	0.09375
	pharmaci	pharmacy	0.375	0.6875	0.375	0.625	0.3125	0.375
	ergonom	Ergonomics	0.5	0.4375	0.40625	0.59375	0.4375	0.5
	entrepreneurship	Entrepreneurship	0.59375	0.46875	0.75	0.75	0.28125	0.3125
	pharmaci	pharmacy	0.5625	0.71875	0.78125	0.625	0.5625	0.46875
	thai languag	Thai language	0.34375	0.6875	0.875	0.71875	0.5	0.46875
	design	Design	0.28125	0.59375	0.59375	0.5	0.125	0.0
	undecid	undecided	0.09375	0.59375	0.40625	0.78125	0.5	0.125
	inform technolog	information technology	0.0	0.5625	0.09375	0.34375	0.125	0.0
	anim doctor	animal doctor	0.25	0.21875	0.25	0.34375	0.375	0.40625
	filipino	Filipino	0.21875	0.0625	0.46875	0.6875	0.1875	0.09375
	inform technolog	Information Technology	0.46875	0.75	0.71875	0.8125	0.46875	0.59375
	languag	Language	0.0	0.0	0.0	0.0	0.0	0.0
	medic	medical	0.09375	0.59375	0.21875	0.71875	0.0625	0.0625
	undecid	undecided	0.1875	0.4375	0.8125	0.46875	0.6875	0.1875
	vet technolog	Vet Tech	0.0	0.5625	0.125	0.03125	0.03125	0.09375
	cinematographi	Cinematography	0.28125	0.53125	0.78125	0.53125	0.40625	0.21875
	medic bill code	medical billing and coding	0.34375	0.46875	0.34375	0.21875	0.375	0.65625
	child develop	Child Development	0.03125	0.15625	0.59375	0.78125	0.28125	0.125
	nusr	Nusring	0.40625	0.4375	0.5	0.59375	0.4375	0.5
	comput	Computing	0.25	0.75	0.8125	0.4375	0.53125	0.34375
	food nutrit	Food Nutrition 	0.1875	0.5625	0.53125	0.40625	0.5	0.34375
	languag	Language	0.4375	0.375	0.625	0.75	0.75	0.375
	filipino	Filipino	0.28125	0.78125	0.8125	0.96875	0.59375	0.53125
	medic assist	Medical Assistant	0.0	0.71875	0.0625	0.1875	0.0625	0.0
	inform technolog	Information Technology	0.875	0.59375	0.75	0.90625	0.84375	0.78125
	inform technolog	Information Technology	0.875	0.65625	0.78125	0.90625	0.65625	0.71875
	liber	Liberal studies	0.25	0.3125	0.875	0.84375	0.5	0.59375
	colleg	in college now	0.0	0.25	0.59375	0.4375	0.34375	0.09375
	theatr	Theatre	0.0	0.65625	0.84375	0.375	0.125	0.0625
	hotel mgmt	hotel mgmt	0.25	0.6875	0.34375	0.25	0.3125	0.21875
	filipino	Filipino	0.375	0.375	0.75	0.75	0.375	0.53125
	filipino	Filipino 	0.0625	0.25	0.8125	0.8125	0.1875	0.09375
	act	Acting	0.03125	0.375	0.78125	0.5	0.1875	0.0
	theatr	theatre	0.125	0.0625	0.90625	0.84375	0.4375	0.28125
	cook bake	cooking and baking	0.34375	0.5	0.28125	0.5	0.25	0.28125
	asl	ASL	0.0	0.375	0.6875	0.625	0.1875	0.0625
	mesic doctor	Mesical Doctor	0.3125	0.8125	0.84375	0.65625	0.6875	0.375
	hysich therapi	[hysichal therapy	0.0625	0.4375	0.28125	0.75	0.6875	0.625
	kinesiolog	kinesiology	0.21875	0.84375	0.34375	0.3125	0.0625	0.46875
	child adolesc develop	child and adolescent development	0.09375	0.53125	0.25	0.90625	0.15625	0.09375
	life skill	life skills	0.0625	0.09375	0.4375	0.65625	0.3125	0.25
	cinema	Cinema	0.09375	0.40625	0.875	0.125	0.4375	0.15625
	medic technolog	medical technology	0.59375	0.625	0.625	0.21875	0.375	0.71875
	filipino	Filipino	0.3125	0.46875	0.71875	0.96875	0.53125	0.5625
	inform technolog	Information Technology	0.71875	0.4375	0.46875	0.40625	0.34375	0.40625
	inform technolog	it	0.28125	0.9375	1.0	0.78125	0.46875	0.71875
	filipino	filipino	0.5625	0.75	0.71875	0.875	0.375	0.3125
	filipino	Filipino	0.5	0.4375	0.6875	0.8125	0.4375	0.8125
	anatomi patholog	Anatomy Pathology	0.125	0.40625	0.34375	0.28125	0.34375	0.34375
	brand	branding	0.5	0.3125	0.3125	0.5	0.46875	0.21875
	filipino	Filipino 	0.28125	0.71875	0.90625	0.8125	0.5	0.1875
	lex	Lex	0.40625	0.40625	0.4375	0.53125	0.28125	0.34375
	culinari	culinary	0.8125	0.46875	0.6875	0.25	0.6875	0.375
	rehabilit servic	Rehabilitation Services	0.0	0.0625	0.25	0.8125	0.0	0.0
	rehablili servic	Rehabliliation Services	0.0	0.0	0.3125	0.9375	0.0	0.0
	pta	PTA	0.03125	0.21875	0.625	0.625	0.375	0.1875
	conserv	Conservation	0.09375	0.5	0.625	0.75	0.40625	0.25
	polit	Politics	0.0625	0.5	0.375	0.125	0.125	0.0
	rehabilit servic	Rehabilitation Services	0.875	0.625	0.375	0.625	0.59375	0.3125
	culinari	Culinary	0.125	0.03125	0.15625	0.6875	0.46875	0.71875
	still school	Not yet, Still in school	0.03125	0.40625	0.6875	0.8125	0.28125	0.03125
	write	writing	0.46875	0.40625	0.6875	0.71875	0.40625	0.71875
	na	na	0.0	0.65625	0.125	0.125	0.09375	0.375
	inform technolog	Information Technology	0.25	0.40625	0.1875	0.375	0.21875	0.0625
	filipino	Filipino	0.3125	0.375	0.71875	0.875	0.5625	0.40625
	instruct leadership	Instructional Leadership	0.40625	0.3125	0.375	0.8125	0.375	0.375
	asian stui	Asian Stuies	0.375	0.59375	0.5	0.40625	0.125	0.34375
	public safeti	public safety	0.53125	0.625	0.28125	0.5	0.25	0.0
	medic	Medical	0.3125	0.65625	0.65625	0.71875	0.375	0.25
	doctor	doctor	0.5	1.0	0.5	0.875	0.75	0.375
	filipino	Filipino	0.15625	0.125	0.78125	0.5625	0.28125	0.15625
	design	Design	0.125	0.375	0.625	0.875	0.625	0.5625
	environment	Environmental	0.5	0.65625	0.59375	0.6875	0.65625	0.71875
	buis	buisness	0.1875	0.34375	0.1875	0.9375	0.8125	0.53125
	inform technolog	Information technology 	0.71875	0.96875	0.3125	0.125	0.09375	0.15625
	design	design	0.15625	0.375	0.9375	0.375	0.59375	0.34375
	design	Design	0.15625	0.65625	0.25	0.5625	0.28125	0.125
	psykolog	psykologi	0.3125	0.46875	0.5625	0.84375	0.46875	0.25
	radiolog	Radiology	0.25	0.78125	0.4375	0.71875	0.5625	0.46875
	bank	banking	0.375	0.4375	0.4375	0.96875	0.8125	0.71875
	jewelri	jewelry	0.53125	0.59375	0.78125	0.59375	0.15625	0.34375
	design techonlog	Design Techonlogy	0.15625	0.625	0.3125	0.65625	0.21875	0.0625
	televis film	television and film	0.0	0.125	0.1875	0.0625	0.0	0.0
	nutrit	Nutrition	0.03125	0.65625	0.5625	0.65625	0.5625	0.40625
	dentistri	Dentistry	0.53125	0.625	0.75	0.875	0.8125	0.8125
	filipino	Filipino	0.4375	0.6875	0.875	0.84375	0.40625	0.4375
	creativ write	Creative Writing	0.34375	0.625	0.8125	0.5625	0.25	0.21875
	entertain	entertainment	0.21875	0.125	0.75	0.375	1.0	0.125
	danc	Dance	0.25	0.53125	0.625	0.65625	0.625	0.5
	multi disciplinari	Multi-disciplinary	0.0	0.65625	0.59375	0.3125	0.6875	0.1875
	urban plan	Urban Planning	0.34375	0.65625	0.71875	0.875	0.5625	0.375
	psikolog	Psikologi	0.125	0.75	0.5	0.625	0.0625	0.25
	filipino	Filipino	0.8125	0.59375	0.1875	0.28125	0.6875	0.59375
	filipino	Filipino	0.0	0.3125	0.8125	0.78125	0.25	0.34375
	design	Design	0.1875	0.625	0.59375	0.5625	0.1875	0.53125
	industri design	industrial design	0.5625	0.59375	0.71875	0.4375	0.6875	0.0
	nutrit	Nutrition	0.03125	0.4375	0.6875	0.8125	0.25	0.3125
	inform technolog	IT	0.21875	0.4375	0.4375	0.28125	0.4375	0.375
	theatr	Theatre	0.3125	0.46875	0.625	0.46875	0.0	0.0
	neurolog	neurology	0.28125	0.71875	0.21875	0.59375	0.125	0.1875
	occup therapi	Occupation Therapy	0.0	0.21875	0.0	0.65625	0.0	0.0
	speech languag patholog	Speech language pathology	0.40625	0.65625	0.3125	0.6875	0.40625	0.21875
	filipino	Filipino	0.40625	0.625	0.96875	0.90625	0.71875	0.46875
	psikolog	Psikologi	0.65625	0.4375	0.71875	0.625	0.75	0.75
	psikolog	Psikologi	0.71875	0.46875	0.8125	0.625	0.625	0.65625
	psikolog	Psikologi	0.65625	0.84375	0.75	0.875	0.8125	0.625
	rehab servic	Rehab Services	0.09375	0.3125	0.0625	0.5	0.0625	0.03125
	child youth cae	Child and youth cae	0.09375	0.46875	0.625	0.875	0.4375	0.15625
	child youth care	Child and Youth Care	0.5	0.46875	0.1875	0.90625	0.46875	0.65625
	social welfar	Social Welfare	0.40625	0.21875	0.5625	0.8125	0.84375	0.375
	social servic	Social services	0.125	0.03125	0.25	0.53125	0.5625	0.03125
	polit	Politics	0.0	0.0	0.0	0.0	0.15625	0.0
	societi cultur	Society / Culture	0.15625	0.6875	0.84375	0.5	0.4375	0.0625
	trader	trader	0.125	0.59375	0.5625	0.65625	0.375	0.5
	creativ write	Creative Writing	0.0	0.1875	0.8125	0.40625	0.0	0.0
	teach	teaching	0.34375	0.6875	0.78125	0.6875	0.5	0.21875
	occup therapi	occupational therapy	0.125	0.9375	0.1875	0.53125	0.1875	0.28125
	pharmaci	pharmacy	0.21875	0.25	0.65625	0.78125	0.34375	0.25
	physcholog	Physchology	0.0625	0.03125	0.46875	0.71875	0.375	0.125
	design	Design	0.34375	0.40625	0.40625	0.28125	0.3125	0.1875
	aircraft mainten technolog	Aircraft Maintenance Technology	0.71875	0.8125	0.25	0.15625	0.03125	0.21875
	rehabilit servic	Rehabilitation Services	0.0	0.25	0.25	1.0	0.03125	0.125
	studi	General Study	0.5625	0.46875	0.625	0.625	0.46875	0.46875
	screenwrit	screenwriting	0.5	0.25	0.5625	0.25	0.25	0.5
	decid	Not decided 	0.3125	0.53125	0.53125	0.5	0.1875	0.53125
	danc	dance	0.0	0.09375	0.3125	0.15625	0.3125	0.0
	medic	Medical	0.0625	0.75	0.5625	0.53125	0.28125	0.53125
	custom servic	customer service	0.0625	0.09375	0.28125	0.8125	0.46875	0.125
	media	Media	0.03125	0.1875	0.65625	0.75	0.5625	0.25
	teach train	teaching/training	0.15625	0.375	0.46875	0.65625	0.65625	0.46875
	medic	medical	0.59375	0.9375	0.6875	0.875	0.75	0.59375
	rehabilit	rehabilitation	0.5625	0.5	0.59375	0.78125	0.5625	0.5625
	pscgolog	pscgology	0.03125	0.21875	0.0625	0.625	0.15625	0.03125
	nil	Nil	0.15625	0.8125	0.15625	0.0	0.0	0.0
	build	building	0.5625	0.4375	0.6875	0.59375	0.59375	0.15625
	maritim technolog	maritime technology	0.1875	0.4375	0.125	0.40625	0.5	0.09375
	film	film	0.46875	0.46875	0.4375	0.34375	0.21875	0.25
	creativ	CREATIVITY	0.40625	0.5	0.75	0.75	0.53125	0.3125
	anim	animation	0.21875	0.1875	0.65625	0.28125	0.5	0.25
	danc	dance	0.03125	0.0625	0.28125	0.15625	0.25	0.0
	entrepreneuri	Entrepreneurial Studies	0.1875	0.1875	0.5625	0.6875	0.9375	0.59375
	theatr	Theatre	0.34375	0.09375	0.625	0.28125	0.0	0.6875
	undecid	undecided	0.0625	0.0625	0.15625	0.0625	0.4375	0.40625
	filolog	Filology	0.46875	0.875	0.84375	0.59375	0.40625	0.34375
	physiotherapi	physiotherapy	0.34375	0.6875	0.46875	0.3125	0.34375	0.5
	film	Film	0.4375	0.6875	0.71875	0.4375	0.3125	0.1875
	inform technolog	information technology	0.84375	0.78125	0.09375	0.46875	0.5	0.84375
	veterinarian	Veterinarian 	0.3125	0.625	0.1875	0.5	0.3125	0.125
	vaterinarian	Vaterinarian	0.25	0.8125	0.6875	0.96875	0.4375	0.28125
	inform technolog	Information Technology	0.0	0.0	0.0	0.0625	0.375	0.5
	relat trade	Relations Trade	0.78125	0.4375	0.78125	0.84375	0.34375	0.4375
	liber	Liberal Studies	0.28125	0.28125	0.1875	0.34375	0.5	0.53125
	physio therapi	Physio Therapy	0.09375	0.71875	0.375	0.75	0.28125	0.0625
	psyc	Psyc	0.1875	0.59375	0.4375	0.1875	0.6875	0.21875
	event	event	0.96875	1.0	0.875	0.84375	0.875	0.9375
	leadership	Leadership	0.21875	0.71875	0.5625	0.5	0.34375	0.4375
	winemak	Winemaker	0.21875	0.75	0.5	0.4375	0.1875	0.28125
	mechan	mechanics	0.28125	0.6875	0.0625	0.0625	0.0	0.375
	social welfar	Social Welfare	0.4375	0.3125	0.59375	0.71875	0.8125	0.40625
	urban plan	urban planning	0.34375	0.5625	0.6875	0.6875	0.28125	0.3125
	design	design	0.53125	0.15625	0.90625	0.15625	0.59375	0.15625
	medic	Medical	0.03125	0.8125	0.75	0.8125	0.21875	0.0625
	film	Film	0.25	0.625	0.8125	0.375	0.34375	0.15625
	televis product	Television production	0.0625	0.53125	0.5625	0.90625	0.15625	0.125
	individu famili	Individual and family studies	0.5625	0.75	0.65625	0.78125	0.40625	0.3125
	derecho	Derecho	0.0625	0.84375	0.78125	0.65625	0.375	0.125
	pharmaci	Pharmacy	0.0625	0.53125	0.71875	0.375	0.4375	0.15625
	environment plan	Environmental Planning	0.15625	0.8125	0.5625	0.65625	0.46875	0.53125
	pharmaci	pharmacy	0.15625	0.25	0.875	0.65625	0.21875	0.03125
	inform technolog	IT	0.40625	0.75	0.6875	0.71875	0.375	0.375
	hospit tourism	Hospitality and Tourism	0.0625	0.6875	0.75	0.59375	0.46875	0.28125
	sanskrit	sanskrit	0.875	0.5	0.75	0.9375	0.8125	0.84375
	justic	justice studies	0.25	0.625	0.78125	0.53125	0.6875	0.03125
	film tv	Film & TV	0.09375	0.28125	0.5625	0.75	0.4375	0.1875
	fashion design	fashion design	0.34375	0.65625	0.78125	0.625	0.65625	0.4375
	anim welfar	animal welfare	0.125	0.90625	0.71875	0.875	0.25	0.09375
	undecid	Undecided	0.25	0.46875	0.28125	0.4375	0.0625	0.09375
	nutrit	Nutrition	0.0	0.84375	0.28125	0.8125	0.375	0.15625
	biomed	Biomedical Studies	0.75	0.96875	0.75	0.65625	0.375	0.5
	inform technolog	IT	0.25	0.3125	0.125	0.65625	0.09375	0.59375
	medic assist	medical assisting 	1.0	1.0	0.625	1.0	0.6875	0.9375
	bpa	bpa	0.125	0.40625	0.46875	0.53125	0.5	0.34375
	surgic technolog	Surgical technology certificate	0.40625	0.65625	0.28125	0.21875	0.15625	0.21875
	bse	bse	0.25	0.46875	0.3125	0.34375	0.5	0.3125
	creativ produc	Creative Producing	0.28125	0.46875	0.34375	0.5625	0.65625	0.53125
	politolog	politology	0.6875	0.875	0.84375	0.8125	0.625	0.3125
	pilot	pilot	0.25	0.9375	0.75	0.9375	0.6875	0.6875
	model	modelling	0.0625	0.0625	0.71875	0.8125	0.53125	0.3125
	polit	politics	0.28125	0.65625	0.625	0.59375	0.28125	0.125
	entreprenuership	Entreprenuership 	0.125	0.0	0.6875	0.875	0.75	0.78125
	undecid	Undecided	0.03125	0.25	0.25	0.46875	0.34375	0.09375
	jewelri technolog	Jewelry Technology 	0.125	0.75	0.3125	0.59375	0.09375	0.09375
	age	Aging	0.28125	0.65625	0.0625	0.15625	0.0625	0.375
	dd	dd	0.4375	0.34375	0.375	0.4375	0.46875	0.625
	undecid	undecided	0.1875	0.25	0.0625	0.59375	0.15625	0.09375
	theater	Theater	0.0625	0.90625	1.0	0.59375	0.59375	0.25
	filipino	Filipino	0.25	0.0625	0.625	0.75	0.59375	0.6875
	medic	Medic	0.5	1.0	0.125	1.0	0.1875	0.375
	oper technic	Operation Technical Studies	0.1875	0.0	0.03125	0.46875	0.25	0.28125
	sport medcin	sports medcine	0.375	0.625	0.28125	0.65625	0.625	0.625
	pharmaci	pharmacy	0.0	0.90625	0.0	0.15625	0.0	0.0
	inform technolog	I.T	0.5625	0.8125	0.6875	0.9375	0.46875	0.59375
	dietet	dietetics	0.09375	0.4375	0.5	0.78125	0.09375	0.03125
	rec therapi	rec therapy 	0.1875	0.59375	0.25	0.59375	0.1875	0.125
	social servic	Social services	0.375	0.5625	0.65625	0.6875	0.5625	0.5625
	fashion design	fashion and design	0.125	0.65625	0.875	0.53125	0.5	0.28125
	design	design	0.25	0.46875	0.875	0.78125	0.40625	0.34375
	leadership	Leadership studies	0.15625	0.28125	0.6875	0.6875	0.6875	0.53125
	gerontolog	Gerontology 	0.0625	0.71875	0.0625	0.5	0.40625	0.3125
	cosmet	Cosmetics 	0.375	0.40625	0.59375	0.5	0.5	0.625
	global	global studies	0.0	0.53125	0.6875	0.46875	0.21875	0.09375
	comput game technolog	Computer Games Technology	0.375	0.71875	0.71875	0.375	0.53125	0.5
	n	N/a	0.25	0.53125	0.71875	0.78125	0.46875	0.0625
	tourism	tourism	0.125	0.5625	0.4375	0.59375	0.3125	0.34375
	na	na	0.3125	0.375	0.53125	0.78125	0.46875	0.5
	undecid	undecided	0.4375	0.6875	0.59375	0.5625	0.53125	0.34375
	medic	medical	0.40625	0.78125	0.09375	0.59375	0.21875	0.28125
	inform technolog	IT	0.34375	0.375	0.53125	0.4375	0.40625	0.96875
	teacher	teacher	0.4375	0.34375	0.5625	0.65625	0.59375	0.5
	teach	Teaching	0.71875	0.40625	0.8125	0.625	0.65625	0.6875
	creativ write	Creative Writing	0.3125	0.21875	0.9375	0.625	0.21875	0.0
	cook	cooking 	0.1875	0.375	0.375	0.625	0.75	0.3125
	american	American Studies	0.34375	0.71875	0.75	0.84375	0.46875	0.53125
	physcholog	physchology	0.5	0.0625	0.21875	0.53125	0.46875	0.5625
	deu	deu	0.0	0.0	0.0	0.0	0.0	0.0
	undecid	Undecided	0.65625	0.71875	0.375	0.46875	0.15625	0.375
	hairstyl	hairstyles	0.4375	0.5	0.8125	0.8125	0.75	0.5
	design	design	0.09375	0.4375	0.25	0.09375	0.1875	0.09375
	tig weld	TIG Welding	0.46875	0.6875	0.125	0.375	0.25	0.15625
	film	Film Studies	0.25	0.375	0.625	0.4375	0.5625	0.5625
	polit	politics	0.40625	0.28125	0.3125	0.3125	0.34375	0.28125
	buisbess	buisbess	0.5	0.4375	0.4375	0.625	0.59375	0.625
	africana	Africana Studies	0.59375	0.5	0.78125	0.8125	0.53125	0.375
	agro technolog	agro technology	0.6875	0.75	0.53125	0.71875	0.375	0.65625
	comput	Computers	0.3125	0.5	0.28125	0.25	0.125	0.15625
	athlet therapi	Athletic Therapy 	0.28125	0.90625	0.53125	0.5625	0.21875	0.21875
	child develop	Child Development 	0.09375	0.65625	0.5	0.875	0.3125	0.0
	pedagogi	pedagogy	0.15625	0.875	0.4375	0.625	0.34375	0.46875
	ministri	Ministry	0.75	0.3125	0.53125	0.8125	0.40625	0.09375
	danc	Dance	0.3125	0.65625	0.6875	0.71875	0.46875	0.09375
	urban develop	urban development	0.0625	0.3125	0.5625	0.75	0.65625	0.375
	child develop	Child development 	0.0	0.0	0.0	0.84375	0.8125	0.53125
	creativ write	Creative Writing	0.25	0.59375	0.96875	0.5	0.03125	0.0
	medic laboratori technolog	medical laboratory technology	0.625	0.875	0.125	0.5	0.34375	0.625
	sale	sales	0.5	0.40625	0.375	0.71875	0.875	0.4375
	aviat	Aviation	0.03125	0.25	0.375	0.5	0.625	0.03125
	polit	Politics	0.46875	0.78125	0.3125	0.5	0.28125	0.21875
	plan	planning	0.34375	0.71875	0.5625	0.40625	0.4375	0.28125
	social polici	Social Policy	0.375	0.21875	0.65625	0.53125	0.28125	0.25
	film	film	0.34375	0.6875	0.6875	0.71875	0.3125	0.40625
	fashion design	Fashion Designing	0.03125	0.3125	0.96875	0.34375	0.625	0.03125
	fashion design	Fashion Designing	0.0	0.21875	1.0	0.21875	0.5	0.0
	screenwrit film tv	screenwriting for film and tv	0.0	0.65625	0.5	0.53125	0.28125	0.09375
	philosoph doctor	philosopher doctor	0.125	0.84375	0.625	1.0	0.28125	0.3125
	inform technolog	Information Technology	0.5625	0.5	0.5625	0.5625	0.6875	0.625
	polit	Politics	0.09375	0.34375	0.65625	0.46875	0.0	0.0
	food technolog	Food technology	0.34375	0.15625	0.15625	0.03125	0.6875	0.34375
	teach	Teaching	0.0	0.28125	0.0625	0.65625	0.15625	0.1875
	kinesiolog	Kinesiology	0.375	0.3125	0.8125	0.125	0.125	0.15625
	technic	Technical	0.25	0.21875	0.15625	0.78125	0.53125	0.65625
	tourism	tourism	0.0	0.3125	0.65625	0.65625	0.125	0.0625
	electron	ELECTRONICS	0.4375	0.4375	0.4375	0.875	0.4375	0.5625
	dentistri	dentistry	0.34375	0.34375	0.21875	0.3125	0.15625	0.4375
	design environment analysi	Design and Environmental Analysis	0.4375	0.9375	0.4375	0.5	0.4375	0.09375
	design	Design	0.53125	0.71875	0.84375	0.59375	0.5	0.15625
	kulinari	kulinari	0.40625	0.34375	0.6875	0.59375	0.5625	0.40625
	inform technolog	IT	0.46875	0.625	0.5625	0.625	0.21875	0.53125
	multi media	Multi-Media	0.28125	0.1875	0.65625	0.5	0.40625	0.09375
	comput	Computer	0.8125	0.5625	0.4375	0.8125	0.375	0.5625
	theatr	Theatre Studies	0.5625	0.53125	0.96875	0.90625	0.34375	0.46875
	industri relat labor	Industrial relations and labor studies	0.5	0.5	0.46875	0.625	0.59375	0.6875
	derecho	Derecho	0.46875	0.625	0.40625	0.75	0.375	0.9375
	doctor	Doctor	0.25	0.71875	0.4375	0.625	0.25	0.59375
	medic	medical	0.53125	0.46875	0.28125	0.4375	0.46875	0.53125
	environment polici	Environmental Policy	0.0625	0.6875	0.03125	0.15625	0.0	0.0625
	dentistri	Dentistry	0.125	0.25	0.8125	0.625	0.875	0.3125
	pharmaci	Pharmacy	0.6875	0.65625	0.34375	0.8125	0.375	0.59375
	teach	Teaching	0.125	0.84375	0.90625	0.75	0.40625	0.3125
	theatr	Theatre	0.0	0.71875	0.96875	0.5	0.375	0.0
	publish	Publishing	0.3125	0.6875	0.75	0.5	0.1875	0.0625
	cultur	Cultural Studies	0.28125	0.59375	0.5625	0.3125	0.34375	0.125
	rn	RN	0.15625	0.3125	0.46875	0.375	0.0625	0.0625
	media	media	0.34375	0.90625	0.9375	0.5	0.25	0.0625
	hospit	hospitality	0.15625	0.59375	0.65625	0.3125	0.3125	0.09375
	pharmaci	Pharmacy	0.3125	1.0	0.625	0.5625	0.1875	0.3125
	languag	Languages	0.03125	0.4375	0.84375	0.8125	0.21875	0.15625
	theatr	Theatre	0.21875	0.53125	0.6875	0.65625	0.25	0.1875
	psicologia	psicologia	0.3125	0.5625	0.625	0.875	0.5625	0.375
	surgeon	Surgeon	0.40625	0.625	0.40625	0.375	0.25	0.3125
	radiotv film	Radio.TV, Film	0.21875	0.15625	0.78125	0.6875	0.4375	0.375
	histoy	Histoy	0.21875	0.8125	0.78125	0.8125	0.375	0.0625
	urban plan	urban planning	0.625	0.4375	0.375	0.46875	0.09375	0.21875
	weav	weaving	0.03125	0.0	0.625	0.28125	0.34375	0.0
	ict	Ict	0.125	0.4375	0.59375	0.59375	0.5625	0.03125
	anim	Animation	0.0	0.6875	0.75	0.65625	0.40625	0.0
	design	design	0.0625	0.46875	0.9375	0.3125	0.1875	0.0625
	kinesiolog	kinesiology	0.34375	0.46875	0.09375	0.53125	0.40625	0.28125
	electron	Electronics	0.0	0.0	0.09375	0.40625	0.46875	0.0
	kinesiolog	kinesiology	0.28125	0.59375	0.4375	0.5625	0.125	0.28125
	dental hygien	Dental hygiene	0.25	0.90625	0.6875	0.6875	0.21875	0.59375
	technolog comm	Tech comm	0.0625	0.59375	0.5625	0.28125	0.125	0.15625
	polit	Politics 	0.8125	1.0	0.8125	0.8125	0.625	0.875
	inform technolog	It	0.53125	0.59375	0.4375	0.625	0.4375	0.5
	medic	medical	0.40625	0.875	0.625	0.8125	0.46875	0.4375
	biochem	Biochem	0.0625	0.90625	0.46875	0.625	0.1875	0.28125
	letter	letters	0.09375	0.09375	0.1875	0.84375	0.84375	0.125
	global affair	Global Affairs	0.21875	0.625	0.78125	0.5625	0.4375	0.21875
	kinesiolog	kinesiology 	0.0	0.53125	0.0	0.96875	0.40625	0.0
	kinesiolog	Kinesiology	0.09375	0.34375	0.5	0.4375	0.375	0.0625
	cross cultur	Cross Cultural Studies	0.125	0.65625	0.625	0.5	0.3125	0.34375
	occup therapi	occupational therapy	0.40625	0.9375	0.5625	0.625	0.40625	0.21875
	rn	Rn	0.34375	0.625	0.375	0.71875	0.03125	0.15625
	ui design	Ui design	0.0	0.375	0.625	0.71875	0.125	0.03125
	cultur	Cultural Studies	0.71875	0.375	0.8125	0.625	0.3125	0.5625
	tesol	TESOL	0.53125	0.25	0.65625	0.875	0.90625	0.84375
	film	film	0.0625	0.5625	0.875	0.5	0.0	0.09375
	interact design	interaction design	0.0	0.78125	0.8125	0.875	0.125	0.0
	reseach	reseacher	0.53125	0.46875	0.59375	0.4375	0.40625	0.5
	research	researcher	0.46875	0.46875	0.4375	0.71875	0.1875	0.40625
	arab	Arabic	0.1875	0.5625	0.4375	0.625	0.8125	0.75
	construct	Construction	0.1875	0.09375	0.40625	0.21875	0.28125	0.25
	pharmaci	pharmacy	0.5	0.78125	0.59375	0.6875	0.5	0.84375
	industri design	industrial design	0.5625	0.65625	0.84375	0.625	0.5	0.375
	cultur	culture	0.59375	0.78125	0.8125	0.875	0.65625	0.5
	drama	Drama	0.0	0.25	0.5625	0.5	0.1875	0.0
	nutrit	Nutrition	0.0625	0.34375	0.21875	0.71875	0.03125	0.09375
	travel tourism	Travel & Tourism	0.0625	0.1875	0.0	0.46875	0.28125	0.28125
	paraleg	paralegal studies	0.03125	0.3125	0.34375	0.09375	0.1875	0.0625
	cyber crime	CYBER CRIME	0.28125	0.9375	0.5	0.875	0.3125	0.6875
	media studi	Media Study	0.4375	0.65625	0.875	0.84375	0.59375	0.28125
	ministri	Ministry	0.3125	0.15625	0.40625	0.5625	0.46875	0.15625
	film drama	Film & Drama	0.0625	0.125	0.28125	0.8125	0.0	0.21875
	polit	politics	0.03125	0.53125	0.28125	0.46875	0.40625	0.3125
	inform technolog	information technology  	0.1875	0.6875	0.65625	0.78125	0.5	0.40625
	podiatri	Podiatry 	0.25	0.625	0.84375	0.71875	0.78125	0.0625
	engenharia	engenharia	0.53125	0.65625	0.65625	0.71875	0.59375	0.59375
	applic	Not Applicable	0.75	0.5625	0.28125	0.59375	0.5	0.1875
	act	ACTING	0.0625	0.09375	0.65625	0.375	0.15625	0.125
	anim film	Animals, Film	0.0	0.21875	0.5	0.375	0.375	0.0625
	buis	Buisness	0.21875	0.5625	0.4375	0.4375	0.5	0.21875
	buis technolog	buisness technology	0.09375	0.15625	0.0	0.40625	0.4375	0.28125
	screenwrit	Screenwriting	0.0	0.0625	0.65625	0.34375	0.21875	0.0
	product design	Product Design	0.0	0.125	0.375	0.4375	0.21875	0.03125
	medic	medical	0.125	0.34375	0.4375	0.96875	0.625	0.3125
	social	Social	0.375	0.6875	0.71875	0.75	0.59375	0.15625
	act	Acting	0.375	0.71875	1.0	0.6875	0.34375	0.0625
	nautica	nautica studies	0.09375	0.65625	0.0	0.625	0.5625	0.0
	kinesiolog	Kinesiology	0.375	0.9375	0.84375	0.78125	0.40625	0.15625
	na	na	0.5	0.6875	0.875	0.78125	0.71875	0.53125
	pharmaci	Pharmacy	0.09375	0.28125	0.25	0.25	0.15625	0.25
	arab	arabic	0.40625	0.375	0.3125	0.5	0.3125	0.34375
	inform technolog	IT	0.375	0.71875	0.6875	0.59375	0.34375	0.21875
	paramed	Paramedic	0.1875	0.8125	0.78125	0.90625	0.03125	0.09375
	respiratori therapi	Respiratory therapy	0.3125	0.8125	0.40625	0.8125	0.375	0.15625
	classic	Classical Studies 	0.125	0.4375	0.71875	0.40625	0.15625	0.03125
	medic	medical 	0.21875	0.53125	0.125	0.8125	0.84375	0.53125
	instruct design	Instructional Design	0.5	0.75	0.3125	0.71875	0.46875	0.34375
	interior design	Interior design	0.53125	0.6875	0.25	0.125	0.34375	0.625
	design	design	0.125	0.625	1.0	0.0	0.0	0.0
	film	Film	0.0625	0.375	0.6875	0.1875	0.0625	0.3125
	patisseri	Patisserie	0.34375	0.53125	0.5625	0.75	0.46875	0.375
	translat interpret	translation and interpretation	0.03125	0.40625	0.5	0.375	0.71875	0.3125
	tourism	Tourism	0.625	0.875	0.1875	0.5	0.46875	0.59375
	polit	Politics	0.0625	0.59375	0.5625	0.5	0.3125	0.125
	design	Design 	0.09375	0.34375	0.53125	0.46875	0.40625	0.125
	environment	Environmental studies	0.5	0.875	0.5	0.40625	0.25	0.21875
	liber	Liberal Studies	0.03125	0.0	0.0625	0.0	0.0	0.0
	robot	Robotics	0.0	0.625	0.59375	0.0625	0.0625	0.0
	film	Film	0.15625	0.40625	0.6875	0.125	0.1875	0.21875
	buis	buisness	0.21875	0.125	0.21875	0.71875	0.90625	0.75
	culinari	Culinary	0.625	0.71875	0.78125	0.5	0.65625	0.59375
	translat	translation	0.3125	0.78125	0.6875	0.71875	0.15625	0.125
	radiolog	Radiology	0.0625	0.125	0.3125	0.3125	0.71875	0.59375
	digit media design	digital media design	0.375	0.46875	0.75	0.625	0.75	0.3125
	film	Film	0.5	0.4375	0.90625	0.5	0.375	0.09375
	veterinari	Veterinary 	0.125	0.90625	0.71875	0.8125	0.46875	0.0625
	inform technolog	Information Technology	0.4375	0.59375	0.5	0.1875	0.21875	0.1875
	philolog	Philology	0.28125	0.75	0.625	0.5	0.1875	0.0625
	visual effect	Visual Effects	0.28125	0.53125	0.21875	0.375	0.25	0.25
	inform technolog	Information Technology	0.125	0.71875	0.15625	0.09375	0.09375	0.34375
	transport	Transport	0.0	0.0	0.1875	0.375	0.53125	0.15625
	pharmaci	Pharmacy	0.0625	0.65625	0.1875	0.5	0.3125	0.25
	cyber secur	cyber security	0.46875	0.4375	0.34375	0.5	0.40625	0.4375
	other	others	0.125	0.15625	0.0625	0.15625	0.375	0.125
	cybersecur	cybersecurity	0.15625	0.03125	0.03125	0.8125	0.5	0.40625
	cultur	Cultural Studies 	0.46875	0.9375	0.5625	0.78125	0.34375	0.1875
	hotel	Hotels 	0.46875	0.28125	0.3125	0.53125	0.71875	0.875
	fisheri	Fisheries	0.1875	0.9375	0.8125	0.75	0.53125	0.625
	suppli chain oper	supply chain operations	0.0	0.03125	0.8125	0.46875	0.4375	0.125
	public safeti	public safety	0.53125	0.375	0.21875	0.65625	0.5625	0.25
	doctor	Doctor	0.65625	0.71875	0.28125	0.75	0.40625	0.40625
	inform technolog	information technology	0.625	0.5	0.6875	0.6875	0.5	0.4375
	classic	Classics	0.28125	0.9375	0.6875	0.75	0.34375	0.0625
	inform technolog	IT	0.75	0.46875	0.40625	0.5625	0.4375	0.59375
	hospit tourism	Hospitality and Tourism	0.375	0.78125	0.15625	0.71875	0.625	0.78125
	machin design	Machine Design	0.59375	0.1875	0.15625	0.5	0.34375	0.375
	cyber secur	cyber security	0.09375	0.40625	0.59375	0.5625	0.3125	0.40625
	danc	Dance	0.0	0.125	0.46875	0.6875	0.46875	0.25
	hospit	Hospitality	0.0	0.25	0.28125	0.46875	0.875	0.375
	dietet	Dietetics	0.34375	0.75	0.21875	0.71875	0.375	0.21875
	radiolog	Radiology 	0.4375	0.78125	0.53125	0.71875	0.53125	0.46875
	fashion design	Fashion Design	0.21875	0.1875	0.625	0.625	0.40625	0.21875
	digit media	Digital Media	0.9375	0.5625	0.3125	0.375	0.4375	0.8125
	dietet	Dietetics	0.3125	0.53125	0.53125	0.75	0.5	0.5625
	occup therapi assist	Occupational Therapy Assisting	0.0	0.46875	0.71875	0.78125	0.125	0.0625
	medic	medical	0.1875	0.84375	0.4375	0.5	0.375	0.34375
	entrepreneurship	Entrepreneurship	0.4375	0.34375	0.53125	0.75	0.65625	0.65625
	undecid	Undecided	0.25	0.3125	0.1875	0.625	0.90625	0.25
	inform technolog	IT	0.03125	0.34375	0.375	0.40625	0.25	0.375
	pharmaci	pharmacy	0.25	0.21875	0.125	0.5625	0.1875	0.15625
	electron	electronics	0.25	0.6875	0.1875	0.1875	0.25	0.34375
	inspector investig dotor veterina	inspectore/investigate/dotor veterina	0.1875	0.53125	0.59375	0.625	0.15625	0.40625
	occup therapist	Occupational therapist	0.3125	0.53125	0.59375	0.9375	0.40625	0.34375
	cyber secur	Cyber security	0.9375	0.59375	0.28125	0.5	0.28125	0.15625
	forenisc investig	Forenisc investigation 	0.0	0.0	0.0	0.0	0.0	0.0
	electron	electronics	0.6875	0.5	0.5	0.3125	0.375	0.125
	entrepreneur	Entrepreneur 	0.0	0.0	0.125	0.0	0.0	0.0
	dietet	Dietetics 	0.34375	0.78125	0.46875	0.75	0.625	0.40625
	microelectron	Microelectronics	0.53125	0.59375	0.625	0.3125	0.25	0.8125
	inform technolog	IT	0.0625	0.6875	0.625	0.625	0.53125	0.34375
	theater	Theater	0.28125	0.21875	0.96875	0.84375	0.5625	0.28125
	inform	Information studies	0.21875	0.6875	0.4375	0.65625	0.1875	0.15625
	mangement	mangement	0.375	0.28125	0.40625	0.5	0.59375	0.625
	undecid	Undecided 	0.46875	0.25	0.5	0.46875	0.40625	0.875
	paraleg	Paralegal	0.1875	0.15625	0.15625	0.5	0.65625	0.90625
	interior design	Interior design	0.3125	0.8125	0.75	0.78125	0.65625	0.625
	multimedia	Multimedia	0.71875	0.40625	0.46875	0.3125	0.59375	0.6875
	network technolog	Networking Technology	0.5625	0.65625	0.25	0.59375	0.5	0.59375
	forens	forensic	0.46875	0.78125	0.46875	0.65625	0.46875	0.5625
	environ	environment	0.25	0.21875	0.34375	0.59375	0.46875	0.71875
	undeclar	Undeclared	0.09375	0.46875	0.53125	0.71875	0.53125	0.625
	mechan	mechanic	0.4375	0.125	0.0	0.0	0.0	0.0
	northeastern	Northeastern University	0.1875	0.46875	0.59375	0.84375	0.53125	0.5625
	inform secur assur	information security and assurance	0.40625	0.65625	0.53125	0.625	0.5625	0.5625
	hospit	HOSPITALITY	0.6875	0.78125	0.40625	0.65625	0.34375	0.84375
	athlet train	Athletic Training	0.1875	0.34375	0.40625	0.59375	0.15625	0.46875
	dietet	Dietetics	0.125	1.0	0.4375	0.75	0.375	0.4375
	athlet train	Athletic Training	0.1875	0.59375	0.15625	0.8125	0.25	0.3125
	occup therapi assist	Occupational Therapy Assistant	0.4375	0.375	0.75	0.625	0.875	0.59375
	nil	nil	0.0	0.0	0.625	0.375	0.0625	0.0
	inform technolog	information tech	0.75	0.6875	0.5625	0.59375	0.15625	0.625
	veterenari	Veterenary	0.125	0.90625	0.25	0.59375	0.375	0.25
	teach	teaching	0.4375	0.6875	0.5625	0.75	0.71875	0.75
	film media	Film and Media	0.21875	0.5625	0.8125	0.40625	0.125	0.0
	inform technolog	Information Technology	0.28125	0.53125	0.25	0.28125	0.3125	0.03125
	payxholofi	Payxholofy	0.09375	0.65625	0.875	0.8125	0.4375	0.21875
	pedagogi	pedagogy	0.25	0.5625	0.5	0.71875	0.21875	0.09375
	occup therapi	Occupational Therapy 	0.0	0.3125	0.125	0.75	0.34375	0.03125
	medic	Medical	0.3125	0.84375	0.78125	0.8125	0.8125	0.34375
	tv film	Tv and Films	0.0	0.0	0.375	0.125	0.125	0.125
	util technolog	utility technology	0.34375	0.5625	0.21875	0.53125	0.3125	0.65625
	fashion design	Fashion Design	0.125	0.53125	0.5625	0.59375	0.34375	0.1875
	psycholohi	psycholohy	0.0	0.3125	0.28125	0.65625	0.125	0.1875
	tourism	Tourism	0.21875	0.15625	0.34375	0.4375	0.53125	0.34375
	interior design	interior design	0.34375	0.65625	0.40625	0.75	0.25	0.25
	kinesiolog	Kinesiology	0.1875	0.34375	0.5625	0.09375	0.375	0.3125
	kinesiolog	kinesiology	0.375	0.9375	0.5625	0.84375	0.53125	0.28125
	acct	acct	0.78125	0.71875	0.5	0.3125	0.40625	0.71875
	social servic	Social Services	0.28125	0.125	0.0625	0.875	0.375	0.0
	social	Social Studies	0.0	0.09375	0.5625	0.875	0.21875	0.53125
	child develop famili	Child Development and Family	0.03125	0.40625	0.75	0.78125	0.28125	0.03125
	kinesiolog	Kinesiology	0.46875	0.84375	0.84375	0.75	0.34375	0.21875
	kinesiolog	kinesiology	0.40625	0.53125	0.75	0.96875	0.3125	0.21875
	comput	computer	0.75	0.53125	0.28125	0.125	0.1875	0.25
	medic	medical	0.6875	1.0	0.8125	0.9375	0.5625	0.53125
	electron	electronics	0.21875	0.65625	0.375	0.1875	0.25	0.3125
	languag	language	0.40625	0.40625	0.625	0.5625	0.46875	0.40625
	fashion merchendis	fashion merchendising	0.0625	0.40625	0.53125	0.65625	0.65625	0.46875
	medic field	medical field	0.0	0.21875	0.0	0.09375	0.34375	0.09375
	secretari	Secretary	0.53125	0.3125	0.375	0.8125	0.65625	0.90625
	tesel	TESEL	0.59375	0.59375	0.65625	0.6875	0.6875	0.5625
	industri design	industrial design	0.1875	0.5	0.75	0.3125	0.15625	0.0
	media product	Media Production	0.375	0.25	0.25	0.28125	0.4375	0.375
	diesel servic	diesel services	0.46875	0.34375	0.59375	0.53125	0.3125	0.21875
	med	pre med	0.375	0.4375	0.09375	0.46875	0.25	0.46875
	bussin woman	Bussines woman	0.53125	0.53125	0.5625	0.75	0.71875	0.78125
	tesel muet mascom	TESEL / MUET/ MASCOM	0.625	0.625	0.78125	0.84375	0.6875	0.5
	construct	Construction	0.625	0.6875	0.875	0.9375	0.8125	0.53125
	occup tjerapi	occupational tjerapy	0.1875	0.375	0.3125	0.875	0.3125	0.09375
	medic	medical	0.25	0.5625	0.21875	0.46875	0.09375	0.25
	anatomi	Anatomy	0.40625	0.625	0.5	0.53125	0.46875	0.5
	creativ media	Creative Media	0.28125	0.3125	0.59375	0.46875	0.375	0.25
	mass comm	Mass Comm	0.4375	0.9375	0.96875	0.78125	0.1875	0.1875
	seni visual	seni visual	0.46875	0.5	0.875	0.78125	0.65625	0.65625
	seem	SEEM	0.625	0.4375	0.53125	0.78125	0.625	0.4375
	comput aid design technolog	computer aided design technology	0.78125	0.84375	0.40625	0.5	0.5	0.25
	theatr film	Theatre and film studies	0.125	0.15625	0.8125	0.59375	0.5625	0.0625
	athlet train	Athletic Training	0.21875	0.59375	0.21875	0.78125	0.21875	0.25
	undecid	Undecided	0.21875	0.8125	0.34375	0.4375	0.59375	0.4375
	fashion textil	Fashion and Textiles	0.5	0.8125	0.5625	0.5	0.46875	0.625
	radiolog	Radiology	0.125	0.65625	0.5	0.75	0.375	0.5625
	american	American Studies	0.21875	0.40625	0.75	0.90625	0.5	0.4375
	liber	Liberal studies	0.25	0.78125	0.5	0.78125	0.3125	0.46875
	digit media	digital media	0.0625	0.40625	0.78125	0.75	0.5625	0.25
	undecid	undecided	0.6875	0.9375	0.875	1.0	0.9375	0.375
	phycolog	Phycology 	0.0	0.53125	0.84375	0.6875	0.53125	0.0625
	justic	Justice	0.53125	0.84375	0.46875	0.5	0.15625	0.5625
	film	Film	0.5625	0.75	0.875	0.5625	0.625	0.375
	diesel technolog	Diesel Technology	0.625	0.5625	0.84375	0.40625	0.46875	0.03125
	inform maagement	Information Maagement	0.4375	0.3125	0.5625	0.21875	0.09375	0.59375
	kinesiolog	Kinesiology	0.15625	0.4375	0.65625	0.5	0.0625	0.0
	game develop	Game developer	0.5625	0.8125	0.84375	0.5	0.40625	0.5
	modern langugag	Modern langugages	0.25	0.46875	0.65625	0.5625	0.625	0.28125
	unm	UNM	0.15625	0.25	0.625	0.5625	0.3125	0.15625
	undecid	Undecided 	0.46875	0.625	0.375	0.0625	0.3125	0.375
	organiz leadership	Organizational Leadership	0.03125	0.0625	0.03125	0.71875	0.09375	0.46875
	histolog	Histology	0.5	0.5625	0.0625	0.5	0.1875	0.8125
	famili	Family Studies	0.0	0.0	0.0	0.71875	0.34375	0.6875
	patholog	pathology 	0.0	0.59375	0.0625	0.0625	0.0	0.0
	archeticu	archeticual	0.46875	0.53125	0.5	0.625	0.25	0.34375
	undecid	Undecided	0.28125	0.4375	0.59375	0.65625	0.40625	0.4375
	fire technolog	Fire Technology	0.5625	0.15625	0.125	0.625	0.0	0.03125
	buis	buisness	0.125	0.5	0.59375	0.6875	0.46875	0.46875
	environ	Environment	0.0625	0.3125	0.625	0.4375	0.0	0.0625
	medic technolog	Medical technology	0.1875	0.5625	0.5625	0.8125	0.46875	0.34375
	procur	procurement	0.65625	0.375	0.5	0.625	0.84375	1.0
	sex	sex	0.34375	0.25	0.4375	0.25	0.25	0.1875
	anim draw	animated drawings	0.3125	0.21875	0.34375	0.4375	0.625	0.46875
	classic	Classics	0.40625	0.71875	0.59375	0.65625	0.28125	0.03125
	stunt drive	Stunt driving	0.65625	0.53125	0.5625	0.625	0.46875	0.65625
	medic field	Medical field 	0.125	0.71875	0.40625	0.46875	0.0625	0.125
	automechan	Automechanic	0.15625	0.21875	0.15625	0.15625	0.28125	0.28125
	comput technolog	computer tech.	0.375	0.03125	0.15625	0.59375	0.78125	0.75
	suppli chain	Supply Chain	0.34375	0.28125	0.71875	0.28125	0.5625	0.3125
	bank	Banking	0.4375	0.0625	0.375	0.4375	0.5	0.34375
	languag	Languages	0.125	0.5625	0.78125	0.5	0.25	0.0625
	pharmaci	Pharmacy	0.28125	0.78125	0.21875	0.5	0.1875	0.4375
	diesel servic technolog	Diesel Service Technology	0.65625	0.6875	0.28125	0.40625	0.28125	0.4375
	teacher	teacher 	0.59375	0.53125	0.84375	0.84375	0.5	0.28125
	draft	drafting 	0.71875	0.65625	0.8125	0.75	0.625	0.71875
	undecid	undecided	0.0	0.5	0.0	0.34375	0.0625	0.03125
	dietet	dietetics	0.0625	0.75	0.6875	0.84375	0.625	0.5
	athlet train	athletic training	0.28125	0.71875	0.5625	0.8125	0.59375	0.40625
	film	Film	0.15625	0.5625	0.84375	0.875	0.375	0.15625
	fasion	Fasion	0.5	0.78125	0.8125	0.59375	0.59375	0.40625
	pharmaci	Pharmacy	0.46875	0.40625	0.53125	0.59375	0.28125	0.53125
	pc support	PC support	0.25	0.59375	0.40625	0.1875	0.4375	0.53125
	diesel	diesel	0.625	0.5625	0.28125	0.4375	0.40625	0.21875
	design	design	0.09375	0.6875	0.6875	0.28125	0.15625	0.125
	medic	medical	0.90625	0.90625	0.84375	0.9375	0.9375	0.96875
	mechan	mechanics	0.46875	0.46875	0.4375	0.40625	0.28125	0.5
	child develop	child development	0.09375	0.1875	0.65625	0.75	0.90625	0.28125
	pet trainer	Pet Trainer	0.0625	0.25	0.71875	0.5625	0.3125	0.15625
	liber	liberal studies	0.125	0.15625	0.28125	0.71875	0.25	0.0625
	radiographi	Radiography	0.0625	0.90625	0.28125	0.3125	0.15625	0.21875
	famili	family studies	0.0625	0.09375	0.0	0.71875	0.0	0.0
	undecid	Undecided	0.65625	0.375	0.40625	0.625	0.375	0.65625
	film product	Film Production	0.0	0.375	0.78125	0.65625	0.28125	0.0625
	paraleg	Paralegal Studi4es	0.0625	0.5	0.1875	0.84375	0.40625	0.46875
	paraleg	Paralegal	0.125	0.75	0.78125	0.8125	0.375	0.0
	softwar develop	software development	0.0625	0.0	0.34375	0.15625	0.25	0.25
	undecid	undecided	0.5625	0.8125	0.75	0.65625	0.21875	0.21875
	huaman social servic	Huaman and Social Services	0.15625	0.25	0.375	0.625	0.4375	0.5
	paraleg	paralegal	0.0	0.34375	0.34375	0.75	0.375	0.65625
	fashion merchandis	Fashion Merchandising	0.1875	0.03125	0.40625	0.375	0.5625	0.4375
	industri distribut	Industrial Distribution	0.65625	0.75	0.40625	0.5625	0.5	0.375
	veterinari technolog	Veterinary technology	0.28125	0.875	0.78125	0.5	0.46875	0.3125
	illustr	Illustration	0.21875	0.5625	0.65625	0.3125	0.0625	0.15625
	ecomom	ecomomics	0.4375	0.75	0.625	0.625	0.6875	0.28125
	languag	language	0.375	0.6875	0.6875	0.6875	0.1875	0.125
	respiratori therapist	Respiratory therapist 	0.71875	0.96875	0.53125	0.375	0.21875	0.21875
	pharmaci	Pharmacy	0.28125	0.75	0.34375	0.625	0.28125	0.25
	go colleg	have yet to go to college 	0.125	0.375	0.28125	0.3125	0.03125	0.0
	didnt	didnt	0.0	0.34375	0.0	0.03125	0.03125	0.0
	psikolog	psikologi	0.625	0.5	0.3125	0.3125	0.25	0.4375
	histor preserv	Historic Preservation 	0.1875	0.59375	0.375	0.28125	0.375	0.5625
	organis behaviour	organisational Behaviour	0.0625	0.78125	0.90625	0.78125	0.3125	0.375
	inform technolog	Information Technology	0.46875	0.75	0.28125	0.5	0.40625	0.28125
	social histor	Social and Historical Studies	0.0	0.15625	0.25	0.59375	0.5	0.5625
	tourism	Tourism	0.40625	0.25	0.28125	0.46875	0.375	0.3125
	culinari	Culinary	0.4375	0.5625	0.28125	0.65625	0.53125	0.6875
	weld	welding	0.625	0.4375	0.375	0.4375	0.46875	0.3125
	teach	Teaching	0.28125	0.5	0.75	0.75	0.5	0.25
	tourism	tourism	0.09375	0.46875	0.28125	0.6875	0.40625	0.0625
	dietet	dietetics	0.0625	0.1875	0.09375	0.125	0.25	0.15625
	solteira	Solteira 	0.25	0.25	0.59375	0.5	0.375	0.40625
	psicologia	Psicologia	0.0	0.125	0.0	0.6875	0.0625	0.0
	design	Design	0.0625	0.625	0.875	0.59375	0.5	0.0625
	lae	Lae	0.0	0.1875	0.125	0.625	0.125	0.0
	vet	vet	0.1875	0.875	0.53125	0.59375	0.5	0.09375
	tourism	Tourism	0.09375	0.125	0.125	0.34375	0.25	0.125
	museolog	Museology	0.125	0.15625	0.15625	0.4375	0.28125	0.28125
	teach	Teaching	0.125	0.8125	0.125	0.5	0.09375	0.0
	tourism	Tourism	0.09375	0.125	0.46875	0.375	0.40625	0.28125
	child develop	Child Development	0.3125	0.78125	1.0	0.34375	0.3125	0.125
	social servic	Social services	0.53125	0.65625	0.625	0.78125	0.34375	0.625
	languag	Applied Languages	0.40625	0.25	0.59375	0.625	0.59375	0.46875
	teach	Teaching 	0.375	0.28125	0.53125	0.3125	0.09375	0.0625
	design	design	0.28125	0.59375	0.875	0.625	0.375	0.28125
	tranlat	Tranlation	0.09375	0.5	0.59375	0.59375	0.3125	0.125
	teach	Teaching	0.375	0.1875	0.125	0.53125	0.21875	0.5
	tourism	Tourism	0.0	0.1875	0.375	0.1875	0.5	0.03125
	design	design	0.09375	0.53125	0.5625	0.1875	0.625	0.46875
	sport	Sports	0.4375	0.65625	0.375	0.40625	0.28125	0.5625
	progress	in progress	0.0	0.28125	0.53125	0.84375	0.53125	0.53125
	ethic	Ethic Studies	0.375	0.59375	0.5	0.625	0.40625	0.3125
	design	Design	0.59375	0.59375	0.5625	0.625	0.6875	0.03125
	conserv restor	conservation and restoration	0.3125	0.375	0.34375	0.25	0.5	0.59375
	liber	liberal studies	0.0	0.03125	0.21875	0.53125	0.03125	0.0
	med	Pre med	0.53125	0.84375	0.53125	0.84375	0.28125	0.28125
	kinesiolog	Kinesiology	0.03125	0.625	0.5	0.59375	0.25	0.09375
	occup therapi	occupational therapy 	0.09375	0.21875	0.1875	0.84375	0.125	0.0
	gerontolog	gerontology	0.28125	0.46875	0.28125	0.625	0.5	0.3125
	occup therapi	Occupational Therapy	0.125	0.4375	0.5625	0.875	0.46875	0.28125
	logist	logistics	0.90625	1.0	0.84375	0.96875	0.78125	0.96875
	bioinformati	bioinformatis	0.25	0.6875	0.4375	0.5	0.40625	0.25
	voc rehab	voc rehab	0.3125	0.28125	0.34375	0.625	0.5	0.1875
	survey	Surveying	0.0625	0.46875	0.90625	0.71875	0.5625	0.0
	undecid	Undecided	0.09375	0.0625	0.375	0.84375	0.375	0.40625
	youth ministri	Youth Ministry	0.28125	0.34375	0.625	0.46875	0.15625	0.15625
	earli chidlhood	Early Chidlhood	0.09375	0.09375	0.03125	1.0	0.25	0.65625
	undecid	undecided	0.40625	0.46875	0.5625	0.34375	0.375	0.25
	undecid	undecided	0.46875	0.625	0.6875	0.9375	0.75	0.6875
	kinesiolog	Kinesiology	0.09375	0.625	0.03125	0.90625	0.5625	0.46875
	huamn develop famili	Huamn Development and Family Studies	0.0	0.5	0.5625	0.78125	0.21875	0.28125
	network	networking	0.375	0.0625	0.28125	0.59375	0.3125	0.375
	paraleg	Paralegal	0.09375	0.28125	0.5	0.6875	0.5	0.59375
	illustr simul game design	Illustration + Simulation & Game Design	0.125	0.53125	0.40625	0.125	0.0625	0.0
	child develop	Child development 	0.0	0.34375	0.34375	0.6875	0.25	0.34375
	tesl	tesl	0.625	0.78125	0.34375	0.6875	0.6875	0.40625
	neither one	Neither one	0.4375	0.375	0.6875	0.40625	0.65625	0.84375
	islam	Islamic studies	0.09375	0.0625	0.8125	0.625	0.78125	0.5625
	sonagraphi	Sonagraphy	0.0	0.25	0.28125	0.6875	0.71875	0.03125
	child develop	child development	0.0	0.0	0.15625	0.40625	0.09375	0.09375
	dental hygien	dental hygiene	0.03125	0.46875	0.03125	0.28125	0.0	0.0625
	child famili	Child and family studies 	0.15625	0.53125	0.53125	0.78125	0.59375	0.34375
	kinesiolog	Kinesiology	0.34375	0.71875	0.1875	0.96875	0.875	0.28125
	tourism	Tourism	0.1875	0.65625	0.90625	0.25	0.65625	0.1875
	right undecid	In university right now, undecided	0.03125	0.53125	0.6875	0.84375	0.53125	0.25
	teach	General Studies, Masters of Teaching	0.09375	0.09375	0.375	0.6875	0.03125	0.0625
	buiss	buissness	0.40625	0.3125	0.53125	0.5	0.53125	0.375
	medic	medical	0.25	0.3125	0.3125	0.71875	0.5	0.65625
	folklor	Folklore	0.53125	0.6875	0.625	0.53125	0.53125	0.53125
	kinesiolog	Kinesiology	0.21875	0.625	0.78125	0.65625	0.34375	0.0
	medic	Medical	0.375	0.8125	0.6875	0.8125	0.4375	0.5
	enter	Did not enter university	0.40625	0.4375	0.5	0.53125	0.625	0.1875
	hospit tourism	Hospitality tourism	0.5625	0.375	0.25	0.5	0.625	0.65625
	cook sew	Cooking, Sewing	0.0625	0.09375	0.125	0.21875	0.125	0.03125
	pharmaci	Pharmacy	0.0	0.75	0.6875	0.59375	0.21875	0.0625
	letter	Letters	0.46875	0.4375	0.84375	0.875	0.84375	0.5625
	dietet	dietetics	0.09375	0.8125	0.5	0.65625	0.71875	0.1875
	forens investig	Forensic Investigation	0.0	0.21875	0.0	0.15625	0.0	0.0
	forens investig	forensic investigation 	0.0	0.15625	0.0	0.03125	0.0	0.0
	forens investig	Forensic Investigation	0.0	0.25	0.0	0.0625	0.0	0.0
	speech languag patholog	Speech Language Pathology	0.09375	0.46875	0.4375	0.6875	0.375	0.125
	languag	Languages	0.34375	0.65625	0.625	0.5625	0.3125	0.4375
	act	Acting	0.125	0.59375	0.84375	0.84375	0.28125	0.03125
	media cultur	Media culture	0.0	0.3125	0.4375	0.75	0.09375	0.125
	medic assist	Medical Assisting	0.0625	0.53125	0.0	0.15625	0.0	0.625
	inform technolog	Information Technology	0.34375	0.34375	0.375	0.375	0.4375	0.4375
	natur	nature	0.0	0.0	0.0	0.0	0.09375	0.0625
	fashion merchandis	fashion merchandising	0.09375	0.0625	0.15625	0.46875	0.59375	0.40625
	inform technolog	Information Technology	0.25	0.1875	0.375	0.40625	0.375	0.53125
	kinesiolog	Kinesiology	0.0	0.3125	0.0625	0.625	0.0	0.09375
	inform technolog	Information Technology	0.46875	0.59375	0.5625	0.8125	0.4375	0.71875
	visual design	Visual design	0.25	0.65625	0.65625	0.4375	0.3125	0.25
	athlet train	Athletic Training	0.25	0.71875	0.40625	0.8125	0.21875	0.28125
	design	Design	0.84375	0.5	0.8125	0.875	0.71875	0.5625
	design	design	0.5625	0.375	0.5625	0.75	0.75	0.46875
	medic	medic	0.0625	0.875	0.125	0.53125	0.71875	0.3125
	medic	medical	0.15625	0.78125	0.59375	0.625	0.34375	0.3125
	safeti mgmt	Safety mgmt	0.0625	0.53125	0.1875	0.03125	0.0	0.03125
	dietet	Dietetics	0.625	0.6875	0.53125	0.625	0.625	0.1875
	dietet	dietetic	0.125	0.6875	0.21875	0.65625	0.125	0.0
	ec	EC	0.21875	0.40625	0.25	0.3125	0.125	0.1875
	aviat	aviation	0.125	0.25	0.78125	0.4375	0.125	0.0
	digit media	digital media	0.09375	0.71875	0.96875	0.1875	0.78125	0.0
	child develop famili school	child development and family studies / school	0.3125	0.125	0.5	0.84375	0.3125	0.4375
	diesel technolog	diesel technology	0.625	0.9375	0.375	0.53125	0.59375	0.625
	languag	languages	0.03125	0.71875	0.5	0.40625	0.5	0.125
	weld	welding	0.28125	0.125	0.25	0.625	0.21875	0.1875
	kinesiolog	Kinesiology	0.0	0.6875	0.25	0.75	0.09375	0.0
	occup therapi	Occupational Therapy	0.125	0.21875	0.96875	0.71875	0.65625	0.59375
	famili	family studies	0.0	0.0	0.09375	0.75	0.0	0.0
	outdoor product design develop	Outdoor Product Design and Developement	0.25	0.46875	0.375	0.3125	0.21875	0.125
	dietion	dietion	0.40625	0.78125	0.28125	0.75	0.5	0.375
	pharmacyst	pharmacysts	0.0625	0.46875	0.1875	0.03125	0.21875	0.25
	entrepreneurship	Entrepreneurship	0.125	1.0	0.625	0.5	0.625	0.25
	syariah islamiyyah	Syariah Islamiyyah	0.28125	0.375	0.375	0.84375	0.3125	0.53125
	translat	Translation	0.40625	0.625	0.34375	0.5	0.625	0.21875
	tourism	Tourism	0.0625	0.0	0.09375	0.53125	0.40625	0.53125
	design	Design	0.03125	0.28125	0.875	0.28125	0.125	0.0
	game design	game designing 	0.15625	0.59375	0.34375	0.09375	0.0	0.0
	mediev	Medieval studies	0.125	0.5625	0.9375	0.53125	0.21875	0.03125
	cosmetolog	Cosmetology	0.03125	0.6875	0.71875	0.5	0.65625	0.09375
	diagonst medic sonograph	Diagonstic Medical Sonographer	0.0	0.40625	0.125	0.53125	0.40625	0.25
	design	design	0.3125	0.09375	0.25	0.53125	0.46875	0.34375
	hotel	Hotel	0.40625	0.40625	0.71875	0.6875	0.8125	0.59375
	doctor	doctor	0.375	0.625	0.375	0.75	0.28125	0.375
	still highschool	still in highschool	0.25	0.3125	0.6875	0.65625	0.9375	0.34375
	polit	Politics 	0.0	0.09375	0.65625	0.53125	0.34375	0.03125
	phycolog	phycology	0.5625	0.71875	0.625	0.53125	0.5625	0.65625
	comput	computer	0.125	0.0	0.125	0.0	0.0	0.125
	geophys	geophysics	0.5625	0.375	0.1875	0.0625	0.25	0.40625
	mechan	MECHANICAL	0.53125	0.625	0.875	0.875	0.75	0.375
	forens	Forensics 	0.0	0.40625	0.375	0.46875	0.25	0.1875
	hvac	hvac	0.75	1.0	0.8125	0.84375	0.8125	0.9375
	rocket scientist	Rocket scientist	0.28125	0.28125	0.40625	0.59375	0.375	0.15625
	theatr	Theatre	0.03125	0.3125	0.53125	0.6875	0.15625	0.03125
	multi media	Multi-Media	0.1875	0.0625	0.625	0.28125	0.125	0.0
	dietet	Dietetics	0.375	0.875	0.59375	0.96875	0.46875	0.5625
	interior architechtur	interior architechture	0.0	0.0	0.5	0.25	0.4375	0.1875
	interior design	interior design	0.3125	0.53125	0.8125	0.71875	0.5625	0.4375
	environment	Environmental Studies	0.15625	0.6875	0.78125	0.75	0.46875	0.34375
	undecid	Undecided	0.625	0.75	0.4375	0.40625	0.5625	0.4375
	chef	chef	0.46875	0.40625	0.4375	0.34375	0.53125	0.46875
	speech patholog	Speech Pathology	0.53125	0.78125	0.65625	0.6875	0.71875	0.59375
	famili	Family studies	0.09375	0.40625	0.5	0.96875	0.3125	0.25
	medic assist	Medical Assisting	0.15625	0.71875	0.40625	0.53125	0.21875	0.125
	cybersecur	cybersecurity	0.0	0.0	0.0	0.21875	0.0	0.0625
	electron	electronics	0.1875	0.3125	0.3125	0.28125	0.5625	0.59375
	film	film	0.1875	0.59375	0.65625	0.34375	0.59375	0.25
	teach	TEACHING	0.375	0.625	0.0625	1.0	0.875	0.8125
	aviat	Aviation	0.375	0.25	0.40625	0.65625	0.5625	0.21875
	translat	Translation	0.0625	0.15625	0.25	0.5	0.15625	0.40625
	psicologia	Psicologia	0.5	0.9375	0.59375	0.53125	0.8125	0.65625
	pe	PE	0.375	0.34375	0.15625	0.09375	0.0625	0.40625
	dietet	dietetics	0.375	0.46875	0.375	0.71875	0.5625	0.28125
	havent attend	havent attended 	0.0625	0.21875	0.5	0.5	0.09375	0.03125
	polit	Politics	0.28125	0.125	0.25	0.625	0.375	0.5
	pharmacist	Pharmacist 	0.40625	0.4375	0.53125	0.90625	0.375	0.375
	psikolog	psikologi	0.1875	0.5	0.625	0.75	0.3125	0.625
	dentistri	Dentistry	0.1875	0.9375	0.40625	0.71875	0.53125	0.53125
	pharmaci	Pharmacy 	0.0	0.25	0.0	0.0625	0.4375	0.28125
	kinesiolog	kinesiology	0.4375	0.40625	0.40625	0.78125	0.09375	0.3125
	nutrit	Nutrition	0.0	0.0625	0.375	0.4375	0.25	0.0
	network system	Networking System	1.0	0.34375	0.3125	0.8125	0.75	0.71875
	quantiti survey	QUANTITY SURVEYING	0.25	0.375	0.4375	0.75	0.6875	0.5625
	criminalist	Criminalistics	0.15625	0.5625	0.65625	0.65625	0.53125	0.34375
	dietet	Dietetics	0.375	0.90625	0.4375	0.96875	0.5	0.59375
	textil murchandis design	textiles, murchandise, and design	0.125	0.25	0.28125	0.5625	0.5625	0.34375
	execut leadership	Executive Leadership	0.34375	0.59375	0.65625	0.90625	0.90625	0.46875
	theatr	Theatre	0.3125	0.625	0.8125	0.125	0.03125	0.09375
	mechan	Mechanics	0.65625	0.53125	0.59375	0.40625	0.21875	0.5625
	hm	hm	0.71875	0.75	0.78125	0.78125	0.71875	0.71875
	child develop famili servic	Child Development & Family Services	0.0	0.0625	0.5625	0.875	0.46875	0.09375
	liber	liberal studies	0.1875	0.75	0.65625	0.75	0.71875	0.34375
	undesid	undesided	0.375	0.9375	0.71875	0.9375	0.21875	0.375
	medic school	medical school	0.1875	0.96875	0.78125	0.71875	0.5	0.0
	prek childcar adminstr	PreK Childcare Adminstration	0.75	0.375	0.5625	0.96875	0.15625	0.21875
	org leadership	Org. Leadership	0.125	0.28125	0.125	0.71875	0.625	0.8125
	mis	MIS	0.21875	0.0625	0.28125	0.5625	0.4375	0.5625
	non profit man	non-profit Man.	0.5625	0.8125	0.875	1.0	0.625	0.5
	non profit man	Non- Profit Man. 	0.5625	0.625	0.875	1.0	0.6875	0.6875
	paraleg	Paralegal	0.28125	0.3125	0.3125	0.75	0.46875	0.71875
	child famili	Child and family studies	0.1875	0.15625	0.5625	0.78125	0.34375	0.25
	social servic	Social Services 	0.46875	0.46875	0.40625	0.75	0.59375	0.28125
	fashion merchandis	fashion merchandising 	0.03125	0.25	0.3125	0.34375	0.59375	0.3125
	nope	nope	0.0	0.46875	0.65625	0.71875	0.34375	0.09375
	forens	Forensic 	0.5	0.71875	0.71875	0.75	0.5	0.53125
	film	Film	0.34375	0.6875	0.96875	0.65625	0.53125	0.21875
	famili	Family Studies	0.09375	0.3125	0.59375	0.75	0.21875	0.03125
	dental assist	Dental Assisting	0.09375	1.0	0.46875	0.5625	0.1875	0.15625
	outdoor adventur learn	Outdoor and Adventure Learning 	0.03125	0.0	0.65625	0.625	0.25	0.125
	fashion merchandis	Fashion Merchandising	0.09375	0.21875	0.71875	0.40625	0.5625	0.3125
	fashion merchandis	Fashion Merchandising	0.6875	0.46875	0.53125	0.8125	0.875	0.875
	urban	Urban Studies	0.25	0.59375	0.90625	0.75	0.46875	0.125
	cert iii	Cert III	0.375	0.625	0.375	0.71875	0.75	0.46875
	build	building	0.25	0.34375	0.21875	0.71875	0.375	0.3125
	communiti develop	Community Development	0.53125	0.8125	0.8125	0.71875	0.53125	0.375
	media	media	0.1875	0.09375	0.65625	0.65625	0.5625	0.25
	act	Acting	0.4375	0.6875	0.8125	0.75	0.03125	0.0625
	hit	HIT	0.34375	0.34375	0.0625	0.375	0.3125	0.65625
	hit	HIT	0.28125	0.53125	0.46875	0.625	0.59375	0.6875
	bus adm	Bus Adm	0.0625	0.25	0.25	0.875	0.5625	1.0
	theater	Theater	0.25	0.0625	0.71875	1.0	0.5	0.53125
	inform technolog	information technology	0.40625	0.71875	0.46875	0.5625	0.3125	0.125
	media	Media Studies	0.0	0.0625	0.375	0.125	0.0625	0.0
	film	Film	0.03125	0.21875	0.75	0.3125	0.28125	0.0
	food technolog	food technology 	0.375	0.6875	0.3125	0.34375	0.5625	0.59375
	nil	NIL	0.1875	0.3125	0.84375	0.375	0.4375	0.28125
	act	Acting	0.03125	0.21875	0.53125	0.125	0.09375	0.0
	sport	sports	0.125	0.0625	0.0625	0.59375	0.1875	0.09375
	farm equip	Farm equipment	0.53125	0.53125	0.5	0.5625	0.6875	0.40625
	rehabilit servic	Rehabilitation Services	0.84375	0.71875	0.90625	0.96875	0.6875	0.5625
	teach elementari	Teaching Elementary	0.40625	0.46875	0.71875	0.5625	0.5625	0.53125
	record industri	Recording Industry	0.0	0.65625	0.9375	0.75	0.15625	0.0
	ministri	ministry	0.0625	0.25	0.9375	0.84375	0.53125	0.90625
	pyshcolog	pyshcology	0.21875	0.84375	0.78125	0.875	0.53125	0.4375
	inform technolog	IT	0.0	0.0	0.53125	0.5	0.46875	0.65625
	pharmaceut	PHARMACEUTICAL	0.21875	0.9375	0.96875	0.40625	0.8125	0.25
	pharmacist	Pharmacist 	0.09375	0.59375	0.40625	0.625	0.5625	0.34375
	outdoor adventur learn	Outdoor Adventure Learning	0.0625	0.375	0.25	0.65625	0.28125	0.3125
	design	Design	0.375	0.65625	0.6875	0.59375	0.625	0.3125
	nil	nil	0.03125	0.59375	0.4375	0.71875	0.25	0.3125
	pharmesceut	Pharmesceutical	0.21875	0.84375	0.5625	0.59375	0.5625	0.4375
	media product design	Media Production and Design 	0.25	0.25	0.78125	0.40625	0.3125	0.25
	kinesiolog	Kinesiology	0.0	0.5625	0.0625	0.8125	0.28125	0.40625
	famili	Family Studies	0.03125	0.25	0.34375	0.875	0.125	0.1875
	sport	Sport	0.28125	0.1875	0.125	0.46875	0.625	0.46875
	pharmaci	pharmacy	0.21875	0.84375	0.4375	0.46875	0.4375	0.0
	pharmesceut	Pharmesceutical	0.125	0.75	0.25	0.5625	0.65625	0.5625
	medic imag	Medical Imaging	0.46875	0.375	0.46875	0.46875	0.53125	0.40625
	didnt	didnt	0.46875	0.625	0.6875	0.75	0.8125	0.625
	buis	BUISNESS	0.09375	0.03125	0.0625	0.0625	0.53125	0.5
	liber	liberal studies	0.09375	0.1875	0.4375	0.90625	0.375	0.5625
	child famili servic	Child and Family Services	0.28125	0.0625	0.3125	0.6875	0.21875	0.15625
	avion technolog	Avionics Technology	0.34375	0.6875	0.125	0.8125	0.1875	0.3125
	fish wildlif	Fish and Wildlife	0.09375	0.5625	0.5625	0.46875	0.125	0.03125
	rehabilit servic	Rehabilitation Services	0.09375	0.625	0.3125	0.78125	0.21875	0.34375
	inform technolog	Information Tech	0.09375	0.0	0.09375	0.125	0.03125	0.1875
	inform technolog	IT	0.53125	0.3125	0.1875	0.40625	0.3125	0.59375
	mathmaert	MATHMAERTICS	0.25	0.3125	0.4375	0.5	0.375	0.3125
	act	acting	0.28125	0.28125	0.84375	0.71875	0.5	0.46875
	aviat mangement	Aviation Mangement	0.78125	1.0	0.6875	0.78125	0.625	0.25
	broadcast	broadcasting	0.0625	0.125	0.5625	0.03125	0.34375	0.0
	pharmaci	Pharmacy 	0.0	0.40625	0.09375	0.59375	0.46875	0.59375
	teach	teaching	0.0	0.375	0.03125	0.65625	0.0625	0.0
	travel	travel	0.21875	0.21875	0.71875	0.71875	0.59375	0.3125
	languag	Language	0.03125	0.28125	0.15625	0.46875	0.46875	0.34375
	bca	bca	0.5	0.28125	0.46875	1.0	0.75	0.9375
	tak tahu	tak tahu	0.3125	0.03125	0.46875	0.40625	0.53125	0.53125
	quantiti surveyor	Quantity surveyor	0.6875	0.21875	0.625	0.46875	0.1875	0.40625
	drama	Drama	0.09375	0.25	0.65625	0.71875	0.21875	0.09375
	psicologia	Psicologia	0.15625	0.1875	0.21875	0.65625	0.28125	0.21875
	cyber secur	Cyber Security	0.125	0.65625	0.40625	0.625	0.375	0.125
	undecid	Undecided 	0.0	0.4375	0.0625	0.875	0.09375	0.0
	sport	Sports	0.3125	0.4375	0.53125	0.78125	0.25	0.28125
	game design	game design	0.125	0.53125	0.40625	0.4375	0.0	0.03125
	environmentalist	Environmentalist	0.6875	0.6875	0.625	0.75	0.25	0.9375
	cis	CIS	0.625	0.59375	0.625	0.65625	0.3125	0.28125
	teach	Teaching	0.125	0.75	0.75	0.75	0.125	0.1875
	medic	medic	0.4375	0.78125	0.5	0.59375	0.53125	0.5625
	paraleg	Paralegal	0.25	0.3125	0.25	0.78125	0.96875	1.0
	airport oper	airport operations	0.4375	0.40625	0.125	0.65625	0.28125	0.25
	doctor	Doctor	0.28125	0.5	0.75	0.78125	0.6875	0.46875
	culinari	culinary	0.71875	0.46875	0.46875	0.71875	0.46875	0.59375
	undeclar	undeclared	0.0625	0.15625	0.03125	0.71875	0.375	0.15625
	comput	Computer	0.03125	0.0	0.03125	0.4375	0.125	0.53125
	undecid	Undecided	0.125	0.6875	0.03125	0.21875	0.0625	0.03125
	kinesiolog	kinesiology 	0.15625	0.25	0.34375	0.65625	0.65625	0.15625
	marinelif	marinelife	0.125	0.71875	0.5625	0.84375	0.53125	0.21875
	child develop	Child Development	0.0	0.125	0.0	0.75	0.0	0.0
	medic	medical	0.5	0.75	0.65625	0.6875	0.3125	0.3125
	paleontolog	paleontology	0.0	0.4375	0.59375	0.1875	0.0625	0.1875
	theatr perform	Theatre Performance	0.5	0.78125	0.75	0.34375	0.0	0.0
	liber	Liberal Studies	0.21875	0.5	0.1875	0.625	0.21875	0.375
	teach	teaching	0.21875	0.3125	0.25	0.1875	0.3125	0.28125
	undecid	undecided	0.0	0.5625	0.4375	0.25	0.09375	0.0
	pediatrician midwif	pediatrician or midwife	0.8125	0.96875	0.875	0.84375	0.59375	0.5625
	engenharia química	engenharia química	0.53125	0.71875	0.53125	0.6875	0.6875	0.53125
	child adolesc develop	Child and Adolescent Development	0.0625	0.1875	0.46875	0.8125	0.15625	0.15625
	neither	neither	0.15625	0.375	0.125	1.0	0.3125	0.21875
	neither	neither	0.125	0.5	0.0	0.9375	0.3125	0.21875
	design fashion	designing in fashion	0.375	0.21875	0.25	0.5625	0.3125	0.25
	cultur	Cultural Studies	0.0	0.34375	0.84375	0.8125	0.375	0.0
	informat	informatics	0.5625	0.875	0.125	0.6875	0.40625	0.6875
	kinesiolog	Kinesiology 	0.375	0.09375	0.28125	0.65625	0.125	0.40625
	inform technolog	Information Technology	0.5	0.75	0.125	0.28125	0.34375	0.5
	kinesolog	kinesology	0.21875	0.5625	0.53125	0.78125	0.4375	0.1875
	htm	HTM	0.0	0.0	0.0	0.6875	0.625	0.71875
	guidanc	guidance	0.0	0.3125	0.4375	0.75	0.5625	0.25
	inform technolog	Information Technology	0.78125	0.65625	0.6875	0.8125	0.65625	0.4375
	model	modeling 	0.0	0.0	0.0	0.125	0.25	0.25
	medic	Pre medical	0.0625	0.875	0.15625	0.21875	0.03125	0.15625
	nutrit	Nutrition	0.21875	0.71875	0.65625	0.71875	0.4375	0.4375
	elecr	elecrical	0.5	0.59375	0.5625	0.625	0.5625	0.59375
	inform technolog	information technology	0.0625	0.75	0.375	0.8125	0.125	0.0625
	famili resourc	Family resources 	0.46875	0.75	0.125	0.6875	0.03125	0.0
	design	Design	0.25	0.625	0.59375	0.53125	0.65625	0.40625
	buis	buisness	0.5625	0.28125	0.5	0.4375	0.625	0.625
	paraleg	paralegal	0.21875	0.59375	0.53125	0.8125	0.5	0.15625
	éì¿æ	ÉÌ¿Æ	0.28125	0.34375	0.28125	0.40625	0.28125	0.21875
	tourism	tourism	0.15625	0.1875	0.21875	0.46875	0.4375	0.40625
	dentistri	dentistry	0.375	0.6875	0.0	0.8125	0.5	0.3125
	inform technolog	Information Technology	0.25	0.1875	0.1875	0.0625	0.375	0.375
	inform technolog	information technology	0.09375	0.125	0.125	0.125	0.4375	0.1875
	network admin	NETWORKS ADMINS	0.1875	0.375	0.625	0.375	0.625	0.6875
	write	writing	0.3125	0.5	0.84375	0.59375	0.1875	0.0
	jewelleri design	Jewellery designing 	0.25	0.5625	0.5	0.90625	0.71875	0.1875
	textil design	textile designing	0.71875	0.9375	0.5625	1.0	0.6875	0.84375
	textil	Textile	0.625	0.15625	0.875	0.90625	0.90625	0.5
	fashion design	Fashion designing 	0.625	0.4375	0.78125	0.9375	0.9375	0.75
	textil	Textile	0.65625	0.71875	0.84375	0.90625	0.84375	0.59375
	jewelri design	Jewelry design	0.6875	1.0	0.84375	0.90625	0.78125	0.6875
	fashion	Fashion	0.25	0.3125	0.78125	0.71875	0.59375	0.25
	kinistiolog	Kinistiology 	0.5	0.625	0.59375	0.8125	0.46875	0.375
	languag	Languages	0.15625	0.84375	0.59375	0.46875	0.25	0.34375
	occup therapi	occupational therapy	0.0	0.0625	0.0	0.8125	0.0625	0.0625
	film	Film	0.03125	0.0625	0.59375	0.40625	0.28125	0.0
	translat	Translation	0.28125	0.46875	0.5625	0.625	0.4375	0.125
	occup therapi	occupational therapy	0.15625	0.6875	0.375	0.78125	0.53125	0.375
	nutrit	nutrition	0.5	0.8125	0.5625	0.75	0.53125	0.5
	medic	Medical	0.1875	0.8125	0.65625	0.5	0.53125	0.53125
	cinema media	cinema and media studies	0.5	0.25	0.8125	0.59375	0.28125	0.0
	liber	Liberal Studies	0.28125	0.25	0.53125	0.90625	0.3125	0.4375
	medic	medical	0.53125	0.3125	0.03125	0.46875	0.75	0.75
	culinari	culinary	0.3125	0.40625	0.71875	0.8125	0.46875	0.5625
	teach	Teaching	0.40625	0.625	0.78125	0.28125	0.25	0.15625
	flight attend	flight attendant	0.1875	0.25	0.46875	0.5	0.3125	0.25
	na	N.A	0.0	0.46875	0.21875	0.8125	0.125	0.0
	filipino	Filipino	0.1875	0.3125	0.75	0.84375	0.1875	0.3125
	filipino	Filipino	0.15625	0.3125	0.90625	0.75	0.28125	0.25
	build	building	0.0	0.0	0.0	0.75	0.0	0.0
	pure scuenc	pure scuence	0.21875	0.53125	0.53125	0.71875	0.28125	0.28125
	tourism	tourism	0.34375	0.84375	0.5625	0.90625	0.4375	0.125
	psicología	psicología	0.0625	0.25	0.25	0.78125	0.5	0.3125
	inform technolog	Information Technology	0.5	0.34375	0.25	0.40625	0.5625	0.59375
	emerg servic	emergency services	0.0	0.25	0.0	0.0	0.0	0.0
	ecu	ecu	0.0	0.09375	0.1875	0.375	0.53125	0.0625
	medic	Medical	0.4375	0.625	0.375	0.8125	0.625	0.4375
	languag	language	0.53125	0.34375	0.3125	0.53125	0.40625	0.4375
	tak pasti	tak pasti	0.375	0.0625	0.5625	0.34375	0.46875	0.40625
	communiti develop	community development	0.6875	0.375	0.5	1.0	0.9375	0.9375
	logist	Logistic	0.6875	0.65625	0.65625	0.5	0.53125	0.46875
	languag	language	0.0625	0.03125	0.15625	0.34375	0.25	0.40625
	busniess	busniess	0.3125	0.40625	0.25	0.15625	0.46875	0.28125
	athlet train	athletic training	0.15625	0.625	0.75	0.875	0.59375	0.34375
	power lineman	Power Lineman	0.875	0.34375	0.28125	0.40625	0.46875	0.25
	marriag therapi	Marriage Therapy	0.09375	0.71875	0.6875	0.5625	0.15625	0.03125
	pc repair	PC Repair	0.15625	0.6875	1.0	0.84375	0.4375	0.21875
	film digit media	Film and Digital Media	0.21875	0.34375	0.71875	0.625	0.34375	0.0625
	fire technolog	fire technology 	0.46875	0.125	0.125	0.84375	0.21875	0.0
	film	Film	0.28125	0.84375	0.625	0.71875	0.28125	0.125
	radiolog	Radiology	0.09375	0.5625	0.5625	0.75	0.4375	0.28125
	ict	ICT	0.59375	0.53125	0.53125	0.53125	0.59375	0.65625
	biomed	biomedical	0.1875	0.5	0.34375	0.71875	0.5	0.625
	undecid	undecided	0.5	0.65625	0.78125	0.625	0.53125	0.34375
	anim	Animal Studies	0.0625	0.90625	0.375	0.53125	0.15625	0.0625
	film	Film	0.125	0.34375	0.46875	0.65625	0.25	0.21875
	kejuruteraan	kejuruteraan	0.9375	0.5625	0.875	0.75	0.8125	1.0
	inform technolog	IT	0.65625	0.5625	0.75	0.875	0.875	0.6875
	translat	Translation Studies	0.28125	0.59375	0.71875	0.78125	0.375	0.0625
	train develop	training and development	0.0	0.125	0.71875	0.84375	0.75	0.40625
	medic	Medical	0.4375	0.59375	0.59375	1.0	0.40625	0.3125
	environment polit	Environmental Politics	0.25	0.65625	0.5	0.21875	0.0	0.1875
	teacher	teacher	0.90625	1.0	0.6875	0.90625	0.8125	0.96875
	program	Programming	0.21875	0.15625	0.28125	0.125	0.28125	0.15625
	theatr	theatre	0.0	0.21875	0.75	0.84375	0.625	0.34375
	chemic	chem	1.0	1.0	0.5625	0.4375	0.21875	0.90625
	kinesiolog	KINESIOLOGY	0.5625	0.84375	0.875	0.71875	0.65625	0.5
	american	American Studies	0.21875	0.4375	0.875	0.59375	0.15625	0.09375
	medic	medic	0.3125	0.3125	0.4375	0.5	0.53125	0.53125
	kine	kine	0.4375	0.78125	0.40625	0.8125	0.34375	0.625
	enviornment	Enviornmental Studies	0.0625	0.71875	0.03125	0.4375	0.21875	0.09375
	radiographi	Radiography	0.125	0.78125	0.0625	0.625	0.09375	0.0
	media	Media 	0.4375	0.40625	0.75	0.46875	0.46875	0.4375
	liber	Liberal Studies 	0.0	0.46875	0.40625	0.53125	0.34375	0.15625
	asian	Asian studies 	0.0	1.0	0.59375	0.90625	0.21875	0.125
	languag	Languages	0.1875	0.90625	0.5	0.84375	0.8125	0.125
	film	film	0.34375	0.1875	0.875	0.65625	0.59375	0.5
	design	Design	0.25	0.0	0.65625	0.34375	0.125	0.0625
	med	pre-med	0.3125	0.5625	0.34375	0.5625	0.1875	0.03125
	athlet train	athletic training	0.21875	0.28125	0.25	0.75	0.21875	0.34375
	forens biochem	Forensics and biochem	0.1875	0.6875	0.625	0.1875	0.53125	0.4375
	child develop famili relat	child development and family relations 	0.0	0.25	0.0	0.4375	0.21875	0.09375
	athlet train	Athletic Training	0.125	0.90625	0.875	0.9375	0.59375	0.3125
	theater	Theater	0.0	0.21875	0.625	0.1875	0.21875	0.0
	fashion	Fashion 	0.125	0.15625	0.15625	0.34375	0.5625	0.53125
	dental	Pre Dental	0.0	0.34375	0.0	0.34375	0.1875	0.34375
	soc anth	Soc/anth	0.125	0.0625	0.375	0.71875	0.5	0.875
	undecid	undecided	0.03125	0.4375	0.0	0.15625	0.0625	0.09375
	fashion merchandis	fashion merchandising	0.21875	0.65625	0.5625	0.625	0.28125	0.34375
	nlp	NLP	0.375	0.5	0.78125	0.71875	0.625	0.375
	undecid	undecided	0.5	0.59375	0.71875	0.65625	0.4375	0.375
	tourism hospit	Tourism and hospitality 	0.1875	0.375	0.5	0.5	0.59375	0.40625
	inform technolog comput	Information Technology and Computing Studies	0.53125	0.6875	0.5625	0.59375	0.4375	0.5
	entrepreneurship	Entrepreneurship	0.21875	0.3125	0.375	0.28125	0.4375	0.4375
	asl interpret	ASL Interpreting 	0.15625	0.4375	0.75	0.78125	0.53125	0.34375
	medic	MEDIC	0.375	0.84375	0.8125	0.84375	0.53125	0.40625
	sport	Sport	0.5	0.78125	0.21875	0.71875	0.65625	0.25
	liber	Liberal Studies	0.5	0.5625	0.46875	0.40625	0.28125	0.3125
	search result pedagogi	Search Results pedagogy	0.40625	0.78125	0.96875	0.3125	0.4375	0.1875
	individu	individualized studies	0.0	0.0	0.25	0.34375	0.0	0.0
	danc	Dance Major	0.25	0.4375	0.9375	0.65625	0.375	0.40625
	econimc	Econimcs	0.625	0.71875	0.5	0.46875	0.5	0.6875
	polic	Police	0.21875	0.40625	1.0	0.4375	0.3125	0.4375
	paraleg	Paralegal	0.03125	0.625	0.71875	0.78125	0.4375	0.375
	public	Public 	0.0625	0.0625	0.21875	0.75	0.25	0.59375
	cosmetolog	Cosmetology	0.21875	0.4375	0.71875	0.6875	0.75	0.34375
	suppli chain	Supply Chain	0.15625	0.53125	0.71875	0.5	0.53125	0.4375
	geophys	geophysics 	0.375	0.9375	0.09375	0.1875	0.34375	0.46875
	biomed sceinc	Biomedical Sceince	0.21875	0.875	0.34375	0.4375	0.5625	0.09375
	film	film	0.15625	0.59375	0.71875	0.90625	0.46875	0.03125
	arab	Arabic	0.125	0.375	0.0	0.375	0.25	0.125
	entertain	entertainment 	0.46875	0.3125	0.65625	0.40625	0.59375	0.59375
	justic	Justice Studies	0.5	0.5	0.53125	0.84375	0.5	0.5
	pharmaci	Pharmacy	0.25	1.0	0.78125	0.875	0.625	0.5
	kineseolog	Kineseology	0.28125	0.8125	0.375	0.8125	0.5	0.5
	dutch	Dutch	0.09375	0.03125	0.65625	0.40625	0.0625	0.03125
	inform technolog	Information Technology	0.375	0.75	0.4375	0.78125	0.40625	0.65625
	media	media studies	0.0	0.03125	0.625	0.34375	0.125	0.125
	librari technit	library technition	0.375	0.78125	0.40625	0.25	0.59375	0.65625
	undevid	undevided	0.1875	0.375	0.5625	0.375	0.40625	0.34375
	inform technolog support	it support	0.1875	0.90625	0.28125	0.15625	0.125	0.09375
	game design	game design	0.25	0.4375	0.5625	0.6875	0.625	0.34375
	logist	Logistics	0.4375	0.5	0.5625	0.75	0.5	0.5625
	doctor	Doctor	0.15625	0.90625	0.40625	0.53125	0.25	0.53125
	properti	Property	0.0	0.3125	0.71875	0.5	0.125	0.0
	medic	medical	0.375	0.25	0.5625	0.625	0.5	0.125
	food technolog	Food technology	0.1875	0.5625	0.46875	0.6875	0.625	0.4375
	bioyechnolog	Bioyechnology	0.1875	0.59375	0.1875	0.375	0.46875	0.46875
	medic technolog	medical technology	0.0625	0.71875	0.21875	0.5625	0.09375	0.15625
	litrec	litrecer	0.1875	0.46875	0.78125	0.625	0.5	0.28125
	cinema	Cinema	0.09375	0.46875	0.96875	0.625	0.09375	0.03125
	leadership	Leadership	0.0	0.0	0.0	0.4375	0.1875	0.125
	environment	environmental studies 	0.34375	0.5	0.625	0.65625	0.71875	0.4375
	medic	medic	0.71875	0.875	0.03125	0.59375	0.40625	0.59375
	film	Film	0.0	0.28125	0.5625	0.4375	0.21875	0.40625
	tranlat interpret	Tranlation and interpreting	0.03125	0.71875	0.90625	0.5	0.375	0.1875
	xray technolog	xray tech	0.3125	0.34375	0.4375	0.53125	0.21875	0.21875
	comput inform sytem	Computer information sytems 	0.1875	0.65625	0.3125	0.34375	0.1875	0.5625
	travel tourism	Travel and Tourism (not my choice)	0.25	0.4375	0.625	0.4375	0.5	0.21875
	write	Writing	0.15625	0.09375	0.8125	0.34375	0.71875	0.59375
	organiz leadership	Organizational Leadership	0.40625	0.65625	0.3125	0.65625	0.25	0.15625
	suppli chain	supply chain	0.5	0.59375	0.59375	0.8125	0.5	0.53125
	automot technician	Automotive technician	0.75	0.96875	0.90625	0.5	0.5625	0.59375
	broadcast	Broadcasting	0.5625	0.9375	0.96875	1.0	0.875	0.65625
	culinari pharmaci automot	Culinary, Pharmacy, Automotive	0.21875	0.15625	0.09375	0.03125	0.125	0.09375
	industri design	industrial design	0.125	0.5625	0.5	0.59375	0.1875	0.125
	design	Design	0.65625	0.78125	0.8125	0.59375	0.5	0.53125
	transport	Transportation	0.4375	0.5625	0.5625	0.25	0.34375	0.65625
	teach	Teaching	0.09375	0.0	0.09375	0.9375	0.25	0.125
	obgyn	obgyn	0.25	0.25	0.375	0.9375	0.125	0.0
	ffhhff	Ffhhff	0.46875	0.59375	0.375	0.53125	0.3125	0.3125
	culinari	Culinary 	0.84375	0.96875	0.40625	0.65625	0.84375	0.5625
	ultrasound technician	ultrasound technician 	0.34375	0.46875	0.28125	0.4375	0.3125	0.375
	paraleg	Paralegal Studies	0.0	0.3125	0.0	0.09375	0.21875	0.40625
	design	design	0.0625	0.4375	0.84375	0.625	0.59375	0.0
	teahc act	teahcing, acting	0.3125	0.5625	0.5	0.625	0.40625	0.3125
	pharmaci	Pharmacy	0.375	0.5	0.6875	0.9375	0.625	0.40625
	medic	Medical 	0.28125	0.4375	0.5	0.25	0.5	0.25
	inform technolog	IT	0.65625	0.375	0.34375	0.75	0.5625	0.71875
	humn resourc	humn resource	0.21875	0.65625	0.34375	0.71875	0.40625	0.65625
	medic	Medical	0.03125	0.28125	0.0	0.1875	0.0625	0.0
	logist	logistic	0.09375	0.65625	0.1875	0.40625	0.21875	0.09375
	content cours	Content course	0.46875	0.53125	0.8125	0.6875	0.4375	0.46875
	flight attend	Flight Attendant	0.1875	0.1875	0.65625	0.78125	0.59375	0.34375
	food technolog	FOOD TECHNOLOGY	0.40625	0.34375	0.46875	0.5	0.53125	0.5
	inform technolog	IT	0.4375	0.40625	0.46875	0.71875	0.53125	0.78125
	phlebotomi	Phlebotomy 	0.0	0.46875	0.125	0.78125	0.0	0.3125
	teach	Teaching	0.28125	0.53125	0.53125	0.8125	0.46875	0.40625
	inform technolog comput	IT / Computing	0.40625	0.34375	0.53125	0.75	0.5	0.5
	medic	Pre Medical	0.25	0.59375	0.3125	0.46875	0.09375	0.0625
	environment	Environmental	0.125	0.125	0.0	0.125	0.21875	0.0625
	teacher	teacher	0.15625	0.40625	0.125	0.8125	0.53125	0.28125
	rn	RN	0.46875	0.75	0.0	0.78125	0.46875	0.65625
	child develop	Child Development	0.1875	0.1875	0.3125	0.90625	0.34375	0.34375
	gerontolog	Gerontology	0.09375	0.375	0.65625	0.71875	0.21875	0.34375
	bahasa inggeri	BAHASA INGGERIS	0.125	0.0	0.5	0.625	0.25	0.0
	pilot	pilot	0.09375	0.625	0.375	0.59375	0.5	0.5
	psikolog	psikologi	0.0625	0.125	0.125	0.25	0.25	0.6875
	product	production	0.5625	0.875	0.59375	0.59375	0.65625	0.21875
	undecid	Undecided 	0.53125	0.3125	0.8125	0.46875	0.3125	0.78125
	learn fix equat	Learning to fix equations 	0.625	0.625	0.4375	0.8125	0.625	1.0
	polici	policy studies	0.4375	0.6875	0.4375	0.78125	0.625	0.46875
	c	c	0.1875	0.25	0.53125	0.625	0.5625	0.25
	nutrit dietet	Nutrition and Dietetics	0.03125	0.375	0.25	0.59375	0.28125	0.5
	comput inform technolog	Computing IT	0.71875	0.40625	0.5625	0.875	0.28125	0.46875
	physiqu quantiqu	physique quantique	0.46875	0.75	0.625	0.65625	0.28125	0.6875
	child delov	child delovment	0.3125	0.59375	0.75	0.75	0.21875	0.15625
	danc	Dance	0.09375	0.8125	1.0	0.5	0.53125	0.09375
	illustr	Illustration	0.75	0.90625	1.0	1.0	0.3125	0.0625
	teacher	teacher	0.09375	0.15625	0.21875	0.34375	0.21875	0.03125
	psycholofi	Psycholofy	0.0	0.6875	0.0625	0.5625	0.1875	0.03125
	inform technolog	IT	0.59375	0.46875	0.5	0.6875	0.375	0.46875
	teacher	teacher	0.40625	0.40625	0.40625	0.71875	0.53125	0.65625
	teacher	teacher	0.4375	0.1875	0.3125	0.84375	0.625	0.75
	robot	Robotics	0.625	0.6875	0.21875	0.5	0.0625	0.53125
	teacher	teacher	0.4375	0.28125	0.21875	0.84375	0.59375	0.84375
	sustain	Sustainability Studies	0.375	0.65625	0.6875	0.65625	0.15625	0.1875
	drama	Drama	0.09375	0.40625	0.75	0.4375	0.25	0.3125
	aviat	Aviation 	0.5625	0.25	0.84375	0.6875	0.65625	0.21875
	chemic depend	chemical dependency	0.0	0.46875	0.28125	0.65625	0.4375	0.40625
	rehabilit servic	rehabilitation services	0.0	0.5	0.0	0.75	0.0	0.125
	theatr	Theatre	0.34375	0.375	0.875	0.65625	0.21875	0.1875
	skydiv	Skydiving	0.59375	0.9375	0.46875	0.28125	0.03125	0.3125
	psikolog	psikologi	0.0625	0.25	0.125	0.3125	0.4375	0.9375
	medic	medical	0.1875	0.875	0.4375	0.59375	0.375	0.21875
	pharmaci	Pharmacy	0.4375	0.4375	0.0	0.59375	0.0	0.125
	content cours	Content Course	0.34375	0.53125	0.75	0.75	0.375	0.375
	christian ministri	Christian Ministries	0.09375	0.15625	0.4375	0.71875	0.375	0.25
	organiz leadership	Organizational Leadership	0.0	0.875	0.53125	0.90625	0.28125	0.21875
	informatica psicologia	informatica psicologia	0.3125	0.375	0.28125	0.21875	0.125	0.71875
	comput	Computers	0.5625	0.75	0.5	0.46875	0.375	0.59375
	softwar develop	Software development	0.46875	0.46875	0.4375	0.71875	0.46875	0.4375
	fianac	fianace	0.0	0.0	0.0	0.5	0.25	0.3125
	teach	teaching	0.0	0.0	0.84375	0.875	0.5	0.21875
	social inquiri	social inquiry	0.0	0.34375	0.84375	0.75	0.4375	0.0
	danc	Dance	0.1875	0.8125	0.9375	0.5625	0.625	0.1875
	medic doctor	medical doctor	0.28125	0.65625	0.5625	0.625	0.3125	0.25
	dietet	dietetics	0.5	0.59375	0.28125	0.84375	0.625	0.90625
	procur	procurement	0.28125	0.34375	0.59375	0.78125	0.5625	0.8125
	procuremnt	PROCUREMNT	0.34375	0.46875	0.46875	0.78125	0.90625	0.6875
	procur	procurement	0.5	0.4375	0.25	0.8125	0.59375	0.71875
	inform technolog	information technology	0.46875	0.625	0.25	0.34375	0.15625	0.71875
	tâm lí	TÂM LÍ	0.3125	0.5	0.5625	0.25	0.625	0.375
	med	Pre Med	0.0	0.9375	0.03125	0.3125	0.0	0.0
	inform technolog	Information Technology	0.28125	0.5	0.1875	0.28125	0.0	0.96875
	strategi	Strategy	0.03125	0.03125	0.5	0.40625	0.21875	0.125
	occup therapi	occupational therapy 	0.0	0.375	0.6875	0.65625	0.15625	0.0
	cosmolegey	cosmolegey	0.21875	0.125	0.125	0.46875	0.34375	0.4375
	film	Film	0.15625	0.59375	0.65625	0.53125	0.5625	0.21875
	dentistri	Dentistry	0.28125	0.4375	0.28125	0.5	0.4375	0.09375
	inform technolog	Information Technology	0.46875	0.5	0.21875	0.28125	0.71875	0.8125
	classic	Classics	0.34375	0.34375	0.03125	0.0	0.0	0.125
	photnic	Photnics	0.53125	0.625	1.0	0.84375	0.625	0.5625
	philolog	philology	0.15625	0.8125	0.1875	0.15625	0.25	0.5
	nil	Nil	0.3125	0.5625	0.5	0.40625	0.25	0.34375
	midwiferi	Midwifery	0.84375	0.5625	0.65625	0.875	0.8125	0.90625
	archaeolog classic	Archaeology and classics	0.40625	0.96875	0.4375	0.875	0.5625	0.03125
	hospit	Hospitality	0.0625	0.03125	0.5	0.40625	0.46875	0.03125
	steward	stewardes	0.46875	0.46875	0.65625	0.75	0.4375	0.3125
	steward	stewardes	0.59375	0.84375	0.96875	0.90625	0.78125	0.75
	auto restor	auto restoration	0.875	0.25	0.46875	0.625	0.46875	0.15625
	medic offic assist	Medical Office Assisting	0.0	0.375	0.21875	0.4375	0.34375	0.625
	respiratori therapi	Respiratory Therapy	0.0625	0.8125	0.1875	0.625	0.0	0.0
	urban	urban studies	0.0625	0.0	0.375	0.71875	0.34375	0.0625
	game design	Game Design	0.1875	0.5	0.5	0.46875	0.1875	0.0
	cmhc	CMHC	0.625	0.25	0.21875	0.6875	0.53125	0.5
	teach	Teaching	0.53125	0.53125	0.84375	0.84375	0.78125	0.5625
	midwiferi	Midwifery	0.3125	0.8125	0.3125	0.625	0.5	0.5625
	logist	Logistics 	0.40625	0.5	0.125	0.625	0.40625	0.40625
	entrepreneur	Entrepreneur	0.3125	0.0625	0.09375	0.40625	0.96875	0.3125
	comput	Computer	0.15625	0.5	0.0	0.21875	0.15625	0.03125
	design	design	0.125	1.0	0.34375	0.125	0.84375	0.875
	languag	Languages	0.0	0.09375	0.09375	0.125	0.125	0.03125
	pharmaci	Pharmacy	0.125	0.90625	0.40625	0.65625	0.125	0.25
	em	ems	0.0	0.25	0.0	0.0	0.0	0.0
	kinesiolog	Kinesiology	0.0625	0.3125	0.03125	0.5625	0.0	0.0
	town plan	town planning	0.4375	0.4375	0.6875	0.75	0.375	0.53125
	nutrit	Nutrition	0.3125	0.9375	0.8125	0.84375	0.09375	0.28125
	pharmacist	Pharmacist 	0.75	0.8125	0.5	1.0	0.90625	0.84375
	speech patholog	Speech Pathology	0.0	0.4375	0.59375	0.65625	0.28125	0.1875
	dental assist	dental assisting	0.25	0.34375	0.4375	0.875	0.8125	0.71875
	psycoholgi	psycoholgy	0.125	0.6875	0.5	0.625	0.40625	0.375
	translat	Translation 	0.5625	0.875	0.9375	0.5	0.5	0.28125
	translat	Translation Studies	0.59375	0.78125	0.65625	0.96875	0.71875	0.75
	modern languag	modern language	0.0	0.0625	0.25	0.4375	0.5	0.0625
	dentistri	Dentistry	0.0	0.5625	0.1875	0.75	0.375	0.21875
	med	pre-med	0.5	0.8125	0.15625	0.6875	0.3125	0.4375
	inform technolog	IT	0.125	0.0625	0.28125	0.3125	0.09375	0.15625
	criminalist	criminalistics	0.21875	0.71875	0.71875	0.53125	0.5625	0.21875
	environment	Environmental studies	0.15625	0.625	0.6875	0.625	0.21875	0.4375
	tourism	Tourism	0.03125	0.78125	0.5625	0.375	0.34375	0.53125
	maritim	Maritime	0.28125	0.4375	0.59375	0.46875	0.15625	0.09375
	rehabilit	rehabilitation	0.28125	0.625	0.90625	0.9375	0.59375	0.0625
	guidanc council	Guidance counciling	0.0	0.0625	0.3125	0.75	0.25	0.0
	pedagogu	pedagogue	0.34375	0.375	0.46875	0.625	0.5625	0.5
	phisich	Phisichs	0.21875	0.65625	0.1875	0.25	0.125	0.34375
	dentistri	Dentistry	0.3125	0.96875	0.59375	0.78125	0.03125	0.34375
	inform technolog	IT	0.4375	0.6875	0.03125	0.0	0.25	0.6875
	ingegneria meccanica	ingegneria meccanica	0.34375	0.53125	0.5	0.21875	0.0625	0.34375
	medic school	medical school	0.0	0.5625	0.25	0.125	0.15625	0.15625
	theater	theater	0.28125	0.625	0.71875	0.6875	0.53125	0.28125
	phisyc	Phisycs	0.28125	0.375	0.0625	0.09375	0.0	0.40625
	phisyc	Phisycs	0.34375	0.375	0.09375	0.0625	0.0	0.46875
	aviat	aviation	0.5	0.875	0.1875	0.75	0.5	1.0
	fisica	fisica	0.40625	0.46875	0.21875	0.46875	0.28125	0.5625
	physiotherapi	physiotherapy	0.4375	0.75	0.40625	0.65625	0.46875	0.3125
	web design	Web Design	0.25	0.6875	0.59375	0.3125	0.65625	0.40625
	dentistri	Dentistry	0.4375	0.5	0.40625	0.375	0.4375	0.5625
	teach	teaching	0.28125	0.65625	0.5625	0.625	0.21875	0.1875
	phycolog	phycology	0.09375	0.25	0.3125	0.5625	0.21875	0.09375
	social	Social	0.53125	0.375	0.59375	0.65625	0.3125	0.375
	teach	teaching	0.4375	0.59375	0.375	0.78125	0.5625	0.5
	medic assit	medical assiting	0.0625	0.5	0.0	0.53125	0.0625	0.0
	aeronaut commerci fli	Aeronautics- Commercial flying	0.53125	0.5625	0.9375	1.0	0.96875	0.6875
	cybersecur	Cybersecurity	0.53125	0.34375	0.6875	0.59375	0.375	0.875
	buis	Buisness	0.53125	0.28125	0.71875	0.4375	0.625	0.21875
	rtf	RTF	0.40625	0.53125	0.71875	0.53125	0.59375	0.53125
	pilot	piloting	0.59375	0.78125	0.96875	0.78125	0.65625	0.65625
	psicologia	psicologia	0.34375	0.03125	0.4375	0.4375	0.40625	0.40625
	mechatron	Mechatronics	0.75	0.75	0.0	0.125	0.125	0.5
	cna	CNA	0.0625	0.34375	0.4375	0.875	0.6875	0.5
	cyber inform technolog	Cyber IT	0.8125	0.96875	0.71875	0.96875	0.4375	1.0
	engrr	ENGRR.	0.4375	0.21875	0.4375	0.6875	0.34375	0.375
	famili counslor	family counslor	0.1875	0.375	0.84375	0.9375	0.6875	0.375
	kinesiolog	Kinesiology	0.125	0.375	0.28125	0.78125	0.53125	0.1875
	io	IO	0.0	0.09375	0.0	0.5625	0.125	0.46875
	quantiti survey	quantity surveying	0.59375	0.6875	0.3125	0.5625	0.46875	0.53125
	comput	computing	0.28125	0.84375	0.25	0.09375	0.21875	0.46875
	tourism	tourism	0.125	0.84375	0.375	0.90625	0.28125	0.125
	mangment	mangment	0.34375	0.71875	0.46875	0.65625	0.5	0.5625
	design	Design	0.25	0.53125	0.53125	0.625	0.40625	0.3125
	media	Media	0.1875	0.65625	0.875	0.65625	0.6875	0.21875
	electron	Electronics	0.40625	0.3125	0.375	0.5625	0.65625	0.71875
	build servic	Building services	0.28125	0.09375	0.03125	0.3125	0.5	0.96875
	cyber secur	Cyber security	0.5625	0.28125	0.21875	0.25	0.3125	0.6875
	radioelectron	Radioelectronics	0.53125	0.53125	0.59375	0.34375	0.28125	0.34375
	fashion	Fashion	0.28125	0.71875	0.6875	0.75	0.5	0.28125
	homeland secur	Homeland Security	0.0625	0.6875	0.0625	0.40625	0.25	0.34375
	inform technolog	it	0.65625	0.59375	0.84375	0.5	0.125	0.40625
	inform technolog	IT	0.71875	0.75	0.8125	0.65625	0.375	0.53125
	fashion merchandis	Fashion Merchandising	0.0	0.03125	0.15625	0.25	0.46875	0.09375
	fashion merchandisong	fashion merchandisong	0.0625	0.15625	0.28125	0.15625	0.65625	0.0625
	undang undang	UNDANG-UNDANG	0.5	0.34375	0.40625	0.53125	0.75	0.90625
	forens	Forensics	0.34375	0.75	0.75	0.5625	0.03125	0.15625
	culinari	culinary	0.1875	0.1875	0.5625	0.28125	0.46875	0.59375
	optometri	optometry	0.5	0.25	0.25	0.4375	0.6875	0.625
	tourism	Tourism	0.125	0.5	0.1875	0.34375	0.3125	0.375
	classic	Classics	0.15625	0.6875	0.71875	0.53125	0.28125	0.5
	mis	MIS	0.40625	0.28125	0.34375	0.4375	0.5	0.5625
	coach	Coaching	0.0625	0.78125	0.59375	0.375	0.21875	0.21875
	medic	medical	0.3125	0.59375	0.40625	0.71875	0.25	0.40625
	aerospac	Aerospace	0.5625	0.875	0.125	0.375	0.375	0.75
	bilogist	bilogist	0.5	0.875	0.6875	0.59375	0.46875	0.5
	inform technolog	Information technology 	0.40625	0.53125	0.21875	0.46875	0.3125	0.71875
	languag	language	0.40625	0.53125	0.28125	0.53125	0.6875	0.5625
	kinesiolog	Kinesiology 	0.21875	0.6875	0.875	0.96875	0.34375	0.03125
	dietet	Dietetics	0.21875	0.65625	0.53125	0.5625	0.15625	0.25
	technolog	Technology 	0.375	0.34375	0.5	0.5625	0.4375	0.6875
	med	pre med	0.21875	0.71875	0.125	0.71875	0.34375	0.46875
	undecid	Undecided	0.09375	0.53125	0.5625	0.46875	0.3125	0.21875
	medic	medical	0.375	0.65625	0.1875	0.53125	0.4375	0.3125
	inform technolog network	IT and Networking	0.5625	0.21875	0.0625	0.4375	0.21875	0.9375
	mangement	MANGEMENT	0.65625	0.59375	0.75	0.6875	0.65625	0.65625
	program	programing	0.65625	0.5	0.6875	0.53125	0.71875	0.90625
	game develop	Game development	0.71875	0.09375	0.21875	0.125	0.0	0.15625
	secur	Security	0.0	0.46875	0.46875	0.71875	0.15625	0.3125
	cybersecur	Cybersecurity	0.15625	0.6875	0.5	0.46875	0.21875	0.21875
	liber	liberal studies	0.0	0.4375	0.84375	0.6875	0.25	0.0
	rehabilit servic	Rehabilitation Services	0.09375	0.78125	0.5	0.84375	0.125	0.1875
	film televis	Film and Television	0.09375	0.125	0.34375	0.25	0.0625	0.125
	pysholog	pyshology	0.125	0.6875	0.53125	0.5625	0.21875	0.0625
	sport	Sport	0.25	0.3125	0.625	0.71875	0.3125	0.5
	dentistri	dentistry	0.125	0.40625	0.34375	0.78125	0.40625	0.375
	teach	teaching	0.0625	0.03125	0.0	0.8125	0.1875	0.0625
	b sc	B Sc	0.4375	0.28125	0.21875	1.0	0.8125	0.65625
	undecid	undecided	0.0	0.34375	0.40625	0.4375	0.0625	0.0
	secur	security studies	0.0	0.0	0.28125	0.15625	0.0	0.0
	undecid	undecided	0.28125	0.6875	0.6875	0.53125	0.53125	0.3125
	stil school	stil in school	0.0	0.53125	0.75	0.71875	0.0	0.0625
	busniess	Busniess	0.46875	0.40625	0.4375	0.625	0.46875	0.46875
	aviat	Aviation	0.34375	0.6875	0.21875	0.375	0.15625	0.21875
	trade	Trade	0.5	0.40625	0.4375	0.75	0.5625	0.40625
	medic bill code	medical billing and coding	0.375	0.5625	0.25	0.3125	0.53125	0.71875
	rehab disabl	rehab and disability studies	0.0	0.9375	0.71875	0.78125	0.25	0.0
	psi	Psy	0.15625	0.9375	0.5625	0.71875	0.28125	0.15625
	integr	Integrative studies	0.65625	0.625	0.65625	0.8125	0.53125	0.25
	liber	Liberal studies 	0.15625	0.25	0.46875	0.625	0.5625	0.03125
	comput	Computing	0.28125	0.5	0.4375	0.21875	0.125	0.21875
	vet	Pre vet	0.0	0.53125	0.90625	0.28125	0.0	0.0625
	ingenieria comerci	ingenieria comercial	0.75	0.25	0.46875	0.3125	0.5	0.71875
	dental school	dental school	0.1875	0.46875	0.46875	0.28125	0.21875	0.0625
	fcs	FCS	0.0	0.40625	0.03125	0.90625	0.375	0.125
	inform technolog	Information technology	0.90625	0.5	0.40625	0.78125	0.71875	0.90625
	medic reimburs code	Medical Reimbursement and Coding	0.5	0.375	0.03125	0.625	0.4375	0.8125
	medic	medical	0.84375	0.9375	0.90625	0.8125	0.53125	0.71875
	hacker	Hacker	0.96875	0.4375	0.40625	0.78125	0.84375	0.9375
	inform technolog	IT	0.0625	0.03125	0.0	0.90625	0.21875	0.0625
	comput	Computer	0.28125	0.59375	0.875	0.84375	0.4375	0.4375
	undecid	Undecided	0.0	0.25	0.59375	0.59375	0.3125	0.0
	translat	Translation	0.21875	0.28125	0.375	0.6875	0.4375	0.34375
	medic	medic	0.09375	0.5625	0.21875	0.28125	0.09375	0.0
	speech therapi	Speech therapy	0.6875	0.53125	0.875	0.5625	0.6875	0.53125
	instruct technolog	instructional technology	0.71875	0.625	0.625	0.59375	0.53125	0.4375
	languag studi	Language Study	0.625	0.78125	0.65625	0.5	0.15625	0.125
	comerci engien	comercial engieneering	0.375	0.15625	0.75	0.71875	0.875	0.34375
	polysomnograph	polysomnograph	0.46875	0.53125	0.40625	0.625	0.53125	0.34375
	egyptian archaeolog	Egyptian archaeology 	0.15625	0.8125	0.59375	0.25	0.0	0.0
	retail	Retail	0.03125	0.5	0.71875	0.6875	0.65625	0.71875
	design	Design 	0.875	0.84375	0.46875	0.5	0.40625	0.71875
	classic	Classics	0.15625	0.0625	0.78125	0.53125	0.46875	0.21875
	asian	asian studies	0.0	0.34375	0.0625	0.65625	0.03125	0.03125
	anesthesiologist	anesthesiologist	0.3125	0.78125	0.4375	0.40625	0.3125	0.21875
	fashion design	Fashion design	0.4375	0.5	0.4375	0.75	0.65625	0.75
	creativ write	Creative Writing	0.0	0.34375	0.65625	0.40625	0.125	0.03125
	beed gene	BEED - GenEd	0.15625	0.375	0.46875	0.90625	0.6875	0.3125
	design	Design	0.25	0.28125	0.3125	0.65625	0.65625	0.40625
	film	Film	0.15625	0.46875	0.9375	0.75	0.34375	0.0625
	comput	Computers	0.46875	0.21875	0.125	0.5625	0.40625	0.59375
	bussin	Bussines 	0.0625	0.0	0.25	0.25	0.4375	0.21875
	illustr	Illustration 	0.5	0.28125	0.6875	0.15625	0.4375	0.28125
	asian	Asian Studies	0.1875	0.59375	0.46875	0.5625	0.40625	0.25
	medic	medical	0.40625	0.5	0.25	0.6875	0.4375	0.53125
	bank	banking	0.40625	0.625	0.46875	0.6875	0.40625	0.625
	dentistri	Dentistry 	0.25	0.6875	0.1875	0.8125	0.0	0.125
	theatr	theatre	0.1875	0.21875	0.875	0.6875	0.625	0.0
	comput	Computers	0.125	0.9375	0.6875	0.8125	0.375	0.3125
	design	Design	0.1875	0.40625	0.375	0.5	0.09375	0.03125
	inform technolog	IT	0.9375	0.5625	0.6875	0.75	0.3125	0.84375
	peac	Peace Studies	0.28125	0.84375	0.96875	0.9375	0.75	0.375
	comput	Computer 	0.5	0.46875	0.375	0.625	0.40625	0.59375
	biocemistri	biocemistry	0.0625	0.3125	0.0	0.25	0.25	0.15625
	southeast asian	Southeast Asian Studies	0.375	0.75	0.6875	0.25	0.125	0.59375
	fashion	fashion	0.21875	0.71875	0.90625	0.90625	0.75	0.09375
	eet	eet	0.59375	0.71875	0.53125	0.5	0.5	0.46875
	výchova	výchova	0.65625	0.4375	0.46875	0.46875	0.59375	0.59375
	fashion design	Fashion design	0.09375	0.21875	0.875	0.53125	0.625	0.0625
	bussin	bussines	0.53125	0.3125	0.46875	0.625	0.75	0.5
	bussin	bussines studies	0.0625	0.5	0.25	0.75	0.8125	0.5625
	ir	IR	0.125	0.3125	0.75	0.84375	0.28125	0.1875
	polit theori	Political Theory	0.21875	0.8125	0.71875	0.59375	0.125	0.0625
	comput	Computing	0.375	0.5	0.625	0.4375	0.46875	0.5
	phyiscal therpey	Phyiscal Therpey	0.0	0.0	0.0625	0.8125	0.28125	0.25
	undeclar	undeclared	0.03125	0.5625	0.0625	0.28125	0.28125	0.0
	rehab	rehab studies	0.25	0.625	0.125	0.8125	0.6875	0.875
	rehabilit servic	rehabilitation services	0.09375	0.0625	0.0625	0.75	0.0	0.34375
	chil famili develop	Chil/family development	0.125	0.4375	0.375	0.75	0.71875	0.90625
	undecid	Undecided 	0.0	0.3125	0.03125	0.5	0.21875	0.15625
	nutrit	nutrition	0.53125	0.46875	0.4375	0.28125	0.09375	0.5
	philolog	philology	0.625	0.6875	0.46875	0.28125	0.25	0.5
	organiz leadership	Organizational Leadership	0.03125	0.375	0.84375	0.9375	0.34375	0.53125
	pharmaci	Pharmacy	0.71875	0.9375	0.25	0.53125	0.65625	0.71875
	na	na	0.0625	0.25	0.15625	0.40625	0.21875	0.1875
	museum	museum studies	0.34375	0.40625	0.34375	0.28125	0.3125	0.3125
	liber	liberal studies 	0.0625	0.40625	0.5	0.6875	0.375	0.15625
	dental hygien	Dental hygiene 	0.625	0.90625	0.0	0.71875	0.5625	0.90625
	sport	Sport	0.15625	0.28125	0.3125	0.40625	0.09375	0.03125
	kinesiolog	kinesiology	0.21875	0.59375	0.53125	0.90625	0.625	0.3125
	landscap	landscape	0.4375	0.71875	0.8125	0.59375	0.5	0.3125
	medic bill code	Medical billing and coding	0.125	0.5	0.25	0.5625	0.375	0.9375
	undecid	Undecided	0.125	0.6875	0.71875	0.6875	0.34375	0.0
	bake	Baking	0.46875	0.46875	0.46875	0.4375	0.375	0.25
	oraganiz leadership	Oraganizational Leadership 	0.5625	0.28125	0.1875	0.5625	0.6875	0.65625
	bussin	bussines	0.375	0.53125	0.3125	0.46875	0.65625	0.3125
	exercis	Exercise	0.09375	0.59375	0.65625	0.71875	0.3125	0.46875
	duno	Duno	0.40625	0.875	0.3125	0.65625	0.46875	0.34375
	secur technolog	security technology	0.6875	0.4375	0.53125	0.125	0.1875	0.5625
	teach	Teaching	0.0625	0.0	0.46875	0.40625	0.1875	0.0625
	creativ write	Creative Writing	0.0	0.03125	0.21875	0.0625	0.09375	0.03125
	anatomi	Anatomy	0.1875	0.3125	0.46875	0.59375	0.25	0.21875
	danc	Dance	0.28125	0.46875	0.65625	0.5625	0.53125	0.28125
	asian	Asian studies	0.375	0.46875	0.84375	0.875	0.71875	0.53125
	cyber	Cyber 	0.21875	0.75	0.75	0.25	0.21875	0.25
	plan	Planning	0.0625	0.9375	0.65625	0.5	0.3125	0.3125
	interior design	Interior Design	0.4375	0.375	0.5	0.28125	0.375	0.40625
	film	Film	0.09375	0.28125	0.71875	0.5	0.375	0.1875
	teach	Teaching	0.0	0.5625	0.34375	0.71875	0.25	0.1875
	kinesiolog	kinesiology	0.40625	0.78125	0.25	0.78125	0.75	0.28125
	inform technolog	IT	0.53125	0.1875	0.5625	0.84375	0.625	0.09375
	communiti develop	Community Development	0.375	0.625	0.59375	0.78125	0.40625	0.65625
	media	Media	0.3125	0.8125	0.78125	0.6875	0.3125	0.375
	inform technolog	Information Technology	0.59375	0.6875	0.75	0.9375	0.78125	0.84375
	media	Media 	0.3125	0.25	0.5	0.5	0.28125	0.21875
	occup	Associates Degree in Occupational Studies	0.1875	0.96875	0.75	1.0	0.3125	0.5
	gym teacher	gym teacher	0.34375	0.0	0.0	0.40625	0.15625	0.3125
	opticianri	Opticianry	0.59375	0.75	0.5625	0.4375	0.28125	0.8125
	organiz leadership	Organizational Leadership	0.21875	0.34375	0.5625	0.6875	0.5625	0.5
	justic	justice	0.1875	0.375	0.28125	0.625	0.625	0.34375
	biotech	Biotech	0.0	0.84375	0.1875	0.875	0.28125	0.53125
	pharmaci	Pharmacy 	0.0	0.125	0.0	0.1875	0.375	0.78125
	media	Media	0.1875	0.53125	0.34375	0.6875	0.53125	0.28125
	undecid	undecided	0.0	0.0	0.0	0.28125	0.65625	0.78125
	televis	Television.	0.0625	0.65625	0.65625	0.59375	0.15625	0.03125
	oper research	Operational Research	0.46875	0.625	0.9375	0.46875	0.09375	0.09375
	christian	Christian Studies	0.375	0.375	0.15625	0.34375	0.125	0.15625
	video televis film product	Video/Television and Film Production	0.40625	0.625	1.0	0.84375	0.53125	0.0625
	occup therapi	occupational therapy	0.03125	0.59375	0.625	0.8125	0.0625	0.0
	bahasa	bahasa 	0.0	0.375	0.4375	1.0	0.125	0.0
	somatolog	Somatology	0.84375	0.65625	0.8125	0.8125	0.5625	0.3125
	ultra sound	Ultra Sound	0.0	0.4375	0.0	0.9375	0.0625	0.0
	kinesiolog	Kinesiology 	0.78125	0.96875	0.5625	0.90625	0.65625	0.15625
	soccer	soccer	1.0	1.0	1.0	1.0	1.0	1.0
	occup therapi	Occupational Therapy	0.3125	0.9375	0.59375	0.78125	0.5	0.25
	vet technolog	vet technology	0.46875	0.84375	0.65625	0.0	0.09375	0.0625
	anim studi	Animal study	0.0	0.46875	0.0	0.0625	0.03125	0.0
	auto mechan	Auto mechanic	0.96875	0.6875	0.59375	0.65625	0.4375	0.4375
	undecid	Undecided	0.3125	0.5625	0.5	0.5625	0.5	0.65625
	danc	dance major	0.0625	0.1875	0.15625	0.4375	0.4375	0.4375
	environment	Environmental	0.53125	0.8125	0.5625	0.4375	0.6875	0.15625
	design	design	0.6875	0.78125	0.5	0.25	0.21875	0.25
	mbbs	mbbs	0.28125	0.8125	0.75	0.9375	0.6875	0.46875
	mis	MIS	0.0	0.6875	0.8125	0.5625	0.125	0.09375
	technolog	Technology	0.375	0.53125	0.71875	0.53125	0.5625	0.375
	media	Media Studies	0.46875	0.65625	0.71875	0.8125	0.75	0.5625
	inform technolog	Information Technology	0.375	0.53125	0.5625	0.4375	0.5	0.34375
	occup therapi	Occupational Therapy	0.15625	0.84375	0.46875	0.8125	0.28125	0.28125
	danc	dance	0.09375	0.375	0.6875	0.9375	0.46875	0.0625
	undetermin	undetermined	0.15625	0.375	0.0	0.53125	0.3125	0.21875
	teacher	teacher	0.375	0.8125	0.75	0.875	0.625	0.625
	danc	dance	0.1875	0.1875	0.3125	1.0	0.375	0.28125
	tourism	Tourism	0.0	0.28125	0.21875	0.125	0.03125	0.0
	person trainer	Personal Trainer	0.28125	0.6875	0.40625	0.53125	0.3125	0.21875
	danc	Dance	0.125	0.21875	0.40625	0.78125	0.375	0.1875
	occup therapi	Occupational Therapy	0.4375	0.84375	0.59375	0.9375	0.78125	0.5625
	danc	Dance	0.375	0.65625	0.6875	0.65625	0.53125	0.5
	pharmaci	pharmacy	0.4375	0.78125	0.125	1.0	0.65625	0.25
	occup therapi	Occupational Therapy 	0.0	0.1875	0.0	0.65625	0.3125	0.0
	occup therapi	Occupational Therapy	0.09375	0.78125	0.6875	0.78125	0.5	0.46875
	occup therapi	Occupational Therapy	0.375	0.9375	0.8125	0.875	0.75	0.46875
	polit	politics	0.21875	0.40625	0.5625	0.28125	0.40625	0.3125
	comput	computing	0.0	0.0	0.28125	0.125	0.125	0.0
	occup therapi	occupational therapy	0.0	0.8125	0.21875	1.0	0.59375	0.125
	direct	directing	0.3125	0.625	0.96875	0.40625	0.40625	0.03125
	docter	docter	0.1875	1.0	0.4375	0.75	0.5	0.1875
	project leadership	project leadership	0.5625	0.0625	0.84375	0.59375	0.1875	0.0
	occup therapi	Occupational therapy	0.09375	0.71875	0.4375	0.875	0.21875	0.125
	pastor	pastoral	0.34375	0.40625	0.0	0.65625	0.3125	0.5
	pedagogi	Pedagogy	0.3125	0.09375	0.4375	0.5625	0.8125	0.25
	design technolog	Design technology 	0.28125	0.3125	0.46875	0.21875	0.09375	0.0
	occup therapi	occupational therapy	0.375	0.8125	0.96875	0.875	0.34375	0.34375
	occup therpi	occupational therpy	0.25	0.375	0.25	1.0	0.40625	0.03125
	med	Pre-med	0.40625	0.8125	0.25	0.8125	0.34375	0.28125
	undecid	Undecided	0.09375	0.0625	0.25	0.25	0.1875	0.25
	film	Film	0.34375	0.65625	0.5625	0.03125	0.03125	0.0
	pharnacist	pharnacist	0.34375	0.4375	0.28125	0.25	0.4375	0.46875
	sport	sport	0.15625	0.5	0.21875	0.4375	0.46875	0.1875
	medic	Medical	0.28125	0.40625	0.28125	0.5	0.3125	0.46875
	fuclti commerc	fuclty of commerce	0.625	0.8125	0.6875	0.75	0.625	0.625
	classic	Classics	0.3125	0.40625	0.6875	0.65625	0.40625	0.3125
	undecid	undecided	0.0625	0.6875	0.46875	0.15625	0.40625	0.375
	machin tool	machine tool	0.53125	0.6875	0.34375	0.5625	0.1875	0.25
	dms	DMS	0.28125	0.1875	0.5625	0.53125	0.375	0.4375
	social welfar	Social Welfare Studies	0.625	0.65625	0.8125	0.9375	0.8125	0.75
	cultur heritag	Cultural heritage	0.375	0.375	0.75	0.59375	0.5625	0.0625
	costum film theatr	Costume for film and theatre	0.53125	0.5	0.53125	0.625	0.21875	0.53125
	speech therapi	speech therapy	0.0625	0.34375	0.78125	0.75	0.375	0.0
	rehab servic	Rehab Services	0.125	0.34375	0.15625	0.8125	0.3125	0.1875
	radiolog	Radiology	0.5	0.84375	0.78125	0.78125	0.6875	0.78125
	environment	Environmental studies 	0.53125	0.84375	0.53125	0.65625	0.25	0.1875
	psyc	PSYC	0.03125	0.03125	0.40625	0.5	0.0	0.0
	ship logist	Shipping Logistics	0.28125	0.34375	0.5625	0.59375	0.3125	0.3125
	rehabilit servic	Rehabilitation Services	0.5	0.53125	0.4375	0.71875	0.4375	0.3125
	psyc	psyc	0.125	0.6875	0.71875	0.875	0.5	0.125
	automot	automotive	0.75	0.34375	0.3125	0.4375	0.40625	0.4375
	inform technolog design	IT or design	0.4375	0.625	0.6875	0.78125	0.71875	0.625
	pharmaci	pharmacy	0.4375	0.71875	0.75	0.28125	0.375	0.25
	fine machineri	Fine machinery	0.625	0.5625	0.6875	0.625	0.3125	0.53125
	sain	Sains	0.25	0.9375	0.03125	0.65625	0.21875	0.3125
	nutrit	Nutrition	0.0	0.53125	0.125	0.59375	0.3125	0.15625
	danc	Dance	0.25	0.65625	0.6875	0.71875	0.5	0.25
	dental hygien	dental hygiene 	0.75	0.65625	0.1875	0.9375	0.375	0.59375
	surgic technolog	Surgical Technology	0.5	0.71875	0.75	0.59375	0.25	0.09375
	rehabilit servic	Rehabilitation Services	0.0	0.6875	0.1875	0.8125	0.0625	0.0625
	undecid	Undecided	0.125	0.96875	0.625	0.75	0.3125	0.125
	stat	stat	0.4375	0.5625	0.5625	0.5	0.4375	0.4375
	pta	pta	0.6875	0.5625	0.4375	0.5625	0.59375	0.71875
	comput	Computer	0.0	0.0	0.1875	0.25	0.3125	0.0625
	media	media	0.0	0.03125	0.6875	0.75	0.125	0.4375
	control theori	control theory	0.53125	0.71875	0.65625	0.59375	0.34375	0.28125
	design	Design	0.71875	0.3125	0.40625	0.1875	0.03125	0.0
	entrepernuership	Entrepernuership 	0.125	0.0625	0.71875	0.40625	0.34375	0.25
	design	Design	0.15625	0.4375	0.78125	0.4375	0.53125	0.0625
	ultrasound technician	Ultrasound technician	0.75	0.78125	0.84375	1.0	0.71875	0.84375
	sociowork	Socioworker	0.0	0.09375	0.25	0.8125	0.0	0.0
	hospit	Hospitality	0.03125	0.21875	0.6875	0.5	0.71875	0.15625
	hospit	Hospitality	0.15625	0.1875	0.1875	0.6875	0.40625	0.53125
	illustr	Illustration	0.0625	0.46875	0.25	0.40625	0.125	0.03125
	well	Wellness	0.34375	0.625	0.5	0.84375	0.625	0.34375
	anim	animator	0.15625	0.3125	0.71875	0.5	0.5	0.40625
	enviornment design	enviornmental design	0.375	0.71875	0.78125	0.59375	0.53125	0.4375
	shakespear	shakespear	0.375	0.5	0.5	0.40625	0.4375	0.40625
	veterinari	veterinary	0.0	0.71875	0.0	0.1875	0.0625	0.125
	veterinari	veterinary	0.0	0.875	0.09375	0.46875	0.0	0.3125
	medic	pre medical	0.46875	0.78125	0.28125	0.84375	0.21875	0.375
	pedagogi	pedagogy	0.0	0.65625	0.34375	0.78125	0.1875	0.03125
	inform technolog	INFORMATION TECH	0.59375	0.125	0.1875	0.40625	0.3125	0.34375
	beauti	Beauty	0.1875	0.4375	0.28125	0.34375	0.34375	0.25
	technolog comput aid design	technology computer aided design	0.75	0.0	1.0	0.875	0.25	0.75
	psicologia	psicologia	0.0	0.125	0.125	0.625	0.0	0.0
	veterinari	veterinary	0.03125	0.875	0.09375	0.5	0.0625	0.40625
	occup therapi	Occupational therapy 	0.5	0.5625	0.5625	0.8125	0.15625	0.25
	medic transcript	Medical Transcription	0.3125	0.875	0.25	0.8125	0.5	0.4375
	undecid	Undecided	0.09375	0.65625	0.90625	0.5625	0.59375	0.28125
	eudcat	Eudcation	0.1875	0.0625	0.90625	0.9375	0.3125	0.25
	theatr	Theatre Studies	0.25	0.21875	0.59375	0.28125	0.28125	0.21875
	lol	lol	0.25	0.25	0.28125	0.3125	0.34375	0.375
	primari	Pre primary studies	0.09375	0.5	0.21875	0.75	0.375	0.34375
	hospit	Hospitality	0.03125	0.09375	0.28125	0.78125	0.5	0.40625
	liber	Liberal Studies	0.09375	0.03125	0.09375	0.34375	0.3125	0.3125
	pyscolog	pyscology	0.09375	0.75	0.4375	0.78125	0.625	0.625
	pharmaci	pharmacy	0.125	0.5625	0.6875	0.59375	0.1875	0.09375
	inform technolog	Information technology	0.375	0.75	0.53125	0.53125	0.125	0.4375
	languag translat	language Translation	0.625	1.0	0.9375	1.0	0.75	1.0
	hospitalit	Hospitalit	0.28125	0.6875	0.9375	0.75	0.8125	0.59375
	plane	planing	0.625	0.75	0.59375	0.84375	0.75	0.75
	fashion design	fashion and design	0.0	0.0	0.46875	0.53125	0.5	0.0625
	occup therapi	Occupational therapy	0.25	0.375	0.5	0.25	0.3125	0.21875
	hospit	Hospitality	0.21875	0.0625	0.34375	0.8125	0.53125	0.21875
	electron	Electronic	0.53125	0.71875	0.3125	0.4375	0.28125	0.5625
	biomed	Biomedical	0.5	0.9375	0.78125	0.71875	0.71875	0.4375
	languag	Languages	0.0	0.125	0.3125	0.28125	0.34375	0.03125
	web develop	web development	0.65625	0.78125	0.46875	0.34375	0.21875	0.53125
	technolog	Technology	0.46875	0.71875	0.125	0.28125	0.3125	0.6875
	app develop	App developers 	0.53125	0.46875	0.65625	0.75	0.84375	0.75
	ece	ECE	0.3125	0.40625	0.90625	0.875	0.6875	0.3125
	kinesiolog	Kinesiology	0.25	0.71875	0.1875	0.65625	0.0625	0.34375
	ict	ICT	0.28125	0.375	0.71875	0.5	0.625	0.53125
	undeclar	Undeclared	0.375	0.4375	0.8125	0.78125	0.59375	0.28125
	new media	New media	0.0	0.0	0.6875	0.0625	0.03125	0.03125
	informationtechnolog	InformationTechnology	0.59375	0.375	0.53125	0.5	0.5	0.34375
	veterinarian technician	Veterinarian Technician	0.0625	0.90625	0.78125	1.0	0.53125	0.125
	physiotherapi	Physiotherapy	0.28125	0.71875	0.5625	0.78125	0.5625	0.625
	coput network secur	Coputer Networks and Security	0.53125	0.5	0.40625	0.625	0.6875	0.8125
	televis film	Television and Film	0.0625	0.4375	0.3125	0.5625	0.625	0.21875
	undeclar	Undeclared	0.09375	0.4375	0.375	0.9375	0.625	0.59375
	cybersecur	Cybersecurity	0.375	0.15625	0.375	0.46875	0.53125	0.90625
	age care	Aged care	0.0625	0.1875	0.25	0.25	0.0625	0.0625
	inform	Information studies	0.40625	0.65625	0.28125	0.5	0.46875	0.34375
	dietet	Dietetics	0.0625	0.25	0.375	0.5625	0.1875	0.28125
	polit	politics	0.15625	0.28125	0.5	0.59375	0.78125	0.75
	theater	theater	0.28125	0.09375	0.875	0.65625	0.09375	0.03125
	hotel restaur mgmt	hotel/restaurant mgmt	0.15625	0.3125	0.375	0.625	0.5625	0.4375
	hospit	hospitality	0.375	0.15625	0.25	0.53125	0.53125	0.4375
	medic	Medical	0.625	1.0	0.1875	0.625	0.125	0.1875
	radiolog	Radiology	0.375	0.75	0.375	0.8125	0.125	0.0625
	bis	BIS	0.21875	0.1875	0.5625	0.71875	0.84375	0.96875
	respiratori therapi	Respiratory Therapy	0.4375	0.75	0.34375	0.84375	0.21875	0.21875
	media	Media	0.4375	0.625	0.84375	0.625	0.5625	0.375
	medic assist	medical assistant	0.0	0.5625	0.1875	0.6875	0.34375	0.34375
	comput inform	Computer information	0.75	0.875	0.9375	0.9375	0.84375	0.71875
	film	Film	0.0	0.0	0.90625	0.125	0.0	0.03125
	hrd	HRD	0.4375	0.5625	0.4375	0.8125	0.53125	0.625
	illustr	Illustration	0.03125	0.46875	0.40625	0.0	0.15625	0.0
	geophys	Geophysics	0.46875	0.25	0.09375	0.40625	0.53125	0.25
	medic	medical	0.3125	0.46875	0.25	0.46875	0.25	0.40625
	biomed	Biomedic	0.375	0.90625	0.34375	0.5	0.34375	0.40625
	contabilidad	CONTABILIDADE	0.0625	0.03125	0.0625	0.15625	0.0625	0.0625
	cardiovascular technolog	Cardiovascular Technology	0.5	0.625	0.4375	0.75	0.625	0.78125
	undeclar	Undeclared	0.09375	0.46875	0.5625	0.28125	0.09375	0.3125
	mft	MFT	0.0625	0.0625	0.125	0.875	0.28125	0.46875
	industri labor relat	Industrial and Labor Relations	0.03125	0.125	0.25	0.21875	0.4375	0.34375
	maritim technolog	Maritime technology 	0.5	0.59375	0.5	0.625	0.4375	0.65625
	floral design	Floral Design	0.5	0.375	0.75	0.75	0.25	0.875
	si	si	0.65625	0.6875	0.75	0.84375	0.8125	0.78125
	inform technolog	Information technology	0.34375	0.5	0.3125	0.625	0.5	0.71875
	visual cultur	Visual culture	0.15625	0.59375	0.8125	0.6875	0.15625	0.03125
	media	Media	0.65625	0.71875	0.21875	0.4375	0.375	0.3125
	sport	sports	0.4375	0.4375	0.53125	0.84375	0.25	0.375
	bsn	pre-BSN	0.21875	0.4375	0.0625	0.75	0.5	0.59375
	pharmaci	Pharmacy	0.40625	0.5625	0.65625	0.375	0.40625	0.21875
	theatr	Theatre	0.03125	0.28125	0.78125	0.21875	0.09375	0.0625
	design	design	0.46875	0.125	0.5	0.0625	0.15625	0.4375
	tourism	Tourism	0.46875	0.65625	0.625	0.59375	0.375	0.21875
	kinesiolog	kinesiology	0.46875	0.5	0.78125	0.9375	0.6875	0.4375
	pharmaci	Pharmacy	0.71875	0.28125	0.25	0.46875	0.21875	0.40625
	industri design	industrial design	0.4375	0.5	0.78125	0.71875	0.53125	0.375
	world develop envirnment	3rd world development & envirnmental studies	0.53125	0.59375	0.1875	0.46875	0.3125	0.6875
	world develop envirnment	3rd world development & envirnmental studies	0.5625	0.5	0.1875	0.4375	0.28125	0.75
	real estat	Real Estate	0.125	0.1875	0.4375	0.375	0.6875	0.5625
	militari intellig	Military Intelligence	0.125	0.25	0.03125	0.46875	0.6875	0.03125
	media	media	0.125	0.53125	0.65625	0.25	0.6875	0.5
	undecid	undecided	0.125	0.65625	0.84375	0.46875	0.21875	0.1875
	asian	Asian Studies	0.09375	0.8125	0.25	0.71875	0.21875	0.625
	speach patplogyst	speach patplogyst	0.59375	0.4375	0.59375	0.59375	0.78125	0.5
	doctor	doctor	0.21875	0.6875	0.90625	0.875	0.375	0.25
	build	Building	0.40625	0.65625	0.59375	0.3125	0.4375	0.375
	medic	Medical 	0.1875	1.0	0.5625	0.6875	0.375	0.5
	informatician	informatician	0.4375	0.5	0.0625	0.15625	0.1875	0.46875
	rehabilit disabl	rehabilitation and disability studies	0.09375	0.625	0.9375	0.65625	0.3125	0.0
	gs	GS	0.5625	0.5	0.5	0.59375	0.5	0.59375
	inform technolog	Information Technology	0.59375	0.75	0.46875	0.5625	0.625	0.78125
	game design	Game Design	0.46875	0.75	0.84375	0.5	0.46875	0.375
	vet technolog	Vet Tech	0.34375	0.625	0.5	0.625	0.53125	0.3125
	eduat	Eduation	0.125	0.3125	0.4375	0.71875	0.3125	0.15625
	vet	vet	0.1875	0.71875	0.28125	0.25	0.15625	0.09375
	public realtion	PUBLIC REALTIONS	0.0	0.5625	0.9375	1.0	0.875	0.75
	procur	procurement	0.4375	0.5625	1.0	1.0	0.9375	0.75
	student	Student	0.0	0.65625	0.28125	0.125	0.03125	0.0
	physiotherapi	Physiotherapy	0.0	0.65625	0.0	0.46875	0.15625	0.25
	inform technolog	Information Technology	0.53125	0.6875	0.28125	0.5	0.5	0.625
	anim	3D animation	0.40625	0.4375	0.90625	0.15625	0.21875	0.0625
	gallaudet	Gallaudet University 	0.25	0.625	0.4375	0.65625	0.25	0.15625
	buis	Buisness	0.375	0.8125	0.4375	0.875	0.90625	0.71875
	aviat	Aviation	0.65625	1.0	0.625	0.53125	0.0625	0.4375
	coastal environment	Coastal Environmental Studies	0.09375	0.34375	0.4375	0.65625	0.34375	0.0625
	technolog	Technology 	0.46875	0.71875	0.53125	0.75	0.28125	0.625
	medic	Medical	0.46875	0.4375	0.4375	0.8125	0.21875	0.28125
	medic	medic	0.375	0.6875	0.375	0.4375	0.3125	0.34375
	classic	Classics	0.25	0.4375	0.375	0.53125	0.15625	0.25
	game design develop	game design and development	0.5625	0.8125	0.5625	0.59375	0.4375	0.375
	game design	Game Design	0.4375	0.75	0.78125	0.4375	0.4375	0.34375
	rehab seviv	rehab sevives	0.4375	0.96875	0.9375	0.6875	0.71875	0.15625
	textil design	Textile Design	0.09375	0.21875	0.40625	0.53125	0.65625	0.625
	speech languag patholog	Speech Language Pathology	0.03125	0.28125	0.21875	0.875	0.03125	0.0
	esuc	Esucation	0.0	0.78125	0.75	0.46875	0.1875	0.25
	theatr	Theatre	0.15625	0.40625	0.8125	0.5	0.4375	0.0625
	design	Design	0.25	0.59375	0.625	0.375	0.34375	0.34375
	med	Pre-Med	0.15625	0.53125	0.59375	0.71875	0.40625	0.0
	radiographi	Radiography	0.0	0.625	0.8125	0.46875	0.5625	0.0625
	sport	Sports	0.125	0.25	0.53125	0.59375	0.53125	0.25
	x ray	x ray 	0.21875	0.625	0.65625	0.65625	0.6875	0.71875
	bus adm	bus adm	0.4375	0.375	0.9375	1.0	1.0	0.9375
	construt	constrution	0.09375	0.46875	0.875	0.5625	0.34375	0.09375
	kinesiolog	Kinesiology	0.03125	0.46875	0.09375	0.25	0.125	0.0
	história	História	0.28125	0.09375	0.0625	0.15625	0.0	0.03125
	film	Film	0.28125	0.3125	0.71875	0.46875	0.21875	0.0625
	upi bandung	UPI BANDUNG	0.5	0.71875	0.5	0.28125	0.4375	0.21875
	interior design	interior designer	0.5625	0.875	0.6875	0.5	0.3125	0.46875
	translat interpret	Translation and interpreting	0.125	0.71875	0.625	0.53125	0.25	0.0
	undecid	Undecided	0.0625	0.125	0.0	0.75	0.21875	0.625
	game design	Game Design	0.46875	0.375	0.59375	0.5	0.40625	0.4375
	biblic	Biblical Studies	0.0	0.0625	0.15625	0.6875	0.125	0.3125
	theatr technolog	theatre tech	0.40625	0.4375	0.53125	0.59375	0.5	0.40625
	tourism	tourism	0.34375	0.4375	0.25	0.21875	0.53125	0.40625
	media	Media	0.09375	0.03125	0.34375	0.625	0.59375	0.59375
	ilr	ILR	0.0	0.0	0.34375	0.59375	0.59375	0.78125
	interact design	interaction design	0.5	0.625	0.3125	0.34375	0.46875	0.25
	medic	Medical	0.25	0.75	0.1875	0.5625	0.375	0.125
	dental surgeri	Dental Surgery	0.5625	0.8125	0.6875	0.65625	0.34375	0.1875
	kinesiolog	Kinesiology	0.40625	0.625	0.5625	0.6875	0.5	0.53125
	screenwrit	Screenwriting	0.21875	0.59375	0.5	0.53125	0.1875	0.0625
	tourism	Tourism	0.375	0.40625	0.5	0.4375	0.875	0.5
	respiratori care	Respiratory Care	0.125	0.71875	0.3125	0.375	0.125	0.0
	creativ write	Creative Writing	0.28125	0.125	0.3125	0.34375	0.34375	0.4375
	dental	Dental	0.53125	0.34375	0.25	0.1875	0.75	0.625
	inform technolog	IT	0.09375	0.15625	0.65625	0.5	0.65625	0.0625
	rehabilit servic	Rehabilitation Services	0.0	0.5	0.1875	0.78125	0.0625	0.0
	pharmaci	PHARMACY	0.4375	0.6875	0.59375	0.71875	0.46875	0.53125
	cbe	CBE	0.21875	0.78125	0.3125	0.46875	0.4375	0.375
	kinesiolog	Kinesiology	0.125	0.625	0.0	0.8125	0.375	0.375
	suppli chain	Supply chain	0.40625	0.3125	0.65625	0.6875	0.6875	0.6875
	mis	MIS	0.3125	0.75	0.8125	0.875	0.875	0.46875
	design	Design	0.0	0.1875	0.90625	0.65625	0.59375	0.0
	engenharia eletrica	engenharia eletrica	0.40625	0.375	0.3125	0.375	0.4375	0.6875
	tesl	TESL	0.375	0.96875	0.84375	0.96875	0.8125	0.78125
	dental assist	Dental assistant 	0.0625	0.6875	0.1875	0.3125	0.4375	0.1875
	food nutrit	Food and nutrition	0.1875	0.40625	0.125	0.09375	0.15625	0.1875
	fashion design	Fashion Design	0.375	0.84375	0.28125	0.625	0.40625	0.1875
	cognit neurodevelop	Cognitive Neurodevelopment	0.0	0.75	0.6875	0.59375	0.3125	0.03125
	liber	Liberal Studies	0.0	0.25	0.53125	0.875	0.5625	0.0625
	liber	Liberal Studies	0.0625	0.4375	0.625	0.5625	0.4375	0.09375
	anim	animation	0.4375	0.6875	0.5	0.25	0.28125	0.1875
	mktg hci	Mktg, HCI	0.03125	0.9375	0.75	0.40625	0.34375	0.3125
	occup therapi	occupational therapy	0.40625	0.375	1.0	0.90625	0.28125	0.0625
	buiness	buiness	0.375	0.75	0.0	0.375	1.0	1.0
	hospit	hospitality	0.15625	0.3125	0.375	0.53125	0.46875	0.3125
	non	non	0.5625	0.75	0.75	1.0	0.625	0.6875
	inform technolog	Information Technology	0.4375	0.4375	0.4375	0.75	0.75	0.5625
	televis product	Television Production	0.0625	0.28125	0.65625	0.5625	0.0625	0.0
	dental	Dental	0.59375	0.65625	0.75	0.6875	0.4375	0.34375
	dms	D.M.S.	0.03125	0.4375	0.3125	0.40625	0.1875	0.21875
	industri design	Industrial Design	0.34375	0.4375	0.5	0.53125	0.875	0.28125
	comput	Computing	0.59375	0.4375	0.40625	0.3125	0.125	0.375
	theater	Theater	0.0625	0.3125	0.59375	0.4375	0.40625	0.5
	hospit	Hospitality 	0.375	0.8125	0.8125	0.75	0.6875	0.6875
	undeclar	Undeclared 	0.09375	0.53125	0.375	0.125	0.09375	0.0
	inform technolog	Information Technology	0.96875	0.78125	0.125	0.84375	0.96875	0.9375
	dentistri	dentistry	0.3125	0.96875	0.9375	0.34375	0.375	0.25
	germanistik	Germanistik	0.3125	0.5625	0.71875	0.6875	0.375	0.25
	hospit	Hospitality 	0.0	0.03125	0.3125	0.6875	0.40625	0.4375
	pediatr	Pediatrics	0.1875	0.21875	0.46875	0.71875	0.78125	0.53125
	radiographi	Radiography	0.125	0.59375	0.875	0.5	0.53125	0.3125
	logist	logistics	0.0	0.09375	0.0625	0.0	0.1875	0.25
	horticltur	horticlture	0.3125	0.71875	0.65625	0.34375	0.125	0.28125
	medic technolog	Medical Technology	0.40625	0.84375	1.0	1.0	0.4375	0.15625
	cyber secur	Cyber Security	0.65625	0.375	0.28125	0.78125	0.5	0.75
	christian ministri	Christian Ministries	0.34375	0.4375	0.8125	0.90625	0.28125	0.1875
	suppli chain	Supply Chain	0.3125	0.21875	0.5	0.34375	0.3125	0.375
	radiographi	radiography	0.46875	0.84375	0.34375	0.46875	0.15625	0.46875
	media practic theori	Media practice & theory	0.0	0.25	0.9375	0.6875	0.1875	0.09375
	tourism	tourism	0.15625	0.1875	0.53125	0.28125	0.21875	0.21875
	film	film	0.1875	0.21875	0.875	0.6875	0.625	0.4375
	midwiferi	midwifery	0.71875	0.75	0.53125	1.0	0.84375	0.65625
	icm	ICM	0.25	0.75	0.46875	0.8125	0.25	0.3125
	radiographi diagnost imag	Radiography and Diagnostic Imaging	0.59375	0.46875	0.53125	0.71875	0.375	0.375
	multimedia	Multimedia	0.3125	0.5	0.375	0.46875	0.375	0.4375
	dental	Dental 	0.1875	0.46875	0.21875	0.59375	0.1875	0.125
	media	Media	0.3125	0.5625	0.875	0.375	0.125	0.0625
	film new media	film and new media	0.21875	0.90625	0.6875	0.375	0.4375	0.3125
	marin offshor	Marine Offshore	0.5625	0.625	0.375	0.625	0.34375	0.46875
	creativ write	Creative Writing	0.28125	0.46875	0.5625	0.71875	0.0625	0.28125
	occup therapi	occupational therapy	0.3125	0.84375	0.5625	0.5625	0.125	0.0625
	biblic	Biblical Studies	0.0	1.0	0.28125	0.78125	0.09375	0.5
	rt	Rt 	0.0625	0.71875	0.0625	0.6875	0.0	0.0625
	undecid	Undecided	0.375	0.15625	0.0625	0.3125	0.65625	0.25
	interior design	interior design	0.28125	0.3125	0.78125	0.78125	0.40625	0.53125
	social servic	Social Services	0.1875	0.625	0.0	1.0	0.375	0.4375
	contemporari theatr	Contemporary theatre 	0.28125	0.8125	0.75	0.78125	0.21875	0.4375
	marin offshor	Marine Offshore	0.53125	0.65625	0.5625	0.65625	0.375	0.40625
	environment polici outdoor leadership	Environmental policy and outdoors leadership	0.25	0.65625	0.5	0.4375	0.5625	0.4375
	cosmetolog	cosmetology	0.15625	0.5625	0.1875	0.21875	0.46875	0.34375
	hospit	Hospitality 	0.0625	0.15625	0.78125	0.84375	0.34375	0.34375
	physiotherapi	physiotherapy	0.625	0.53125	0.28125	0.59375	0.25	0.4375
	med	Pre-med	0.125	0.5	0.1875	0.3125	0.25	0.0
	design	Design	0.78125	0.4375	0.5625	0.65625	0.5	0.65625
	tourism	tourism	0.375	0.875	0.59375	0.78125	0.6875	0.5
	filmmak	filmmaking	0.125	0.4375	0.0	0.25	0.1875	0.5625
	physiotherapi	physiotherapy	0.375	0.28125	0.40625	0.875	0.375	0.1875
	pta	PTA	0.0	0.09375	0.4375	0.9375	0.4375	0.0625
	direito	Direito 	0.25	0.625	0.0	0.6875	0.6875	0.375
	dentistri	Dentistry	0.53125	0.40625	0.8125	0.78125	0.53125	0.03125
	undecid	Undecided 	0.4375	0.9375	0.75	1.0	0.53125	0.4375
	fashion merchandis	Fashion merchandising	0.0	0.0	0.0	0.0	0.09375	0.0
	teach esol	Teaching ESOL	0.25	0.15625	0.5625	0.71875	0.65625	0.46875
	entrepreneuri	Entrepreneurial Studies	0.15625	0.625	0.8125	0.1875	0.8125	0.5625
	rehabilit servic	rehabilitation services	0.125	0.46875	0.5	0.71875	0.65625	0.40625
	global	Global Studies	0.125	0.5	0.53125	0.5	0.4375	0.21875
	quran hadith	Quran hadith	0.46875	0.3125	0.59375	0.71875	0.71875	0.53125
	fashion	fashion	0.0	0.21875	0.875	0.71875	0.6875	0.0625
	film product	film production	0.4375	0.4375	0.8125	0.5625	0.4375	0.375
	pharmacist	Pharmacist	0.8125	0.96875	0.75	0.84375	0.9375	0.65625
	carpentri	Carpentry	0.75	0.625	0.75	0.6875	0.34375	0.46875
	electron	electronics	0.84375	0.9375	0.5	0.6875	0.125	0.0625
	teach asses	Teaching assesment	0.25	0.75	0.3125	0.625	0.15625	0.3125
	flim	FLIM	0.09375	0.09375	1.0	0.5	0.5	0.125
	inform technolog	IT	0.375	0.5	0.8125	0.5625	0.625	0.40625
	inform technolog	IT	0.5625	0.3125	0.4375	0.5	0.34375	0.5
	teach	Teaching	0.0625	0.625	0.59375	0.875	0.78125	0.21875
	inform technolog	IT	0.4375	0.09375	0.6875	0.4375	0.4375	0.53125
	occup therapi	Occupational Therapy	0.1875	0.1875	0.0	0.5	0.125	0.25
	design	Design	0.46875	0.46875	0.46875	0.34375	0.46875	0.46875
	real estat	Real Estate	0.28125	0.46875	0.5625	0.6875	0.84375	0.4375
	cognit	Cognitive Studies 	0.03125	0.90625	0.34375	0.6875	0.03125	0.0625
	languag	Languages	0.125	0.65625	0.875	0.125	0.21875	0.5
	physiotherapist	Physiotherapist 	0.5	0.71875	0.34375	0.40625	0.28125	0.3125
	inform technolog	Information Technology	0.125	0.9375	0.0	1.0	0.9375	0.875
	protect enviro	protection of enviroment	0.25	0.71875	0.46875	0.5	0.3125	0.0625
	lae	Lae	0.5	0.5625	0.25	0.90625	0.75	0.15625
	design innov	Design & Innovation	0.28125	0.53125	0.4375	0.1875	0.28125	0.28125
	speech languag patholog	Speech-Language Pathology	0.21875	0.46875	0.28125	0.75	0.375	0.3125
	dentist hygienist	dentist hygienist	0.0625	0.90625	0.40625	0.6875	0.15625	0.53125
	translat	translation	0.0625	0.0625	0.15625	0.71875	0.28125	0.25
	translat ynterpret	translation/ynterpretation	0.125	0.1875	0.25	0.78125	0.375	0.28125
	kinesiolog	kinesiology	0.375	0.65625	0.625	0.6875	0.25	0.125
	automot trade	Automotive pre trade	0.59375	0.25	0.125	0.03125	0.125	0.0625
	inform technolog	Information Technology	0.03125	0.46875	0.5	0.65625	0.5	0.25
	social	social studies	0.03125	0.53125	0.78125	0.75	0.5	0.0
	design	Design	0.5625	0.6875	0.53125	0.53125	0.375	0.21875
	inform secur forens	Information Security and Forensics	0.34375	0.625	0.5	0.625	0.46875	0.34375
	radiophys	Radiophysics	0.59375	0.71875	0.65625	0.4375	0.46875	0.625
	medic	Medical	0.59375	0.90625	0.96875	0.75	0.59375	0.625
	theatr	theatre	0.3125	0.59375	0.65625	0.65625	0.375	0.28125
	lax	Lax	0.3125	0.71875	0.78125	0.90625	0.59375	0.21875
	comput	Computing	0.625	0.6875	0.65625	0.28125	0.375	0.71875
	modern languag	Modern Languages 	0.125	0.5625	0.9375	0.71875	0.46875	0.1875
	space interior design	Space & Interior Design	0.15625	0.15625	0.59375	0.46875	0.4375	0.15625
	teach	Teaching	0.0	0.15625	0.15625	0.25	0.25	0.0
	geophys	geophysics	0.40625	0.5625	0.25	0.3125	0.15625	0.53125
	inform technolog	Information Technology	0.75	0.5625	0.8125	0.53125	0.40625	0.71875
	inform technolog	INFORMATION TECHNOLOGY	0.34375	0.46875	0.5	0.8125	0.4375	0.96875
	speech patholog	speech pathology	0.09375	0.96875	0.5	0.71875	0.1875	0.25
	polit	politics	0.625	0.15625	0.6875	1.0	0.84375	0.15625
	foreign trade	Foreign Trade	0.1875	0.53125	0.4375	0.40625	0.40625	0.34375
	medic	medical major	0.09375	0.25	0.03125	0.5625	0.0	0.09375
	nutrit	Nutrition	0.375	0.71875	0.6875	0.78125	0.65625	0.21875
	studi becom teacher drop stu	Studied to become a teacher. Dropped out. Stu	0.34375	0.25	0.46875	0.5	0.25	0.71875
	languag	languages	0.8125	1.0	0.875	0.90625	0.34375	0.34375
	comput	computer	0.625	0.96875	0.65625	0.78125	0.28125	0.375
	industri design	industry design	0.53125	0.53125	0.3125	0.375	0.46875	0.53125
	anim	Animation	0.4375	0.46875	0.75	0.65625	0.375	0.25
	media	media studies	0.03125	0.71875	0.59375	0.625	0.375	0.03125
	narrat	Narrative	0.6875	0.625	0.71875	0.53125	0.46875	0.625
	justic	Justice Studies	0.1875	0.4375	0.34375	0.78125	0.15625	0.375
	paraleg	paralegal	0.0	0.25	1.0	0.5625	0.75	0.75
	film televis	Film/Television	0.0	0.25	0.71875	0.875	0.34375	0.1875
	multimedia	Multimedia 	0.25	0.59375	0.71875	0.59375	0.6875	0.28125
	commerc ou pharmacist	Commerce ou pharmacist 	0.3125	0.0	0.375	0.46875	1.0	0.625
	electr	Electrical	0.5625	0.40625	0.59375	0.6875	0.34375	0.4375
	leadership	Leadership	0.34375	0.375	0.46875	0.3125	0.4375	0.53125
	interior design	interior design 	0.09375	0.375	0.875	0.4375	0.59375	0.25
	engenharia mecatronica	engenharia mecatronica	0.6875	0.6875	0.53125	0.875	0.75	0.59375
	liber	liberal studies	0.0625	0.5	0.03125	0.15625	0.03125	0.09375
	hairstylist	Hairstylist	0.21875	0.28125	0.28125	0.5625	0.28125	0.40625
	comput	Computer	0.59375	0.34375	0.34375	0.8125	0.59375	0.625
	polit	Politics	0.15625	0.5	0.53125	0.1875	0.28125	0.3125
	teacher	teacher	0.1875	0.25	0.625	0.75	0.15625	0.03125
	teacher	teacher	0.375	0.3125	0.625	0.875	0.3125	0.0625
	theatr	Theatre	0.4375	0.40625	0.625	0.78125	0.53125	0.15625
	pedagogi	pedagogy	0.0	0.40625	0.8125	0.875	0.65625	0.28125
	cis	CIS	0.5	0.1875	0.3125	0.40625	0.59375	0.8125
	organiz leadership	Organizational Leadership	0.25	0.5	0.8125	0.6875	0.25	0.3125
	design	Design 	0.46875	0.40625	0.75	0.40625	0.75	0.4375
	liber	liberal studies	0.1875	0.375	0.6875	0.84375	0.3125	0.46875
	inform technolog	information technology	0.0	0.09375	0.25	0.125	0.0625	0.0625
	nil	-NIL-	0.40625	0.84375	0.21875	0.8125	0.59375	0.59375
	pszicholog	pszichology	0.0625	0.5625	0.40625	0.84375	0.25	0.25
	languag	Languages	0.125	0.46875	0.5625	0.53125	0.65625	0.40625
	interact media design	Interactive Media Design	0.0625	0.34375	0.5	0.59375	0.25	0.125
	nil	nil	0.03125	0.625	0.65625	0.53125	0.46875	0.46875
	kinesiolog	Kinesiology	0.0625	0.4375	0.125	0.8125	0.28125	0.125
	landscap design	landscape design	0.5	0.71875	0.4375	0.4375	0.53125	0.40625
	physiotherapi	Physiotherapy 	0.15625	0.5	0.1875	0.03125	0.125	0.0
	leadership	Leadership	0.8125	0.96875	0.34375	0.53125	0.4375	0.75
	pedagogi	 pedagogy	0.0625	0.59375	0.78125	0.84375	0.46875	0.125
	telecom	telecom	0.59375	0.4375	0.5	0.65625	0.65625	0.75
	respiratori care	respiratory care	0.34375	0.84375	0.40625	0.84375	0.3125	0.78125
	uitm	uitm	0.90625	0.5625	0.75	0.78125	0.90625	0.8125
	islam bank	islamic banking	0.59375	0.5625	0.65625	0.84375	0.53125	0.65625
	occup therapi	occupational therapy	0.0625	0.46875	0.625	0.9375	0.3125	0.03125
	inform technolog	information technology	0.28125	0.4375	0.875	0.46875	0.3125	0.28125
	social patholog	Social pathology	0.125	0.21875	0.28125	0.1875	0.09375	0.1875
	multimedia	Multimedia	0.625	0.53125	0.84375	0.375	0.5	0.3125
	interact anim	Interactive Animation	0.53125	0.84375	0.5625	0.40625	0.125	0.09375
	inform assur	Information Assurance	0.59375	0.6875	0.78125	0.65625	0.5625	0.5
	global affair	global affairs 	0.34375	0.65625	0.625	0.96875	0.5	0.46875
	video product	Video production 	0.21875	0.21875	0.84375	0.71875	0.65625	0.0625
	medic assist	Medical Assistant	0.5	0.78125	0.53125	0.65625	0.40625	0.34375
	liber	liberal studies	0.40625	0.5	0.71875	0.65625	0.625	0.5
	mechan	MECHANICS	1.0	0.6875	0.03125	0.375	0.125	0.375
	psycholofi	psycholofy	0.4375	0.875	0.40625	0.3125	0.09375	0.3125
	peni	penis	0.78125	0.375	0.59375	0.53125	0.15625	0.25
	anim	Animation	0.15625	1.0	0.78125	0.5	0.21875	0.28125
	logist	logistics	0.375	0.25	0.25	0.78125	0.625	1.0
	speech patholog	Speech Pathology	0.03125	0.0625	0.125	0.375	0.21875	0.28125
	electron	electronic	1.0	0.28125	0.34375	0.5625	0.28125	0.34375
	buis	Buisness	0.0	0.0	0.0	0.0	0.25	0.03125
	polit	Politics	0.09375	0.90625	0.59375	0.875	0.34375	0.28125
	kineisiolog	kineisiology	0.4375	0.46875	0.28125	0.34375	0.21875	0.1875
	undeclar	undeclared	0.75	1.0	0.96875	0.5	0.625	0.625
	theater perform	Theater performance 	0.34375	0.09375	0.78125	0.46875	0.53125	0.0625
	comput	computing	0.21875	0.71875	0.21875	0.375	0.3125	0.6875
	midwiferi	midwifery	0.75	0.9375	0.90625	0.875	0.75	0.625
	film	Film	0.0	0.0	0.96875	0.125	0.3125	0.0
	culinari	culinary	0.28125	0.34375	0.4375	0.4375	0.4375	0.25
	design	Design	0.21875	0.28125	0.65625	0.34375	0.375	0.15625
	digit social media	Digital and Social Media	0.0	0.28125	0.375	0.40625	0.0625	0.0
	comércio exterior	Comércio Exterior	0.1875	0.75	0.59375	0.40625	0.0	0.25
	patisseri	Patisserie	0.0	0.5	0.375	0.5625	0.3125	0.125
	medic	medical	0.25	0.4375	0.15625	0.3125	0.5	0.4375
	basic cours	undergraduate basic courses	0.09375	0.59375	0.5625	0.65625	0.3125	0.3125
	african	African studies	0.03125	0.15625	0.21875	0.71875	0.1875	0.1875
	forens	Forensic	0.46875	0.46875	0.84375	0.75	0.65625	0.6875
	inform technolog	Information Technology	0.625	0.9375	1.0	0.96875	0.125	0.125
	geophys	Geophysics	0.4375	0.65625	0.96875	0.71875	0.34375	0.09375
	theatr perform	Theatre Performance	0.1875	0.40625	0.625	0.40625	0.3125	0.40625
	nutrit	Nutrition	0.09375	0.53125	0.21875	0.59375	0.25	0.21875
	theatr	Theatre	0.03125	0.03125	0.71875	0.5	0.40625	0.0
	strategi	Strategy	0.375	0.4375	0.4375	0.46875	0.625	0.28125
	kinesiolog	kinesiology	0.3125	0.96875	0.09375	0.75	0.09375	0.53125
	social patholog	Social pathology	0.78125	0.6875	0.8125	0.375	0.5	0.25
	restor	restoration	0.0	0.34375	0.28125	0.3125	0.125	0.0
	tavel tourism	tavel & Tourism	0.1875	0.03125	0.1875	0.53125	0.71875	0.75
	medic doctor	Medical doctor 	0.71875	0.96875	0.75	0.75	0.625	0.5625
	danc therapi	Dance Therapy	0.125	0.40625	0.625	0.78125	0.21875	0.09375
	aviat	Aviation	0.5625	0.3125	0.1875	0.25	0.15625	0.0
	vfx	VFX	0.375	0.90625	0.9375	0.75	0.40625	0.5
	investig	investigations	0.28125	0.40625	0.3125	0.59375	0.375	0.40625
	kinesiolog	Kinesiology	0.1875	0.90625	0.6875	0.90625	0.3125	0.0
	organi leadership	Organiational Leadership	0.0	0.15625	0.0	0.53125	0.125	0.0625
	organi leadership	Organiational Leadership	0.0	0.09375	0.0	0.5	0.09375	0.0625
	craft materi	Craft and Material Studies	0.125	0.21875	0.71875	0.5	0.21875	0.09375
	cybersecur	Cybersecurity	0.28125	0.53125	0.25	0.6875	0.3125	0.5
	pharmaci	Pharmacy	0.125	0.5	0.25	0.75	0.5	0.375
	media	media	0.21875	0.71875	0.875	0.6875	0.5	0.15625
	inform technolog	Informational Technology	0.40625	0.4375	0.40625	0.34375	0.5625	0.5
	cybersecur	Cybersecurity	0.4375	0.5625	0.25	0.59375	0.3125	0.65625
	televis	Television 	0.0625	0.53125	0.9375	0.4375	0.0625	0.0
	veterinarian	Veterinarian	0.0	0.0	0.0	0.0	0.0	0.0
	drumset perform	Drumset Performance	0.03125	0.21875	0.5625	0.3125	0.34375	0.03125
	danc	Dance	0.0	0.25	0.15625	0.5625	0.1875	0.59375
	industri design	Industrial design	0.0	0.6875	0.5	0.65625	0.1875	0.0
	veterinari	Veterinary	0.5625	0.90625	0.8125	0.4375	0.28125	0.28125
	welfar	welfare	0.0625	0.34375	0.40625	0.71875	0.53125	0.4375
	theatr	theatre	0.25	0.40625	0.75	0.65625	0.34375	0.53125
	film tv	Film and TV	0.03125	0.09375	0.1875	0.25	0.28125	0.53125
	inform technolog	IT	0.4375	0.40625	0.6875	0.46875	0.65625	0.78125
	veterinário	Veterinário 	0.40625	0.6875	0.53125	0.59375	0.40625	0.25
	cyber secur	cyber security 	0.3125	0.625	0.625	0.65625	0.25	0.375
	polit	Politics	0.3125	0.90625	0.59375	0.5625	0.3125	0.09375
	inform technolog	information technology	0.28125	0.28125	0.125	0.03125	0.375	0.40625
	liber	liberal studies	0.15625	0.65625	0.71875	0.90625	0.4375	0.0
	informat	Informatic	0.28125	0.03125	0.21875	0.78125	0.375	0.6875
	ethnic	Ethnic Studies	0.1875	0.71875	0.65625	0.875	0.4375	0.46875
	alli heath	Allied Heath 	0.0625	0.25	0.09375	0.5625	0.0	0.0
	buis	Buisness	0.0	0.28125	0.5	0.84375	0.25	0.5
	hes	HES	0.375	0.5625	0.625	0.59375	0.59375	0.40625
	medic assist	medical assisting	0.71875	0.625	0.59375	0.65625	0.65625	0.34375
	med	pre-med	0.46875	0.90625	0.40625	0.84375	0.46875	0.53125
	rehabilit	rehabilitation	0.3125	0.0625	0.6875	0.75	0.5	0.40625
	instruct technolog	Instructional Technology	0.4375	0.65625	0.8125	0.6875	0.34375	0.5625
	exercis well	Exercise and Wellness 	0.0	0.46875	0.0	0.65625	0.25	0.0
	illistr	Illistration 	0.65625	0.875	0.6875	0.5	0.3125	0.34375
	kinesiolog	Kinesiology	0.25	0.9375	0.84375	0.9375	0.46875	0.0
	inform technolog	info tech	0.71875	0.625	0.625	0.875	0.625	0.84375
	buiness	buiness	0.1875	0.6875	0.78125	0.8125	0.78125	0.40625
	undecid	Undecided	0.46875	0.15625	0.71875	0.875	0.53125	0.84375
	inform technolog expert	IT expert	0.8125	0.875	0.9375	0.75	0.875	1.0
	film tv product	film&TV Production	0.1875	0.9375	1.0	0.9375	0.875	1.0
	translat	Translation	0.15625	0.1875	0.34375	0.71875	0.34375	0.3125
	food technolog	Food technology	0.4375	0.625	0.21875	0.5	0.21875	0.5625
	interior design	Interior design	0.5	0.375	0.4375	0.4375	0.4375	0.53125
	media	media	0.53125	0.5	0.28125	0.5	0.4375	0.5625
	exercis well	Exercise and Wellness	0.84375	0.71875	0.28125	0.75	0.4375	0.28125
	danc	dance	0.15625	0.5625	0.65625	0.71875	0.0625	0.0625
	inform technolog	Information technology	0.0625	0.1875	0.125	0.5	0.125	0.0625
	translat	translations	0.0	0.53125	0.75	0.53125	0.03125	0.0
	pharmaci	pharmacy	0.15625	0.21875	0.09375	0.53125	0.25	0.21875
	doctor	doctor	0.3125	0.78125	0.5	0.65625	0.375	0.3125
	comput	computing	0.0625	0.84375	0.40625	0.125	0.0625	0.25
	media	Media studies	0.0	0.28125	0.625	0.21875	0.0	0.0
	medic field	medical field	0.1875	0.71875	0.65625	0.8125	0.625	0.71875
	model visual effect	3D Modelling and Visual Effects	0.21875	0.28125	0.59375	0.8125	0.3125	0.3125
	landscap	landscaping	0.53125	0.6875	0.5	0.59375	0.53125	0.125
	softwar develop	Software Development	0.21875	0.8125	0.9375	0.3125	0.15625	0.0625
	food hygien	food hygiene	0.375	0.8125	0.875	0.90625	0.5625	0.28125
	liber	liberal studies	0.0625	0.5625	0.6875	0.875	0.59375	0.34375
	design	design	0.09375	0.21875	0.375	0.1875	0.03125	0.03125
	electr electron	Electrical and Electronics	0.5625	0.3125	0.375	0.125	0.5	0.71875
	medic	medical	0.4375	0.84375	0.125	0.46875	0.34375	0.4375
	liber	liberal studies	0.3125	0.75	0.6875	0.75	0.21875	0.46875
	chemic depend	chemical dependency	0.0625	0.0625	0.0	0.90625	0.65625	0.84375
	taxat	Taxation	0.59375	0.59375	0.59375	0.75	0.375	0.34375
	medic assist	Medical Assistant	0.03125	1.0	0.53125	0.71875	0.28125	0.375
	medic assist	Medical assistant 	0.0625	0.5625	0.65625	0.8125	0.375	0.1875
	medic code	medical coding	0.375	0.75	0.1875	0.21875	0.0	0.84375
	current attend	currently attending	0.09375	0.6875	0.28125	0.625	0.5625	0.0625
	veterinari husbandri	Veterinary and Husbandry	0.09375	0.90625	0.71875	0.78125	0.125	0.0
	inform technolog	IT	0.6875	1.0	0.9375	0.90625	0.375	0.28125
	nutrit	Nutrition	0.0	0.40625	0.1875	0.4375	0.125	0.125
	comunicaçao	comunicaçao	0.65625	0.8125	0.90625	0.90625	0.46875	0.09375
	medic	Medical	0.34375	0.6875	0.5625	0.78125	0.34375	0.5625
	comput draft	computer drafting	1.0	0.25	0.71875	0.5	0.5625	0.5
	ferment scient	Fermentation Scient	0.4375	0.8125	0.6875	0.375	0.4375	0.5625
	inform technolog	Information Technology	0.5625	0.5625	0.5625	0.21875	0.625	0.46875
	medic laboratori	MEDICAL LABORATORY	0.4375	0.53125	0.5625	0.65625	0.5625	0.65625
	diagnost medic sonographi	Diagnostic medical sonography	0.1875	0.65625	0.25	0.53125	0.4375	0.28125
	child famili	child and family studies 	0.0625	0.09375	0.0	0.59375	0.34375	0.375
	ir	IR	0.0625	0.21875	0.875	0.75	0.21875	0.0
	fashion design	fashion design	0.0625	0.03125	0.25	0.09375	0.15625	0.09375
	fashion design	Fashion design	0.0	0.125	0.625	0.59375	0.25	0.0
	earli childhood develop	early childhood development	0.0625	0.15625	0.09375	1.0	0.4375	0.3125
	nutrit	nutrition	0.15625	0.46875	0.1875	0.34375	0.375	0.53125
	pastor ministri	Pastoral Ministries	0.28125	0.125	0.1875	0.625	0.3125	0.1875
	profession write	Professional writing	0.5625	0.21875	0.75	0.125	0.0	0.1875
	inform secur	Information Security	0.125	0.75	0.4375	0.4375	0.0625	0.375
	theatr	Theatre 	0.3125	0.6875	0.65625	0.84375	0.34375	0.15625
	japan	Japan Studies	0.625	0.8125	0.96875	0.375	0.53125	0.46875
	classic	Classics	0.1875	0.65625	0.53125	0.59375	0.15625	0.46875
	kinesiolog	Kinesiology	0.0625	0.1875	0.0	0.75	0.0625	0.1875
	hrwd	HRWD	0.375	0.3125	0.5	0.625	0.40625	0.53125
	teach	Teaching	0.09375	0.375	0.5625	0.84375	0.1875	0.375
	sport	Sport	0.09375	0.125	0.28125	0.28125	0.0625	0.03125
	umuc	UMUC	0.90625	1.0	0.8125	0.65625	0.84375	1.0
	spanich	Spanich	0.0	0.1875	0.75	0.875	0.21875	0.03125
	dentistri	dentistry	0.625	0.8125	0.5	0.53125	0.5625	0.625
	bbit	BBIT	0.25	0.1875	0.40625	0.53125	0.875	0.90625
	web design	web design	0.875	1.0	1.0	1.0	1.0	1.0
	hindi	hindi	0.3125	0.3125	0.5	0.75	0.5	0.75
	thear	theare	0.25	0.34375	0.53125	0.46875	0.21875	0.03125
	paraleg	Paralegal	0.28125	0.65625	0.4375	0.84375	0.5625	0.125
	media design	Media and Design	0.34375	0.625	0.625	0.59375	0.4375	0.53125
	inform technolog	Information Technology	0.65625	0.78125	0.3125	0.28125	0.34375	0.4375
	inform technolog	Information technologies	0.4375	0.59375	0.8125	0.6875	0.15625	0.1875
	urban plan	urban planning	0.09375	0.28125	0.65625	0.625	0.46875	0.59375
	theatr	Theatre	0.28125	0.5625	0.875	0.3125	0.28125	0.28125
	comput	Computers	0.125	0.375	0.125	0.125	0.25	0.125
	softwar develop	software development	0.75	0.6875	0.625	0.46875	0.4375	0.34375
	inform technolog	Information Technology	0.375	0.875	0.34375	0.4375	0.09375	0.21875
	game design	Game design	0.0	0.46875	0.5625	0.59375	0.125	0.0
	gis	GIS	0.625	0.65625	0.375	0.5	0.21875	0.3125
	liber	Liber Studies	0.125	0.3125	0.0	0.34375	0.1875	0.625
	dental assist	Dental assistanting	0.03125	0.46875	0.1875	0.625	0.125	0.53125
	piano perform	Piano Performance	0.0	0.5625	0.59375	0.78125	0.03125	0.0
	inform technolog	Information Technology	0.375	0.5625	0.71875	0.5625	0.28125	0.28125
	industri design	Industrial Design	0.0	0.15625	0.65625	0.375	0.25	0.0
	design	Design	0.59375	0.4375	0.6875	0.53125	0.46875	0.5
	translat	translation	0.53125	0.65625	0.6875	0.40625	0.34375	0.3125
	social	Social	0.53125	0.1875	0.03125	0.78125	0.34375	0.75
	illustr	Illustration	0.125	0.59375	0.84375	0.5625	0.21875	0.03125
	interior design	Interior Design	0.21875	0.5625	0.6875	0.75	0.59375	0.375
	bussin	Bussines	0.5	0.375	0.4375	0.6875	0.6875	0.6875
	kinesolog	Kinesology	0.21875	0.75	0.6875	0.59375	0.125	0.125
	interior design	interior design	0.65625	0.625	0.3125	0.625	0.8125	0.84375
	film	Film	0.15625	0.5	0.8125	0.71875	0.46875	0.25
	design media	Design & Media	0.34375	0.53125	0.71875	0.5	0.4375	0.375
	psyc	psyc	0.125	0.78125	0.71875	0.625	0.34375	0.15625
	acci	accy	0.46875	0.625	0.65625	0.6875	0.4375	0.75
	undetermin	Undetermined	0.3125	0.75	0.40625	0.5	0.28125	0.0625
	comput	computers	0.3125	0.0	0.5625	0.375	0.6875	0.53125
	child adolesc develop	child and adolescent development	0.03125	0.40625	0.125	0.625	0.09375	0.0
	behavior anaylysi	behavior anaylysis	0.0	0.84375	0.21875	0.8125	0.1875	0.5625
	hospitalithi	hospitalithy 	0.3125	0.4375	0.5625	0.65625	0.71875	0.3125
	teach	Teaching 	0.5	0.5	0.28125	0.78125	0.59375	0.625
	comput	Computing	0.5	0.46875	0.3125	0.28125	0.125	0.53125
	inform technolog	Information Technology	0.09375	0.03125	0.1875	0.5	0.375	0.6875
	apparel textil	Apparel and Textiles	0.125	0.65625	0.875	0.75	0.75	0.6875
	multimedia	Multimedia	0.25	0.71875	0.84375	0.84375	0.5	0.25
	pharmaci	Pharmacy 	0.40625	0.46875	0.34375	0.3125	0.21875	0.65625
	dental hygien	Dental hygiene	0.0625	0.4375	0.4375	0.75	0.125	0.0625
	media	Media Studies	0.03125	0.0625	0.21875	0.46875	0.3125	0.28125
	innov	Innovation	0.53125	0.4375	0.71875	0.75	0.375	0.09375
	film	Film	0.46875	0.625	0.78125	0.5625	0.53125	0.3125
	ib	IBS	0.375	0.125	0.0625	0.5625	0.8125	0.4375
	inform technolog	IT	0.5625	0.71875	0.625	0.34375	0.40625	0.3125
	kinsiolog	Kinsiology 	0.53125	0.5625	0.65625	0.96875	0.5625	0.34375
	teach	Teaching	0.28125	0.90625	0.90625	1.0	0.4375	0.125
	film	Film	0.625	0.25	0.84375	0.0625	0.3125	0.125
	paraleg	paralegal	0.375	0.125	0.3125	0.78125	0.3125	0.5625
	network	Networking	0.28125	0.4375	0.59375	0.75	0.21875	0.40625
	asian	Asian Studies	0.0	0.53125	0.5625	0.71875	0.09375	0.03125
	social research	Social research	0.03125	0.65625	0.5625	0.34375	0.3125	0.34375
	aerospac	Aerospace 	0.21875	0.0	0.0	0.0625	0.0	0.09375
	inform technolog	It	0.71875	0.5625	0.15625	0.46875	0.59375	0.625
	pedagogi	pedagogy	0.15625	0.75	0.34375	0.78125	0.5625	0.28125
	psycholoti	Psycholoty	0.0625	0.53125	0.53125	0.6875	0.5	0.28125
	lifelong learn	lifelong learning	0.40625	0.625	0.75	0.875	0.53125	0.34375
	inform technolog	Information Technology	0.15625	0.09375	0.625	0.6875	0.21875	0.21875
	rabbi	rabbi	0.34375	0.53125	0.21875	0.25	0.59375	0.1875
	ir	IR	0.1875	0.4375	0.03125	0.46875	0.0625	0.3125
	interior design	Interior Design	0.09375	0.34375	0.90625	0.8125	0.21875	0.0625
	tourism	Tourism	0.125	0.0	0.15625	0.15625	0.625	0.25
	forens	forensic 	0.65625	0.6875	0.53125	0.40625	0.375	0.375
	nutrit	Nutrition	0.15625	0.28125	0.125	0.59375	0.53125	0.28125
	undecid	Undecided	0.15625	0.59375	0.15625	0.53125	0.5	0.46875
	pharmaci	pharmacy	0.84375	0.65625	0.71875	0.75	0.65625	0.5
	undeclar	Undeclared 	0.03125	0.0625	0.125	0.40625	0.34375	0.0625
	design	Design	0.34375	0.8125	0.78125	0.6875	0.3125	0.1875
	cse	CSE	0.65625	0.59375	0.6875	0.6875	0.6875	0.71875
	comput	Computing 	0.59375	0.59375	0.65625	0.59375	0.40625	0.09375
	pharmaci	pharmacy	0.3125	0.65625	0.6875	1.0	0.53125	0.46875
	med	pre-med	0.09375	0.84375	0.15625	0.59375	0.28125	0.3125
	communiti support worker	Community Support Worker	0.96875	1.0	0.84375	0.9375	0.34375	0.375
	secur technolog	Security Technology	0.125	0.1875	0.8125	0.59375	0.40625	0.6875
	inform technolog	IT	0.53125	0.6875	0.5625	0.53125	0.375	0.5625
	comput	Computing	0.4375	0.28125	0.65625	0.40625	0.3125	0.59375
	inform technolog	Information Technology	0.21875	0.53125	0.5625	0.84375	0.65625	0.65625
	current attend	currently attending	0.0	0.4375	0.1875	0.0	0.0	0.125
	behavior	Behavioral Studies	0.15625	0.28125	0.3125	0.875	0.375	0.46875
	pharmaci	pharmacy	0.40625	0.5	0.46875	0.53125	0.40625	0.40625
	entrepreneurship	Entrepreneurship	0.125	0.25	0.65625	0.875	0.59375	0.65625
	occup therapi	Occupational Therapy 	0.09375	0.21875	0.21875	0.84375	0.78125	0.21875
	polit	Politics	0.53125	0.28125	0.25	0.59375	0.46875	0.6875
	inform technolog	Information Technology 	0.1875	0.125	0.09375	0.6875	0.15625	0.25
	behaviour	Behavioural Studies	0.0625	0.21875	0.25	0.90625	0.5	0.4375
	inform technolog	IT	0.25	0.78125	0.53125	0.59375	0.34375	0.03125
	nutrit	Nutrition	0.25	0.625	0.875	0.53125	0.40625	0.6875
	inform technolog	IT	0.1875	0.0625	0.375	0.34375	0.28125	0.375
	bake	Baking	0.15625	0.1875	0.09375	0.0625	0.0625	0.03125
	wood technolog	Wood Technology	0.4375	0.75	0.65625	0.375	0.375	0.34375
	child develop	Child Development	0.1875	0.1875	0.46875	0.875	0.0625	0.46875
	interdisiplanari	Interdisiplanary Studies	0.03125	0.4375	0.78125	0.75	0.59375	0.25
	psi	Psy	0.09375	0.46875	0.40625	0.84375	0.5625	0.1875
	fine rt itt	Fine rt  nd ITT	0.5	0.375	0.6875	0.59375	0.40625	0.65625
	media	Media studies	0.15625	0.40625	0.5625	0.125	0.0	0.0
	speech languag patholog	speech-language pathology	0.0625	0.1875	0.34375	1.0	0.46875	0.09375
	ass hvac	ASS. in HVAC	0.96875	0.125	0.0625	0.59375	0.28125	0.0
	electron	ELECTRONICS	0.6875	0.5625	0.46875	0.625	0.34375	0.6875
	entrepreneur	Entrepreneurer	0.21875	0.46875	0.75	1.0	0.5	0.25
	sport	Sport	0.375	0.78125	0.46875	0.59375	0.46875	0.125
	finacn	Finacne	0.0	0.09375	0.3125	0.4375	0.25	0.59375
	certif	Certification	0.15625	0.3125	0.21875	0.5625	0.34375	0.78125
	kinesiolog	Kinesiology	0.0625	0.65625	0.75	0.5	0.21875	0.03125
	inform technolog	Information Technology	0.0	0.15625	0.84375	0.375	0.34375	0.0
	environment	Environmental Studies	0.4375	0.75	0.53125	0.4375	0.21875	0.59375
	cybersecur	Cybersecurity 	0.78125	0.46875	0.90625	0.9375	0.75	0.4375
	peac conflict	Peace and conflict studies	0.0	0.28125	0.4375	0.71875	0.21875	0.21875
	hospit	hospitality	0.09375	0.46875	0.28125	0.75	0.625	0.53125
	theatr	Theatre 	0.03125	0.28125	0.71875	0.75	0.3125	0.375
	medic	medical	0.03125	0.875	0.84375	0.8125	0.5625	0.0625
	cnc machin	CNC Machining	0.53125	0.0	0.0	0.09375	0.0	0.0625
	peac develop	Peace and Development Studies	0.03125	0.71875	0.6875	0.5625	0.09375	0.0
	chemic	Chemical	0.28125	0.875	0.375	0.46875	0.375	0.28125
	nutrit	NUTRITION	0.09375	0.53125	0.0	0.5625	0.3125	0.4375
	drama	Drama	0.25	0.53125	0.65625	0.0625	0.375	0.125
	nutrit	Nutrition	0.1875	0.75	0.46875	0.75	0.03125	0.5
	clinic research	Clinical Research 	0.03125	0.96875	0.4375	0.875	0.125	0.375
	comput	Applied Computing	0.3125	0.25	0.6875	0.5	0.59375	0.5
	forens investig	Forensic Investigation	0.0625	0.4375	0.5625	0.875	0.625	0.125
	sport	Sports	0.3125	0.375	0.65625	0.78125	0.6875	0.375
	informat	Informatics	0.28125	0.75	0.5	0.5	0.125	0.15625
	design	DESIGN	0.28125	0.125	0.59375	0.625	0.5	0.125
	comput	Computers	0.375	0.3125	0.5625	0.8125	0.375	0.6875
	undecid	undecided	0.0	0.125	0.28125	0.6875	0.03125	0.0
	gerontolog	Gerontology	0.875	0.3125	0.59375	0.59375	0.28125	0.21875
	cybersecur	cybersecurity	0.71875	0.09375	0.0	0.40625	0.28125	0.3125
	programm	programmer	0.4375	0.46875	0.78125	0.46875	0.6875	0.5
	med	Pre Med	0.375	0.84375	0.5	0.75	0.375	0.3125
	fire technolog	fire tech	0.6875	0.5	0.46875	0.9375	0.46875	0.5
	write	Writing	0.0	0.4375	0.46875	0.34375	0.1875	0.375
	speech	Speech	0.28125	0.46875	0.71875	0.78125	0.75	0.21875
	inform technolog	I.T	0.46875	0.375	0.84375	0.71875	0.71875	0.9375
	horticultur	horticulture	0.3125	0.875	0.71875	0.09375	0.09375	0.125
	bus inform technolog	Bus/IT	0.78125	0.875	0.1875	0.21875	0.3125	0.5
	psicologia	psicologia	0.0625	0.125	0.1875	0.78125	0.03125	0.0
	informat	informatics	0.71875	0.84375	0.71875	0.34375	0.25	0.625
	cirriculum	general cirriculum	0.15625	0.5625	0.21875	0.75	0.375	0.1875
	organiz leadership	Organizational Leadership	0.1875	0.1875	0.6875	0.78125	0.53125	0.25
	dietet	Dietetics	0.03125	0.6875	0.125	0.625	0.09375	0.1875
	forens	Forensics	0.25	0.625	0.5	0.0625	0.09375	0.28125
	christian ministri	Christian Ministry	0.0	0.0	0.1875	0.53125	0.4375	0.65625
	languag	languages	0.0	0.0	0.09375	0.125	0.1875	0.0
	weld pipe weld	Welding-pipe welding	0.875	0.0	0.21875	0.0	0.28125	0.0625
	undicid	undicided 	0.09375	0.5625	0.71875	0.8125	0.625	0.6875
	creativ write	creative writing	0.0	0.5	0.6875	0.75	0.3125	0.1875
	cinema	Cinema	0.1875	0.53125	1.0	0.53125	0.1875	0.0625
	apparel merchandis	Apparel Merchandising	0.15625	0.125	0.21875	0.40625	0.25	0.15625
	b pharm	B PHARM	0.125	0.4375	0.4375	0.75	0.25	0.125
	film tv	Film & TV	0.1875	0.125	0.4375	0.0625	0.0625	0.0
	mechan	mechanical	0.46875	0.75	0.21875	0.8125	0.375	0.84375
	kinesiolog	kinesiology	0.1875	0.8125	0.375	0.875	0.0625	0.09375
	cycber secur	cycber security	0.5625	0.375	0.53125	0.84375	0.625	0.46875
	inform technolog	IT	0.0625	0.09375	0.1875	0.0625	0.09375	0.5625
	film	film studies	0.40625	0.375	0.0	0.125	0.09375	0.46875
	pharmaci	Pharmacy	0.5	0.6875	0.34375	0.5625	0.4375	0.59375
	dietet	Dietetics	0.0	0.5625	0.28125	0.59375	0.3125	0.40625
	inform technolog	Information Technology	0.34375	0.46875	0.6875	0.625	0.5625	0.25
	quantiti survey	quantity surveying	0.53125	0.875	0.78125	0.75	0.5625	0.625
	pharmaci	pharmacy	0.34375	0.40625	0.375	0.6875	0.59375	0.46875
	undecid	UNDECIDED	0.1875	0.375	0.125	0.75	0.0	0.0625
	culinari	Culinary	0.0	0.5	0.8125	0.84375	0.09375	0.0
	technolog	Technology	0.25	0.4375	0.375	0.125	0.21875	0.1875
	comput	Computing	0.40625	0.53125	0.84375	0.0625	0.15625	0.3125
	sport	Sports	0.875	0.75	0.125	0.5	0.25	0.25
	letra portuguê inglê	Letras (Português/Inglês)	0.25	0.125	0.3125	0.46875	0.15625	0.1875
	speech drama	speech, drama	0.4375	0.46875	0.78125	0.875	0.34375	0.59375
	tourism	tourism	0.09375	0.4375	0.0	0.4375	0.21875	0.125
	medic reimburs code	Medical reimbursement and coding	0.0625	0.40625	0.0625	0.8125	0.5625	0.71875
	environment	Environmental Studies	0.0	0.375	0.53125	0.78125	0.40625	0.09375
	film score	Film Scoring	0.0	0.25	0.71875	0.4375	0.0	0.0
	secretari	Secretarial	0.21875	0.46875	0.4375	0.625	0.875	0.8125
	televis radio	Television-Radio	0.34375	0.65625	0.875	0.375	0.40625	0.0625
	film	Film	0.4375	0.59375	0.5625	0.5	0.375	0.1875
	inform technolog	IT	0.625	0.125	0.53125	0.53125	0.34375	0.8125
	inform technolog comput	IT Computing	0.84375	0.3125	0.25	0.78125	0.4375	0.875
	mass comm	Mass comm	0.09375	0.125	0.59375	0.8125	0.40625	0.34375
	inform technolog	Information technology	0.1875	0.0	0.0	0.21875	0.0625	0.40625
	digit media	digital media	0.4375	0.4375	0.6875	0.40625	0.1875	0.375
	physocolog	Physocology	0.375	0.4375	0.5	0.375	0.5	0.59375
	neuro	neuro	0.28125	0.28125	0.5	0.5	0.53125	0.53125
	gerontolog	Gerontology	0.0625	0.40625	0.46875	0.625	0.25	0.34375
	design	Design	0.34375	0.65625	0.5	0.5	0.34375	0.34375
	network secur	Network and Security	0.59375	0.40625	0.28125	0.125	0.40625	0.65625
	medic code	medical coding	0.25	0.53125	0.15625	0.78125	0.1875	0.5625
	admini	adminis	0.25	0.03125	0.34375	0.65625	0.375	0.65625
	pharmaci	Pre Pharmacy	0.0	0.40625	0.25	0.0625	0.03125	0.1875
	medic reimburs code	Medical Reimbursement and Coding	0.0625	0.5625	0.34375	0.625	0.3125	0.71875
	speech therapi	Speech therapy	0.0625	0.34375	0.375	0.46875	0.3125	0.09375
	n >	N>A	0.125	0.25	0.5625	0.84375	0.09375	0.28125
	kinesiolog	Kinesiology	0.15625	0.5625	0.09375	0.5	0.09375	0.75
	kinesiolog	kinesiology	0.5	0.5	0.375	0.53125	0.34375	0.5
	kinesiolog	Kinesiology	0.125	0.5625	0.34375	0.875	0.34375	0.1875
	enign	enigneering	0.375	0.65625	0.625	0.625	0.25	0.375
	chad	CHAD	0.09375	0.65625	0.34375	0.53125	0.28125	0.53125
	inform technolog	IT	0.46875	0.71875	0.65625	0.71875	0.3125	0.5
	pedagolog	pedagology	0.1875	0.09375	0.21875	0.0	0.34375	0.15625
	inform technolog	IT	0.34375	1.0	0.65625	0.75	0.5625	0.25
	medic assist	Medical Assistant	0.34375	0.53125	0.0	0.625	0.28125	0.71875
	speech patholog	Speech Pathology	0.125	0.46875	0.71875	0.71875	0.125	0.0
	occuoat therapi	occuoational therapy	0.4375	0.4375	0.6875	0.3125	0.40625	0.65625
	kinesiolog	kinesiology	0.0	0.75	0.28125	0.84375	0.125	0.0
	tourism	tourism	0.0625	0.21875	0.625	0.59375	0.25	0.09375
	lifesci	Lifescience	0.46875	0.59375	0.625	0.65625	0.5625	0.46875
	psicologia cognitiv	psicologia cognitiv	0.125	0.5	0.46875	0.0	0.0	0.25
	program	Programming	0.28125	0.65625	0.8125	0.34375	0.125	0.40625
	inform technolog	Information Technology	0.5	0.0	0.125	0.75	0.125	0.875
	technik	technik	0.46875	0.1875	0.03125	0.34375	0.71875	0.4375
	film media	Film and media	0.15625	0.0625	0.6875	0.28125	0.5	0.125
	contemporari technic sceneographi	Contemporary Studies, Technical Sceneography 	0.65625	0.75	0.65625	0.71875	0.28125	0.6875
	theatr	Theatre	0.0	0.53125	0.75	0.78125	0.53125	0.0625
	paraleg	Paralegal Studies	0.125	0.40625	0.59375	0.5	0.34375	0.0625
	theater	Theater	0.375	0.71875	0.65625	0.40625	0.3125	0.09375
	environ	Environment studies	0.1875	0.5	0.84375	0.625	0.375	0.0
	write	writing	0.0	0.03125	0.25	0.3125	0.0	0.09375
	aviat	Aviation 	0.6875	0.15625	0.40625	0.28125	0.34375	0.21875
	tourism	Tourism	0.09375	0.09375	0.28125	0.4375	0.75	0.3125
	athlet train	Athletic Training	0.46875	0.8125	0.46875	0.46875	0.46875	0.28125
	design technolog	Design Technology	0.25	0.78125	0.8125	0.375	0.5625	0.46875
	neither	neither	0.46875	0.875	0.875	0.65625	0.59375	0.375
	system	Systems	0.0	0.0	0.375	0.1875	0.46875	0.21875
	develop	Development	0.09375	0.0625	0.5625	0.875	0.21875	0.15625
	undecid	undecided	0.21875	0.59375	0.3125	0.6875	0.5625	0.5
	psychiatrist	psychiatrist	0.28125	0.8125	0.6875	0.875	0.5625	0.375
	electron	Electronics	0.375	0.5	0.46875	0.875	0.3125	0.46875
	american	American Studies	0.03125	0.4375	0.5	0.625	0.625	0.4375
	hotel mangement	hotel mangement	0.3125	0.03125	0.75	0.65625	0.34375	0.125
	design	Design	0.125	0.6875	0.78125	0.5625	0.28125	0.3125
	bank	Banking	0.34375	0.0	0.125	0.53125	0.96875	1.0
	undecid	undecided	0.46875	0.53125	0.5625	0.40625	0.59375	0.6875
	comput	Computer	0.75	0.71875	0.59375	0.75	0.25	0.5
	film	Film	0.21875	0.40625	0.71875	0.15625	0.5	0.40625
	social	Social studies	0.3125	0.1875	0.1875	0.875	0.3125	0.75
	child develop	Child Development 	0.65625	0.5	0.6875	0.71875	0.65625	0.3125
	logist	logistics	0.0625	0.125	0.1875	0.625	0.9375	0.34375
	micro	Micro	0.375	1.0	0.15625	0.46875	0.09375	0.0
	kinesiolog	Kinesiology 	0.1875	1.0	0.625	0.5625	0.28125	0.0625
	bioinformat	Bioinformatics 	0.03125	0.59375	0.875	0.25	0.125	0.0625
	current undeclar	Currently Undeclared	0.0	0.1875	0.125	0.0	0.15625	0.0
	american sign languag	American Sign Language	0.5	0.4375	0.65625	0.96875	0.5	0.5
	nurd	nurding	0.25	0.96875	0.53125	0.75	0.46875	0.5
	design	Design	0.5	0.40625	0.5	0.1875	0.15625	0.5
	medic laboratori technician	medical laboratory technician	0.53125	0.4375	0.59375	0.5	0.46875	0.65625
	microelectron	Microelectronics	0.0625	0.125	0.1875	0.625	0.8125	0.75
	na	N.a	0.375	0.34375	0.53125	0.84375	0.53125	0.65625
	logist	Logistic	0.5	0.375	0.8125	0.875	0.75	0.8125
	inform technolog	Information Technology	0.25	0.0625	0.1875	0.46875	0.125	0.25
	liber	Liberal Studies	0.0	0.25	0.3125	0.09375	0.0	0.0625
	inform technolog	Information Technology	0.625	0.46875	0.34375	0.375	0.59375	0.5625
	drama	Drama	0.1875	0.3125	0.78125	0.78125	0.21875	0.15625
	filmmak	filmmaking	0.4375	0.34375	0.5	0.375	0.1875	0.375
	nutrit dietet	Nutrition &a Dietetics 	0.40625	0.5625	0.40625	0.8125	0.75	0.59375
	culinari	Culinary	0.25	0.625	0.5	0.78125	0.09375	0.0625
	electrician	Electrician 	0.5625	0.5	0.0	0.6875	0.4375	0.59375
	islam	Islamic	0.34375	0.3125	0.34375	0.75	0.34375	0.53125
	languag	Languages	0.53125	0.75	0.75	0.5	0.8125	0.03125
	radiolog	radiology	0.71875	1.0	0.625	0.71875	0.4375	0.3125
	medic	Medical	0.3125	0.65625	0.46875	0.6875	0.5625	0.5
	dental hygeinist	dental hygeinist	0.3125	0.3125	0.09375	0.625	0.5	0.21875
	textil design	Textile design	0.1875	0.0	0.375	0.6875	0.625	0.28125
	dental	Dental	0.0	0.53125	0.25	0.8125	0.5	0.09375
	speech languag patholog	speech language pathology	0.1875	0.625	0.75	0.90625	0.53125	0.0
	fire technolog	Fire Technology 	0.40625	0.5	0.3125	0.5	0.5	0.59375
	dentistri	Dentistry	0.46875	0.59375	0.40625	0.46875	0.53125	0.71875
	pharmaci	pharmacy	0.4375	0.125	0.71875	0.25	0.0	0.375
	leadership	Leadership	0.0625	0.0625	0.125	0.6875	0.15625	0.1875
	film	Film	0.0	0.34375	0.53125	0.3125	0.125	0.09375
	hospit	Hospitality	0.46875	0.6875	0.84375	0.90625	0.625	0.46875
	speech therapi	Speech therapy 	0.0625	0.46875	0.21875	0.78125	0.3125	0.0
	pharmaci	Pharmacy	0.09375	0.25	0.25	0.34375	0.34375	0.46875
	nutrit dietet	Nutrition and Dietetics	0.09375	0.6875	0.5	0.78125	0.03125	0.21875
	digit anim	Digital Animation	0.40625	0.9375	0.4375	0.65625	0.40625	0.5
	ministri	Ministry	0.59375	0.59375	0.5625	0.8125	0.40625	0.46875
	buis	buisness	0.28125	0.21875	0.625	0.5	0.5625	0.5
	mechan	Mechanic	0.75	0.90625	0.75	0.6875	0.78125	0.90625
	industri design	Industrial Design	0.53125	0.46875	0.3125	0.40625	0.40625	0.375
	undecid	Undecided	0.0	0.0625	0.6875	0.34375	0.46875	0.1875
	inform technolog	IT	0.5	0.71875	0.65625	0.53125	0.25	0.3125
	comput applic	Computer Application	0.25	0.375	0.3125	0.34375	0.28125	0.5625
	inform technolog	IT	0.5	0.53125	0.03125	0.3125	0.25	0.46875
	mechatron	Mechatronics	0.53125	0.625	0.53125	0.4375	0.3125	0.4375
	environment	Environmental Studies	0.375	0.875	0.40625	0.5625	0.28125	0.4375
	dentistri	dentistry	0.65625	0.71875	0.75	0.84375	0.78125	0.6875
	dentistri	Dentistry	0.1875	0.65625	0.4375	0.75	0.5625	0.375
	dentistri	Dentistry	0.0625	0.5	0.4375	0.875	0.5625	0.3125
	dentist	DENTIST	0.59375	0.4375	0.1875	0.78125	0.46875	0.6875
	dentistri	dentistry	0.375	0.6875	0.6875	0.875	0.78125	0.4375
	ministri	Ministry	0.46875	0.1875	0.625	0.75	0.46875	0.09375
	robot	Robotics	0.0625	0.25	0.5625	0.75	0.125	0.5
	electron	Applied Electronics	0.6875	0.375	0.25	0.84375	0.375	0.65625
	aviat	Aviation	0.5	0.5	0.46875	1.0	0.59375	1.0
	plan	Planning	0.3125	0.59375	0.78125	0.4375	0.65625	0.65625
	speech patholog	Speech pathology	0.1875	0.125	0.40625	0.78125	0.28125	0.28125
	church ministri	Church Ministry	0.1875	0.4375	0.6875	0.59375	0.34375	0.03125
	physiotherapi	physiotherapy	0.40625	0.65625	0.78125	0.6875	0.21875	0.28125
	teac	teacing	0.25	0.84375	0.40625	0.5625	0.125	0.1875
	leadership	Leadership	0.15625	0.5	0.21875	0.9375	0.4375	0.4375
	entrepreneurship	Entrepreneurship	0.6875	0.90625	1.0	0.90625	0.90625	0.78125
	social servic	Social Services	0.15625	0.03125	0.5	0.625	0.4375	0.59375
	dental hygien	Dental Hygiene	0.53125	0.21875	0.21875	0.65625	0.3125	0.59375
	ict	ICT	0.9375	0.78125	0.71875	0.90625	0.875	0.90625
	procur	Procurement	0.4375	0.40625	0.65625	0.9375	0.625	0.875
	inform technolog	IT	0.28125	0.40625	0.875	0.90625	0.78125	0.6875
	cyber secur	Cyber Security	0.125	0.40625	0.0	0.09375	0.09375	0.125
	liber	Liberal studies	0.0625	0.0625	0.15625	0.0	0.0	0.15625
	hospit	hospitality	0.3125	0.40625	0.5	0.65625	0.59375	0.53125
	admnistração	Admnistração	0.40625	0.40625	0.5625	0.90625	0.71875	0.59375
	comput	Computer	0.375	0.3125	0.21875	0.09375	0.0625	0.3125
	inform technolog	information technology	0.5	0.78125	0.40625	0.59375	0.15625	0.34375
	hospit	Hospitality	0.53125	0.4375	0.40625	0.75	0.4375	0.40625
	medic assist	MEDICAL ASSISTING	0.3125	0.75	0.09375	0.46875	0.40625	0.34375
	cybersecur	cybersecurity	0.03125	0.4375	0.21875	0.1875	0.125	0.46875
	theater	Theater	0.09375	0.03125	0.96875	0.78125	0.5	0.09375
	women gender	Women and gender studies 	0.28125	0.53125	0.5	0.8125	0.5625	0.5625
	org leadership	Org. Leadership	0.21875	0.625	0.4375	0.59375	0.25	0.5625
	mechan	mechanical	0.5625	0.65625	0.5	0.65625	0.65625	0.5
	everyth	Everything	0.4375	0.9375	0.71875	0.375	0.5625	0.09375
	islam	islamic	0.28125	0.46875	0.5625	0.84375	0.40625	0.3125
	cybersecur	Cybersecurity	0.15625	0.03125	0.03125	0.3125	0.15625	0.875
	organiz leadership	Organizational Leadership	0.71875	0.25	0.21875	0.4375	0.34375	0.53125
	attend	Not yet attending	0.3125	1.0	0.875	0.75	0.53125	0.5
	cybersecur	Cybersecurity	0.21875	0.34375	0.28125	0.6875	0.375	0.78125
	cybersecur	CyberSecurity	0.4375	0.6875	0.65625	0.53125	0.59375	0.5625
	cyber secur	Cyber security	0.375	0.625	0.65625	0.78125	0.40625	0.1875
	bca	bca	0.4375	0.625	0.75	0.84375	0.59375	0.75
	comput technolog	COMPUTER TECHNOLOGY	0.59375	0.625	0.875	0.75	0.6875	0.6875
	comput applic	COMPUTER APPLICATION	0.59375	0.65625	0.8125	0.75	0.65625	0.6875
	comput technolog	computer technology	0.75	0.8125	0.9375	0.9375	0.625	0.875
	cyber secur	Cyber Security	0.28125	0.15625	0.03125	0.875	0.34375	0.53125
	dietet	dietetic	0.375	0.5	0.28125	0.75	0.71875	0.75
	medic technolog	Medical Technology	0.0	0.21875	0.3125	0.75	0.0	0.0625
	system inform	System information	0.25	0.25	0.375	0.125	0.0	0.0
	hospit	Hospitality 	0.28125	0.09375	0.53125	0.75	0.6875	0.625
	speech patholog	speech pathology	0.1875	0.65625	0.3125	0.84375	0.0625	0.21875
	radiolog technician	Radiology Technician	0.21875	0.625	0.71875	0.5	0.4375	0.65625
	entrepreneurship	ENTREPRENEURSHIP	0.4375	0.8125	0.90625	0.90625	0.75	0.5
	hospit	HOSPITALITY	0.5	0.4375	0.75	0.8125	0.71875	0.59375
	undeclar	Undeclared 	0.25	0.71875	0.28125	0.59375	0.15625	0.34375
	kannada	kannada	0.46875	0.5	0.53125	0.53125	0.5625	0.59375
	dentistri	Dentistry	0.4375	0.65625	0.21875	0.21875	0.3125	0.5
	modern lanaguag	Modern Lanaguages	0.46875	0.53125	0.59375	0.84375	0.28125	0.59375
	nutrit	nutrition	0.0	0.5625	0.53125	0.75	0.28125	0.15625
	youth ministri	Youth Ministry	0.53125	0.28125	0.28125	0.6875	0.3125	0.25
	na	na	0.90625	0.9375	0.4375	0.9375	0.59375	0.34375
	help	Helping	0.4375	0.75	0.53125	1.0	0.75	0.75
	pastri bake	Pastry & baking	0.1875	0.15625	0.34375	0.1875	0.09375	0.1875
	pastri bake	Pastry & Baking	0.0	0.0	0.09375	0.375	0.3125	0.0
	comput	Computing	0.5625	0.59375	0.6875	0.53125	0.65625	0.5625
	dentistri	Dentistry	0.0625	0.9375	0.375	0.4375	0.09375	0.0625
	town plan	Town Planning 	0.40625	0.5625	0.53125	0.5	0.4375	0.28125
	comput	Computers	0.25	0.40625	0.5625	0.5625	0.4375	0.28125
	iktisat	Iktisat	0.3125	0.5	0.53125	0.28125	0.8125	0.8125
	game develop	Game Development	0.25	0.78125	0.40625	0.28125	0.34375	0.34375
	comput	computer	0.46875	0.0625	0.09375	0.15625	0.125	0.34375
	south asian	South Asian Studies	0.3125	0.84375	0.6875	0.59375	0.3125	0.4375
	informat	Informatics	0.3125	0.71875	0.4375	0.71875	0.25	0.0625
	anim	animation	0.1875	0.375	0.5	0.3125	0.25	0.34375
	infocomm	Infocomm	0.65625	0.375	0.25	0.53125	0.625	0.8125
	game design	Game Design	0.3125	0.4375	0.78125	0.3125	0.34375	0.21875
	media design	Media and design	0.09375	0.78125	0.71875	0.5625	0.34375	0.0625
	inform technolog	Information Technology	0.34375	0.96875	0.40625	0.53125	0.46875	0.4375
	kineseolog	kineseology	0.53125	0.40625	0.1875	0.59375	0.375	0.3125
	fashion merchandis	Fashion merchandising 	0.0625	0.34375	0.3125	0.34375	0.375	0.0625
	general	Generals	0.5625	1.0	0.84375	0.53125	0.15625	0.1875
	teach	Teaching	0.53125	0.53125	0.4375	0.6875	0.53125	0.53125
	media product	Media/production	0.375	0.375	0.71875	0.71875	0.46875	0.4375
	exercis sport scien	Exercise Sports Sciene	0.0	0.53125	0.0625	0.65625	0.03125	0.1875
	medic code	Medical coding	0.1875	0.6875	0.25	0.375	0.25	0.28125
	nutrit	Nutrition	0.59375	0.28125	0.53125	0.5625	0.40625	0.625
	undecid	undecided	0.21875	0.75	0.375	0.59375	0.59375	0.15625
	quimica	Quimica	0.375	0.40625	0.46875	0.59375	0.375	0.21875
	pharmaci	Pharmacy	0.0625	0.9375	0.8125	0.84375	0.03125	0.0
	fit train	Fitness training	0.71875	0.59375	0.53125	0.78125	0.71875	0.65625
	languag	Language	0.125	0.34375	0.1875	0.71875	0.28125	0.4375
	draft	drafting	0.53125	0.1875	0.15625	0.28125	0.125	0.09375
	fashion merchandis	Fashion Merchandising 	0.09375	0.0625	0.1875	0.71875	0.46875	0.53125
	inform technolog	IT	0.0	0.0625	0.0	0.1875	0.0	0.375
	paramed	Paramedic 	0.5625	0.8125	0.46875	0.375	0.46875	0.65625
	aviat	Aviation 	0.375	0.625	0.53125	0.75	0.6875	0.5
	nil	nil	0.3125	0.5	0.4375	0.34375	0.40625	0.46875
	higher coach pyscholog	Higher Diploma in Coaching Pyschology	0.125	0.21875	0.59375	0.75	0.09375	0.21875
	pharmaci	Pharmacy 	0.1875	0.78125	0.09375	0.46875	0.59375	0.53125
	social welar	Social Welare	0.21875	0.5	0.625	0.6875	0.5	0.21875
	inform technolog	Information technology	0.6875	0.71875	0.84375	0.78125	0.8125	0.75
	media	Media 	0.1875	0.6875	0.65625	0.5	0.09375	0.125
	psychotherapi	Psychotherapy	0.0	0.34375	0.1875	0.65625	0.0625	0.0625
	danc	Dance	0.21875	0.59375	0.65625	0.53125	0.34375	0.0625
	inform technolog	Information Technology	0.03125	0.6875	0.125	0.5	0.21875	0.09375
	primari teach	Primary Teaching	0.0	0.5625	0.34375	0.84375	0.46875	0.3125
	furnitur design	Furniture Design	0.65625	0.625	0.34375	0.09375	0.375	0.40625
	film	film studies	0.0	0.0625	0.5	0.34375	0.375	0.4375
	undecid	Undecided	0.125	0.4375	0.84375	0.625	0.34375	0.03125
	food technolog	Food Technology	0.21875	0.71875	0.09375	0.84375	0.65625	0.59375
	site supervisor	site supervisor	0.625	0.59375	0.40625	0.5	0.53125	0.625
	theatr	Theatre	0.0	0.53125	0.78125	0.46875	0.4375	0.3125
	logist	Logistics	0.375	0.46875	0.53125	0.53125	0.34375	0.375
	teach	Teaching	0.0	0.71875	0.59375	0.65625	0.40625	0.0
	entrepreneurship	entrepreneurship 	0.4375	0.0	0.40625	0.4375	0.75	0.53125
	hospit	hospitality 	0.59375	0.6875	0.71875	0.84375	0.9375	0.84375
	film	Film	0.1875	0.75	0.9375	0.78125	0.5625	0.1875
	sport	Sports	0.375	0.5625	0.46875	0.6875	0.375	0.375
	biomed	biomed	0.21875	0.46875	0.0	0.09375	0.3125	0.5
	multimedia	Multimedia	0.40625	0.84375	0.75	0.4375	0.28125	0.15625
	construct	construction	0.46875	0.09375	0.125	0.34375	0.21875	0.1875
	electr	Electrical	0.5	0.4375	0.40625	0.625	0.53125	0.5
	environment conserv	environmental conservation studies	0.3125	0.78125	0.46875	0.71875	0.15625	0.4375
	undecid	Undecided	0.09375	0.5625	0.71875	0.625	0.46875	0.25
	child youth care	Child and Youth CAre	0.03125	0.34375	0.5	0.8125	0.5625	0.28125
	hospit	Hospitality	0.40625	0.875	0.90625	0.6875	0.25	0.40625
	hospit	Hospitality	0.4375	0.875	0.84375	0.59375	0.625	0.5625
	athlet train	Athletic Training	0.5625	0.46875	0.125	0.3125	0.21875	0.15625
	fetac	FETAC 6 + 5	0.5	0.0625	0.71875	0.71875	0.46875	0.28125
	pharmaci	pharmacy	0.40625	0.96875	0.84375	0.78125	0.625	0.25
	fashion	Fashion	0.15625	0.3125	0.65625	0.78125	0.65625	0.625
	pharmaci	pharmacy	0.21875	0.625	0.53125	0.40625	0.3125	0.375
	dental assist	dental assistant	0.34375	0.1875	0.0625	0.78125	0.15625	0.375
	medic imag	medical imaging	0.3125	0.71875	0.0625	0.625	0.21875	0.0625
	folklor	folklore	0.5	0.5625	0.75	0.59375	0.5	0.40625
	design interior	design interior	0.375	0.5625	0.625	0.59375	0.59375	0.4375
	doctor	Doctor	0.28125	0.78125	0.46875	0.375	0.9375	0.5625
	game program	Game Programming	0.375	0.75	0.4375	0.375	0.09375	0.25
	electron	electronics	0.625	0.40625	0.53125	0.71875	0.75	0.75
	comput	Computers	0.25	0.125	0.53125	0.4375	0.40625	0.125
	undeclar	undeclared	0.09375	0.6875	0.53125	0.6875	0.40625	0.15625
	quantit analysi	quantitative analysis	0.375	0.5	0.46875	0.53125	0.5	0.46875
	pastor	Pastor 	0.125	0.0	0.0625	0.34375	0.15625	0.3125
	theatr	Theatre	0.28125	0.75	0.875	0.34375	0.53125	0.40625
	nil	NIL	0.0	0.09375	0.75	0.46875	0.3125	0.09375
	child develop	Child development 	0.0	0.0625	0.0	0.65625	0.03125	0.1875
	medic product design	medical product design	0.34375	0.6875	0.625	0.71875	0.59375	0.125
	comput	Computer	0.4375	0.75	0.21875	0.40625	0.59375	0.75
	design	Design	0.09375	0.5625	0.71875	0.65625	0.28125	0.1875
	classic	Classics	0.0625	0.71875	0.75	0.71875	0.3125	0.3125
	theatr	theatre	0.3125	0.53125	0.53125	0.75	0.25	0.4375
	medic	medical	0.5	0.65625	0.46875	0.71875	0.25	0.59375
	kinesiolog	Kinesiology	0.09375	0.46875	0.5	0.6875	0.09375	0.0
	medic doctor	medical doctor 	0.28125	0.625	0.125	0.59375	0.34375	0.59375
	inform technolog	Information Technology	0.4375	0.28125	0.3125	0.78125	0.59375	0.5
	phisic tharapi	phisical tharapy 	0.3125	0.6875	0.4375	0.46875	0.09375	0.0625
	vocal product	Vocal production 	0.34375	0.5	0.625	0.75	0.375	0.5
	child develop	child development	0.28125	0.65625	0.15625	0.78125	0.25	0.375
	radio broadcast	Radio broadcasting	0.21875	0.5	0.71875	0.53125	0.40625	0.34375
	direito	direito	0.125	0.6875	0.5625	1.0	0.125	0.0625
	industri design	Industrial Design	0.375	0.71875	0.5625	0.40625	0.03125	0.09375
	veterinarian assist	Veterinarian Assistant 	0.15625	0.71875	0.3125	0.59375	0.78125	0.21875
	cosmetolog	cosmetology	0.34375	0.25	0.4375	0.125	0.5625	0.5
	addict	Addiction Studies	0.0	0.5625	0.5625	0.78125	0.21875	0.09375
	film	Film	0.28125	0.3125	0.71875	0.28125	0.59375	0.4375
	paramed	Paramedic	0.1875	0.625	0.53125	0.5625	0.46875	0.21875
	mechan	Mechanical 	0.5	0.625	0.46875	0.65625	0.15625	0.0625
	tourism	tourism	0.125	0.0	0.03125	0.125	0.1875	0.0625
	hca	HCA	0.21875	0.21875	0.15625	0.78125	0.625	0.84375
	thech	thech	0.59375	0.59375	0.59375	0.6875	0.625	0.71875
	languag	Languages	0.375	0.65625	0.3125	0.5	0.625	0.78125
	labor relat	Labor Relations 	0.0	0.125	0.34375	0.5625	0.46875	0.0625
	food technolog	Food Technology	0.59375	0.53125	0.53125	0.5625	0.625	0.6875
	mis	mis	0.0625	0.21875	0.125	0.28125	0.34375	0.15625
	design	Design	0.03125	0.40625	0.5625	0.5	0.46875	0.375
	psyc	Psyc	0.28125	0.65625	0.46875	0.53125	0.125	0.34375
	inform technolog	IT	0.59375	0.625	0.40625	0.3125	0.65625	0.59375
	luxuri	Luxury	0.0625	0.375	0.46875	0.46875	0.53125	0.25
	kineseolog	Kineseology	0.15625	0.78125	0.59375	0.5625	0.1875	0.15625
	languag	languages	0.09375	0.21875	0.40625	0.25	0.1875	0.1875
	textil	Textiles	0.1875	0.125	0.46875	0.71875	0.8125	0.59375
	environment	Environmental studies	0.5625	0.6875	0.65625	0.40625	0.28125	0.65625
	medic	medical	0.21875	0.53125	0.5625	0.6875	0.53125	0.5
	inform technolog	I.T	0.34375	0.125	0.28125	0.4375	0.375	0.75
	inform technolog	iNFORMATION tECHNOLOGY	0.34375	0.0	0.0	0.4375	0.0625	0.9375
	ultrasound technolog	ultrasound tech 	0.75	0.1875	0.40625	0.40625	0.75	0.78125
	food scientist	food scientist	0.34375	0.875	0.78125	0.875	0.9375	0.875
	communiti develop	Community Development	0.0	0.09375	0.75	0.5	0.25	0.125
	na	na	0.84375	0.34375	0.25	0.5	0.5625	0.46875
	suppli chain	supply chain	0.5	0.5	0.5	0.6875	0.59375	0.53125
	nil	NIL	0.1875	0.125	0.125	0.8125	0.0625	0.8125
	film product	Film Production	0.0625	0.1875	0.5625	0.59375	0.15625	0.03125
	culinari	Associate Culinary	0.59375	0.8125	1.0	1.0	0.84375	0.625
	entrepreneurship tourism	Entrepreneurship and tourism	0.34375	0.4375	0.71875	0.96875	0.8125	0.6875
	hospit	Hospitality 	0.34375	0.46875	0.34375	0.625	0.375	0.40625
	na	na	0.46875	0.0	0.25	0.5	0.0	0.03125
	comput	computers	0.53125	0.09375	0.5	0.3125	0.375	0.4375
	medic imag	medical imaging	0.375	0.9375	0.4375	0.46875	0.25	0.25
	engen	engeneering	0.4375	0.375	0.375	0.71875	0.53125	0.15625
	nutrit	Nutrition	0.0	0.25	0.15625	0.46875	0.125	0.0
	teach	Teaching	0.15625	0.25	0.46875	0.625	0.4375	0.28125
	theatr	Theatre	0.21875	0.3125	0.75	0.6875	0.53125	0.5625
	war	War Studies	0.4375	0.78125	0.90625	0.34375	0.4375	0.15625
	invest	investments	0.1875	0.5625	0.3125	0.875	0.6875	0.6875
	medic student	Medical Student	0.625	0.75	0.65625	0.65625	0.59375	0.6875
	career councel	career counceling	0.0	0.09375	0.375	0.28125	0.1875	0.53125
	pharmaci	pharmacy	0.375	0.84375	0.65625	0.65625	0.4375	0.40625
	design	design	0.03125	0.5625	0.84375	0.5625	0.28125	0.03125
	mái tính	Máy tính	0.34375	0.03125	0.28125	0.125	0.375	0.53125
	ai	AI	0.125	0.375	0.3125	0.15625	0.0	0.15625
	level	A Levels	0.375	0.6875	0.3125	0.75	0.9375	0.5625
	somatolog	somatology	0.0	0.6875	0.03125	0.5	0.0625	0.09375
	environment current	Environmental Studies (Current)	0.21875	0.75	0.28125	0.46875	0.3125	0.34375
	dentist	dentist	0.0625	1.0	0.4375	0.84375	0.125	0.0
	compter	Compters	0.28125	0.53125	0.625	0.09375	0.125	0.09375
	comput	computers	0.15625	0.21875	0.5625	0.65625	0.625	0.5
	liber	Liberal Studies	0.0	0.28125	0.46875	0.25	0.0	0.09375
	inform technolog	Information Technology	0.3125	0.65625	0.53125	0.84375	0.21875	0.40625
	comput	Computing	0.28125	0.625	0.8125	0.28125	0.0	0.09375
	talent develop	Talent Development	0.0625	0.125	0.65625	0.6875	0.78125	0.46875
	undecid	Undecided	0.28125	0.21875	0.59375	0.4375	0.375	0.28125
	languag	language	0.28125	0.84375	0.53125	0.53125	0.1875	0.34375
	dental hygien	Dental Hygiene	0.0625	0.40625	0.90625	0.6875	0.15625	0.0
	tourism	tourism	0.4375	0.6875	0.46875	0.6875	0.71875	0.53125
	nutrit	Nutrition	0.0625	0.71875	0.59375	0.5625	0.46875	0.46875
	doctor	Doctor	0.65625	0.96875	0.625	0.8125	0.53125	0.75
	chemic depend	Chemical Dependency	0.3125	0.875	0.46875	0.9375	0.625	0.28125
	translat	Translations	0.125	0.46875	0.6875	0.59375	0.34375	0.03125
	kinesiolog	kinesiology	0.0	0.3125	0.03125	0.5	0.34375	0.03125
	comput inform technolog	Computer Information Technology	0.5625	0.375	0.4375	0.34375	0.1875	0.375
	cosmotolog	cosmotology	0.15625	0.21875	0.03125	0.4375	0.28125	0.6875
	literaci	Literacy 	0.40625	0.75	0.71875	0.46875	0.21875	0.1875
	nil	NIL	0.25	0.71875	0.84375	0.8125	0.5625	0.375
	radiolog	Radiology? 	0.0625	0.375	0.25	0.1875	0.09375	0.03125
	geo informat	Geo informatics	0.375	0.125	0.15625	0.3125	0.625	0.625
	adminstracao	adminstracao	0.59375	0.4375	0.25	0.78125	0.78125	0.78125
	cientista da computação	cientista da computação	0.15625	0.375	0.46875	0.75	0.1875	0.21875
	nutrit	Nutrition 	0.09375	0.71875	0.59375	0.5625	0.25	0.09375
	film	Film Studies	0.03125	0.0625	0.75	0.25	0.15625	0.03125
	santé	santé	0.25	0.34375	0.25	0.65625	0.3125	0.21875
	electron	Electronic	0.59375	0.28125	0.46875	0.9375	0.46875	0.65625
	medic	medical	0.40625	0.375	0.40625	0.5	0.65625	0.46875
	comput secur	Computer security 	0.875	1.0	0.875	0.5625	0.65625	0.3125
	electron	electronic	0.5	0.28125	0.375	0.75	0.21875	0.59375
	medic	medical	0.40625	0.65625	0.59375	0.65625	0.6875	0.5625
	xxxxx	Xxxxx	0.5	0.78125	0.0625	0.4375	0.46875	0.5
	languag	Languages	0.46875	0.8125	0.8125	0.5625	0.40625	0.46875
	design media	Design and Media	0.46875	0.75	0.59375	0.75	0.625	0.5625
	design	Design	0.125	0.5625	0.46875	0.59375	0.09375	0.0
	inform technolog	It	0.4375	0.0625	0.25	0.125	0.09375	0.125
	medic	Medical	0.625	0.96875	0.59375	0.75	0.3125	0.46875
	medic	Medical 	0.25	0.78125	0.625	0.4375	0.34375	0.0625
	specialist	specialist 	0.5625	0.71875	0.71875	0.625	0.53125	0.5
	specialist	specialist 	0.5	0.71875	0.78125	0.65625	0.53125	0.4375
	physio	Physio	0.09375	0.21875	0.1875	0.15625	0.03125	0.03125
	specialist	specialist 	0.5	0.75	0.6875	0.65625	0.40625	0.40625
	biomed	biomedical	0.46875	0.53125	0.21875	0.75	0.78125	0.4375
	aesthet cosmet	aesthetics and cosmetics	0.28125	0.625	0.65625	0.53125	0.34375	0.40625
	medic	medical	0.4375	1.0	0.875	1.0	0.65625	1.0
	interior design	interior design	0.4375	0.3125	0.6875	0.4375	0.15625	0.15625
	comput technolog	Computer Technology	0.46875	0.71875	0.0625	0.65625	0.5	0.8125
	medic	medical	0.5	0.8125	0.65625	0.78125	0.34375	0.3125
	psycot	Psycot	0.1875	0.40625	0.6875	1.0	0.625	0.25
	hospit	Hospitality	0.125	0.125	0.28125	0.28125	0.46875	0.5
	medic	medical	0.25	0.53125	0.1875	0.3125	0.5625	0.375
	theater	Theater	0.4375	0.6875	0.75	0.375	0.46875	0.59375
	comput	Computers	0.21875	0.0625	0.03125	0.46875	0.28125	0.5625
	buis	Buisness	0.09375	0.34375	0.46875	0.6875	0.375	0.5625
	theatr	Theatre 	0.375	0.3125	0.84375	0.5	0.5	0.53125
	pharmaci	Pharmacy	0.3125	0.78125	0.46875	0.21875	0.34375	0.125
	wmn sex	Gen, Wmn, Sex Studies	0.25	0.5	0.53125	0.5625	0.34375	0.5
	chef medic doctor	CHEF AND MEDICAL DOCTOR	0.09375	0.09375	0.84375	0.15625	0.9375	0.71875
	quantiti survey	Quantity surveying	0.78125	0.90625	0.90625	0.5625	0.5625	0.5625
	colledg lot learn	some colledge no degree lots of learning over	0.5	0.625	0.65625	0.40625	0.3125	0.1875
	psi	psy	0.5625	0.59375	0.53125	0.6875	0.6875	0.59375
	undecid	undecided	0.03125	0.125	0.09375	0.75	0.5625	0.28125
	inform technolog	Information Technology	0.59375	0.6875	0.46875	0.71875	0.34375	0.25
	cybersecur	Cybersecurity	0.5	0.78125	0.40625	0.4375	0.46875	0.46875
	ise	ise	0.28125	0.6875	0.75	0.6875	0.28125	0.0625
	theatr film	Theatre and Film	0.34375	0.625	0.6875	0.59375	0.21875	0.375
	inform technolog	IT	0.84375	0.59375	0.5625	0.84375	0.59375	0.8125
	uni	Not in uni	0.25	0.25	0.3125	0.25	0.5	0.25
	occup therapi	Occupational Therapy	0.03125	0.78125	0.5625	0.875	0.25	0.0
	forens	Forensics	0.0	0.625	0.375	0.8125	0.21875	0.21875
	medic laboratori technolog	Medical laboratory technology	0.15625	0.59375	0.34375	0.25	0.15625	0.5
	design	design	0.28125	0.0	0.09375	0.28125	0.8125	0.65625
	insur	insurance	0.0625	0.40625	0.3125	0.71875	0.09375	0.0625
	investig forens	Investigative Forensics	0.3125	0.84375	0.3125	0.875	0.78125	0.59375
	mytholog	Mythology	0.5	0.71875	0.84375	0.78125	0.0	0.0
	comput inform technolog	Computer Information Technology (Associates D	0.03125	0.03125	0.34375	0.4375	0.3125	0.25
	na	na	0.21875	0.28125	0.46875	0.8125	0.65625	0.46875
	technolog design	Technology and Design	0.1875	0.65625	0.9375	0.4375	0.21875	0.1875
	modern languag	Modern languages	0.25	0.84375	0.40625	0.75	0.40625	0.375
	cyber secur	Cyber Security	0.8125	0.6875	0.1875	0.40625	0.625	0.6875
	fiction write	Fiction Writing	0.28125	0.71875	0.625	0.3125	0.1875	0.125
	cyber secur	Cyber Security	0.40625	0.65625	0.65625	0.375	0.15625	0.40625
	humin	huminity	0.71875	0.4375	0.53125	0.59375	0.53125	0.6875
	cybersecur	cybersecurity	0.875	0.75	0.5	0.84375	0.9375	0.875
	arab	Arabic	0.15625	0.4375	0.75	0.9375	0.375	0.0625
	entreprenuership	Entreprenuership	0.53125	0.6875	0.78125	0.65625	0.65625	0.46875
	write	writing	0.0	0.4375	0.40625	0.40625	0.1875	0.78125
	theatr	Theatre 	0.125	0.09375	0.6875	0.46875	0.34375	0.03125
	entrepreneurship	Entrepreneurship	0.03125	0.375	0.75	0.625	0.21875	0.53125
	theater	Theater	0.0	0.59375	0.65625	0.9375	0.5625	0.3125
	nutritiion	nutritiion	0.65625	0.9375	1.0	0.875	0.65625	0.71875
	pharmaci	Pharmacy	0.09375	0.96875	0.875	0.875	0.5625	0.3125
	director	Director	0.15625	0.75	0.90625	0.625	0.5	0.46875
	comput	computer	0.59375	0.875	0.28125	0.5	0.40625	0.28125
	undecid	undecided	0.375	0.0625	0.21875	0.53125	0.625	0.90625
	publish creativ write	Publishing and Creative Writing	0.15625	0.1875	0.4375	0.28125	0.25	0.40625
	web develop	Web Developement	0.53125	0.6875	0.375	0.53125	0.34375	0.71875
	comput	Computing	0.40625	0.25	0.25	0.34375	0.34375	0.5
	piano perform	Piano Performance	0.0625	0.625	0.75	0.625	0.46875	0.3125
	project leadership	Project Leadership	0.0	0.40625	0.3125	0.46875	0.15625	0.25
	inform technolog	Information Technology	0.28125	0.59375	0.59375	0.65625	0.46875	0.53125
	rh	rh	0.28125	0.3125	0.25	0.84375	0.84375	0.5625
	medic	medic	0.3125	0.625	0.25	0.5	0.0	0.25
	film	Film	0.0625	0.09375	0.1875	0.34375	0.03125	0.0625
	psycholohi	psycholohy	0.1875	0.375	0.75	0.9375	0.875	0.625
	forens	Forensics	0.0	0.71875	0.3125	0.6875	0.125	0.0625
	modern languag	Modern languages	0.28125	0.90625	0.90625	0.875	0.4375	0.4375
	lpn	LPN	0.28125	0.21875	0.0	0.84375	0.6875	0.90625
	medic offic	Medical Office	0.0625	0.375	0.0625	0.34375	0.125	0.0625
	pharmaci	Pharmacy	0.40625	0.59375	0.375	0.6875	0.28125	0.59375
	pharmaci	pharmacy	0.625	1.0	0.875	0.53125	0.40625	0.5625
	teach	teaching	0.53125	0.65625	0.375	0.6875	0.375	0.40625
	model fashion design	modeling,fashion designing	0.125	0.0	0.6875	0.78125	0.65625	0.09375
	comput	Computing	0.375	0.71875	0.53125	0.6875	0.0	0.0
	environment	Environmental Studies	0.09375	0.75	0.5	0.3125	0.15625	0.1875
	comput	Computing	0.28125	0.78125	0.3125	0.46875	0.21875	0.28125
	liber	liberal studies	0.34375	0.375	0.59375	0.0625	0.21875	0.21875
	medic	Medical	0.15625	1.0	0.34375	0.84375	0.65625	0.71875
	industri instrument	Industrial Instrumentation	0.53125	0.5	0.5	0.375	0.15625	0.28125
	fashion merchandis	Fashion Merchandising.	0.5	0.5	0.5	0.5	0.5	0.5
	kinesiolog	kinesiology	0.53125	0.5	0.46875	0.53125	0.5	0.3125
	inform technolog	Information Technology	0.5	0.75	0.15625	0.625	0.4375	0.5625
	inform technolog	IT	0.59375	0.375	0.34375	0.3125	0.40625	0.65625
	veterinari technolog	Veterinary Technology	0.5625	1.0	0.4375	0.375	0.125	0.25
	electr mainten	Electrical Maintenance	0.625	0.65625	0.28125	0.5	0.5	0.46875
	person trainer	Personal trainer	0.1875	0.15625	0.4375	0.3125	0.125	0.0625
	medic	Medical	0.28125	0.5625	0.5	0.625	0.40625	0.3125
	interior design	interior design	0.4375	0.09375	0.53125	0.46875	0.53125	0.46875
	radiolog	Radiology	0.5625	0.65625	0.21875	0.4375	0.0625	0.40625
	cosmitoligi	cosmitoligy	0.0	0.0	0.0	0.25	0.4375	0.0
	video edit	Video Editing	0.125	0.0	0.34375	0.28125	0.4375	0.0625
	kinesiolog	Kinesiology	0.78125	0.34375	0.0625	0.90625	0.5625	0.375
	design	Design	0.34375	0.75	0.65625	0.34375	0.28125	0.0
	comput inform technolog	Computer Information Technology	0.8125	0.78125	0.59375	0.4375	0.625	0.6875
	kinesiolog	Kinesiology	0.53125	0.1875	0.0625	0.96875	0.46875	0.4375
	theater	Theater	0.0	0.65625	1.0	0.96875	0.25	0.0
	radiolog	Radiology	0.25	0.5	0.15625	0.59375	0.40625	0.59375
	sonographi	Sonography 	0.25	0.5	0.0625	0.65625	0.375	0.375
	medic	medical	0.4375	0.15625	0.53125	0.78125	0.75	0.40625
	broadcast	broadcasting	0.0	0.46875	0.65625	0.03125	0.21875	0.34375
	design	Designer	0.6875	0.71875	0.6875	0.6875	0.59375	0.53125
	quantiti survey	quantity surveying	0.0625	0.15625	0.625	0.625	0.6875	0.65625
	digit media	Digital media	0.125	0.5625	0.3125	0.4375	0.65625	0.0625
	public servic	Public Service	0.125	0.4375	0.125	0.84375	0.3125	0.75
	anim	Animal	0.3125	0.6875	0.625	0.78125	0.6875	0.4375
	neurolog doctor	Neurological doctor	0.59375	0.875	0.625	0.4375	0.25	0.6875
	broadcast	Broadcasting	0.40625	0.5625	0.84375	0.84375	0.46875	0.3125
	medic	medical	0.3125	0.5625	0.40625	0.65625	0.6875	0.46875
	danc	Dance 	0.0625	0.65625	0.78125	0.625	0.3125	0.03125
	biochemsitri	biochemsitry 	0.25	0.9375	0.28125	0.6875	0.375	0.875
	cosmetolog	cosmetology	0.3125	0.5625	0.4375	0.34375	0.5625	0.40625
	radiolog	Radiology	0.1875	0.75	0.59375	0.6875	0.0	0.125
	labor employ relat	Labor and Employment relations	0.09375	0.125	0.15625	0.78125	0.40625	0.6875
	medic	Medical	0.3125	0.28125	0.6875	0.6875	0.84375	0.71875
	medic	medical	0.1875	0.5	0.625	0.84375	0.625	0.625
	inform technolog	Information Technology	0.40625	0.71875	0.75	0.5625	0.3125	0.3125
	labor employ relat	Labor Employment Relation	0.28125	0.28125	0.59375	0.8125	0.625	0.625
	labor employ relat	Labor and Employment Relations	0.0	0.40625	0.0	0.65625	0.625	0.375
	inform secur	Information Security 	0.53125	0.59375	0.34375	0.53125	0.625	0.84375
	inform technolog	information technology	0.34375	0.40625	0.375	0.375	0.1875	0.4375
	speech therapi	speech therapy	0.125	0.46875	0.6875	0.875	0.25	0.0
	train develop	Training and Development	0.375	0.65625	0.625	0.4375	0.53125	0.09375
	youth ministri	Youth Ministry	0.28125	0.25	0.1875	0.53125	0.25	0.4375
	medic	medical	0.25	0.5	0.5	0.71875	0.625	0.5
	polit	Politics 	0.0	0.28125	0.71875	0.3125	0.34375	0.0
	undecid	Undecided	0.28125	0.78125	0.46875	0.53125	0.53125	0.59375
	labor employ relat	Labor and employment relations	0.46875	0.78125	0.25	0.5	0.5	0.25
	informat	Informatics	0.4375	0.53125	0.5625	0.875	0.65625	0.625
	inform technolog	IT	0.625	0.71875	0.71875	0.59375	0.46875	0.0625
	child famili	Child and Family Studies	0.0	0.3125	0.4375	0.6875	0.59375	0.1875
	secur	Security	0.4375	0.59375	0.625	0.21875	0.1875	0.1875
	ed	Gen Eds	0.1875	0.59375	0.59375	0.46875	0.3125	0.34375
	design	Design	0.4375	0.03125	0.59375	0.6875	0.78125	0.625
	multimedia	Multimedia	0.625	0.59375	0.90625	0.625	0.53125	0.34375
	clinic research	Clinical Research 	0.0	0.65625	0.0	0.71875	0.125	0.0
	draft design	Drafting and Design	0.71875	0.46875	0.21875	0.3125	0.0	0.34375
	sport	Sport	0.0625	0.34375	0.40625	0.375	0.0625	0.15625
	kinesiolog	kinesiology	0.03125	0.46875	0.09375	0.5	0.1875	0.03125
	environment sustain	Environmental Sustainability Studies	0.03125	0.5	0.46875	0.71875	0.59375	0.0
	teacher	teacher	0.09375	0.125	0.46875	0.40625	0.25	0.0
	speech patholog audiolog	Speech Pathology & Audiology	0.375	0.53125	0.21875	0.84375	0.34375	0.40625
	intellig analysi	Intelligence Analysis	0.65625	0.78125	0.75	0.4375	0.4375	0.46875
	comput	computing	0.375	0.46875	0.21875	0.1875	0.28125	0.0
	politolog	politology	0.375	0.1875	0.5625	0.84375	0.84375	0.53125
	undecid	Undecided	0.0625	0.875	0.125	0.78125	0.34375	0.15625
	undecied	undecieded 	0.0	0.0625	0.25	0.84375	0.5625	0.09375
	undeclar	undeclared	0.75	0.40625	0.5	0.5625	0.46875	0.46875
	undeclar	Undeclared	0.4375	0.09375	0.0	0.1875	0.25	0.1875
	game develop	Game Development	0.40625	0.8125	0.8125	0.90625	0.59375	0.5
	archetiur	archetiure	0.75	0.625	0.25	0.375	0.59375	0.53125
	theator	theator	0.09375	0.34375	0.84375	0.625	0.3125	0.25
	inform technolog	Information Technology	0.09375	0.0625	0.34375	0.6875	0.28125	0.65625
	forens	forensic	0.0	0.34375	0.3125	0.34375	0.125	0.0
	undecid	Undecided	0.09375	0.6875	0.0	0.21875	0.09375	0.21875
	languag	languages	0.0625	0.15625	0.46875	0.4375	0.25	0.28125
	occup therapi	Occupational Therapy	0.46875	0.65625	0.65625	0.59375	0.34375	0.09375
	construct technolog	Construction Technology	0.25	0.0	0.0625	0.03125	0.0	0.0625
	medic field	Medical field	0.53125	0.5625	0.53125	0.6875	0.46875	0.78125
	program	Programming	0.21875	0.15625	0.8125	0.84375	0.59375	0.15625
	pharmaci	Pharmacy	0.25	1.0	0.53125	0.375	0.09375	0.28125
	inform technolog	IT	0.0	0.46875	0.125	0.71875	0.34375	0.46875
	medic	medical	0.125	1.0	0.25	0.875	0.125	0.75
	screenwrit	screenwriting	0.25	0.71875	1.0	0.65625	0.4375	0.4375
	live skill	Living Skill	0.0	0.3125	0.1875	0.96875	0.15625	0.25
	teach	teaching	0.0625	0.21875	0.21875	0.78125	0.28125	0.40625
	pedagogia	Pedagogia	0.125	0.25	0.3125	0.875	0.125	0.1875
	creativ write	Creative Writing	0.34375	0.6875	0.875	0.59375	0.5625	0.5
	design interior landscap	Design interior Landscape	0.4375	0.5	0.625	0.53125	0.5625	0.15625
	tourism	Tourism	0.5625	0.625	0.46875	0.65625	0.59375	0.4375
	design	design	0.09375	0.71875	0.4375	0.28125	0.4375	0.0625
	digit filmmak	Digital filmmaking	0.125	0.46875	0.8125	0.3125	0.09375	0.125
	undeclar	Undeclared	0.125	0.125	0.09375	0.8125	0.375	0.375
	fashion design	Fashion Design	0.09375	0.4375	0.34375	0.75	0.375	0.09375
	public affair	Public Affairs	0.375	0.6875	0.5625	0.78125	0.53125	0.28125
	unkown	unkown	0.25	0.53125	0.28125	0.40625	0.34375	0.5
	design	Design 	0.25	0.28125	0.40625	0.6875	0.65625	0.3125
	na	na	0.0	0.25	0.0625	0.625	0.25	0.6875
	translat	translation studies	0.375	0.5	0.59375	0.71875	0.25	0.625
	east asian	East Asian Studies	0.0	0.21875	0.84375	0.9375	0.0625	0.0
	attend	Did not attend university	0.28125	0.78125	0.375	0.4375	0.5	0.125
	dental	dental	0.1875	0.4375	0.3125	0.75	0.46875	0.3125
	cosmetolog	cosmetology	0.09375	0.28125	0.1875	0.40625	0.5	0.28125
	liber	Bachelor of Liberal Studies	0.40625	0.90625	0.84375	0.59375	0.59375	0.5625
	liber	Liberal Studies	0.21875	0.3125	0.25	0.53125	0.65625	0.28125
	hospit	Hospitality 	0.375	0.3125	0.625	0.53125	0.625	0.53125
	kinesiolog	kinesiology	0.4375	0.4375	0.40625	0.65625	0.40625	0.15625
	comput	computers	0.25	0.3125	0.3125	0.3125	0.0	0.125
	undecid	undecided	0.21875	0.21875	0.03125	0.1875	0.0	0.03125
	undecid	undecided	0.40625	0.53125	0.6875	0.9375	0.65625	0.5
	kinesiolog	Kinesiology	0.03125	0.65625	0.25	0.96875	0.6875	0.46875
	hdfs	HDFS	0.0	0.53125	0.125	0.53125	0.3125	0.0
	sport	sports	0.1875	0.375	0.5	0.5625	0.25	0.15625
	foreign affair	Foreign Affairs	0.71875	0.875	0.5	0.5	0.5	0.8125
	inform technolog	information tech	0.59375	0.46875	0.1875	0.15625	0.21875	0.375
	hs student	hs student	0.0625	0.4375	0.125	0.375	0.28125	0.28125
	comput integr manufactur	Computer Integrated Manufacturing	0.59375	0.59375	0.5	0.46875	0.40625	0.25
	speech therapi	speech therapy	0.21875	0.6875	0.84375	0.875	0.375	0.0
	industri design	industrial design	0.125	0.5625	0.125	0.15625	0.0	0.125
	film	Film	0.25	0.84375	0.90625	0.71875	0.5	0.25
	interior design	interior design	0.1875	0.8125	0.65625	0.1875	0.46875	0.46875
	comput	computers	0.375	0.40625	0.46875	0.15625	0.21875	0.59375
	social	Social 	0.15625	0.21875	0.4375	0.6875	0.34375	0.46875
	lpn	lpn	0.1875	0.5	0.53125	0.59375	0.4375	0.53125
	kinesiolog	Kinesiology	0.71875	0.65625	0.625	0.65625	0.3125	0.40625
	na	na	0.0	0.0	0.125	0.1875	0.0	0.0
	na	n.a.	0.375	0.09375	0.1875	0.46875	0.40625	0.375
	transport	TRANSPORTATION	0.75	0.8125	0.75	0.625	0.75	0.53125
	audio product	Audio Production	0.375	0.0	0.625	0.5	0.125	0.875
	berkle	berklee	0.125	0.125	0.5	0.21875	0.03125	0.0625
	veterinarian	Veterinarian	0.46875	0.625	0.34375	0.3125	0.3125	0.25
	undecid	undecided	0.375	0.3125	0.375	0.5625	0.4375	0.40625
	cosmetolog	cosmetology	0.0625	0.09375	0.125	0.28125	0.34375	0.0
	econemi	Econemy	0.375	0.46875	0.3125	0.34375	0.65625	0.375
	ingen	Ingenering	0.5	0.71875	0.875	0.40625	0.5625	0.375
	kinesiolog	Kinesiology	0.59375	0.84375	0.625	0.65625	0.6875	0.5625
	kinesiolog	Kinesiology	0.0625	0.21875	0.0	0.53125	0.0625	0.03125
	kineseolog	kineseology	0.125	0.25	0.25	0.28125	0.0625	0.0
	undecid	Undecided	0.0625	0.5625	0.6875	0.625	0.21875	0.5625
	microb	Microb	0.375	0.6875	0.8125	0.9375	0.53125	0.125
	kinesiolog	Kinesiology	0.09375	0.25	0.25	0.40625	0.28125	0.03125
	buis	buisness	0.15625	0.25	0.28125	0.40625	0.40625	0.34375
	lpn	LPN	0.28125	0.59375	0.34375	0.65625	0.125	0.5
	danc	Dance	0.4375	0.71875	0.59375	0.5625	0.5625	0.34375
	athlet train	athletic training 	0.125	0.5	0.125	1.0	0.5625	0.5
	na	na	0.125	0.0625	0.53125	0.125	0.0	0.0
	buis	Buisness 	0.6875	0.3125	0.15625	0.8125	0.46875	0.25
	secur	Security	0.5625	0.6875	0.34375	0.46875	0.46875	0.5
	athlet train	Athletic Training	0.21875	0.53125	0.25	0.875	0.34375	0.5625
	psycholgoy	psycholgoy	0.15625	0.5625	0.71875	0.9375	0.78125	0.4375
	kinesiolog	Kinesiology	0.0625	0.5625	0.09375	0.71875	0.15625	0.0625
	kinesiolog	kinesiology	0.6875	0.53125	0.65625	0.5	0.4375	0.3125
	colleg	in college	0.125	0.375	0.03125	0.71875	0.53125	0.25
	veterinarian	Veterinarian	0.59375	0.625	0.71875	0.25	0.1875	0.53125
	contabl	contability	0.125	0.0625	0.5	0.8125	0.90625	0.4375
	athlet train	Athletic Training	0.28125	0.46875	0.28125	0.90625	0.34375	0.40625
	slavic languag	Slavic Languages	0.71875	0.78125	0.84375	0.65625	0.0625	0.03125
	carpentri construct	Carpentry/ Construction	0.71875	0.34375	0.40625	0.375	0.5	0.5
	medic	medical	0.0	0.65625	0.40625	0.375	0.78125	0.21875
	undecid	undecided	0.03125	0.3125	0.46875	0.40625	0.5	0.53125
	environment technolog	Environmental Technology	0.375	0.90625	0.625	0.28125	0.15625	0.15625
	undecid	Undecided	0.0625	0.0	0.0	0.90625	0.78125	0.53125
	athlet train	athletic training 	0.0	0.5	0.0	1.0	0.5625	0.5625
	logist	logistics	0.5	0.53125	0.4375	0.375	0.8125	0.78125
	kinesiolog	Kinesiology	0.25	0.28125	0.65625	0.5	0.0	0.0
	kinesiolog	Kinesiology	0.375	0.71875	0.78125	0.78125	0.625	0.3125
	athlet train	Athletic Training	0.125	0.8125	0.28125	0.59375	0.34375	0.375
	kinesiolog	kinesiology 	0.9375	0.78125	0.09375	0.34375	0.125	0.09375
	medic assist	medical assistant	0.1875	0.5	0.5	0.8125	0.625	0.5625
	social media	Social Media	0.0	0.3125	0.59375	0.46875	0.34375	0.0625
	automot	automotive	0.5625	0.5625	0.21875	0.40625	0.65625	0.75
	kinesiolog	kinesiology	0.09375	0.6875	0.4375	0.53125	0.25	0.3125
	undecid	undecided	0.1875	0.9375	0.75	0.6875	0.46875	0.25
	kinesiolog	Kinesiology	0.0	0.5625	0.0	0.84375	0.3125	0.09375
	pharmaci	Pharmacy	0.0	0.1875	0.0	0.625	0.5	0.625
	undecid	Undecided	0.1875	0.625	0.5	0.65625	0.5	0.25
	undecid	undecided	0.0	0.25	0.09375	0.46875	0.0	0.0
	teach	Teaching	0.46875	0.75	0.46875	0.1875	0.25	0.5
	profession liber	Professional Liberal Studies	0.0	0.6875	0.59375	0.53125	0.4375	0.8125
	product design	Product Design	0.5625	0.46875	0.84375	0.09375	0.5	0.09375
	undecid current	undecided currently	0.0	0.28125	0.15625	0.5625	0.1875	0.15625
	child develop	Child Development	0.0	0.03125	0.125	0.65625	0.34375	0.6875
	kinesiolog	kinesiology	0.03125	0.46875	0.125	0.75	0.4375	0.03125
	kinesiolog	Kinesiology 	0.34375	0.96875	0.53125	0.625	0.53125	0.34375
	automot restoraton	aUTOMOTIVE RESTORATON	0.09375	0.375	0.4375	0.40625	0.3125	0.21875
	occup therapi	Occupational Therapy	0.3125	0.625	0.78125	0.84375	0.1875	0.1875
	kinesiolog	kinesiology	0.3125	0.90625	0.875	0.90625	0.5	0.4375
	undecid	undecided	0.1875	0.6875	0.375	0.71875	0.625	0.375
	speech languag patholog	Speech Language Pathology	0.0625	0.75	0.21875	0.5	0.09375	0.0
	inform technolog	Information Technology	0.625	0.59375	0.46875	0.4375	0.46875	0.65625
	kineseolog	kineseology	0.53125	0.65625	0.59375	0.71875	0.53125	0.28125
	athlet train	athletic training	0.0	0.21875	0.0625	0.3125	0.15625	0.0
	kinesiologu	Kinesiologu	0.0	0.625	0.09375	0.71875	0.125	0.625
	speech patholog	Speech Pathology	0.03125	0.1875	0.09375	0.5	0.4375	0.25
	undecid	undecided	0.03125	0.03125	0.1875	0.78125	0.46875	0.15625
	athlet train	Athletic training	0.09375	0.4375	0.21875	0.65625	0.21875	0.125
	undecid	undecided	0.0	0.5625	0.375	0.5	0.40625	0.0
	kinesiolog	Kinesiology	0.09375	0.78125	0.28125	0.84375	0.1875	0.3125
	undecid	Undecided	0.125	0.40625	0.375	0.78125	0.34375	0.21875
	undecid	undecided 	0.09375	0.4375	0.40625	0.6875	0.53125	0.40625
	kinesiolog	Kinesiology	0.0	1.0	0.75	0.8125	0.375	0.0
	polit	Politics	0.125	0.28125	0.1875	0.625	0.21875	0.125
	paraleg	Paralegal	0.25	0.625	0.09375	0.78125	0.375	0.90625
	paraleg	Paralegal Studies	0.0	0.53125	0.0	0.5625	0.15625	0.0625
	undecid	Undecided 	0.15625	0.125	0.0	0.6875	0.75	0.9375
	child famili	Child and Family Studies	0.28125	0.125	0.6875	0.71875	0.21875	0.3125
	culinari	Culinary 	0.59375	0.84375	0.875	0.78125	0.6875	0.5
	dental hygien	dental hygiene	0.09375	0.6875	0.5	0.625	0.5	0.09375
	undeclar	Undeclared	0.1875	0.1875	0.3125	0.4375	0.4375	0.625
	interior design	Interior Design	0.4375	0.15625	0.5625	0.4375	0.4375	0.09375
	inform technolog	information technology	0.84375	0.96875	0.84375	0.53125	0.84375	0.75
	inform technolog	Information Technology	0.65625	0.46875	0.40625	0.34375	0.65625	0.96875
	buis	Buisness	0.0	0.0	0.65625	0.0	0.0	0.0
	design	design	0.375	0.375	0.8125	0.65625	0.75	0.71875
	paraleg	Paralegal	0.40625	0.375	0.25	0.78125	0.28125	0.34375
	undecid	Undecided 	0.03125	0.96875	0.53125	0.875	0.5	0.0625
	inform technolog	Information technology	0.40625	0.0625	0.625	0.6875	0.46875	0.5625
	athlet train	Athletic Training	0.40625	0.46875	0.21875	0.6875	0.4375	0.34375
	buis	buisness	0.0	0.03125	0.3125	0.09375	0.09375	0.0
	elictricit	elictricitly	0.3125	0.15625	0.125	0.09375	0.5	0.65625
	kinesiolog	kinesiology	0.125	0.875	0.53125	0.875	0.59375	0.03125
	buis	buisness	0.09375	0.90625	0.71875	0.75	0.71875	0.65625
	epidemiolog	Epidemiology	0.09375	0.8125	0.0	0.59375	0.0625	0.46875
	kinesiolog	Kinesiology	0.1875	0.25	0.03125	0.75	0.375	0.03125
	osh	oshe	0.5	0.6875	0.125	0.75	0.6875	0.5
	design	design	0.34375	0.5625	0.53125	0.25	0.375	0.21875
	dentistri	Dentistry	0.21875	0.78125	0.625	0.875	0.46875	0.46875
	dental hygienist	dental hygienist	0.28125	0.15625	0.625	0.65625	0.625	0.375
	polish	Polish	0.09375	0.09375	0.5625	0.375	0.71875	0.28125
	undecid	Undecided	0.53125	0.84375	0.71875	0.875	0.5	0.5625
	undecid	undecided	0.0	0.125	0.0625	0.125	0.09375	0.0
	medic	medical	0.0625	0.6875	0.0625	0.78125	0.09375	0.09375
	robot	Robotics	0.3125	0.6875	0.4375	0.21875	0.28125	0.3125
	osh	oshe	0.28125	0.625	0.25	0.71875	0.65625	0.53125
	athlet train	athletic training	0.65625	0.25	0.125	0.5	0.4375	0.40625
	media anim	Media animation	0.53125	0.6875	0.65625	0.75	0.40625	0.34375
	undecid	Undecided	0.125	0.625	0.375	0.53125	0.375	0.40625
	current colleg	currently in college	0.09375	0.84375	0.09375	0.28125	0.21875	0.0
	kinesiolog	Kinesiology 	0.0625	0.28125	0.125	0.5625	0.28125	0.03125
	kinesiolog	Kinesiology 	0.375	0.96875	0.15625	0.59375	0.46875	0.1875
	urban region plan	Urban and Regional Planning 	0.78125	0.96875	1.0	0.84375	0.71875	0.78125
	undecid	Undecided 	0.0	1.0	0.46875	0.84375	0.53125	0.0
	network	Networking	0.28125	0.4375	0.90625	0.625	0.28125	0.125
	undecid	undecided	0.0625	0.5625	0.375	0.59375	0.34375	0.0625
	occup therapi	occupational therapy	0.125	0.6875	0.4375	0.78125	0.21875	0.25
	pharmaci	Pharmacy	0.5	0.875	0.125	0.5625	0.3125	0.5
	drama	drama	0.0625	0.09375	0.90625	0.8125	0.5625	0.03125
	kinesiolog	kinesiology	0.375	0.6875	0.53125	0.90625	0.65625	0.4375
	inform technolog	Information Technology	0.0	0.03125	0.03125	0.34375	0.46875	0.65625
	kinesiolog	kinesiology 	0.0	0.1875	0.0	0.5	0.1875	0.0
	kinesiolog	Kinesiology	0.0	0.75	0.375	0.625	0.375	0.0
	undecid	Undecided 	0.1875	0.125	0.09375	0.0625	0.09375	0.46875
	nutrit	Nutrition	0.3125	0.59375	1.0	0.78125	0.59375	0.46875
	kinesiolog	Kinesiology	0.15625	0.9375	0.125	0.5625	0.21875	0.25
	undecid	undecided	0.5625	0.53125	0.875	0.90625	0.59375	0.46875
	kinesolog	Kinesology	0.03125	0.5	0.3125	0.59375	0.28125	0.15625
	kinesiolog	Kinesiology	0.34375	0.6875	0.46875	0.9375	0.6875	0.3125
	buis	Buisness	0.0625	0.0	0.0	0.34375	0.125	0.25
	kinesiolog	kinesiology 	0.53125	0.59375	0.53125	0.65625	0.59375	0.5625
	pharmaci	Pharmacy 	0.125	0.6875	0.71875	0.65625	0.09375	0.34375
	speech patholog	speech pathology	0.0625	0.25	0.0	0.625	0.0	0.09375
	inform technolog	Info Tech	0.09375	0.5625	0.84375	0.65625	0.375	0.15625
	logist	logistics	0.0	0.0	0.3125	0.03125	0.21875	0.0
	kinesiolog	Kinesiology	0.84375	0.5	0.40625	0.65625	0.71875	0.5
	pharmaci	Pharmacy	0.0	0.90625	0.1875	0.625	0.4375	0.25
	kinesolog	Kinesology	0.34375	0.625	0.3125	0.59375	0.625	0.0625
	kinesiolog	kinesiology	0.0	0.25	0.0	0.6875	0.125	0.03125
	undecid	Undecided	0.125	0.5	0.40625	0.375	0.375	0.34375
	current colleg	currently in college	0.09375	0.09375	0.0	0.0625	0.21875	0.1875
	kinesiolog	kinesiology	0.0625	0.53125	0.21875	0.59375	0.28125	0.125
	kinesiolog	kinesiology	0.40625	0.6875	0.40625	0.84375	0.46875	0.375
	ingenieria	Ingenieria	0.65625	0.75	0.5	0.8125	0.71875	0.84375
	phonograph product	Phonographic Production	0.0625	0.0	0.8125	0.53125	0.6875	0.53125
	kinesiolog	Kinesiology 	0.4375	0.71875	0.9375	0.6875	0.65625	0.53125
	undecid	undecided	0.21875	0.6875	0.65625	0.6875	0.4375	0.15625
	kinseolog	Kinseology	0.4375	0.875	0.25	0.625	0.46875	0.125
	kinesolog	Kinesology	0.21875	0.875	0.46875	0.875	0.1875	0.28125
	technolog	Technology	0.5	0.5	0.5625	0.59375	0.59375	0.53125
	kinesiolog	Kinesiology	0.28125	0.46875	0.71875	0.5625	0.5	0.15625
	athlet train	Athletic Training	0.0625	0.96875	0.25	0.59375	0.4375	0.53125
	new media anim	New Media/Animation	0.21875	0.1875	1.0	0.40625	0.09375	0.46875
	medic	medical	0.15625	0.65625	0.21875	0.0	0.3125	0.0
	undecid	undecided	0.03125	0.03125	0.375	0.21875	0.1875	0.0
	entrepreneur	Entrepreneur	0.0	0.09375	0.53125	0.375	0.5	0.1875
	organ	ORGANIZATION	0.34375	0.34375	0.34375	0.59375	0.65625	0.59375
	logist	logistic	0.09375	0.84375	0.78125	0.0625	0.53125	0.28125
	teacher primari	teacher in primary	0.375	0.5	0.46875	0.71875	0.5	0.3125
	electron	electronics	0.71875	0.375	0.875	0.125	0.625	0.875
	american sign languag	American sign language	0.0	0.0	0.0	0.625	0.25	0.0
	osh e	OSH&E	0.53125	0.59375	0.0625	0.34375	0.15625	0.09375
	digit media web technolog	Digital Media & Web Technology	0.09375	0.34375	0.5625	0.375	0.0	0.125
	econim	econimics	0.21875	0.28125	0.21875	0.78125	0.78125	0.4375
	athlet trane	Athletic Traning	0.0	0.625	0.5	1.0	0.375	0.375
	wildlif	wildlife	0.34375	0.75	0.15625	0.59375	0.15625	0.28125
	med	Pre-Med	0.0625	0.5625	0.59375	0.875	0.5	0.3125
	kinesiolog	Kinesiology	0.0	0.6875	0.0	0.84375	0.0	0.15625
	current inform technolog	i am currently a information technology major	0.78125	0.5625	0.53125	0.3125	0.28125	0.25
	kinesiolog	Kinesiology 	0.0625	0.3125	0.0	0.5625	0.125	0.0
	occup therapi	occupational therapy	0.5625	0.75	0.4375	0.84375	0.3125	0.0625
	havent	havent 	0.03125	0.8125	0.65625	0.59375	0.1875	0.03125
	kinesiolog	kinesiology	0.0	0.375	0.65625	0.71875	0.4375	0.09375
	bom	BOM	0.5	0.6875	0.78125	0.75	0.6875	0.4375
	bst	bst	0.5625	0.5	0.34375	0.40625	0.46875	0.46875
	media	Media	0.375	0.40625	0.75	0.6875	0.46875	0.25
	im babi still	Im a baby still	0.09375	0.71875	0.375	0.59375	0.3125	0.1875
	region	regional	0.40625	0.46875	0.34375	0.65625	0.53125	0.3125
	undecid	Undecided	0.34375	0.65625	0.71875	0.875	0.59375	0.3125
	visit	yes (Visit)	0.625	0.6875	0.84375	0.90625	0.59375	0.8125
	medic	medical	0.59375	0.71875	0.5625	0.6875	0.53125	0.40625
	cloth textil	clothing and textiles	0.5	0.5	0.71875	0.59375	0.46875	0.78125
	anim	Animation	0.0625	0.59375	0.6875	0.59375	0.5625	0.21875
	mechan	mechanical	0.59375	0.4375	0.53125	0.5625	0.46875	0.78125
	integr	Integrated Studies	0.0	0.75	0.3125	0.25	0.25	0.09375
	intermedi	Intermediate	0.21875	0.09375	0.21875	0.46875	0.4375	0.625
	kinesiolog	Kinesiology	0.0625	0.25	0.40625	0.75	0.5	0.28125
	undecid	Undecided	0.375	0.3125	0.21875	0.53125	0.21875	0.1875
	speech patholog	Speech pathology	0.03125	0.125	0.03125	0.5625	0.03125	0.09375
	undeclar	Undeclared	0.0	0.0	0.0625	0.125	0.0	0.09375
	undecid	undecided	0.65625	0.75	0.75	0.6875	0.53125	0.25
	cognit	Cognitive Studies 	0.25	0.5	0.75	0.375	0.125	0.375
	pedagogi	Pedagogy	0.375	0.4375	0.375	0.6875	0.8125	0.46875
	interor design	interor design	0.0	0.28125	0.53125	0.59375	0.53125	0.09375
	current undeclar	Currently Undeclared	0.4375	0.0625	0.5625	0.53125	0.6875	0.5625
	montgomeri colleg	Montgomery College  	0.15625	0.625	0.1875	0.1875	0.125	0.28125
	e	e	0.59375	0.4375	0.09375	0.28125	0.4375	0.375
	teacher	Teacher	0.28125	0.375	0.9375	0.9375	0.84375	0.40625
	interior design	Interior Design	0.25	0.15625	0.25	0.3125	0.46875	0.03125
	kinesiolog	kinesiology	0.21875	0.6875	0.46875	0.78125	0.46875	0.40625
	bioogi	bioogy	0.28125	0.75	0.125	0.15625	0.15625	0.03125
	film	Film	0.0625	0.59375	0.96875	0.75	0.125	0.125
	athlet train	Athletic Training	0.0	0.875	0.0	0.875	0.0	0.09375
	athlet train	athletic training	0.4375	0.3125	0.75	0.9375	0.75	0.375
	hospit	Hospitality 	0.3125	0.84375	0.5625	0.46875	0.46875	0.25
	auto mechan	Auto Mechanic	0.78125	0.1875	0.6875	0.59375	0.4375	0.375
	classic vocal perform	Classical Vocal Performance	0.125	0.53125	0.625	0.75	0.46875	0.34375
	cybersecur	Cybersecurity	0.6875	0.40625	0.21875	0.40625	0.5	0.46875
	logist suppli chain	logistics and supply chain	0.3125	0.84375	0.28125	0.71875	0.59375	0.65625
	undecid	undecided	0.125	0.0625	0.53125	0.8125	0.6875	0.78125
	film creativ write	film studies/creative writing	0.0625	0.59375	0.875	0.84375	0.28125	0.09375
	suppli chain	Supply chain	0.40625	0.46875	0.34375	0.8125	0.53125	0.40625
	direct	Directing	0.125	0.28125	1.0	0.6875	0.125	0.0
	dietet	dietetics	0.25	0.40625	0.53125	0.53125	0.34375	0.09375
	logist scm	Logistics and SCM	0.40625	0.8125	0.25	0.28125	0.34375	0.25
	peac	peace studies	0.0625	0.1875	0.5	0.625	0.25	0.8125
	new media anim	New Media & Animation	0.125	0.25	0.75	0.1875	0.21875	0.25
	enolog	enology	0.0625	0.125	0.5	0.46875	0.625	0.75
	fashion merchandis	Fashion Merchandising	0.75	0.875	0.9375	0.84375	0.84375	0.75
	kinesiolog	kinesiology	0.0625	0.1875	0.09375	0.75	0.34375	0.09375
	psycholgoy	psycholgoy	0.0	0.40625	0.03125	0.625	0.25	0.21875
	anim	Animation	0.125	0.4375	0.375	0.15625	0.0	0.0
	doctor	Doctor	0.15625	0.78125	0.0	0.375	0.0	0.28125
	sosiologhi	sosiologhy	0.5625	0.6875	0.875	0.875	0.78125	0.65625
	perpajakan	Perpajakan	0.625	0.5	0.40625	0.6875	0.65625	0.9375
	doctor	Doctor	0.125	0.625	0.625	0.5	0.3125	0.125
	kedokteran	Kedokteran 	0.34375	0.25	0.21875	0.75	0.4375	0.40625
	translat	Translation	0.40625	0.59375	0.84375	0.65625	0.40625	0.46875
	fashion merchandis	Fashion Merchandising	0.75	0.9375	0.9375	0.84375	0.84375	0.8125
	pharmaci technolog	pharmacy tech	0.4375	0.78125	0.65625	0.84375	0.53125	0.375
	marriag famili therapi	Marriage and Family Therapy	0.21875	0.25	0.40625	0.75	0.28125	0.34375
	gender	gender studies	0.03125	0.46875	0.5625	0.5	0.5625	0.0625
	colleg teacher trainer adult	College /Teacher/trainer of adults	0.6875	0.4375	0.34375	0.5	0.1875	0.09375
	inform technolog	Information technology	0.0625	0.28125	0.09375	0.0625	0.0	0.625
	inform technolog	information technology	0.53125	0.65625	0.65625	0.34375	0.1875	0.6875
	interior design	Interior design	0.09375	0.21875	0.28125	0.5625	0.71875	0.25
	film	Film	0.375	0.78125	0.90625	0.46875	0.40625	0.125
	athlet train	Athletic Training	0.4375	0.625	0.6875	0.625	0.6875	0.625
	athlet train	athletic training	0.59375	0.8125	0.5	0.84375	0.5625	0.4375
	athletictrain	AthleticTraining	0.0	0.03125	0.21875	0.78125	0.6875	0.28125
	inform technolog	Information Technology	0.4375	1.0	0.9375	1.0	0.875	0.59375
	japan cultur	Japan culture	0.4375	0.46875	0.53125	0.375	0.46875	0.46875
	na	na	0.90625	0.78125	0.09375	0.125	0.0625	0.03125
	labour	Labour Studies	0.0	0.21875	0.0625	0.28125	0.125	0.15625
	em	EMS	0.0625	0.34375	0.1875	0.46875	0.3125	0.125
	athlet	athletics	0.0	0.34375	0.0	0.375	0.0	0.0
	teach	Teaching	0.3125	0.375	0.25	0.78125	0.5	0.40625
	fashion merchandis	Fashion Merchandising 	0.09375	0.0625	0.0625	0.03125	0.34375	0.15625
	textil design	textile design	0.03125	0.28125	0.6875	0.5	0.78125	0.3125
	na	na	0.4375	0.09375	0.15625	0.5	0.53125	0.25
	bee	BEE	0.71875	0.75	0.78125	0.6875	0.75	0.75
	undecid	Undecided	0.125	0.25	0.25	0.375	0.15625	0.65625
	pharmaci	pharmacy	0.0625	0.46875	0.1875	0.21875	0.5	0.53125
	neurolog	Neurology 	0.625	0.8125	0.375	0.84375	0.625	0.53125
	physiotherapi	Physiotherapy	0.125	1.0	0.4375	0.75	0.5625	0.3125
	social care	Social Care	0.125	0.65625	0.28125	0.5	0.03125	0.1875
	radioglog	radioglogy 	0.34375	0.75	0.375	0.875	0.875	0.6875
	polit	politics	0.59375	0.5	0.5	0.375	0.78125	0.0625
	theatr	Theatre	0.03125	0.0	0.78125	0.28125	0.0625	0.5625
	medic assist	Medical Assistant	0.21875	0.34375	0.0625	0.40625	0.28125	0.46875
	diesel servic	diesel service	0.6875	0.53125	0.25	0.65625	0.34375	0.4375
	kinesiolog	Kinesiology	0.25	0.5625	0.4375	0.625	0.40625	0.46875
	teacher	teacher	0.0625	0.3125	0.03125	0.5625	0.3125	0.03125
	geoinformat	geoinformatic	0.5	0.25	0.3125	0.6875	0.75	0.71875
	geoinformat	geoinformatics	0.125	0.3125	0.0	0.6875	0.09375	0.4375
	geoinform	geoinformation	0.0625	0.09375	0.0	0.28125	0.0625	0.0625
	land survey	land survey	0.125	0.09375	0.15625	0.34375	0.125	0.15625
	organ develop	Organization Development	0.125	0.1875	0.46875	0.9375	0.59375	0.3125
	bank	Banking	0.40625	0.40625	0.78125	0.84375	0.4375	0.6875
	becom teacher princip	Becoming a teacher or principal	0.625	0.8125	0.8125	0.9375	0.8125	0.8125
	organis behavior	Organisational Behavior	0.125	0.21875	0.28125	0.4375	0.21875	0.28125
	child care	Child care 	0.03125	0.0	0.53125	0.65625	0.5	0.25
	fashion merchandis	Fashion Merchandising 	0.15625	0.1875	0.5	0.625	0.40625	0.1875
	commerci cookeri	Commercial Cookery	0.25	0.1875	0.0625	0.25	0.5	0.90625
	child develop famili	Child Development and Family Studies	0.28125	0.53125	0.78125	0.96875	0.28125	0.15625
	liber	Liberal Studies	0.0	0.15625	0.40625	0.875	0.28125	0.09375
	medic insur bill	Medical insurance billing 	0.4375	0.46875	0.25	0.59375	0.53125	0.84375
	inform technolog	Information Technology	0.3125	0.625	0.40625	0.65625	0.5	0.5
	logist	logistics	0.65625	0.75	0.53125	0.65625	0.34375	0.5625
	cultur	Cultural Studies	0.40625	0.75	0.875	0.5625	0.28125	0.375
	bussin	Bussines	0.375	0.375	0.4375	0.34375	0.5625	0.5
	med	pre med	0.0625	0.875	0.0	0.5625	0.09375	0.0
	undecid	undecided 	0.375	0.65625	0.59375	0.875	0.625	0.40625
	construct	construction	0.8125	0.1875	0.53125	0.28125	0.28125	0.1875
	inform technolgi	Information Technolgy	0.6875	0.59375	0.125	0.1875	0.4375	0.25
	film	Film	0.375	0.5	1.0	0.71875	0.40625	0.15625
	comput design	Computer Design	0.53125	0.625	0.59375	0.5	0.34375	0.625
	draft	drafting	0.25	0.65625	0.40625	0.3125	0.21875	0.1875
	technic write	Technical Writing	0.5	0.6875	0.34375	0.28125	0.21875	0.46875
	mecha	mecha	0.8125	0.0	0.15625	0.40625	0.53125	0.65625
	geoinformat	geoinformatics	0.0625	0.125	0.125	0.375	0.0625	0.0625
	creativ comput	Creative Computing	0.5625	0.65625	0.34375	0.5	0.4375	0.40625
	real estat	real estate	0.59375	0.65625	0.53125	0.53125	0.5625	0.59375
	epidemiolog	Epidemiology	0.0	0.625	0.375	0.625	0.53125	0.3125
	theatr	Theatre	0.3125	0.46875	0.53125	0.71875	0.59375	0.28125
	n	n 	0.0	0.0	0.0	0.0	0.0	0.0
	cinematographi	Cinematography	0.4375	0.78125	0.96875	0.65625	0.1875	0.03125
	geoinform	geoinformation	0.0	0.03125	0.0	0.09375	0.0	0.03125
	dental assist	dental assisting	0.375	0.3125	0.25	0.6875	0.625	0.46875
	geiunfornat	geiunfornatics	0.15625	0.0625	0.15625	0.65625	0.25	0.15625
	psyvholigi	psyvholigy	0.25	0.03125	0.25	0.59375	0.78125	0.28125
	gis	GIS	0.6875	0.46875	0.28125	0.5625	0.4375	0.65625
	geoinform	GEOINFORMATION	0.46875	0.21875	0.46875	0.6875	0.40625	0.3125
	danc ballet	Dance Ballet	0.4375	0.5	0.34375	0.53125	0.4375	0.40625
	geoinform	geoinformation	0.3125	0.125	0.34375	0.84375	0.25	0.0625
	kinesiolog	Kinesiology 	0.0	0.5	0.53125	0.5	0.03125	0.0625
	med	pre-med	0.1875	0.5	0.28125	0.0	0.0	0.0
	apk	apk	0.03125	0.53125	0.25	0.4375	0.25	0.09375
	properti	property	0.375	0.25	0.3125	0.46875	0.40625	0.25
	organ develop	Organization development 	0.0625	0.25	0.40625	0.75	0.34375	0.09375
	urban design	urban design	0.375	0.4375	0.8125	0.1875	0.125	0.0625
	seaman	seaman	0.375	0.625	0.625	0.59375	0.375	0.5625
	bank	Banking	0.125	0.34375	0.84375	0.8125	0.53125	0.1875
	comput	computer	0.75	0.34375	0.3125	0.40625	0.21875	0.75
	marin	Marine	0.96875	0.84375	0.75	0.875	0.75	0.625
	abm	ABM	0.4375	0.53125	0.5	0.90625	0.6875	0.6875
	inform technolog	Information Technology	0.75	0.125	0.09375	0.5	0.375	0.75
	fashion	fashion	0.125	0.28125	0.53125	0.90625	0.53125	0.40625
	medic assist	Medical Assistant	0.0625	0.40625	0.25	0.90625	0.5625	0.4375
	design	3D Design	0.09375	0.53125	0.375	0.78125	0.125	0.0
	teach	Teaching	0.5625	0.15625	0.53125	0.375	0.53125	0.21875
	theater	Theater	0.15625	0.5	0.90625	0.6875	0.4375	0.25
	nil	Nil	0.34375	0.65625	0.3125	0.59375	0.625	0.5625
	translat	Translation	0.21875	0.625	0.75	0.53125	0.46875	0.25
	nutrit	Nutrition	0.03125	0.53125	0.3125	0.34375	0.15625	0.3125
	decid	deciding	0.0625	0.0625	0.0	0.875	0.3125	0.375
	media	Media Studies	0.21875	0.1875	0.75	0.5	0.15625	0.09375
	undecid	undecided	0.0625	0.21875	0.78125	0.75	0.53125	0.28125
	n n	n/n	1.0	0.28125	0.125	0.3125	0.15625	0.0625
	exploratori	exploratory	0.15625	0.34375	0.28125	0.53125	0.46875	0.34375
	decid	not decided	0.3125	0.78125	0.65625	0.71875	0.375	0.5
	n	N/a	0.4375	0.5	0.5625	0.46875	0.625	0.65625
	film product	Film Production	0.21875	0.46875	0.875	0.8125	0.4375	0.40625
	rehabilit	rehabilitation	0.03125	0.6875	0.53125	0.71875	0.375	0.03125
	pyscholgi elementari	pyscholgy,elementary	0.03125	0.21875	0.125	0.75	0.0625	0.25
	phi	Phy	0.25	0.03125	0.15625	0.46875	0.25	0.0625
	comput	computer	0.4375	0.4375	0.0625	0.34375	0.0625	0.4375
	electron media product	Electronic media production	0.3125	0.90625	0.8125	0.40625	0.21875	0.125
	hospit	Hospitality	0.28125	0.3125	0.90625	0.4375	0.6875	0.84375
	test	test	0.03125	0.0625	0.0625	0.0625	0.03125	0.03125
	marin	Marine	0.5	0.46875	0.59375	0.75	0.5	0.5625
	undecid	undecided	0.09375	0.21875	0.125	0.625	0.34375	0.0625
	messag	Message 	0.09375	0.0	0.21875	0.3125	0.125	0.0
	polit	Politics	0.28125	0.34375	0.46875	0.46875	0.28125	0.40625
	inform technolog	Information technology	0.28125	0.46875	0.34375	0.5625	0.40625	0.53125
	exploratori	Exploratory	0.1875	0.15625	0.1875	0.53125	0.40625	0.21875
	polit	Politic	0.1875	0.65625	0.625	0.65625	0.1875	0.03125
	film	film	0.0625	0.65625	0.71875	0.59375	0.125	0.28125
	medtech	MedTech 	0.59375	0.65625	0.71875	0.5625	0.59375	0.65625
	mytholog folklor	Mythology and Folklore	0.1875	0.96875	0.75	0.625	0.4375	0.28125
	environment	Environmental Studies	0.03125	0.75	0.6875	0.5	0.4375	0.125
	mytholog folklor	Mythology and Folklore	0.1875	0.9375	0.65625	0.78125	0.40625	0.34375
	polit	political studies	0.0	0.125	0.21875	0.34375	0.0	0.0
	real estat	Real Estate	0.5	0.625	0.75	0.59375	0.46875	0.4375
	teach	TEACHING	0.3125	0.59375	0.1875	0.75	0.25	0.1875
	theatr teach	Theatre and Teaching	0.1875	0.125	0.78125	0.90625	0.375	0.125
	undecid	Undecided 	0.4375	0.25	0.0625	0.28125	0.28125	0.1875
	undecid	Undecided	0.0625	0.0	0.03125	0.3125	0.25	0.03125
	divin	Divinity	0.28125	0.21875	0.40625	0.84375	0.59375	0.34375
	dentistri	dentistry	0.0625	0.59375	0.125	0.28125	0.09375	0.15625
	diagnost medic sonograph	Diagnostic Medical Sonographer	0.34375	0.78125	0.0625	0.625	0.375	0.34375
	creativ	Creative	0.34375	0.46875	0.78125	0.8125	0.375	0.3125
	environ	environment	0.03125	0.34375	0.5625	0.03125	0.25	0.0
	peac conflict	Peace and Conflict	0.21875	0.28125	0.4375	0.75	0.28125	0.40625
	medic technolog	Medical Technology	0.03125	0.90625	0.46875	0.8125	0.25	0.4375
	arsitektur design	Arsitektur, design	0.625	0.65625	0.75	0.46875	0.46875	0.34375
	medtech	MedTech	0.28125	0.71875	0.78125	0.46875	0.21875	0.21875
	medic technolog	Medical technology 	0.21875	0.5625	0.34375	0.59375	0.71875	0.46875
	design	design	0.3125	0.65625	0.5	0.46875	0.5	0.46875
	languag	Language	0.0625	0.5625	0.4375	0.65625	0.4375	0.125
	biomed	biomedic	0.0625	0.59375	0.1875	0.5	0.03125	0.125
	ict	ICT	0.53125	0.46875	0.4375	0.53125	0.5625	0.65625
	mechan	mechanical	0.8125	0.40625	0.34375	0.34375	0.28125	0.25
	undecid	Undecided	0.40625	0.40625	0.40625	0.75	0.78125	0.71875
	kinesiolog	kinesiology	0.53125	0.96875	0.46875	0.5	0.21875	0.25
	film product	Film Production	0.4375	0.1875	0.875	0.46875	0.5625	0.375
	tourism	tourism	0.375	0.34375	0.53125	0.40625	0.46875	0.40625
	hospit	hospitality	0.875	0.8125	0.8125	0.75	0.9375	1.0
	undeclar	undeclared	0.46875	0.15625	0.21875	0.78125	0.4375	0.4375
	comput technolog	Computer Tech	0.09375	0.53125	0.25	0.4375	0.34375	0.34375
	nil	NIL	0.09375	0.0625	0.28125	0.59375	0.53125	0.65625
	sport	Sports	0.375	0.59375	0.09375	0.5625	0.25	0.46875
	colonel	colonel	0.28125	0.0625	0.125	0.5625	0.21875	0.34375
	physiotherapist	Physiotherapist	0.21875	0.59375	0.5	0.8125	0.53125	0.3125
	american	American Studies	0.125	0.53125	0.625	0.375	0.53125	0.625
	social servic work	social service work	0.1875	0.40625	0.46875	0.875	0.40625	0.25
	special need	Special needs	0.0625	0.0625	0.375	0.96875	0.375	0.5
	media	 media	0.46875	0.625	0.34375	0.5625	0.5	0.5625
	neither	neither	0.25	0.3125	0.0625	0.21875	0.40625	0.34375
	dental hygien	Dental Hygiene 	0.0	0.375	0.0	0.0	0.0	0.0
	multimedia	multimedia	0.3125	0.40625	0.5	0.625	0.3125	0.375
	buisnesd	Buisnesd	0.0625	0.75	0.4375	0.65625	0.3125	0.21875
	undecid	Undecided 	0.03125	0.21875	0.4375	0.375	0.5625	0.28125
	nutrit	Nutrition	0.15625	0.90625	0.90625	0.59375	0.34375	0.34375
	comput	Computers	0.15625	0.125	0.46875	0.75	0.46875	0.6875
	inform technolog	Information Technology	0.09375	0.75	0.0	0.09375	0.5625	0.0
	marin	Marine	0.5	0.40625	0.53125	0.96875	0.78125	0.5
	medic assist	Medical Assisting	0.34375	0.71875	0.09375	0.84375	0.25	0.15625
	kinesiolog	kinesiology	0.15625	0.3125	0.40625	0.5625	0.34375	0.21875
	kinesiolog	Kinesiology 	0.40625	0.875	0.46875	0.40625	0.5	0.28125
	film	Film Studies	0.375	0.6875	0.34375	0.28125	0.0625	0.5625
	biomed	BioMedical	0.1875	0.8125	0.25	0.65625	0.4375	0.53125
	nutrit	Nutrition	0.0	0.21875	0.09375	0.25	0.09375	0.1875
	fisheri	Fisheries 	0.78125	0.59375	0.40625	0.53125	0.375	0.28125
	interior safeti	Interior safety studies 	0.375	0.0	0.5625	0.4375	0.1875	0.25
	rehab servic	Rehab Services	0.1875	0.5	0.75	0.9375	0.75	0.875
	medic doctor	Medical Doctor	0.1875	0.15625	0.25	0.78125	0.25	0.34375
	stem	STEM	0.21875	0.71875	0.3125	0.21875	0.65625	0.6875
	logist	Logistic	0.46875	0.59375	0.75	0.84375	0.46875	0.40625
	real estat	real estate	0.0	0.125	0.34375	0.625	0.4375	0.03125
	rehab servic	Rehab. Services	0.3125	0.1875	0.40625	0.84375	0.5	0.625
	porgram	Porgraming	1.0	1.0	1.0	1.0	1.0	1.0
	undeclar	undeclared	0.34375	0.53125	0.625	0.53125	0.28125	0.3125
	trade	Trade	0.65625	0.375	0.71875	0.625	1.0	0.59375
	medtech	MedTech	0.25	0.75	0.875	0.75	0.8125	0.25
	food scientist	Food scientist	0.46875	0.46875	0.5	0.75	0.59375	0.40625
	x	X	0.375	0.65625	0.125	0.8125	0.40625	0.4375
	theater	Theater 	0.09375	0.4375	0.96875	0.8125	0.5625	0.1875
	tourism	Tourism	0.40625	0.59375	0.71875	0.6875	0.59375	0.3125
	measur	Measurement	0.15625	0.375	0.40625	0.53125	0.28125	0.5
	inform technolog	Information Technology	0.59375	0.65625	0.4375	0.5625	0.59375	0.75
	electron technician	Electronic Technician	0.875	0.5	0.6875	0.875	0.6875	0.4375
	med	pre med	0.21875	0.625	0.40625	0.75	0.3125	0.0
	design	Design	0.6875	0.78125	0.8125	0.875	0.65625	0.53125
	medic technolog	Medical Technology	0.0625	0.78125	0.1875	0.09375	0.21875	0.21875
	medic technolog	Medical Technology	0.125	0.8125	0.25	0.09375	0.03125	0.15625
	film product	Film production	0.0625	0.1875	0.59375	0.125	0.03125	0.03125
	psychotherapi	Psychotherapy	0.03125	0.40625	0.8125	0.8125	0.28125	0.09375
	theatr	theatre	0.53125	0.4375	0.21875	0.53125	0.71875	0.6875
	medic bill code	Medical Billing and Coding	0.34375	0.25	0.28125	0.71875	0.28125	0.125
	theatr	Theatre	0.0625	0.5	0.53125	0.5625	0.03125	0.0
	dental hygien	Dental Hygiene	0.21875	0.625	0.40625	0.65625	0.40625	0.28125
	pysic therapist	Pysical Therapist	0.46875	0.53125	0.71875	0.78125	0.53125	0.375
	kinesiolog	kinesiology	0.09375	0.21875	0.40625	0.71875	0.09375	0.03125
	speech patholog audiolog	Speech Pathology and Audiology	0.375	0.71875	0.84375	1.0	0.5625	0.40625
	matematica	matematica	0.5625	0.71875	0.03125	0.625	0.4375	0.71875
	chemic technolog	Chemical Technology	0.375	0.625	0.78125	0.625	0.5	0.25
	hospit	hospitality	0.0625	0.375	0.40625	0.3125	0.40625	0.25
	undeclar	undeclared	0.03125	0.3125	0.0625	0.6875	0.21875	0.0
	undeclar	undeclared	0.0	0.21875	0.03125	0.84375	0.09375	0.0
	theatr	theatre	0.0	0.09375	0.5625	0.28125	0.15625	0.0
	asssosi	Asssosiate Degree	0.4375	0.34375	0.3125	0.40625	0.3125	0.3125
	gerontolog	Gerontology	0.0625	0.90625	0.1875	0.875	0.09375	0.09375
	web design audio record	Web Design & Audio recording	0.125	0.375	0.6875	0.375	0.125	0.09375
	cybersecur	Cybersecurity	0.6875	0.375	0.46875	0.5	0.4375	0.25
	speech patholog audiolog	Speech Pathology/ Audiology	0.0	0.84375	0.15625	0.65625	0.125	0.15625
	dental hygien	Dental Hygiene	0.0	0.75	0.25	0.84375	0.59375	0.0
	environment	environmental studies	0.21875	0.65625	0.5625	0.4375	0.28125	0.40625
	liber	Liberal Studies	0.03125	0.3125	0.4375	0.25	0.0	0.125
	electr	Electrical	0.65625	0.59375	0.84375	0.875	0.25	0.34375
	nil	nil 	0.28125	0.6875	0.1875	0.5	0.59375	0.4375
	medic technolog	Medical Technology	0.0625	1.0	0.625	0.9375	0.5	0.46875
	ship	shipping	0.28125	0.4375	0.40625	0.375	0.34375	0.71875
	athlet train	athletic training	0.3125	0.625	0.4375	0.71875	0.15625	0.34375
	mechan	mechanical	0.4375	0.53125	0.625	0.40625	0.3125	0.34375
	radiolog	radiology	0.34375	0.65625	0.53125	0.375	0.5	0.40625
	social servic	social services	0.0625	0.21875	0.0	0.8125	0.03125	0.25
	addict	Addiction Studies	0.4375	0.625	0.625	0.8125	0.28125	0.3125
	medtech	Medtech	0.125	0.5625	0.5	0.5	0.625	0.625
	undecid	Undecided	0.46875	0.78125	0.53125	0.8125	0.53125	0.34375
	nil	nil	0.46875	0.59375	0.375	0.65625	0.53125	0.625
	culinari	culinary	0.25	0.0625	0.21875	0.34375	0.34375	0.25
	aircraft mechan	Aircraft mechanic	0.28125	0.34375	0.4375	0.71875	0.3125	0.09375
	mrkete	Mrketing	0.09375	0.21875	0.53125	0.40625	0.5	0.1875
	neurolog	Neurology	0.09375	0.84375	0.75	0.625	0.4375	0.09375
	dgital media	Dgital media	0.53125	0.5625	0.40625	0.375	0.46875	0.40625
	undecid	UNDECIDED	0.28125	0.46875	0.25	0.4375	0.25	0.1875
	nutrit	Nutrition 	0.28125	1.0	0.53125	0.9375	0.0	0.15625
	organiz leadership	Organizational Leadership	0.5625	0.625	0.40625	0.875	0.34375	0.5
	polit	Politics 	0.15625	0.34375	0.34375	0.53125	0.28125	0.125
	data analyt	Data Analytics	0.34375	0.21875	0.15625	0.78125	0.78125	0.78125
	psyc	psyc	0.25	0.65625	0.28125	0.59375	0.40625	0.28125
	travel	Travel	0.25	0.34375	0.5	0.71875	0.875	0.46875
	folklor	folklore	0.03125	0.28125	0.65625	0.4375	0.4375	0.15625
	slavic languag	slavic languages	0.34375	0.71875	0.5625	0.40625	0.0625	0.3125
	construct	Construction	0.71875	0.75	0.3125	0.15625	0.3125	0.5
	entertain	Entertainment	0.03125	0.09375	0.59375	0.125	0.21875	0.0
	medic assist	medical assistant	0.0	0.375	0.0	0.34375	0.09375	0.0
	maprh	maprh	0.21875	0.28125	0.625	0.5	0.25	0.25
	medic cours	Medical course	0.375	0.5625	0.78125	0.59375	0.46875	0.65625
	psicologia	psicologia	0.3125	0.8125	0.53125	0.5625	0.375	0.1875
	geomat	Geomatics	0.375	0.84375	0.75	0.59375	0.375	0.75
	social servic worker	Social Service Worker	0.15625	0.5	0.4375	0.9375	0.4375	0.15625
	cybersecur	CYBERSECURITY	1.0	1.0	1.0	1.0	0.90625	1.0
	technolog	technology	0.5625	0.84375	0.875	0.90625	0.375	0.34375
	microelectron	Microelectronics	0.25	0.53125	0.46875	0.90625	0.5	0.625
	electron	electronics	0.8125	0.875	0.75	0.8125	0.90625	0.53125
	undeclar	undeclared	0.4375	0.90625	0.3125	0.90625	0.25	0.34375
	dietic	dietics	0.125	0.6875	0.21875	0.34375	0.15625	0.375
	film	film studies	0.03125	0.8125	0.71875	0.28125	0.75	0.34375
	theatr	Theatre	0.5625	0.90625	0.90625	0.71875	0.625	0.34375
	baf	bafs	0.125	0.46875	0.09375	0.375	0.78125	0.59375
	environment	Environmental studies	0.8125	0.90625	0.9375	0.96875	0.8125	0.84375
	aerospac technolog	Aerospace Technology	0.59375	0.71875	0.40625	0.5625	0.59375	0.5
	horticultur	Horticulture	0.71875	0.53125	0.5	0.53125	0.34375	0.5
	dental hygien	Dental Hygiene	0.1875	0.4375	0.1875	0.78125	0.34375	0.53125
	medic assist	Medical Assisting	0.375	0.6875	0.5625	0.78125	0.3125	0.21875
	medtech	medtech	0.15625	0.5625	0.40625	0.625	0.75	0.1875
	stem	STEM	0.71875	0.625	0.625	0.4375	0.46875	0.625
	cybersecur	Cybersecurity	0.8125	0.78125	0.40625	0.15625	0.40625	0.8125
	cit	CIT	0.625	0.84375	0.4375	0.625	0.625	0.875
	teacher disabl peopl	teacher for disability people	0.03125	0.4375	0.3125	0.78125	0.25	0.03125
	pharmaci	Pharmacy 	0.46875	0.75	0.6875	0.5	0.40625	0.6875
	urban polici	urban policy	0.375	0.4375	0.125	0.53125	0.3125	0.75
	inform technolog	Information Technology	0.5	0.65625	0.03125	0.125	0.09375	0.40625
	urban	Urbanism	0.5	0.5	0.46875	0.46875	0.3125	0.375
	polic	Policing	0.15625	0.5	0.625	0.53125	0.3125	0.0
	anim	Animation	0.03125	0.625	0.5	0.3125	0.40625	0.0625
	anim	Animation	0.0625	0.25	0.875	0.59375	0.4375	0.34375
	entertain	Entertainment	0.0625	0.125	0.75	0.21875	0.15625	0.0
	pharmaci	Pharmacy 	0.5	0.875	0.65625	0.46875	0.53125	0.625
	medic	Medical	0.5	0.71875	0.625	0.65625	0.53125	0.53125
	comput applic	Computer Application	0.3125	0.3125	0.4375	0.46875	0.21875	0.28125
	baf	bafs	0.1875	0.46875	0.125	0.21875	0.75	0.5
	buis	Buisness 	0.28125	0.25	0.28125	0.4375	0.75	0.40625
	paraleg	paralegal	0.25	0.65625	0.90625	0.96875	0.71875	0.59375
	kinesiolog	Kinesiology	0.21875	0.375	0.21875	0.46875	0.25	0.21875
	kinesiolog	Kinesiology	0.25	0.4375	0.25	0.53125	0.25	0.25
	psi holog	Psy hology	0.0	0.4375	0.4375	0.53125	0.46875	0.0
	write	Writing	0.0	0.0	0.75	0.09375	0.0	0.0
	construct mangement	construction mangement	0.8125	0.40625	0.40625	0.90625	0.875	0.78125
	construct	Construction	0.53125	0.09375	0.15625	0.5	0.125	0.0
	ota	ota	0.40625	0.5	0.40625	0.75	0.71875	0.5
	medic	medical	0.3125	0.40625	0.5	0.65625	0.78125	0.625
	infoat technolog	Infoation Technology	0.1875	0.9375	1.0	0.1875	0.21875	0.6875
	medic technolog	Medical Technology	0.03125	0.75	0.09375	0.0625	0.03125	0.03125
	comun	comunication	0.1875	0.375	0.625	0.375	0.46875	0.28125
	athlet train	Athletic Training	0.1875	0.5	0.40625	0.84375	0.3125	0.1875
	presoci	PRESOCIAL	0.40625	0.5	0.40625	0.4375	0.34375	0.34375
	space	Space Studies	0.0	0.75	0.65625	0.6875	0.3125	0.40625
	rehabilit servic	Rehabilitative Services	0.0	0.25	0.03125	0.9375	0.4375	0.28125
	danc psycho	Dance, psycho	0.3125	0.53125	0.59375	0.6875	0.3125	0.125
	medic	medical	0.375	1.0	0.09375	0.75	0.0	0.0
	na	na	0.03125	0.25	0.53125	0.375	0.0	0.125
	investig forens	investigative forensics	0.09375	0.625	0.84375	0.8125	0.625	0.46875
	write	Writing	0.0	0.28125	0.8125	0.6875	0.53125	0.0
	inform technolog	Information Technology	0.53125	0.15625	0.625	0.96875	0.65625	0.625
	nutrit	Nutrition	0.21875	0.59375	0.0	0.15625	0.0625	0.4375
	culenari	culenary 	0.125	0.1875	0.21875	0.0625	0.21875	0.0625
	undecid	undecided	0.28125	0.09375	0.5625	0.46875	0.46875	0.5625
	tourism	TOURISM	0.21875	0.375	0.59375	0.34375	0.46875	0.125
	fashion	fashion	0.15625	0.53125	0.84375	0.5625	0.4375	0.09375
	hospit	Hospitality	0.21875	0.4375	0.3125	0.59375	0.46875	0.5
	inform technolog	IT	0.21875	0.21875	0.53125	0.5625	0.375	0.25
	na	Na	0.375	0.5	0.5	0.5	0.5	0.4375
	earli child care	Early Child Care	0.0	0.46875	0.4375	0.6875	0.09375	0.125
	undeclar	undeclared	0.375	0.75	0.78125	0.78125	0.3125	0.53125
	teach	teaching	0.28125	0.59375	0.65625	0.46875	0.46875	0.3125
	na	na	0.5625	0.375	0.25	0.5	0.46875	0.59375
	beauti	Beauty	0.0	0.28125	0.0	0.28125	0.09375	0.0
	liber	liberal studies	0.21875	0.21875	0.0625	0.59375	0.09375	0.0
	forens	Forensics	0.34375	0.34375	0.5	0.71875	0.21875	0.125
	rehabilit servic	Rehabilitative Services	0.65625	0.75	0.15625	0.84375	0.0625	0.75
	electron	Electronics	0.375	0.78125	0.625	0.46875	0.375	0.0625
	hrmn	HRMN	0.21875	0.34375	0.6875	0.84375	0.6875	0.71875
	ece	ECE	0.28125	0.625	0.71875	0.84375	0.75	0.53125
	admintaion justic	Admintaion of justice	0.5	0.90625	0.84375	0.84375	0.65625	0.53125
	informat	Informatics	0.34375	0.6875	1.0	0.875	0.40625	0.34375
	pharm	Pharm	0.0	0.875	0.46875	0.1875	0.0	0.0
	speech languag patholog	Speech Language Pathology	0.0625	0.78125	0.59375	0.59375	0.34375	0.09375
	electron	Electronics	0.5	0.5	0.5	0.5	0.5	0.5
	rehabilit servic	Rehabilitation Services	0.0625	0.53125	0.09375	0.625	0.0	0.0625
	cosmetolog	Cosmetology	0.28125	0.53125	0.71875	0.53125	0.4375	0.15625
	interact design	Interaction Design	0.0625	0.6875	0.625	0.3125	0.34375	0.28125
	polici	policy	0.125	0.5	0.59375	0.8125	0.3125	0.21875
	hospit	hospitality	0.5	0.8125	0.40625	0.6875	0.5	0.34375
	design	design	0.28125	0.625	0.625	0.5625	0.09375	0.09375
	develop	Development Studies	0.5625	0.3125	0.4375	0.71875	0.25	0.75
	technic leadership	applied technical leadership	0.9375	0.78125	0.25	0.53125	0.40625	0.5
	hospit	Hospitality 	0.0	0.09375	0.21875	0.65625	0.59375	0.15625
	undeclar	Undeclared 	0.15625	0.59375	0.4375	0.625	0.53125	0.3125
	teach	teaching	0.03125	0.0625	0.4375	0.25	0.1875	0.03125
	network	Networking	0.375	0.4375	0.5625	0.65625	0.375	0.34375
	design think	Design thinking	0.5	0.5625	0.5625	0.5	0.3125	0.21875
	nutrit	nutrition	0.09375	0.3125	0.125	0.4375	0.40625	0.21875
	undecid	Undecided 	0.25	0.25	0.28125	0.34375	0.28125	0.34375
	dentistri	Dentistry 	0.28125	0.625	0.1875	0.59375	0.28125	0.375
	sport	sports	0.65625	0.71875	0.5	0.75	0.5625	0.5625
	undecid	undecided	0.0	0.5	0.21875	0.71875	0.25	0.15625
	hospit	Hospitality	0.3125	0.0	0.0625	0.1875	0.25	0.28125
	undecid	undecided	0.0	0.4375	0.03125	0.59375	0.15625	0.09375
	sport med	sports med 	0.0	0.875	0.03125	0.75	0.125	0.03125
	biochem	BioChem	0.375	0.625	0.71875	0.875	0.625	0.5
	un	UN SURE	0.0625	0.625	0.0	0.46875	0.3125	0.21875
	nutrit	Nutrition	0.1875	0.90625	0.75	1.0	0.53125	0.3125
	student	student	0.0	0.5625	0.90625	0.875	0.0	0.03125
	teach	Teaching	0.1875	0.125	0.90625	0.53125	0.53125	0.59375
	hdfs	HDFS	0.1875	0.40625	0.15625	0.9375	0.34375	0.1875
	hdfs	HDFS	0.09375	0.4375	0.0625	0.9375	0.28125	0.0625
	theatr	theatre	0.0	0.0625	0.78125	0.46875	0.28125	0.125
	inform technolog	Information Technology	0.3125	0.0625	0.25	0.40625	0.375	0.46875
	paraleg	Paralegal	0.4375	0.65625	0.28125	0.65625	0.15625	0.5
	medic technologist	Medical Technologist	0.125	0.40625	0.25	0.84375	0.40625	0.3125
	speech patholohi	speech patholohy	0.15625	0.03125	0.59375	0.625	0.21875	0.03125
	undecid	undecided	0.1875	0.46875	0.3125	0.75	0.4375	0.375
	nurisng	Pre-Nurisng	0.0	0.1875	0.0	0.0625	0.40625	0.375
	world languag	World Languages	0.28125	0.28125	0.15625	0.15625	0.125	0.0
	asl interpret	ASL Interpreter	0.1875	0.71875	0.53125	0.78125	0.53125	0.71875
	wildlif	Wildlife	0.09375	0.1875	0.09375	0.0625	0.0	0.0
	genereal	Genereal Studies	0.65625	0.6875	0.28125	0.4375	0.46875	0.5
	dietet	Dietetics	0.3125	0.71875	0.25	0.6875	0.15625	0.5
	film	Film	0.0	0.25	0.3125	0.4375	0.0625	0.0
	child develop	Child Development	0.0	0.25	0.09375	0.75	0.8125	0.6875
	inform technolog	I.T	0.3125	0.3125	0.625	0.78125	0.4375	0.46875
	construct technolog	construction technology	0.59375	0.53125	0.3125	0.65625	0.5	0.71875
	construct technolog	construction technology	0.625	0.6875	0.34375	0.71875	0.53125	0.75
	fashion merchandis	Fashion Merchandising	0.03125	0.375	0.84375	0.25	0.5	0.125
	teach	teaching	0.0	0.125	0.0	0.6875	0.0625	0.0
	busu	Busuness	0.59375	0.3125	0.0	0.8125	0.8125	0.90625
	dental assist	Dental Assisting	0.21875	0.65625	0.625	0.90625	0.5	0.1875
	paraleg	Paralegal Studies	0.0	0.59375	0.875	0.875	0.28125	0.28125
	nutrit	Nutrition	0.09375	0.75	0.5	0.71875	0.34375	0.15625
	inform technolog	information technology	0.1875	0.46875	0.5	0.40625	0.4375	0.1875
	teach	teaching	0.09375	0.5	0.40625	0.8125	0.5	0.28125
	undecid	Undecided	0.09375	0.3125	0.78125	0.34375	0.15625	0.0625
	undecid	undecided	0.0	0.5625	0.0	0.34375	0.0	0.15625
	inform technolog	Information Technology	0.125	0.1875	0.5625	0.28125	0.0625	0.03125
	undecid	Undecided	0.0	0.125	0.96875	0.34375	0.0625	0.28125
	theatr	Theatre	0.40625	0.25	0.53125	0.5	0.3125	0.59375
	respiratori therapi	respiratory therapy	0.5625	0.625	0.59375	0.53125	0.40625	0.09375
	interior design	Interior Design	0.4375	0.6875	0.65625	0.59375	0.4375	0.59375
	emt	EMT	0.375	0.4375	0.15625	0.40625	0.1875	0.21875
	cloth textil design	Clothing & Textiles : Design	0.125	0.625	0.59375	0.78125	0.6875	0.375
	hospit	Hospitality	0.40625	0.5	0.5625	0.5	0.625	0.71875
	inform technolog	IT	0.25	0.84375	0.4375	0.75	0.71875	0.59375
	design	design	0.15625	0.5625	0.75	0.5	0.28125	0.5
	hod	HOD	0.5	1.0	0.78125	1.0	0.5	0.5
	environ	environment	0.0	0.75	0.71875	0.28125	0.25	0.0
	play sport	playing sports	0.40625	0.25	0.125	0.375	0.625	0.25
	urban plan	Urban Planning	0.625	0.59375	0.625	0.40625	0.46875	0.21875
	colleg student personnel	 College Student Personnel	0.5625	0.71875	0.59375	0.8125	0.65625	0.6875
	classic	Classics	0.40625	0.875	0.71875	1.0	0.21875	0.125
	undecid	Undecided 	0.40625	0.15625	0.21875	0.5	0.46875	0.5
	undecid	Undecided	0.90625	0.90625	0.6875	0.84375	0.5	0.40625
	speech patholog	Speech Pathology	0.625	0.3125	0.375	0.5625	0.15625	0.5
	child famili	Child and Family Studies	0.21875	0.375	0.4375	0.6875	0.59375	0.625
	undecid	Undecided	0.09375	0.5625	0.375	0.75	0.4375	0.15625
	integr social	Integrated Social Studies	0.5625	0.4375	0.15625	0.9375	0.6875	0.5625
	kinesiolog	Kinesiology	0.0625	0.53125	0.21875	0.53125	0.125	0.0
	youth work	Youth work	0.15625	0.46875	0.15625	0.78125	0.1875	0.125
	kinesiolog	Kinesiology	0.0	0.3125	0.53125	0.65625	0.0625	0.0625
	phamerci	phamercy	0.40625	0.84375	0.75	0.6875	0.59375	0.375
	surgeon	surgeon	0.0	0.5	0.5625	0.375	0.0	0.0625
	pyschcolog	pyschcology	0.34375	0.75	0.71875	0.84375	0.84375	0.5625
	urban environment plan	Urban & Environmental Planning 	0.21875	0.78125	0.21875	0.71875	0.40625	0.46875
	social	Social Studies	0.3125	0.90625	0.875	0.96875	0.1875	0.28125
	apparel	Apparel studies	0.6875	0.4375	0.6875	0.78125	0.625	0.40625
	child develop	Child Development	0.0625	0.03125	0.34375	0.78125	0.21875	0.25
	child develop	Child development 	0.375	0.40625	0.53125	0.96875	0.8125	0.5625
	profession	Professional Studies	0.125	0.46875	0.0625	0.84375	0.15625	0.71875
	occup therapi	occupational therapy 	0.0625	0.625	0.4375	0.75	0.3125	0.1875
	medic technolog	Medical Technology	0.15625	0.84375	0.75	0.78125	0.28125	0.4375
	technolog	technology	0.03125	0.125	0.09375	0.03125	0.15625	0.03125
	environment polici	environmental policy 	0.125	0.40625	0.375	0.90625	0.5	0.3125
	elect	Elective Studies	0.03125	0.59375	0.71875	0.71875	0.09375	0.03125
	kinesiolog	kinesiology	0.03125	0.1875	0.09375	0.6875	0.46875	0.34375
	exploratori	exploratory	0.03125	0.71875	0.375	0.75	0.5625	0.5
	na	na	0.34375	0.6875	0.3125	0.53125	0.4375	0.375
	inform technolog	IT	0.40625	0.75	0.40625	0.34375	0.34375	0.65625
	kinesiolog	kinesiology	0.25	0.625	0.40625	0.65625	0.28125	0.25
	development	developmental studies	0.15625	0.34375	0.5	0.9375	0.6875	0.78125
	slp	SLP	0.75	0.59375	0.1875	0.75	0.0	0.40625
	therapi	therapy 	0.3125	1.0	1.0	1.0	1.0	1.0
	write	Writing 	0.0625	0.8125	0.4375	0.71875	0.03125	0.03125
	physcholog	Physchology 	0.0	0.84375	0.59375	0.875	0.40625	0.09375
	digit media	Digital Media	0.4375	0.75	0.59375	0.375	0.53125	0.625
	kinesiolog	kinesiology	0.09375	0.84375	0.0625	0.6875	0.0625	0.0
	inform technolog	Information Technology	0.28125	0.25	0.90625	1.0	0.59375	0.4375
	pharmaci	Pharmacy	0.15625	0.40625	0.1875	0.625	0.40625	0.4375
	inform technolog	Information Technology	0.375	0.28125	0.9375	0.75	0.5	0.46875
	inform technolog	Information Technology	0.53125	0.5	0.90625	0.90625	0.5	0.46875
	pharmaci	pharmacy	0.03125	0.5625	0.125	0.4375	0.5625	0.375
	fashion merchandis	Fashion Merchandising	0.125	0.0625	0.84375	0.625	0.75	0.75
	diagnost medic sonographi	Diagnostic Medical Sonography	0.40625	0.46875	0.3125	0.4375	0.0	0.28125
	dental	Dental	0.25	0.65625	0.4375	0.4375	0.5	0.4375
	eduact	Eduaction	0.0	0.03125	0.15625	0.625	0.4375	0.03125
	doctor	doctor	0.125	0.78125	0.9375	0.59375	0.78125	0.125
	polic	Police	0.21875	0.125	0.125	0.3125	0.21875	0.1875
	write	writing	0.0	0.53125	0.78125	0.21875	0.0	0.0
	inform technolog	Information Technology	0.71875	1.0	0.875	0.65625	0.84375	1.0
	medic	medical	0.5625	1.0	0.875	0.96875	0.75	0.75
	medic	Medical	0.125	0.25	0.15625	0.34375	0.4375	0.375
	inform technolog	IT	0.25	0.0625	0.375	0.8125	0.25	0.875
	medic assist	Medical assistant 	0.5625	0.8125	0.59375	0.71875	0.65625	0.5
	design	Design 	0.25	0.65625	0.75	0.875	0.40625	0.21875
	undecid	Undecided	0.0	0.53125	0.4375	0.03125	0.0	0.0
	inform technolog	Information Technology	0.125	0.0	0.125	0.375	0.5	0.0625
	electon	electonics	0.75	0.5	0.53125	0.46875	0.40625	0.40625
	kinesiolog	kinesiology	0.28125	0.8125	0.3125	0.75	0.25	0.21875
	murs	mursing	0.4375	0.75	0.5	0.84375	0.75	0.59375
	fashion merchands	Fashion Merchandsing 	0.125	0.1875	0.21875	0.53125	0.84375	0.6875
	dental assist	Dental Assisting	0.3125	0.8125	0.34375	0.5625	0.53125	0.25
	liber	Liberal Studies	0.09375	0.34375	0.375	0.1875	0.0	0.1875
	physiotherapi	physiotherapy	0.21875	0.71875	0.78125	0.6875	0.4375	0.09375
	design	Design	0.53125	0.625	0.34375	0.59375	0.1875	0.4375
	child develop famili	Child Development and Family Studies	0.3125	0.5625	0.8125	0.90625	0.28125	0.25
	polit	Politics	0.21875	0.90625	0.6875	0.3125	0.15625	0.15625
	psicologia	Psicologia	0.25	0.71875	0.5	0.90625	0.59375	0.375
	undeclar	undeclared	0.125	0.0	0.375	0.375	0.5	0.40625
	teacher	Teacher	0.40625	0.78125	0.75	1.0	0.625	0.46875
	broadcast	Broadcasting	0.1875	0.03125	0.75	0.46875	0.71875	0.5
	dentistri	Dentistry 	0.4375	0.46875	0.5625	0.59375	0.5	0.5
	dietitian	dietitian	0.21875	0.34375	0.4375	0.6875	0.3125	0.40625
	polysomnograph technologist	polysomnographic technologist	0.0	0.28125	0.0625	0.46875	0.0625	0.0
	vocat	Vocational	0.25	0.46875	0.40625	0.71875	0.5	0.46875
	medic	medical	0.0625	0.75	0.5625	0.9375	0.75	1.0
	cdfs	cdfs	0.34375	0.34375	0.5625	0.9375	0.59375	0.40625
	don´t	I don´t know	0.4375	0.5625	0.46875	0.4375	0.375	0.28125
	cosmetologist	Cosmetologist 	0.40625	0.5	0.28125	0.34375	0.5625	0.1875
	fashion merchandis	Fashion Merchandising	0.09375	0.0625	0.25	0.5	0.9375	0.625
	theater	Theater	0.28125	0.84375	0.8125	0.625	0.28125	0.0625
	pharmaci	pharmacy 	0.25	1.0	0.5	0.78125	0.53125	0.78125
	anim	Animation	0.28125	0.8125	0.625	0.40625	0.46875	0.59375
	softwar develop	Software Development	0.5	0.5	0.5	0.5625	0.375	0.53125
	hotel	Hotel	0.4375	0.5	0.5	0.65625	0.15625	0.5
	medic school	Medical school 	0.8125	1.0	1.0	1.0	0.9375	0.71875
	hospit tourism	Hospitality & Tourism	0.0625	0.3125	0.5	0.28125	0.6875	0.59375
	medic reimburs code	Medical Reimbursement and Coding	0.375	0.59375	0.1875	0.4375	0.46875	1.0
	suppli chain	Supply Chain	0.71875	0.71875	0.21875	0.34375	0.46875	0.40625
	dental hygien	dental hygiene	0.1875	0.21875	0.625	0.6875	0.75	0.15625
	undecid	undecided	0.03125	0.46875	0.78125	0.78125	0.125	0.0
	filmmak	filmmaking	0.28125	0.3125	0.84375	0.65625	0.0625	0.53125
	fashion merchandis	fashion merchandising 	0.0	0.0	0.0625	0.0	0.1875	0.0
	rehabilit servic	rehabilitation services	0.0	0.0	0.125	0.0	0.0625	0.125
	execut secretari	Executive Secretary	0.09375	0.15625	0.625	0.59375	0.28125	0.21875
	american	American Studies	0.0	0.5	0.40625	0.71875	0.375	0.125
	asian	asian studies	0.3125	0.4375	0.59375	0.5625	0.34375	0.28125
	ultrasound technician	ultrasound technician	0.34375	0.28125	0.21875	0.78125	0.59375	0.5
	ultrasound technician	ultrasound technician	0.28125	0.15625	0.125	0.875	0.53125	0.53125
	rn	rn	0.125	0.5625	0.25	0.625	0.46875	0.3125
	child life specialist	Child Life Specialist	0.25	0.4375	0.09375	0.9375	0.3125	0.0625
	interior design	interior design	0.0	0.4375	0.71875	0.75	0.46875	0.15625
	system develop	system development	0.03125	0.53125	0.90625	0.375	0.84375	0.125
	pharmaci	pharmacy	0.375	0.65625	0.84375	0.9375	0.6875	0.40625
	fashion merchandis	Fashion merchandising	0.09375	0.21875	0.4375	0.375	0.5	0.40625
	arab philolog	Arabic Philology	0.1875	0.625	0.59375	0.25	0.25	0.375
	psychohlgi	Psychohlgy	0.8125	0.53125	0.625	0.90625	0.46875	0.46875
	asian	Asian Studies	0.125	0.75	0.375	0.59375	0.09375	0.125
	liber	Liberal Studies	0.25	0.25	0.84375	0.71875	0.21875	0.34375
	landscap	landscape	0.09375	0.75	0.125	0.375	0.09375	0.5625
	languag	Languages	0.125	0.90625	0.90625	0.90625	0.25	0.03125
	inform technolog	IT	0.0625	0.28125	0.28125	0.5625	0.625	0.4375
	mechnic	mechnics	0.1875	0.4375	0.34375	0.1875	0.0	0.1875
	inform technolog	Information technology	0.46875	0.65625	0.34375	0.625	0.6875	0.875
	mechan ingen	mechanical ingeneering	0.25	0.5625	0.40625	0.21875	0.28125	0.4375
	crimin procedur	criminal procedure	0.09375	0.15625	0.875	0.90625	0.4375	0.15625
	nutrit	Nutrition	0.09375	0.46875	0.46875	0.5625	0.28125	0.1875
	interior design	interior design 	0.0625	0.40625	0.15625	0.34375	0.09375	0.15625
	polici	Policy	0.375	0.6875	0.625	0.46875	0.1875	0.40625
	paramed	paramedic	0.375	0.3125	0.3125	0.3125	0.125	0.125
	fashion	Fashion	0.0	0.0	0.28125	0.53125	0.0625	0.0
	medic technolog	Medical Technology	0.375	1.0	0.875	0.40625	0.34375	1.0
	stem	stem	0.40625	0.46875	0.15625	0.5	0.53125	0.375
	fashion	fashion	0.1875	0.6875	0.75	0.1875	0.375	0.0625
	fashion merchandis	Fashion Merchandising	0.0	0.1875	0.8125	0.5	0.4375	0.125
	inform technolog	IT	0.53125	0.5625	0.46875	0.59375	0.34375	0.84375
	childhood develop famili	Childhood development and family studies 	0.125	0.5625	0.125	0.8125	0.28125	0.4375
	forens	forensics	0.3125	0.3125	0.0625	0.09375	0.0	0.1875
	pharmaci	pharmacy	0.40625	0.75	0.71875	0.90625	0.34375	0.28125
	hospit	Hospitality	0.0625	0.28125	0.75	0.53125	0.65625	0.09375
	environment	Environmental Studies	0.21875	0.84375	0.65625	0.75	0.40625	0.53125
	design	Design 	0.5	0.59375	0.5	0.53125	0.6875	0.5625
	inform technolog	Information technology 	0.90625	0.9375	0.75	0.71875	0.59375	0.71875
	senior high school	Senior High School	0.125	0.09375	0.21875	0.28125	0.65625	0.28125
	child develop	Child developement 	0.1875	0.375	0.125	0.71875	0.6875	0.15625
	undecid	Undecided 	0.21875	0.0625	0.1875	0.375	0.4375	0.4375
	environment studdi	environmental studdies	0.0	0.78125	0.28125	0.28125	0.0	0.0
	utt	UTT	0.15625	0.03125	0.59375	0.03125	0.125	0.15625
	fashion merchandisng	Fashion merchandisng 	0.125	0.0625	0.8125	0.9375	0.65625	0.25
	network technolog	Network technology 	0.84375	0.875	0.90625	0.96875	0.8125	1.0
	medic field	medical field	0.125	0.6875	0.15625	0.8125	0.5625	0.71875
	undecid	Undecided	0.5625	0.75	0.6875	0.75	0.6875	0.5625
	pharmaci	Pharmacy	0.09375	0.59375	0.4375	0.5625	0.0625	0.21875
	undecid	undecided	0.0625	0.46875	0.8125	0.5	0.53125	0.375
	polit	Politics	0.15625	0.375	0.59375	0.96875	0.5625	0.46875
	inform technolog	IT	0.4375	0.90625	0.1875	0.21875	0.375	0.71875
	design fashion	design and fashion	0.53125	0.4375	1.0	0.9375	0.78125	0.5
	commer ce	Commer ce	0.34375	0.71875	0.71875	0.90625	0.21875	0.0
	pediatr	pediatrics	0.21875	0.53125	0.34375	0.5	0.09375	0.03125
	social relat	social relations	0.375	0.3125	0.3125	0.625	0.53125	0.78125
	multimedia	multimedia	0.3125	0.40625	0.15625	0.78125	0.34375	0.59375
	undecid	Undecided	0.125	0.5	0.375	0.34375	0.28125	0.0
	mechatron	MECHATRONICS	0.625	0.5625	0.53125	0.5625	0.5625	0.46875
	inform technolog	Information Technology	0.28125	0.125	0.3125	0.46875	0.59375	0.75
	medtech	Medtech	0.5	0.71875	0.65625	0.59375	0.5625	0.6875
	senior high school	Senior High school	0.09375	0.71875	0.25	0.59375	0.75	0.40625
	aviat	Aviation	0.25	0.25	0.375	0.46875	0.3125	0.25
	medic technolog	Medical Technology	0.3125	0.84375	0.46875	0.65625	0.21875	0.3125
	diplomaci militari	Diplomacy and Military Studies	0.28125	0.65625	0.875	0.75	0.4375	0.6875
	done	Not yet done	0.53125	0.75	0.71875	0.53125	0.4375	0.5625
	senior high school	Senior high school	0.53125	0.34375	0.6875	0.75	0.53125	0.28125
	crimin	Criminal	0.15625	0.1875	0.25	0.5	0.09375	0.46875
	speec pathologist	Speec pathologist	0.3125	0.78125	1.0	0.96875	0.21875	0.0
	teach	teaching	0.1875	0.1875	0.71875	0.84375	0.625	0.1875
	senior high school	senior high school	0.125	0.5	0.65625	0.625	0.375	0.34375
	shs	SHS	0.53125	0.5625	0.4375	0.40625	0.28125	0.40625
	medic technolog	Medical technology	0.03125	0.84375	0.59375	0.6875	0.34375	0.1875
	stem	STEM	0.71875	0.875	0.75	0.8125	0.65625	0.59375
	undeclar	undeclared	0.25	0.25	0.46875	0.5	0.4375	0.375
	rehabilit servic	Rehabilitation Services	0.375	0.53125	0.84375	1.0	0.875	0.75
	radiolog	radiology	0.0625	0.625	0.0	0.3125	0.0	0.0
	medic code	medical coding	0.375	0.8125	0.6875	0.6875	0.3125	0.46875
	cook	Cooking	0.5625	0.75	0.5625	0.46875	0.53125	0.46875
	comput applic	Computer Applications	0.46875	0.71875	0.78125	0.875	0.59375	0.46875
	pharmaci	pharmacy	0.0625	0.71875	0.5625	0.4375	0.15625	0.0
	nil	nil	0.40625	0.21875	0.1875	0.375	0.6875	0.6875
	athlet train	Athletic training	0.125	0.59375	0.46875	0.5625	0.25	0.21875
	creativ write	Creative Writing	0.03125	0.4375	0.71875	0.40625	0.03125	0.03125
	act	Acting	0.15625	0.6875	0.71875	0.25	0.15625	0.09375
	pharmaci	pharmacy	0.59375	0.90625	0.78125	0.96875	0.625	0.6875
	pharmaci	pharmacy	0.6875	0.9375	0.6875	0.90625	0.46875	0.875
	film	Film	0.0	0.125	0.875	0.09375	0.125	0.0625
	odontologia	Odontologia	0.4375	0.8125	0.78125	0.53125	0.3125	0.125
	senior high school	Senior High School	0.0	0.125	0.375	0.1875	0.3125	0.1875
	ppe	PPE	0.375	0.65625	0.65625	0.59375	0.46875	0.375
	senior high school	senior high school	0.5625	0.5625	0.46875	0.8125	0.59375	0.65625
	inform technolog	INFORMATION TECH	0.40625	0.84375	0.65625	0.875	0.59375	0.5
	design	design	0.21875	0.5	0.75	0.71875	0.625	0.15625
	cyber secur	cyber security	0.8125	0.625	0.40625	0.75	0.90625	0.9375
	construct	construction	0.59375	0.21875	0.53125	0.125	0.40625	0.25
	surgic technolog	surgical tech	0.1875	0.3125	0.09375	0.4375	0.21875	0.28125
	senior high school	senior high school	0.34375	0.96875	0.53125	0.71875	0.34375	0.3125
	war	War Studies 	0.75	0.71875	0.5	0.15625	0.1875	0.21875
	prosthet orthot	Prosthetics and orthotics	0.5625	1.0	0.84375	0.90625	0.5	0.34375
	network system	Networking System	0.78125	0.53125	0.4375	0.5625	0.59375	0.59375
	procur	Procurement	0.46875	0.65625	0.40625	0.71875	0.5	0.5625
	attend colleg	did not attend college yet	0.3125	0.5	0.3125	0.3125	0.34375	0.78125
	pratic patisseri	Certificate in Pratical Patisserie 	0.0	0.03125	0.0	0.25	0.0	0.0
	shs abm strand	SHS-ABM strand	0.15625	0.5	0.71875	0.40625	0.28125	0.125
	dentistri	dentistry	0.46875	0.78125	0.5625	0.09375	0.09375	0.65625
	shs stem	SHS-STEM	0.03125	0.65625	0.71875	0.46875	0.53125	0.4375
	med technolog	Med Tech	0.4375	0.71875	0.625	0.90625	0.625	0.4375
	design	design	0.3125	0.625	0.5625	0.8125	0.78125	0.25
	medic	medical	0.1875	0.40625	0.0	0.40625	0.03125	0.3125
	medic technolog	medical Technology	0.375	0.75	0.75	0.875	0.59375	0.65625
	gerontolog	Gerontology	0.125	0.25	0.0	0.625	0.0	0.0
	comput	Computer	0.34375	0.09375	0.3125	0.28125	0.625	0.5
	theatr design	Theatre Design	0.1875	0.25	0.25	0.5625	0.5625	0.5625
	medic technoolog	Medical Technoology	0.34375	0.5	0.40625	0.21875	0.34375	0.53125
	anatomi	anatomy 	0.0	0.09375	0.0	0.875	0.0	0.09375
	doctor	Doctoral	0.5625	0.65625	0.71875	0.8125	0.59375	0.71875
	podiatri	Podiatry	0.125	0.5	0.46875	0.46875	0.59375	0.03125
	medic technolog	Medical technology 	0.15625	1.0	0.6875	0.6875	0.28125	0.125
	senior high school	senior high school	0.0625	0.53125	0.46875	0.15625	0.09375	0.5
	cultur goeographi	Cultural goeography	0.1875	0.28125	0.5625	0.5625	0.3125	0.15625
	undeclar	Undeclared	0.21875	0.65625	0.90625	0.625	0.5	0.34375
	illustr	Illustration	0.21875	0.53125	0.96875	0.625	0.1875	0.0625
	undecid	undecided	0.09375	0.4375	0.71875	0.28125	0.09375	0.03125
	technolog	technology	0.0625	0.375	0.0	0.875	0.6875	0.9375
	pharmaci	pharmacy	0.53125	0.8125	0.59375	0.84375	0.625	0.875
	pharmaci	pharmacy	0.5625	0.90625	0.5625	0.96875	0.4375	0.59375
	medic	Medical	0.0	0.28125	0.0625	0.09375	0.0	0.0625
	realest	realestate	0.71875	0.3125	0.28125	0.46875	0.65625	0.4375
	graphic softwar	graphics software	0.0625	0.46875	0.59375	0.59375	0.40625	0.53125
	design	Design	0.5	0.40625	0.3125	0.625	0.125	0.5
	entrepreneurship	Entrepreneurship	0.0625	0.03125	0.0	0.15625	0.34375	0.0625
	nutrit	Nutrition	0.84375	0.78125	0.625	0.625	0.625	0.84375
	athlet train	Athletic Training	0.0	0.15625	0.15625	0.6875	0.4375	0.5
	medic technolog	Medical Technology	0.0	0.8125	0.375	0.53125	0.15625	0.03125
	speech languag patholog	Speech Language Pathology	0.21875	0.46875	0.40625	0.625	0.40625	0.5
	child youth care	child and youth care	0.375	0.40625	0.0	0.875	0.5	0.6875
	film product	Film production	0.0	0.25	0.625	0.5625	0.4375	0.03125
	scandinavian area	Scandinavian Area Studies	0.375	0.5	0.5625	0.5625	0.1875	0.3125
	tourism	Tourism	0.125	0.0625	0.46875	0.375	0.6875	0.375
	medtech	MedTech	0.46875	0.96875	0.65625	0.75	0.46875	0.53125
	design	Design	0.0	0.71875	0.6875	0.65625	0.40625	0.03125
	medic technolog	medical technology	0.1875	0.84375	0.03125	0.15625	0.125	0.25
	vet	vet	0.53125	0.84375	0.5	0.71875	0.65625	0.625
	dentistri	Dentistry	0.4375	0.375	0.78125	0.84375	0.59375	0.46875
	inform technolog	IT	0.125	0.90625	0.40625	0.15625	0.53125	0.09375
	med	Med	0.125	0.65625	0.5	0.4375	0.53125	0.09375
	audio	Audio	0.15625	0.25	0.90625	0.75	0.53125	0.34375
	psicolog	Psicology	0.09375	0.25	0.53125	0.5	0.46875	0.15625
	inform technolog	Information Technology	0.40625	0.28125	0.0625	0.40625	0.09375	0.59375
	lpn	LPN	0.34375	0.6875	0.46875	0.90625	0.5	0.40625
	cybersecur	Cybersecurity	0.34375	0.59375	0.34375	0.8125	0.375	0.21875
	rehabilit conselor	Rehabilition Conselor	0.0	0.0	0.375	0.875	0.75	0.25
	anim	animation	0.0	0.125	0.5625	0.40625	0.0625	0.09375
	theatr	Theatre	0.125	0.375	0.6875	0.6875	0.40625	0.0625
	rtvf	rtvf	0.21875	0.65625	0.75	0.5	0.3125	0.28125
	child develop famili	Child Development and Family Studies 	0.0	0.09375	0.03125	0.65625	0.40625	0.03125
	comput inform	Computer Information	1.0	0.90625	0.96875	1.0	0.90625	0.90625
	creativ write	creative writing	0.25	0.59375	1.0	0.5625	0.375	0.78125
	environment	Environmental studies	0.0	0.5	0.375	0.34375	0.125	0.3125
	mgmt	mgmt	0.5625	0.90625	0.96875	0.6875	0.59375	0.25
	classic	Classics	0.40625	0.8125	0.40625	0.25	0.28125	0.28125
	medic	medical	0.5	0.6875	0.4375	0.59375	0.5625	0.5
	multimedia anim	Multimedia and animation 	0.1875	0.125	0.3125	0.8125	0.8125	0.8125
	interior design	Interior designer	0.375	0.21875	0.65625	0.875	0.625	0.5625
	idea	no ideas	0.375	0.28125	0.34375	0.34375	0.40625	0.28125
	paramed	Paramedics	0.15625	0.5	0.4375	0.21875	0.03125	0.0
	epidemiolog	Epidemiology	0.8125	0.65625	0.4375	0.15625	0.1875	0.71875
	song write	song writing	0.5	0.5	0.625	0.25	0.09375	0.15625
	teach	teaching	0.0	0.21875	0.0	0.75	0.09375	0.0
	liber	liberal	0.0	0.03125	0.125	0.125	0.0	0.0
	rehab servic	Rehab. Services	0.28125	0.28125	0.25	0.90625	0.3125	0.53125
	danc	Dance	0.1875	0.71875	0.78125	0.71875	0.71875	0.375
	teach	Teaching	0.34375	0.71875	0.875	0.71875	0.75	0.09375
	medic assist	Medical Assisting	0.125	0.40625	0.125	0.59375	0.1875	0.1875
	n	N. A. 	0.15625	0.5625	0.46875	0.8125	0.34375	0.21875
	softwar develop	Software Development	0.34375	0.6875	0.78125	0.375	0.125	0.46875
	l	l	0.21875	0.65625	0.625	0.40625	0.28125	0.28125
	pharmaci	Pharmacy	0.71875	1.0	0.78125	0.46875	0.375	0.34375
	inform technolog	IT	0.40625	0.09375	0.1875	0.28125	0.21875	0.25
	rehabilit servic	Rehabilitation Services	0.15625	0.5625	0.4375	0.875	0.4375	0.28125
	design	design	0.53125	0.8125	0.65625	0.59375	0.5	0.5625
	paucholog	Pauchology	0.4375	0.5	0.53125	0.53125	0.4375	0.59375
	hate jew nazi	I hate Jews and nazis	1.0	1.0	1.0	1.0	1.0	1.0
	nien	nien	0.0	0.0	0.0	0.0	0.0	0.0
	communiti	community studies	0.3125	0.5625	0.625	0.53125	0.375	0.71875
	senior high school	Senior High School	0.4375	0.875	0.78125	0.65625	0.5	0.375
	applicapl	not applicaple	0.0625	0.75	0.75	0.5	0.0	0.0625
	nope	nope 	0.5	0.40625	1.0	0.75	0.65625	0.5625
	child develop	child development	0.09375	0.4375	0.28125	0.8125	0.28125	0.75
	interior design	interior design	0.28125	0.125	0.71875	0.3125	0.34375	0.46875
	rehabilit servic	rehabilitation services	0.25	0.3125	0.875	1.0	0.8125	0.8125
	senior high school	senior high school	0.0625	0.34375	0.40625	0.53125	0.0625	0.25
	weld technolog	Welding technology	0.8125	0.9375	0.875	0.75	0.6875	0.5
	sport	sport	0.78125	0.4375	0.15625	0.09375	0.0	0.15625
	four	a four year Bachelor degree	0.21875	0.40625	0.0625	0.40625	0.15625	0.15625
	theatr perform	THEATRE AND PERFORMANCE	0.09375	0.65625	1.0	0.75	0.125	0.375
	never attend uni	Never attended uni	0.25	0.40625	0.65625	0.65625	0.53125	0.3125
	languag	language	0.34375	0.25	0.375	0.46875	0.4375	0.34375
	applic	not applicable	0.0625	0.875	0.75	0.4375	0.0	0.0
	stem	STEM	0.46875	0.125	0.4375	0.625	0.375	0.09375
	filipino teacher	filipino teacher	0.1875	0.21875	0.5	0.65625	0.21875	0.3125
	respiratori therapist	Respiratory Therapist	0.03125	0.28125	0.09375	0.1875	0.25	0.28125
	biotech	biotech	0.4375	0.5625	0.6875	0.375	0.71875	0.40625
	pharmaci	pharmacy	0.4375	0.6875	0.625	0.84375	0.5	0.625
	film video	Film and Video	0.46875	0.8125	0.6875	0.625	0.40625	0.65625
	pharmaci	pharmacy	0.40625	0.6875	0.53125	0.875	0.5	0.53125
	comput	Computing	0.6875	0.90625	0.59375	0.84375	0.75	1.0
	inform technolog	IT	0.28125	0.75	0.59375	0.65625	0.15625	0.3125
	hispan	Hispanic Studies	0.125	0.25	0.5625	0.71875	0.21875	0.15625
	medic	medical	0.1875	0.875	0.5	0.6875	0.5625	0.5625
	dental hygien	pre dental hygiene 	0.15625	0.21875	0.21875	0.46875	0.40625	0.4375
	classic	Classics	0.5625	1.0	0.6875	0.375	0.28125	0.59375
	food nutrit	Food and nutrition 	0.28125	0.375	0.1875	0.25	0.0625	0.5
	theatr	Theatre	0.09375	0.09375	0.96875	0.46875	0.71875	0.3125
	youth servic	Youth Services	0.0	0.0	0.0	0.6875	0.0	0.15625
	sdfg	sdfg	0.53125	0.59375	0.5	0.5625	0.53125	0.53125
	nutrit	nutrition	0.3125	0.46875	0.8125	0.75	0.28125	0.125
	ecnoom	ecnoomics	0.21875	0.25	0.25	0.46875	0.40625	0.4375
	medic assist	medical assistant	0.21875	0.71875	0.65625	0.53125	0.21875	0.0625
	teach	Teaching 	0.28125	0.15625	0.5	0.6875	0.46875	0.3125
	contemporari write produc	contemporary writing and producing 	0.09375	0.53125	0.78125	0.5625	0.28125	0.25
	hand thing	hands on things	0.34375	0.59375	0.09375	0.28125	0.25	0.3125
	veterniarian	Veterniarian	0.0	0.59375	0.125	0.53125	0.15625	0.0625
	nanotechnolog	Nanotechnology	0.375	0.25	0.59375	0.34375	0.4375	0.5
	undecid	Undecided	0.34375	0.375	0.28125	0.78125	0.65625	0.5
	undecid	Undecided	0.3125	0.5	0.5	0.71875	0.4375	0.4375
	inform technolog	IT	0.4375	0.625	0.8125	0.78125	0.5625	0.59375
	social	Social Studies	0.65625	0.53125	0.21875	0.09375	0.28125	0.6875
	inform technolog	IT	1.0	0.84375	0.875	0.875	1.0	1.0
	communiti	Community Studies	0.09375	0.8125	0.8125	0.6875	0.3125	0.0
	digit mark	Digital Markeing 	0.15625	0.4375	0.5	0.46875	0.34375	0.28125
	film product	Film Production 	0.25	0.46875	0.96875	0.65625	0.6875	0.40625
	danc	dance	0.03125	0.6875	0.75	0.78125	0.21875	0.0625
	coach	coach	0.375	0.6875	0.65625	0.6875	0.5625	0.25
	languag	Languages	0.1875	0.15625	0.5625	0.625	0.71875	0.0625
	contabilidad	Contabilidade	0.25	0.96875	0.34375	0.0625	0.0	0.90625
	media	media	0.0	0.0	0.0625	0.03125	0.0	0.0
	comput	Computing	0.75	0.375	0.40625	0.65625	0.375	0.5
	fashion merchandis	fashion merchandising	0.1875	0.3125	0.03125	0.5	0.59375	0.71875
	marriag famili therapi	Marriage and Family Therapy	0.0	0.125	0.125	0.5625	0.25	0.0625
	fashion design	fashion design	0.59375	0.53125	0.5	0.53125	0.5	0.5625
	environment conserv	Environmental Conservation	0.3125	0.75	0.21875	0.46875	0.15625	0.09375
	undeclar	undeclared	0.34375	0.46875	0.15625	0.4375	0.15625	0.4375
	pharmaci	Pharmacy	0.8125	0.46875	0.46875	0.9375	0.78125	0.8125
	comput repair	Computer Repair	0.5625	0.6875	0.5625	0.4375	0.375	0.78125
	forens	forensics	0.0625	0.4375	0.34375	0.65625	0.53125	0.0625
	tourism	tourism	0.1875	0.3125	0.46875	0.59375	0.375	0.15625
	design	design	0.21875	0.4375	0.78125	0.59375	0.28125	0.125
	aviat	Aviation 	0.15625	0.5	0.59375	0.09375	0.21875	0.15625
	patholog	Pathology	0.40625	0.5	0.5625	0.65625	0.40625	0.53125
	fianac	Fianace	0.3125	0.5	0.46875	0.59375	0.75	0.40625
	undecid	Undecided	0.6875	0.46875	0.5	0.875	0.59375	0.625
	ca	ca	0.5	0.5	0.5625	0.71875	0.59375	0.53125
	firefight	firefighter 	0.59375	0.5625	0.4375	0.59375	0.5	0.46875
	inform technolog	IT	0.1875	0.65625	0.6875	0.5	0.4375	0.125
	skin esthet	Skin Esthetics	0.09375	0.28125	0.125	0.53125	0.03125	0.4375
	undecid	undecided	0.15625	0.25	0.34375	0.59375	0.21875	0.21875
	game design	Game Design	0.4375	0.8125	0.78125	0.34375	0.25	0.59375
	nice	nice	0.5	0.625	0.625	0.5625	0.46875	0.78125
	profession technic write	Professional Technical writing	0.21875	0.3125	0.3125	0.125	0.34375	0.15625
	forens	forensic	0.25	0.375	0.1875	0.15625	0.1875	0.1875
	lineman	Lineman	0.6875	0.78125	0.6875	0.78125	0.53125	0.6875
	diagnost medic sonographi	Diagnostic Medical Sonography	0.46875	0.875	0.84375	0.78125	0.46875	0.53125
	inform technolog	information technology	0.25	0.875	0.75	1.0	0.125	0.875
	kinesiolog	Kinesiology	0.46875	0.84375	0.53125	0.59375	0.34375	0.59375
	film	Film	0.59375	0.78125	0.96875	0.65625	0.5625	0.46875
	biochem	BioChem	0.28125	0.96875	0.5	0.625	0.59375	0.40625
	languag	language	0.53125	0.53125	0.40625	0.6875	0.59375	0.4375
	urban plan	urban planning	0.34375	0.15625	0.125	0.40625	0.46875	0.6875
	still undeclar sophomor moment	Still an Undeclared Sophomore at the moment	0.125	0.1875	0.0	0.125	0.375	0.28125
	dog	Dogs	0.125	0.5	0.125	0.0	0.0	0.0
	medic assist	Medical assistant 	0.3125	0.0	0.125	0.875	0.5625	0.625
	undecid	undecided	0.0	0.5	0.125	0.6875	0.0	0.0
	theatr	Theatre 	0.5	0.65625	0.46875	0.28125	0.125	0.4375
	program	programming	0.4375	0.71875	0.71875	0.53125	0.28125	0.34375
	environ	Environment	0.46875	0.875	1.0	0.875	0.75	0.625
	fashion merchandis	fashion merchandising	0.0	0.0625	0.15625	0.15625	0.59375	0.0625
	liber	liberal studies	0.3125	0.84375	0.46875	0.34375	0.0625	0.28125
	medic	Medical	0.625	0.1875	0.125	0.28125	0.46875	0.6875
	anim	animals	0.125	0.75	0.53125	0.5	0.21875	0.0625
	audiovisu product	Audiovisual Production	0.375	0.3125	0.8125	0.78125	0.59375	0.4375
	mass com	MASS COM	0.34375	0.28125	0.65625	0.4375	0.4375	0.21875
	film direct	film direction	0.46875	0.75	0.78125	0.3125	0.25	0.0625
	radiographi	Radiography	0.0	0.6875	0.6875	0.59375	0.3125	0.09375
	gender divers	gender and diversity 	0.46875	0.59375	0.6875	0.71875	0.1875	0.5
	culinari	culinary	0.40625	0.375	0.375	0.375	0.375	0.53125
	pta	pta	0.1875	0.3125	0.28125	0.28125	0.28125	0.25
	communiti colleg med technolog	Community college med tech	0.46875	0.84375	0.34375	0.4375	0.21875	0.65625
	design	designer	0.28125	0.3125	0.90625	0.75	0.40625	0.15625
	medic assist	Medical Assistant	0.125	0.09375	0.125	0.71875	0.1875	0.25
	write	Writing	0.0	0.5	0.75	0.8125	0.375	0.53125
	licenciatura	Licenciatura	0.0	0.1875	0.875	1.0	0.3125	0.25
	nil	nil	0.375	0.3125	0.8125	0.75	0.8125	0.875
	comput	computer	0.1875	0.46875	0.78125	0.6875	0.59375	0.4375
	pharmaci	Pharmacy	0.625	0.90625	0.5625	0.71875	0.40625	0.4375
	air forc	Air force studies	0.40625	0.71875	0.625	0.59375	0.59375	0.6875
	host	Host	0.125	0.5	0.09375	0.6875	0.3125	0.34375
	inform technolog	IT	0.6875	0.71875	0.1875	0.25	0.53125	0.8125
	theater	Theater	0.0	0.5625	0.59375	0.75	0.0	0.0625
	danc	Dance	0.1875	0.75	0.71875	0.625	0.3125	0.1875
	famili	Family Studies	0.9375	1.0	0.875	0.9375	0.9375	1.0
	danc	Dance 	0.25	0.59375	0.5	0.6875	0.40625	0.6875
	conflict resolut	Conflict Resolution	0.5	0.5	0.65625	0.875	0.59375	0.5
	medic	Medical	0.34375	0.71875	0.375	0.6875	0.65625	0.5
	aircraft mainten	Aircraft Maintenance	0.25	0.15625	0.09375	0.375	0.15625	0.3125
	film	Film	0.15625	0.09375	0.46875	0.46875	0.3125	0.25
	program	Programming	0.25	0.5	0.34375	0.3125	0.3125	0.4375
	medic	Medical	0.0625	0.375	0.1875	0.34375	0.15625	0.03125
	nil	NIL	0.0	0.96875	0.78125	0.375	0.78125	0.28125
	undecid	Undecided 	0.0	0.0	0.15625	0.375	0.125	0.09375
	construct	construction	0.5625	0.75	0.4375	0.65625	0.0625	0.78125
	sustain develop	sustainable development	0.3125	0.34375	0.625	0.25	0.46875	0.0625
	publishit	PUBLISHIT	0.15625	0.34375	0.5625	0.625	0.625	0.25
	choreographi	choreography	0.09375	0.53125	0.8125	1.0	0.40625	0.0625
	various	Various	0.625	0.65625	0.625	0.6875	0.34375	0.5
	occup therapi	Occupational therapy 	0.0	0.96875	0.25	0.90625	0.0625	0.25
	veterinari	Veterinary	0.125	0.71875	0.625	0.71875	0.75	0.5625
	visual communuc	Visual communucation	0.3125	0.375	0.53125	0.53125	0.28125	0.28125
	sport	Sport	0.40625	0.71875	0.71875	0.625	0.625	0.4375
	craft	craft	0.34375	0.90625	0.65625	0.65625	0.28125	0.34375
	inform technolog	IT	0.59375	0.84375	0.75	0.96875	0.71875	0.5625
	inform technolog	IT	0.5	0.59375	0.3125	0.28125	0.65625	0.625
	speech patholog	Speech Pathology	0.15625	0.25	0.25	0.8125	0.34375	0.53125
	british american	British and American Studies	0.0	0.5	0.75	0.9375	0.25	0.0625
	child develop	Child Development 	0.0	0.09375	0.0	0.8125	0.28125	0.03125
	comput	Computers	0.25	0.5	0.78125	0.53125	0.15625	0.0625
	inform technolog	Information Technology 	0.0625	0.4375	0.4375	0.8125	0.3125	0.4375
	real estat	real estate	0.4375	0.21875	0.3125	0.5625	0.59375	0.59375
	inform technolog comput	IT & Computing	0.4375	0.75	0.84375	0.625	0.46875	0.21875
	inform technolog	IT	0.4375	0.46875	0.84375	0.59375	0.4375	0.34375
	special pedagogi	special pedagogy	0.375	0.4375	0.5625	0.53125	0.5	0.4375
	environment	Env. Studies	0.1875	0.5625	0.34375	0.6875	0.125	0.03125
	biotech	biotech	0.46875	0.6875	0.625	0.5625	0.40625	0.34375
	develop	development 	0.0	0.53125	0.125	0.4375	0.3125	0.3125
	horticultur	Horticulture	0.21875	0.40625	0.3125	0.3125	0.25	0.3125
	paraleg	Paralegal	0.46875	0.0	0.0	0.4375	0.5	0.875
	environment	Environmental Studies	0.34375	0.5	0.71875	0.5	0.34375	0.4375
	design	design	0.34375	0.65625	0.65625	0.28125	0.03125	0.0
	teach	Teaching	0.03125	0.40625	0.15625	0.6875	0.53125	0.1875
	marriag famili	Marriage and Family Studies	0.15625	0.65625	0.84375	0.71875	0.28125	0.375
	cosmotolog	Cosmotology 	0.09375	0.9375	0.59375	0.75	0.65625	0.21875
	drama	Drama	0.40625	0.53125	0.84375	0.71875	0.375	0.1875
	agrotechnolog	agrotechnology	0.4375	0.71875	0.6875	0.75	0.71875	0.625
	teknik elektro	Teknik Elektro	0.8125	0.46875	0.5625	0.5625	0.625	0.53125
	design	Design 	0.0	0.0625	0.15625	0.03125	0.0	0.03125
	undecid	undecided	0.125	0.65625	0.625	0.53125	0.3125	0.53125
	speech languag therapi	Speech and Language Therapy	0.25	0.75	0.6875	0.65625	0.0	0.0
	occup therapi	Occupational Therapy	0.09375	0.28125	0.03125	0.59375	0.40625	0.21875
	african american	African American Studies	0.0625	0.125	0.53125	0.4375	0.09375	0.0625
	hospit	Hospitality 	0.21875	0.375	0.5625	0.59375	0.625	0.3125
	nutrit	nutrition	0.1875	0.40625	0.34375	0.8125	0.53125	0.28125
	tourism hospit	tourism and hospitality 	0.28125	0.28125	0.375	0.5	0.46875	0.4375
	biotech	Biotech 	0.53125	0.8125	0.28125	0.25	0.625	0.15625
	interact media product	Interactive Media Production	0.46875	0.4375	0.5625	0.46875	0.375	0.375
	económico	Económicos	0.28125	0.71875	0.78125	0.78125	0.34375	0.15625
	polit	politics	0.46875	0.21875	0.625	0.5	0.71875	0.71875
	undecid	Undecided	0.125	0.9375	0.125	0.40625	0.28125	0.46875
	pharmacist	pharmacist	0.3125	0.75	0.625	0.5	0.6875	0.3125
	kinesiolog	Kinesiology	0.34375	0.25	0.34375	0.34375	0.625	0.40625
	algebra	Algebra	0.71875	0.90625	0.90625	0.84375	0.8125	0.78125
	cyber secur	Cyber Security	0.5625	0.71875	0.25	0.375	0.28125	0.65625
	comun	Comunications	0.125	0.59375	0.46875	0.5625	0.5625	0.3125
	nun	Nun	0.21875	0.09375	0.46875	0.0	0.40625	0.1875
	global suppli chain	Global Supply Chain	0.09375	0.0	0.0625	0.125	0.84375	0.6875
	medic	medic	0.4375	1.0	0.9375	0.53125	0.6875	0.4375
	teach	Teaching	0.40625	0.6875	0.75	0.5	0.5	0.5625
	physcholog	physchology	0.25	0.46875	0.84375	0.75	0.5625	0.15625
	inform technolog	It	0.21875	0.375	0.34375	0.4375	0.375	0.375
	med	Pre-Med 	0.1875	0.65625	0.34375	0.5	0.28125	0.1875
	hospit	Hospitality 	0.4375	0.78125	0.625	0.375	0.375	0.59375
	inform technolog	Information Technology 	0.53125	0.625	0.40625	0.46875	0.28125	0.5
	media	media	0.0625	0.71875	0.71875	0.9375	0.53125	0.28125
	comput technican	computer technican	0.78125	0.5625	0.96875	0.59375	0.84375	0.6875
	commerci graphic	Commercial Graphics	0.5625	0.65625	0.71875	0.65625	0.375	0.3125
	buis	buisness	0.3125	0.125	0.03125	0.5625	0.53125	0.46875
	dentistri	Dentistry 	0.125	0.5625	0.0	0.625	0.03125	0.15625
	rn	RN	0.0625	1.0	0.15625	0.5	0.46875	0.46875
	ilmu komunikasi	Ilmu komunikasi	0.34375	0.40625	0.6875	0.84375	0.78125	0.84375
	social	Social 	0.1875	0.53125	0.5625	0.46875	0.125	0.09375
	aviat	aviation	0.71875	0.90625	0.65625	0.75	0.59375	0.84375
	inform technolog network	IT Networking	0.34375	0.875	0.59375	0.53125	0.1875	0.5
	theatr	THEATRE	0.3125	0.5	0.6875	0.59375	0.5	0.4375
	medic	Medical	0.65625	0.84375	0.78125	0.625	0.5	0.3125
	anim	animation	0.0625	0.09375	0.40625	0.5	0.3125	0.03125
	rt	RT	0.0	0.65625	0.0	0.375	0.09375	0.03125
	quantiti surv	Quantity Surving	0.4375	0.6875	0.5	0.59375	0.59375	0.65625
	occup therapi	occupational therapy	0.40625	0.71875	0.78125	0.6875	0.5	0.34375
	inform technolog	IT	0.1875	0.28125	0.6875	0.28125	0.625	0.21875
	secur	security	0.09375	0.15625	0.5625	0.78125	0.40625	0.1875
	design foundat	design foundations	0.34375	0.75	0.8125	0.8125	0.71875	0.375
	idea	no idea	0.34375	0.59375	0.65625	0.4375	0.5625	0.0625
	teach	teaching	0.46875	0.75	0.4375	0.71875	0.25	0.8125
	intergr design	Intergrated Design	0.71875	0.78125	0.8125	0.6875	0.65625	0.5625
	environment	Environmental	0.125	0.53125	0.53125	0.5625	0.125	0.1875
	hospit	hospitality	0.03125	0.53125	0.625	0.3125	0.1875	0.125
	inform technolog	Information Technology	0.4375	0.4375	0.625	0.71875	0.25	0.65625
	forens	Forensics 	0.1875	0.8125	0.375	0.4375	0.59375	0.75
	fashion design	fashion design	0.125	0.46875	0.53125	0.34375	0.5625	0.4375
	biomed	Biomedical	0.25	0.84375	0.28125	0.34375	0.53125	0.46875
	video product	video production	0.125	0.3125	0.84375	0.78125	0.59375	0.15625
	environment	environmental studies	0.0	0.21875	0.375	0.1875	0.15625	0.1875
	inform technolog	IT	0.5	0.90625	0.59375	0.3125	0.0625	0.1875
	inform technolog	Information Technology	0.1875	0.3125	0.75	0.9375	0.40625	0.25
	comput	Computer studies	0.375	0.53125	0.53125	0.25	0.21875	0.46875
	environment conserv	Environmental Conservation	0.3125	0.65625	0.21875	0.15625	0.03125	0.15625
	medic	medical 	0.21875	0.59375	0.3125	0.375	0.25	0.25
	psicologia	psicologia	0.09375	0.78125	0.875	0.90625	0.59375	0.25
	hospit	Hospitality	1.0	0.0625	0.0	0.25	0.0	0.0
	child develop	Child Development	0.15625	0.34375	0.34375	0.5625	0.1875	0.0
	stem	STEM Associates	0.4375	0.875	0.375	0.5	0.21875	0.1875
	medic	Medical	0.34375	0.59375	0.59375	0.4375	0.40625	0.15625
	nil	nil	0.28125	0.34375	0.65625	0.75	0.75	0.625
	na	Na	0.75	0.75	0.4375	0.71875	0.625	0.3125
	medic	Medical	0.03125	0.59375	0.5625	0.59375	0.34375	0.5625
	inform technolog	I.T.	0.625	0.125	0.5625	0.65625	0.1875	0.90625
	inform technolog	Information Technology	0.15625	0.46875	0.4375	0.46875	0.5625	0.84375
	undeclar	undeclared	0.0625	0.8125	0.0	0.25	0.0	0.15625
	inform technolog	IT	0.15625	0.28125	0.78125	0.78125	0.875	0.9375
	diesel tecnolog	Diesel Tecnology	0.71875	0.46875	0.28125	0.71875	0.46875	0.28125
	diesel mechan	diesel mechanic	0.90625	0.625	0.5	0.6875	0.4375	0.5
	pt exercis	pt exercises	0.0	0.15625	0.0	0.3125	0.25	0.0
	behavior analysi	Applied behavior analysis 	0.25	0.5	0.28125	0.375	0.25	0.78125
	doctor	doctor	0.28125	0.71875	0.4375	0.59375	0.0625	0.03125
	inform technolog	IT	0.125	0.0625	0.21875	0.125	0.0	0.09375
	pharmaci	Pharmacy 	0.125	0.90625	0.4375	0.75	0.65625	0.875
	texa	texas a&m	0.1875	0.375	0.15625	0.375	0.25	0.5
	forens	Forensics	0.65625	0.78125	0.875	0.75	0.25	0.375
	interior design	Interior Design	0.8125	0.40625	0.53125	0.46875	0.71875	0.84375
	languag	Language	0.3125	0.6875	0.75	0.78125	0.375	0.53125
	film video	Film and Video Studies	0.375	0.5	0.40625	0.40625	0.09375	0.65625
	network secur	Networks and Security	0.875	0.28125	0.8125	0.46875	0.46875	0.59375
	languag	Languages	0.25	0.5625	0.65625	0.625	0.6875	0.5625
	mft lpc	MFT AND LPC	0.28125	0.59375	0.28125	0.6875	0.0625	0.0625
	inform technolog	IT	0.59375	0.25	0.25	0.21875	0.3125	0.625
	cosmotolgi	cosmotolgy	0.34375	0.875	0.15625	0.8125	0.40625	0.3125
	guidanc	Guidance	0.375	0.625	0.59375	0.71875	0.65625	0.75
	gerontolog	gerontology	0.25	0.875	0.28125	0.90625	0.375	0.71875
	medic biotechnolog	medical biotechnology	0.65625	0.8125	0.78125	0.6875	0.65625	0.65625
	buis	Buisness	0.09375	0.0625	0.4375	0.0625	0.34375	0.78125
	draw	drawing	0.09375	0.125	0.6875	0.09375	0.3125	0.0
	retail merchandis	Retail Merchandising	0.03125	0.53125	0.21875	0.65625	0.71875	0.0625
	career guidanc	career guidance	0.0	0.15625	0.0625	0.6875	0.40625	0.53125
	correct juvenil justic	Corrections and Juvenile Justice	0.46875	0.46875	0.4375	0.84375	0.65625	0.71875
	undecid	undecided	0.25	0.65625	0.65625	0.875	0.25	0.0625
	digit media	Digital Media	0.25	0.75	0.5625	0.34375	0.34375	0.28125
	interior design	Interior Design	0.03125	0.4375	0.84375	0.28125	0.0625	0.0
	quantiti survey	Quantity Surveying	0.78125	0.4375	0.46875	0.625	0.75	0.84375
	develop	Development Studies	0.21875	0.71875	0.65625	0.53125	0.53125	0.53125
	mse	MSE	0.28125	0.03125	0.28125	0.5	0.1875	0.28125
	medic	medical	0.5	0.78125	0.40625	0.84375	0.34375	0.625
	undecid	undecided	0.46875	0.84375	0.6875	0.65625	0.5	0.25
	medic dgree	medical dgree	0.65625	1.0	0.875	0.875	1.0	0.78125
	engen	Engeneering	0.25	0.71875	0.5625	0.71875	0.65625	0.5
	quantiti survey	Quantity Surveying	0.5	0.5625	0.5625	0.34375	0.40625	0.6875
	speech patholog	Speech pathology	0.0625	0.34375	0.09375	0.59375	0.15625	0.09375
	pharmacist	Pharmacist	0.34375	0.71875	0.90625	0.65625	0.78125	0.8125
	tour guid	tour guide	0.125	0.3125	0.0	0.15625	0.4375	0.3125
	medic laboratori	Medical laboratory	0.1875	0.9375	0.25	0.6875	0.375	0.5
	landscap	Landscape	0.1875	0.28125	0.1875	0.125	0.28125	0.34375
	inform technolog	IT	0.25	0.5625	0.34375	0.5625	0.34375	0.28125
	inform technolog	INFORMATION TECHNOLOGY	0.3125	0.21875	0.3125	0.8125	0.4375	0.78125
	buis	Buisness	0.21875	0.21875	0.21875	0.1875	0.4375	0.3125
	environment	environmental	0.46875	0.4375	0.09375	0.4375	0.3125	0.625
	nutrit	Nutrition	0.1875	0.625	0.65625	0.71875	0.5625	0.09375
	radiat	radiation	0.625	0.65625	0.125	0.78125	0.59375	0.5
	liber studi	Liberal studie	0.0	0.46875	0.96875	0.625	0.28125	0.125
	diesel	diesel	0.46875	0.125	0.125	0.375	0.125	0.03125
	film	film	0.25	0.59375	0.5	0.03125	0.3125	0.5
	sw	SW	0.4375	0.625	0.5625	0.71875	0.625	0.46875
	nil	nil	0.0	0.0625	0.21875	0.71875	0.375	0.09375
	medic	medical	0.25	0.96875	0.53125	0.90625	0.8125	0.40625
	uxd	UXD	0.25	0.3125	0.5	0.3125	0.15625	0.4375
	biopharmacuet	Biopharmacuetical	0.5625	0.625	0.5	0.5	0.5	0.59375
	peac conflict	peace and conflict studies	0.21875	0.5625	0.8125	0.9375	0.3125	0.09375
	rn	RN	0.25	0.6875	0.40625	0.71875	0.59375	0.03125
	diesel tecnolog	Diesel Tecnology	0.71875	0.5	0.1875	0.6875	0.4375	0.375
	combin	Combined Studies	0.0	0.3125	0.71875	0.9375	0.40625	0.3125
	network	Networking	0.40625	0.40625	0.5625	0.65625	0.25	0.28125
	cj	CJ	0.0	0.25	0.0625	0.25	0.15625	0.15625
	intergr	Intergrative studies	0.40625	0.4375	0.28125	0.5625	0.34375	0.53125
	medic	Medical 	0.25	0.625	0.59375	0.625	0.46875	0.5625
	philolog	Philology	0.53125	0.34375	0.59375	0.5	0.40625	0.90625
	network technolog	Network tech	0.1875	0.03125	0.03125	0.28125	0.125	0.15625
	medic assiant	Medical assiant	0.25	0.25	0.125	1.0	0.125	0.625
	ses	SES	0.40625	0.65625	0.125	0.5625	0.28125	0.34375
	philolog	philology	0.375	0.5625	0.875	0.71875	0.4375	0.09375
	logist	Logistic 	0.53125	0.6875	0.78125	0.65625	0.6875	0.75
	child develop	child development	0.25	0.8125	0.9375	0.6875	0.78125	0.375
	–	–	0.0	0.28125	0.625	0.40625	0.46875	0.09375
	desktop publish	Desktop publishing	0.34375	0.3125	0.1875	0.03125	0.0	0.5625
	liber	Liberal Studies	0.03125	0.59375	0.28125	0.8125	0.1875	0.3125
	assist surgeon	Assistant surgeon 	0.25	0.65625	0.15625	0.375	0.09375	0.15625
	creativ industri	creative industries	0.1875	0.40625	0.875	0.65625	0.5	0.5625
	kinesiolog	Kinesiology	0.25	0.84375	0.5625	0.75	0.03125	0.0
	act	Acting	0.03125	0.375	0.78125	0.6875	0.40625	0.375
	philolog	Philology 	0.0625	0.15625	0.75	0.78125	0.75	0.46875
	ece	ece	0.21875	0.53125	0.53125	0.78125	0.4375	0.28125
	design	Design	0.5625	0.3125	1.0	0.875	0.4375	0.84375
	inform technolog	IT	0.125	0.1875	0.25	0.21875	0.3125	0.46875
	undecid	Undecided	0.3125	0.5	0.5625	0.3125	0.375	0.4375
	web digit	Web Digital 	0.53125	0.625	0.625	0.65625	0.53125	0.4375
	buis hospit	buisness hospitality	0.0625	0.0	0.0	0.3125	0.25	0.25
	sport fit	Sports & fitness	0.5625	0.59375	0.53125	0.75	0.34375	0.21875
	languag	languages	0.21875	0.5625	0.6875	0.5625	0.4375	0.46875
	environment	Environmental Studies	0.5625	0.75	0.90625	0.8125	0.46875	0.1875
	polit	Politics	0.0625	0.0	0.09375	0.46875	0.1875	0.1875
	child develop	Child Development	0.59375	0.375	0.375	0.75	0.53125	0.4375
	perform	Performance 	0.21875	0.59375	0.96875	0.90625	0.59375	0.40625
	social	Social Studies	0.4375	0.34375	0.65625	0.84375	0.40625	0.375
	film produc	Film Producing	0.0	0.5625	0.875	0.46875	0.28125	0.0625
	construct technolog	construction technology 	0.4375	0.25	0.53125	0.625	0.625	0.4375
	nil	nil	0.34375	1.0	0.625	0.75	0.46875	0.5
	qualiti	quality	0.1875	0.1875	0.375	0.875	0.875	0.375
	filolog	filology	0.3125	0.71875	0.75	0.71875	0.40625	0.375
	organiz behavior	Organizational Behavior	0.53125	0.5625	0.9375	0.625	0.375	0.125
	audio video product	Audio/Video Production	0.125	0.1875	0.90625	0.40625	0.21875	0.0
	childcar	Childcare	0.0	0.0	0.09375	0.84375	0.09375	0.0
	dentistri	dentistry	0.25	0.9375	0.53125	0.34375	0.21875	0.34375
	dentistri	dentistry	0.3125	1.0	0.75	0.5	0.34375	0.59375
	paraleg	Paralegal	0.3125	0.46875	0.15625	0.90625	0.46875	0.96875
	paraleg	Paralegal	0.125	0.3125	0.46875	0.96875	0.625	0.78125
	video design	Video Design	0.65625	0.34375	0.9375	0.875	0.25	0.15625
	languag	language	0.125	0.15625	0.375	0.46875	0.4375	0.5
	audio video product	Audio Video Production	0.53125	0.3125	0.375	0.3125	0.65625	0.75
	apparel design product	Apparel Design and Production	0.0625	0.59375	0.8125	0.8125	0.5	0.28125
	child develop	Child Development	0.34375	1.0	0.875	0.96875	0.4375	0.34375
	horticultur	Horticulture 	0.21875	0.875	0.59375	0.375	0.34375	0.34375
	nope	Nope	0.40625	0.625	0.5	0.53125	0.59375	0.5
	fashion	fashion	0.03125	0.40625	0.46875	0.65625	0.53125	0.1875
	mkt	MKT	0.375	0.53125	0.46875	0.6875	0.5625	0.28125
	softwar program	(will be) software programming	0.3125	0.21875	0.8125	0.40625	0.65625	0.28125
	video product	Video Production	0.34375	0.1875	0.25	0.53125	0.1875	0.34375
	paraleg	paralegal	0.1875	0.125	0.15625	0.84375	0.21875	0.25
	paraleg	Paralegal Studies	0.0625	0.84375	0.53125	0.78125	0.71875	0.53125
	paraleg	paralegal	0.375	0.1875	0.4375	0.9375	0.75	0.75
	buis	BUISNESS	0.8125	0.75	0.75	0.875	0.5625	0.625
	metropolitan communiti colleg	Metropolitan community college 	0.53125	0.59375	0.5	0.65625	0.15625	0.0625
	culinari	Culinary	0.15625	0.5625	0.84375	0.28125	0.34375	0.34375
	speech languag patholog	Speech Language Pathology	0.46875	0.6875	0.65625	0.96875	0.46875	0.25
	undeclar	undeclared	0.21875	0.8125	0.28125	0.625	0.5625	0.53125
	undecid	Undecided 	0.3125	0.4375	0.3125	0.5	0.3125	0.125
	occup therapi	Occupational Therapy 	0.0625	0.6875	0.28125	0.71875	0.15625	0.125
	child	Child Studies	0.4375	0.625	0.40625	0.96875	0.59375	0.46875
	inform technolog	IT	0.59375	0.65625	0.71875	0.9375	0.59375	1.0
	ot	OT	0.0	0.625	0.4375	0.625	0.21875	0.03125
	real estat	Real Estate	0.375	0.78125	0.9375	0.4375	0.59375	0.34375
	machan	machanics 	0.8125	0.3125	0.0	0.40625	0.0625	0.0
	sport	Sports	0.59375	0.6875	0.59375	0.875	0.65625	0.375
	immunolog	Immunology	0.09375	0.65625	0.1875	0.15625	0.03125	0.09375
	rehabilit servic	Rehabilitation Services	0.15625	0.6875	0.34375	0.8125	0.625	0.21875
	undecid	Undecided	0.125	0.53125	0.90625	0.75	0.4375	0.03125
	church ministri	church ministry	0.46875	0.46875	0.28125	0.21875	0.125	0.0625
	ethnic	Ethnic Studies	0.28125	0.75	0.75	0.90625	0.6875	0.40625
	classic archaeolog	Classical Archaeology	0.21875	0.625	0.625	0.65625	0.5	0.125
	radiat	radiation	0.5625	0.6875	0.125	0.71875	0.40625	0.3125
	design	Design	0.5	0.875	0.6875	0.84375	0.6875	0.34375
	child develop	child development	0.03125	0.375	0.46875	0.78125	0.46875	0.0
	instruct desi	instructional desi	0.40625	0.5625	0.59375	0.6875	0.375	0.5
	tourism	tourism	0.125	0.125	0.03125	0.46875	0.6875	0.4375
	electr	electrical	0.625	0.5	0.4375	0.25	0.375	0.5
	pharmaci	pharmacy	0.71875	0.625	0.25	0.3125	0.28125	0.53125
	sport	Sports	0.4375	0.625	0.5625	0.78125	0.71875	0.46875
	design	DESIGN	0.625	0.34375	0.65625	0.46875	0.40625	0.5
	biochem	Biochem	0.0	0.6875	0.03125	0.03125	0.0	0.0
	liber	liberal studies	0.0625	0.59375	0.8125	0.9375	0.4375	0.0
	est mst hvacr	EST/MST/HVAC?R	0.78125	0.90625	0.53125	0.53125	0.375	0.625
	undecid	undecided	0.0	0.78125	0.65625	0.53125	0.375	0.125
	youth ministri bibl	Youth Ministry and Bible	0.1875	0.1875	0.40625	0.46875	0.4375	0.21875
	undecid	undecided	0.125	0.15625	0.3125	0.71875	0.59375	0.375
	kiniseolog	Kiniseology	0.0625	0.5	0.28125	0.8125	0.0625	0.0
	creativ write film	Creative Writing, Film	0.09375	0.5	0.75	0.875	0.59375	0.40625
	inform technolog	Information Technology	0.53125	0.34375	0.21875	0.40625	0.21875	0.59375
	psicologia	Psicologia 	0.21875	0.46875	0.46875	0.40625	0.25	0.25
	sosyolog	sosyology	0.28125	0.15625	0.875	0.6875	0.1875	0.1875
	inclus	inclusiveness	0.8125	0.53125	0.78125	0.59375	0.34375	0.625
	vocat rehabilit	Vocational Rehabilitation	0.53125	0.84375	0.71875	0.71875	0.46875	0.375
	rehabilit servic	Rehabilitation Services	0.0	0.21875	0.03125	0.84375	0.09375	0.125
	vocat rehabilit	Vocational Rehabilitation 	0.28125	0.375	0.625	0.8125	0.34375	0.375
	crimin justc rehabilit	criminal justce and rehabilitation	0.0625	0.40625	0.21875	0.84375	0.46875	0.375
	built environ	Built Environment	0.1875	0.34375	0.09375	0.8125	0.3125	0.4375
	med	pre-med	0.28125	0.21875	0.15625	0.21875	0.28125	0.625
	jurisprud	Jurisprudence	0.25	0.71875	0.65625	0.5625	0.34375	0.34375
	teach	Teaching	0.34375	0.34375	0.90625	0.84375	0.21875	0.09375
	*	(an* not a)	0.25	0.21875	0.75	0.78125	0.59375	0.375
	horticultur	Horticulture 	0.09375	0.4375	0.625	0.125	0.0	0.0
	respiratori therapi	Respiratory therapy	0.5625	0.5625	0.875	0.6875	0.40625	0.03125
	undeclar	Undeclared	0.34375	0.90625	0.84375	0.90625	0.59375	0.4375
	aviat	Aviation	0.125	0.0	0.375	0.0	0.0	0.125
	woodwork	Woodworking	0.625	0.3125	0.28125	0.28125	0.28125	0.8125
	child develop	Child development	0.0	0.15625	0.0	0.84375	0.28125	0.125
	inform technolog	IT	0.3125	0.28125	0.25	0.5625	0.625	0.53125
	forens	Forensics	0.34375	0.78125	0.84375	0.59375	0.78125	0.625
	vocat technolog	vocational tech	0.6875	0.78125	0.4375	0.40625	0.21875	0.59375
	class benefit interest	some classes for my own benefit/interests	0.5625	0.5625	0.5	0.34375	0.40625	0.65625
	sport trainer	Sports trainer	0.375	0.8125	0.4375	0.9375	0.625	0.5
	comput	computing	0.03125	0.09375	0.15625	0.3125	0.1875	0.5
	motion graphic	Motion Graphics	0.21875	0.3125	0.96875	0.75	0.5625	0.21875
	dekalb high school	Dekalb High school 	0.34375	0.34375	0.46875	0.5	0.5	0.40625
	medic imag	Medical imaging	0.0	0.6875	0.25	0.59375	0.40625	0.375
	automot paint	Automotive painting 	0.3125	0.3125	0.875	0.21875	0.65625	0.25
	web design	web design	0.125	0.5	0.375	0.34375	0.25	0.3125
	emerg medic	Emergency medical 	0.15625	0.875	0.53125	1.0	0.0625	0.0
	teacher	teacher	0.28125	0.65625	0.71875	0.1875	0.625	0.46875
	fashion merchandis	Fashion Merchandising	0.0625	0.59375	0.53125	0.59375	0.71875	0.21875
	inform technolog	Information Technology	0.125	0.0625	0.15625	0.625	0.1875	0.9375
	technolog	Technology	0.15625	0.1875	0.1875	0.21875	0.03125	0.46875
	inform technolog	IT	0.6875	0.28125	0.46875	0.53125	0.75	0.6875
	culianri	Culianry	0.15625	0.21875	0.0625	0.5625	0.28125	0.28125
	forens	FORENSICS	0.125	0.875	0.65625	0.3125	0.0625	0.0
	inform technolog	Information Technology	0.65625	0.40625	0.21875	0.0625	0.375	0.1875
	interdisplincinari	INTERDISPLINCINARY 	0.1875	0.28125	0.28125	0.84375	0.375	0.0
	inform technolog	information technology	0.34375	0.40625	0.5	0.78125	0.40625	0.21875
	design	Design	0.0	0.71875	0.78125	0.4375	0.09375	0.03125
	física e psicologia	Física e Psicologia	0.25	0.21875	0.5	0.21875	0.09375	0.0
	design	Design 	0.125	0.09375	0.25	0.375	0.15625	0.125
	nutrit	Nutrition	0.09375	0.46875	0.53125	0.71875	0.4375	0.375
	steam	STEAM	0.34375	0.9375	0.5625	0.34375	0.3125	0.5625
	interior design	Interior Design	0.1875	0.0625	0.5	0.75	0.25	0.59375
	theatr	Theatre	0.0625	0.4375	0.65625	0.78125	0.125	0.03125
	biotech	biotech	0.1875	0.8125	0.5625	0.65625	0.5625	0.5625
	cyber secur	cyber security	0.6875	0.65625	0.5	0.59375	0.53125	0.53125
	rehab servic	Rehab services 	0.1875	0.4375	0.96875	1.0	0.3125	0.125
	languag teacher	Languages teacher	0.3125	0.6875	0.53125	0.8125	0.28125	0.15625
	entrepreneur	Entrepreneur	0.375	0.1875	0.5	0.625	0.875	0.65625
	kinesiolog	Kinesiology	0.0	0.03125	0.46875	0.90625	0.65625	0.15625
	liber	Liberal studies	0.0625	0.34375	0.53125	0.78125	0.40625	0.34375
	teach	TEACHING	0.28125	0.4375	0.65625	0.84375	0.8125	0.46875
	entrepreneurship	Entrepreneurship	0.0	0.0	0.0625	0.375	0.46875	0.0
	construct	construction	0.0625	0.25	0.25	0.125	0.125	0.0
	architetur technolog	architetural technology	0.46875	0.34375	0.21875	0.4375	0.1875	0.71875
	weld	welding	0.1875	0.3125	0.0625	0.0	0.03125	0.03125
	athlet train	Athletic Training	0.25	0.625	0.5	0.53125	0.40625	0.4375
	industri design	Industrial Design	0.34375	0.65625	0.5	0.0	0.0	0.0
	militar	Militar	0.1875	0.0625	0.28125	0.125	0.03125	0.21875
	write	Writing	0.125	0.21875	0.625	0.375	0.09375	0.25
	inform technolog	Information technology	0.46875	0.34375	0.25	0.34375	0.375	0.5625
	visual cultur	visual culture	0.1875	0.6875	0.71875	0.71875	0.40625	0.15625
	culinari	Culinary	0.5625	0.34375	0.40625	0.8125	0.53125	0.34375
	radiolog	radiology	0.0	0.75	0.0625	0.9375	0.625	0.46875
	pharmaci	Pharmacy	0.15625	0.875	0.90625	0.84375	0.71875	0.40625
	psicologia	psicologia	0.03125	0.25	0.5625	0.625	0.375	0.21875
	landscap	landscaping	0.5	0.25	0.21875	0.0625	0.125	0.1875
	theatric	Theatrics	0.125	0.40625	0.875	0.6875	0.21875	0.0625
	bioinformat	Bioinformatics	0.03125	0.53125	0.46875	0.3125	0.375	0.125
	pedagogi	Pedagogy	0.0	0.25	0.3125	0.25	0.40625	0.0
	n	N/a	0.5	1.0	0.53125	0.53125	0.375	0.375
	multimedia technolog	Multimedia Technology	0.1875	0.4375	0.625	1.0	1.0	0.65625
	rehabilit servic	Rehabilitation Services	0.09375	0.34375	0.15625	0.96875	0.46875	0.4375
	rehab	Rehab	0.09375	0.4375	0.46875	0.96875	0.3125	0.09375
	media inform	Media and Information	0.09375	0.28125	0.40625	0.34375	0.03125	0.125
	fashion merchandis	Fashion Merchandising 	0.0625	0.375	0.375	0.59375	0.625	0.0
	dietet	Dietetics	0.59375	0.75	0.46875	1.0	0.65625	0.34375
	buis	buisness	0.1875	0.34375	0.5	0.40625	0.59375	0.40625
	sport	sport	0.4375	0.4375	0.28125	0.53125	0.3125	0.40625
	medic illustr	medical illustration	0.09375	0.59375	0.5	0.40625	0.125	0.0
	rehabilit servic	Rehabilitation Services	0.0	0.4375	0.03125	0.6875	0.0625	0.15625
	islam reveal knowledg	Islamic revealed knowledge	0.4375	0.6875	0.53125	0.875	0.40625	0.53125
	inform technolog	information technology	0.46875	0.3125	0.5	0.65625	0.03125	0.375
	colleg transfer	College Transfer	0.53125	0.3125	0.65625	0.59375	0.78125	0.5625
	medic assist	Medical assistant	0.0	0.53125	0.4375	0.8125	0.46875	0.15625
	suppli chain	supply chain	0.09375	0.03125	0.4375	0.25	0.40625	0.28125
	media	Media studies 	0.5625	0.40625	0.6875	0.65625	0.78125	0.125
	inform technolog	IT	0.5625	0.25	0.5625	0.40625	0.5625	0.65625
	compar literari cultur	Comparative Literary and Cultural Studies	0.21875	0.53125	0.8125	0.6875	0.125	0.0
	youth famili ministri	Youth and Family Ministry	0.03125	0.625	0.3125	0.625	0.03125	0.03125
	univers	Universe	0.09375	0.59375	0.40625	0.625	0.25	0.25
	hospit	hospitality	0.03125	0.0	0.0	0.28125	0.3125	0.25
	librarian	Librarian	0.15625	0.75	0.6875	0.5625	0.25	0.0625
	biomed	Biomedical 	0.125	0.71875	0.0625	0.21875	0.0	0.125
	cardiovascular technolog	Cardiovascular Technology	0.0	0.78125	0.1875	0.28125	0.03125	0.0625
	environment conservatio	Associate Degree in Environmental Conservatio	0.53125	0.71875	1.0	0.875	0.71875	0.3125
	languag	Languages	0.3125	0.75	0.6875	0.59375	0.53125	0.25
	auto technician	Auto Technician	0.6875	0.3125	0.1875	0.71875	0.40625	0.625
	undecid	undecided	0.1875	0.25	0.3125	0.5625	0.46875	0.59375
	teach	Teaching	0.0	0.4375	0.78125	0.53125	0.0625	0.09375
	paralleg	Parallegalism 	0.28125	0.59375	0.84375	0.9375	0.84375	0.875
	polit	Politics 	0.0625	0.125	0.4375	0.59375	0.5	0.4375
	travel tourism	Travel & Tourism	0.34375	0.5	0.59375	0.84375	0.3125	0.6875
	languag	Language	0.59375	0.75	0.625	0.59375	0.59375	0.5625
	pharmaci	pharmacy	0.1875	0.71875	0.78125	0.75	0.53125	0.28125
	american	Interdisciplinary American Studies	0.25	0.3125	0.21875	0.53125	0.21875	0.09375
	undecid	undecided	0.28125	0.59375	0.0625	0.65625	0.25	0.59375
	undeclar	undeclared	0.40625	0.5625	0.40625	0.4375	0.5625	0.59375
	environment	Environmental Studies	0.28125	0.84375	0.15625	0.59375	0.34375	0.25
	ministri	Ministry	0.46875	0.3125	0.46875	0.875	0.375	0.34375
	undecid	Undecided	0.0625	0.625	0.71875	0.9375	0.5625	0.5
	vetran	vetran 	0.09375	0.375	0.5625	0.75	0.6875	0.375
	therapi	Therapy	0.59375	0.65625	0.46875	0.71875	0.5	0.75
	cyber secur	cyber security	0.71875	0.71875	0.53125	0.65625	0.5625	0.65625
	rehabilit servic	rehabilitation services	0.3125	0.71875	0.75	0.9375	0.6875	0.53125
	rehab deaf	Rehab in deaf studies 	0.25	0.25	0.9375	0.875	0.34375	0.375
	rehabilit servic	Rehabilitation services 	0.25	0.59375	0.4375	0.75	0.53125	0.625
	washington colleg	Washington College 	0.0	0.0	0.1875	0.375	0.0	0.0
	bm	BM	0.5625	0.5625	0.8125	0.75	0.4375	0.5
	comput technolog program	Computer technology/Programming	0.625	0.6875	0.75	0.4375	0.1875	0.21875
	design	Design	0.375	0.84375	0.625	0.5	0.375	0.40625
	suppli chain	Supply Chain	0.5625	0.53125	0.65625	0.65625	0.34375	0.75
	rehabilit servic	Rehabilitation services	0.09375	0.5625	0.46875	0.78125	0.4375	0.15625
	design	Design	0.5625	0.5	0.59375	0.75	0.53125	0.3125
	rehab	rehab	0.125	0.09375	0.0	1.0	0.125	0.0625
	kinesiolog	Kinesiology 	0.0625	0.65625	0.59375	0.96875	0.46875	0.21875
	aviat	Aviation	0.625	0.71875	0.53125	0.71875	0.34375	0.40625
	urban plan	Urban Planning	0.78125	0.84375	1.0	0.6875	0.46875	0.59375
	medic	medical	0.0	0.21875	0.0	0.5	0.375	0.09375
	travel tourism	Travel and Tourism	0.15625	0.125	0.71875	0.78125	0.5	0.5
	speech patholog	Speech pathology	0.0625	0.3125	0.0625	0.28125	0.15625	0.0
	mechan	mechanics	0.84375	0.25	0.15625	0.25	0.03125	0.0
	eec	EECS	0.0	0.5625	0.46875	0.40625	0.15625	0.09375
	aviat	Aviation	0.0625	0.03125	0.5625	0.28125	0.34375	0.09375
	undeclar	undeclared	0.34375	0.6875	0.375	0.6875	0.34375	0.59375
	commmerc	commmerce	0.0625	0.0	0.09375	0.5625	0.53125	0.0625
	leadership	leadership	0.15625	0.15625	0.90625	0.84375	0.625	0.125
	hospit	Hospitality	0.46875	0.21875	0.625	0.9375	0.78125	0.5
	kinesiolog	Kinesiology 	0.15625	0.15625	0.3125	0.5625	0.53125	0.15625
	buis	buisness	0.34375	0.625	0.28125	0.65625	0.53125	0.5625
	electr mainten	Electrical Maintenance	0.3125	0.25	0.28125	0.25	0.40625	0.3125
	hostpit	hostpitality	0.3125	0.625	0.3125	0.46875	0.53125	0.28125
	sport coach	sport coaching 	0.53125	0.4375	0.59375	0.59375	0.65625	0.625
	akauntan	akauntan	0.125	0.3125	0.21875	0.84375	0.8125	1.0
	nutrit	nutrition	0.0	0.625	0.1875	0.5	0.0625	0.0625
	multimedia	Multimedia	0.21875	0.25	0.78125	0.1875	0.59375	0.375
	cna	CNA	0.28125	0.125	0.34375	0.65625	0.75	0.125
	asian	asian studies	0.59375	0.53125	0.8125	0.28125	0.28125	0.5625
	urban	Urban Studies	0.0	0.09375	0.65625	0.46875	0.25	0.0
	undeclar	undeclared	0.4375	0.53125	0.53125	0.6875	0.59375	0.34375
	undecid	undecided	0.3125	0.625	0.34375	0.65625	0.53125	0.1875
	multimedia	Multimedia	0.6875	0.65625	0.375	0.5	0.46875	0.75
	translatiom	Translatiom	0.21875	0.40625	1.0	0.9375	0.46875	0.03125
	intellig oper	Intelligence Operations	0.4375	0.625	0.6875	0.5625	0.15625	0.0625
	mexican american	Mexican American Studies	0.0	0.40625	0.84375	0.5	0.3125	0.0
	biomed	Biomedical	0.0625	0.53125	0.125	0.4375	0.0625	0.0
	inform technolog	IT	0.21875	0.125	0.65625	0.34375	0.34375	0.5625
	scandinavian languag	Scandinavian languages	0.125	0.65625	0.9375	0.625	0.53125	0.0
	textil merchandis	Textile Merchandising	0.4375	0.0625	0.8125	0.875	0.75	0.5
	design	Design	0.15625	0.46875	0.75	0.28125	0.5	0.03125
	child develop famili	Child Development and Family Studies	0.03125	0.4375	0.5625	0.875	0.40625	0.1875
	cyber secur	Cyber Security	0.25	0.40625	0.5	0.5625	0.65625	0.6875
	mycolog	mycology	0.0625	0.40625	0.28125	0.0625	0.0	0.0
	data analyt	Data Analytics	0.03125	0.5625	0.3125	0.0625	0.03125	0.96875
	inform technolog	it	0.3125	0.46875	0.59375	0.65625	0.5625	0.375
	electron	electronics	0.4375	0.46875	0.53125	0.5625	0.375	0.21875
	medic doctor	medical doctor	0.53125	0.96875	0.9375	0.84375	0.4375	0.3125
	vet	pre vet	0.34375	0.6875	0.46875	0.46875	0.25	0.4375
	teach	Teaching	0.0	0.03125	0.03125	0.03125	0.125	0.0
	teach	Teaching	0.0	0.25	0.125	0.71875	0.5625	0.59375
	earli childhood develop	early childhood development	0.0	0.21875	0.34375	0.5625	0.3125	0.0
	sistema de informação	sistemas de informação	0.28125	0.0	0.0	0.53125	0.375	0.71875
	comput scientist	Computer Scientist	0.3125	0.53125	0.6875	0.28125	0.3125	0.4375
	child develop	child development	0.0	0.1875	0.03125	0.96875	0.4375	0.1875
	occup therapi	occupational therapy	0.15625	0.8125	0.46875	0.96875	0.25	0.0
	magement	magement	0.0	0.5625	0.875	0.1875	1.0	0.125
	social	Social Studies	0.125	1.0	0.625	0.84375	0.40625	0.375
	hpe	HPE	0.15625	0.53125	0.5	0.875	0.09375	0.0
	undecid	undecided	0.65625	0.4375	0.15625	0.84375	0.34375	0.09375
	plan	planning	0.46875	0.5	0.53125	0.4375	0.4375	0.5
	kinesilog	Kinesilogy	0.59375	0.6875	0.4375	0.96875	0.75	0.875
	machin	Machining	0.71875	0.40625	0.28125	0.6875	0.15625	0.21875
	environment polici	Environmental policy	0.09375	0.46875	0.5	0.59375	0.34375	0.28125
	broadcast	Broadcasting	0.71875	0.71875	0.84375	0.8125	0.65625	0.625
	film	Film	0.25	0.4375	0.40625	0.65625	0.25	0.6875
	pharmaci technolog	Pharmacy tech	0.4375	0.78125	0.1875	0.71875	0.75	0.59375
	real estat	Real Estate	0.5	0.5	0.40625	0.5	0.5	0.4375
	languag	Languages	0.625	1.0	1.0	0.90625	0.6875	0.21875
	hospit	Hospitality	0.1875	0.75	0.4375	0.46875	0.40625	0.34375
	kinesiolog	kinesiology	0.6875	0.6875	0.5	0.0625	0.03125	0.09375
	communiti region develop	Community & Regional Development	0.1875	0.40625	0.5625	0.8125	0.59375	0.375
	automot	automotize	0.875	0.25	0.46875	0.28125	0.15625	0.15625
	environ develop	Environment and Development	0.3125	0.8125	0.53125	0.65625	0.5	0.28125
	project mgt	Project Mgt	0.0	0.0	0.125	0.1875	0.125	0.125
	nutrit	Nutrition	0.25	0.375	0.8125	0.78125	0.78125	0.125
	social welfar	Social Welfare	0.09375	0.4375	0.59375	0.5	0.1875	0.5625
	interior design	Interior Design	0.09375	0.84375	0.75	0.90625	0.0625	0.34375
	touriam	touriam	0.03125	0.3125	0.28125	0.40625	0.46875	0.0625
	tourism	Tourism	0.40625	0.1875	0.6875	0.875	0.75	0.59375
	theatr danc	theatre/dance	0.40625	0.53125	0.5	0.6875	0.25	0.8125
	environment	environmental studies	0.09375	0.65625	0.28125	0.46875	0.34375	0.125
	hospit	hospitality 	0.5	0.71875	0.40625	0.59375	0.59375	0.21875
	fashion design	fashion designer	0.6875	1.0	0.96875	0.90625	0.84375	0.8125
	automot	automotive	1.0	0.0	0.1875	0.0	0.0	0.03125
	product design	product design	0.25	0.46875	0.375	0.53125	0.21875	0.1875
	dental	Pre-Dental	0.0625	0.53125	0.03125	0.71875	0.21875	0.0625
	interact multimedia design	Interactive Multimedia Design	0.25	0.625	0.375	0.4375	0.4375	0.625
	design	design	0.0	0.28125	0.40625	0.21875	0.21875	0.0
	undeclar	undeclared 	0.0625	0.6875	0.09375	0.3125	0.0	0.0
	inform tecnolog	Information Tecnology	0.1875	0.0	0.0625	0.09375	0.28125	0.78125
	tourism	Tourism	0.03125	0.125	0.34375	0.53125	0.625	1.0
	interior design	Interior Design 	0.25	0.5625	0.75	0.21875	0.28125	0.34375
	super slav	BEING SUPER SLAV!!!!!!!	0.46875	0.625	0.40625	0.125	0.1875	0.0
	physiotherapi	physiotherapy	0.65625	0.5625	0.5625	0.59375	0.71875	0.78125
	dentistri	dentistry	0.09375	0.90625	0.53125	0.40625	0.125	0.1875
	preoptometri	PreOptometry 	0.34375	0.8125	0.5	0.71875	0.46875	0.25
	comput	computers	0.25	0.4375	0.28125	0.3125	0.4375	0.46875
	hospit	hospitality	0.4375	0.375	0.625	0.4375	0.59375	0.28125
	kinesiolog	Kinesiology	0.25	0.6875	0.1875	0.5625	0.25	0.09375
	psyc	psyc	0.25	0.40625	0.3125	0.59375	0.34375	0.28125
	languag	Languages	0.375	0.90625	0.71875	0.625	0.09375	0.03125
	pe	Major in p.e	0.34375	0.3125	0.4375	0.78125	0.34375	0.46875
	inform technolog	information technology	0.0625	0.0	0.125	0.0	0.0	0.53125
	hospit tourism	Hospitality & Tourism	0.28125	0.40625	0.3125	0.28125	0.5	0.5
	environment	Environmental studies 	0.21875	0.875	0.78125	0.59375	0.09375	0.28125
	fashion design	fashion designer	0.28125	0.15625	0.3125	0.40625	0.6875	0.46875
	med	pre-med	0.1875	0.78125	0.21875	0.3125	0.125	0.125
	interior design	INTERIOR DESIGN	0.1875	0.375	0.5625	0.53125	0.375	0.1875
	aviat technolog	Aviation Technology	0.6875	0.75	0.21875	0.28125	0.3125	0.78125
	undecid idea	undecided(I have no idea about this)	0.4375	0.59375	0.625	0.71875	0.59375	0.4375
	american	American Studies	0.03125	0.0625	0.0625	0.53125	0.0625	0.25
	medic technolog	Medical technology	0.3125	0.6875	0.71875	0.5625	0.625	0.15625
	physiotherapi	Physiotherapy 	0.28125	0.5625	0.5625	0.46875	0.1875	0.21875
	medic	Medical 	0.03125	0.1875	0.125	0.75	0.375	0.0
	event mnagement	Event Mnagement	0.15625	0.28125	0.8125	0.71875	0.53125	0.09375
	tourism	tourism	0.15625	0.03125	0.3125	0.40625	0.4375	0.4375
	network	networking	0.46875	0.4375	0.5625	0.5	0.21875	0.1875
	kinesiolog	kinesiology	0.3125	0.40625	0.28125	0.40625	0.0	0.0
	undecid	undecided	0.34375	0.25	0.625	0.40625	0.25	0.21875
	inform technolog	Information Technology	0.15625	0.34375	0.6875	0.40625	0.53125	0.375
	medic technolog	medical technology	0.1875	0.75	0.4375	0.15625	0.40625	0.125
	dermatologist	dermatologist	0.40625	0.84375	0.75	0.8125	0.78125	0.75
	psychotherapi	Psychotherapy	0.59375	0.78125	0.90625	1.0	0.21875	0.09375
	anim	Animation	0.0625	0.0625	0.34375	0.34375	0.03125	0.1875
	polit	Politics	0.0625	0.0625	0.21875	0.28125	0.4375	0.28125
	osteopathi	Osteopathy 	0.40625	0.78125	0.21875	0.78125	0.28125	0.28125
	cybernet	Cybernetics	0.28125	0.78125	0.5	0.75	0.125	0.0625
	undecid	undecided	0.0	0.15625	0.5	0.34375	0.09375	0.0
	film product	Film Production	0.3125	0.125	0.875	0.6875	0.46875	0.1875
	famili	Family Studies	0.0625	0.0625	0.0	0.75	0.125	0.15625
	famili	Family Studies	0.25	0.1875	0.375	0.90625	0.4375	0.125
	inform technolog	IT	0.0	0.09375	0.25	0.03125	0.3125	0.59375
	famili	Family Studies 	0.0	0.0	0.0625	0.375	0.125	0.15625
	inform technolog	information technology	1.0	0.75	0.625	0.9375	0.875	1.0
	famili	Family Studies	0.0	0.0	0.15625	0.8125	0.03125	0.0625
	na	na	0.53125	0.59375	0.59375	0.5625	0.5625	0.5
	anim	Animation	0.1875	0.5	0.71875	0.5	0.1875	0.0
	danc	dance	0.0	0.03125	0.6875	0.5625	0.46875	0.25
	anim	Animal studies	0.125	0.8125	0.125	0.625	0.4375	0.4375
	theater	Theater	0.21875	0.59375	0.78125	0.8125	0.625	0.0625
	brew distil	brewing and distilling	0.53125	0.5	0.15625	0.125	0.5	0.25
	child develop	child development	0.0	0.09375	0.0	0.75	0.09375	0.09375
	translat	Translation	0.1875	0.375	0.5	0.3125	0.1875	0.625
	famili	Family Studies	0.40625	0.28125	0.125	0.84375	0.65625	1.0
	nutrit	Nutrition	0.53125	0.75	0.59375	0.625	0.25	0.4375
	texil	Texiles	0.1875	0.09375	0.59375	0.65625	0.71875	0.34375
	kinesiolog	Kinesiology	0.65625	0.75	0.5625	0.34375	0.1875	0.25
	comput	Computing	0.625	1.0	0.78125	0.375	0.34375	0.59375
	rtvf	RTVF	0.15625	0.78125	0.8125	0.71875	0.34375	0.03125
	georg mason	George Mason university 	0.34375	0.15625	0.46875	0.75	0.40625	0.53125
	fashion apparel	Fashion Apparel	0.375	0.03125	0.8125	0.78125	0.75	0.25
	medic technolog	Medical Technology	0.0	0.75	0.46875	0.40625	0.03125	0.0625
	ota	ota	0.03125	0.125	0.8125	0.71875	0.5	0.25
	polit	Politics	0.34375	0.5	0.46875	0.65625	0.40625	0.40625
	pharmaci	Pharmacy	0.5625	0.71875	0.25	0.46875	0.46875	0.46875
	biblic	BIBLICAL STUDIES	0.53125	0.03125	0.46875	0.375	0.25	0.375
	medic assist	Medical Assistance 	0.0	0.125	0.0	0.75	0.0	0.125
	hindi	Hindi	0.53125	0.59375	0.6875	0.75	0.625	0.65625
	medic assist	Medical Assistant	0.09375	0.65625	0.0	0.5625	0.0625	0.0
	teach	teaching	0.0	0.09375	0.0625	0.5	0.0	0.09375
	famili	Family Studies 	0.125	0.71875	0.59375	0.8125	0.40625	0.125
	sustain	sustainability	0.03125	0.71875	0.40625	0.5625	0.0625	0.1875
	comput technolog	Computer Technology	0.34375	0.875	0.75	0.75	0.34375	0.625
	rehabilit	rehabilitation	0.0	0.78125	0.59375	0.65625	0.0625	0.375
	drama	drama	0.0	0.125	0.6875	0.625	0.4375	0.03125
	physiatrist	physiatrist	0.6875	0.65625	0.625	0.65625	1.0	0.8125
	anyth	anything	0.65625	0.625	0.5625	0.5625	0.4375	0.65625
	medic technolog	medical technology	0.59375	0.875	0.375	0.125	0.6875	0.25
	kinesiolog	Kinesiology 	0.03125	0.0	0.0	0.1875	0.0625	0.0
	med	Pre-Med	0.4375	1.0	1.0	1.0	0.90625	0.875
	cinema	Cinema	0.15625	0.34375	0.75	0.90625	0.53125	0.09375
	child develop	Child Development	0.0625	0.5	0.625	0.75	0.53125	0.125
	medic assist	Medical Assisting	0.0625	0.71875	0.0	0.84375	0.09375	0.1875
	food technolog	Food technology	0.46875	0.96875	0.28125	0.65625	0.40625	0.3125
	design	DESIGNER 	0.40625	0.5625	0.1875	0.3125	0.1875	0.1875
	horticultur	HORTICULTURE	0.40625	0.875	0.25	0.84375	0.5625	0.78125
	polit	Politics	0.0	0.40625	0.84375	0.46875	0.5625	0.09375
	undeclar	Undeclared 	0.5625	0.5625	0.75	0.375	0.28125	0.4375
	undecid	Undecided	0.3125	0.78125	0.96875	0.5625	0.71875	0.25
	design	design	0.0625	0.125	0.3125	0.6875	0.28125	0.1875
	famili	Family Studies 	0.0	0.0625	0.03125	0.375	0.0	0.0
	med	pre-med	0.09375	0.40625	0.0	0.34375	0.0625	0.125
	teach	Teaching 	0.0	0.59375	0.0625	0.3125	0.375	0.03125
	undeclar	Undeclared	0.125	0.5625	0.28125	0.59375	0.0625	0.40625
	teach	Teaching 	0.15625	0.125	0.28125	0.84375	0.40625	0.0
	food technolog	Food Technology	0.21875	0.4375	0.4375	0.71875	0.28125	0.46875
	technic vocat livelihood	Technical Vocational Livelihood	0.4375	0.53125	0.75	0.84375	0.625	0.3125
	tourism	Tourism	0.125	0.09375	0.65625	0.625	0.46875	0.21875
	inform technolog	Information Technology	0.4375	0.40625	0.375	0.09375	0.71875	0.5
	occup therapi	Occupational Therapy	0.03125	0.78125	0.71875	0.8125	0.25	0.3125
	child care guidanc	child care guidance	0.21875	0.28125	0.15625	0.875	0.46875	1.0
	kinesiolog	Kinesiology	0.4375	0.71875	0.53125	0.875	0.65625	0.5
	physiotherapi	Physiotherapy 	0.125	0.5625	0.59375	0.5	0.21875	0.0
	elektrik	elektrikal	0.53125	0.125	0.40625	0.5	0.375	0.5
	aircraft mechan	aircraft mechanics	0.625	0.125	0.125	1.0	0.25	0.625
	dental hygien	dental hygiene	0.25	0.65625	0.59375	0.78125	0.625	0.25
	tourism	Tourism	0.3125	0.28125	0.53125	0.71875	0.25	0.625
	inform technolog	INFORMATION TECHNOLOGY	0.59375	0.46875	0.4375	0.8125	0.4375	0.78125
	anim	animator	0.125	0.4375	0.65625	0.34375	0.59375	0.09375
	liber	liberal studies	0.28125	0.84375	0.4375	0.65625	0.3125	0.1875
	senior high school	senior high school	0.5	0.375	0.59375	0.6875	0.53125	0.5625
	clinic mental hleath	Clinical Mental Hleath	0.03125	0.5625	0.15625	0.75	0.09375	0.15625
	orthodont	orthodontic	0.0	0.6875	0.625	0.71875	0.21875	0.0
	speech	Speech	0.4375	0.625	0.09375	0.8125	0.375	0.1875
	technolog	technology	1.0	1.0	0.5	0.875	0.875	1.0
	famili	Family Studies	0.03125	0.125	0.09375	0.78125	0.125	0.28125
	fashion	Fashion	0.15625	0.3125	0.71875	0.875	0.71875	0.1875
	famili	Family Studies	0.0	0.1875	0.15625	1.0	0.15625	0.1875
	inform technolog	Info tech	0.4375	0.28125	0.59375	0.375	0.25	0.4375
	digit media	digital media	0.40625	0.15625	0.3125	0.78125	0.125	0.71875
	theatr	Theatre 	0.03125	0.3125	0.90625	0.8125	0.5	0.25
	culinari	culinary	0.375	0.3125	0.46875	0.5625	0.59375	0.5
	beuati	beuaty	0.125	0.46875	0.34375	0.65625	0.4375	0.1875
	medic technologist	medical technologist	0.34375	0.6875	0.90625	0.84375	0.5	0.3125
	tourism	Tourism	0.0	0.0	0.75	0.25	0.46875	0.25
	petroleum	petroleum	1.0	1.0	1.0	1.0	1.0	1.0
	comm	comms	0.09375	0.4375	0.5	0.59375	0.34375	0.1875
	medic	medical	0.375	0.4375	0.40625	0.53125	0.34375	0.375
	attend	Did not attend	0.71875	0.71875	0.625	0.59375	0.3125	0.40625
	stem	STEM	0.21875	0.6875	0.15625	0.1875	0.34375	0.53125
	fashion	fashion	0.0625	0.375	0.84375	0.875	0.75	0.15625
	perform product	Performance production 	0.5	0.46875	0.59375	0.5625	0.53125	0.5
	tourism	Tourism	0.5625	0.59375	0.75	0.75	0.59375	0.59375
	tourism	tourism	0.34375	0.75	0.90625	0.8125	0.71875	0.5625
	medic technologist	medical technologist	0.375	0.625	0.4375	0.59375	0.46875	0.59375
	comput	Computer Studies	0.03125	0.0625	0.65625	0.125	0.0625	0.0
	dentist	Dentist	0.625	0.75	0.5	0.8125	0.875	0.875
	digit media	digital media 	0.71875	0.375	0.90625	0.625	0.5625	0.46875
	safeti work	safety at work	0.75	0.71875	0.71875	0.6875	0.59375	0.65625
	dental hygien	Dental Hygiene	0.0	0.5625	0.0	0.28125	0.09375	0.1875
	nice	nice	0.3125	0.46875	0.28125	0.4375	0.46875	0.25
	creativ write	creative writing	0.0625	0.625	0.90625	0.53125	0.0625	0.03125
	biolobi	Bioloby	0.3125	0.9375	0.4375	0.5	0.0	0.0
	lesbian danc theori	LESBIAN DANCE THEORY	0.6875	0.25	0.375	0.25	0.40625	0.03125
	tourism	tourism	0.15625	0.0625	0.5625	0.8125	0.875	0.71875
	fashion	Fashion	0.1875	0.21875	0.375	0.625	0.78125	0.4375
	occup therapi	Occupational therapy	0.0	0.21875	0.09375	0.5	0.125	0.0
	justic	justice studies	0.0	0.4375	0.03125	0.6875	0.1875	0.1875
	enolog viticultur	Enology and Viticulture	0.09375	0.5625	0.3125	0.3125	0.40625	0.25
	comput	Computer	0.625	0.71875	0.65625	0.8125	0.71875	0.53125
	languag	Languages	0.0625	0.4375	0.46875	0.375	0.1875	0.0625
	parleg	Parlegal	0.03125	0.75	0.34375	0.59375	0.28125	0.6875
	vet	pre vet	0.09375	0.78125	0.03125	0.28125	0.0625	0.21875
	foreign affair	Foreign Affairs 	0.09375	0.21875	0.40625	0.71875	0.25	0.03125
	rehabilit servic	Rehabilitation Services	0.15625	0.21875	0.375	0.96875	0.5625	0.5
	polit	Politics	0.0	0.3125	0.53125	0.40625	0.4375	0.03125
	agribussi	Agribussiness	0.5	0.6875	0.46875	1.0	0.9375	0.71875
	visual media	Visual Media Studies	0.0	0.375	0.40625	0.78125	0.0	0.0
	medic	medic. 	0.375	0.53125	0.5625	0.75	0.5	0.40625
	cad	CAD	0.53125	0.5	0.40625	0.3125	0.46875	0.46875
	pediatrician	Pediatrician	0.21875	0.96875	0.46875	0.65625	0.21875	0.375
	construct	Construction	0.5	0.25	0.15625	0.6875	0.5625	0.25
	fashion design	Fashion Design	0.75	0.75	0.84375	0.90625	0.5	0.9375
	biblic	Biblical Studies	0.125	0.625	0.71875	0.59375	0.34375	0.15625
	radiolog	radiology	0.25	0.71875	0.875	0.96875	0.71875	0.75
	web design	Web design	0.28125	0.84375	0.59375	0.75	0.34375	0.8125
	medic technolog	Medical Technology	0.09375	0.84375	0.59375	0.75	0.0625	0.0625
	occup therapi	Occupational therapy	0.125	0.59375	0.5	0.875	0.4375	0.3125
	model	3D Modeling 	0.78125	0.53125	0.71875	0.375	0.25	0.28125
	digit media product	Digital Media Production	0.71875	0.65625	0.71875	0.65625	0.28125	0.09375
	design	design	0.03125	0.8125	0.65625	0.53125	0.5625	0.0
	hdfs	HDFS	0.375	0.0	0.125	0.75	0.0625	0.59375
	physiotherapi	Physiotherapy 	0.5625	0.65625	0.46875	0.96875	0.4375	0.1875
	teach	teaching	0.4375	0.6875	0.6875	0.6875	0.625	0.5625
	write	Writing	0.0	0.0	0.375	0.78125	0.5	0.0
	classic	Classical Studies	0.3125	0.75	0.8125	0.8125	0.4375	0.0625
	nutrit	Nutrition	0.0625	0.65625	0.28125	0.59375	0.28125	0.21875
	secur	SECURITY	0.59375	0.28125	0.46875	0.65625	0.53125	0.53125
	medtech	medtech	0.375	0.8125	0.65625	0.71875	0.8125	0.5
	folkor	Folkore	0.0625	0.15625	0.5	0.78125	0.28125	0.375
	global creativ industri	Global Creative Industries	0.28125	0.34375	0.65625	0.6875	0.625	0.53125
	pharmacist	Pharmacist	0.09375	0.3125	0.0	0.25	0.03125	0.4375
	fashion merchandis	Fashion Merchandising	0.25	0.28125	0.5625	0.53125	0.75	0.78125
	broadcast tv radio oper	Broadcast TV/Radio Operations	0.03125	0.0	0.75	0.71875	0.4375	0.3125
	theatr desgin	Theatre Desgin	0.40625	0.53125	0.6875	0.84375	0.5	0.25
	marriag famili	Marriage and Family Studies	0.0	0.03125	0.40625	0.6875	0.3125	0.09375
	psyjolog	Psyjology	0.3125	0.75	0.71875	0.875	0.46875	0.34375
	undecid	Undecided	0.03125	0.09375	0.90625	0.71875	0.5625	0.21875
	bussin	Bussines	0.15625	0.5	0.46875	0.65625	0.5625	0.21875
	inform secur	Information Security	0.625	0.71875	0.375	0.25	0.28125	0.5
	child develop	child development	0.09375	0.3125	0.21875	0.6875	0.25	0.46875
	buso	Busoness	0.0625	0.125	0.28125	0.65625	0.625	0.78125
	stem	STEM	0.1875	0.25	0.375	0.5625	0.1875	0.125
	design	Design	0.15625	0.40625	0.75	0.78125	0.90625	0.15625
	wizardri	Wizardry	0.125	0.53125	0.5	0.65625	0.1875	0.09375
	colleg	General College	0.0625	0.25	0.28125	0.34375	0.3125	0.28125
	hospit	Hospitality 	0.1875	0.5625	0.25	0.4375	0.6875	0.3125
	entrepreneurship	entrepreneurship	0.34375	0.6875	0.25	0.65625	0.40625	0.25
	vet technolog	Vet Tech	0.25	0.75	0.6875	0.65625	0.375	0.3125
	inform technolog	IT	0.875	0.90625	0.90625	1.0	0.9375	1.0
	shop	Shop	0.8125	0.25	0.21875	0.5	0.28125	0.3125
	doctor	doctor	0.8125	0.75	0.65625	0.65625	0.78125	0.71875
	leadership	Leadership	0.0625	0.3125	0.4375	0.4375	0.375	0.4375
	media	Media	0.34375	0.5625	0.40625	0.40625	0.1875	0.40625
	automot	Automotive	0.28125	0.0	0.0	0.46875	0.09375	0.28125
	urban plan	Urban Planning	0.125	0.75	0.75	0.71875	0.4375	0.5
	environment	environmental studies	0.09375	0.65625	0.1875	0.21875	0.125	0.3125
	stem	STEM	0.28125	0.25	0.34375	0.5	0.46875	0.375
	aviat	Aviation	0.125	0.0625	0.0625	0.5	0.1875	0.125
	media	Media Studies	0.0	0.125	0.75	0.71875	0.1875	0.09375
	design	design	0.6875	0.5	1.0	0.34375	0.5	0.4375
	leadership	leadership	0.5	0.53125	0.625	0.625	0.46875	0.5625
	film tv	Film & TV	0.375	0.71875	0.625	0.6875	0.65625	0.625
	teach	Teaching 	0.3125	0.8125	0.03125	0.40625	0.0	0.5
	entrepreneurship	Entrepreneurship	0.5	0.46875	0.6875	0.8125	0.5625	0.34375
	electron	Electronics	0.53125	0.40625	0.28125	0.53125	0.34375	0.5
	comun	comunication	0.0	0.75	0.21875	0.40625	0.0	0.0
	kinesiolog	Kinesiology	0.28125	0.84375	0.84375	0.84375	0.15625	0.0
	cis	CIS	0.40625	0.75	0.71875	0.6875	0.59375	0.34375
	physiotherapi	PHYSIOTHERAPY	0.09375	0.6875	0.34375	0.71875	0.5	0.375
	plan	planning	0.28125	0.75	0.78125	0.71875	0.53125	0.3125
	inform technolog	it	0.21875	0.71875	0.34375	0.53125	0.21875	0.28125
	cyber secur	Cyber Security	0.5	0.4375	0.21875	0.53125	0.375	0.6875
	danc	Dance	0.3125	0.25	0.53125	0.40625	0.125	0.0
	leadership	leadership	0.34375	0.4375	0.28125	0.8125	0.5625	0.3125
	madic	madical	0.09375	0.84375	0.625	0.4375	0.53125	0.25
	stem	STEM	0.4375	0.21875	0.9375	0.21875	0.5	0.375
	occup therapi	Occupational Therapy 	0.28125	0.65625	0.59375	0.75	0.1875	0.0
	child develop	Child Development 	0.0	0.8125	0.34375	0.625	0.1875	0.625
	design	design	0.21875	0.6875	0.6875	0.375	0.4375	0.0625
	teacher	teacher	0.0625	0.125	0.25	0.6875	0.4375	0.625
	polit	politic	0.09375	0.4375	0.8125	0.71875	0.1875	0.25
	environment	Environmental studies	0.21875	0.0625	0.40625	0.8125	0.59375	0.75
	inform techenolog	information techenology	0.5	0.8125	0.78125	0.6875	0.96875	0.75
	figur	Figuring that out now	0.21875	0.4375	0.40625	0.625	0.21875	0.28125
	american	American Studies	0.625	1.0	1.0	0.90625	0.84375	0.375
	fisheri wildlif	Fisheries and Wildlife	0.5625	0.90625	0.15625	0.3125	0.21875	0.46875
	teach	teaching	0.125	0.34375	0.1875	0.375	0.40625	0.5
	hospit	hospitality	0.1875	0.21875	0.0625	0.125	0.125	0.3125
	tesl	TESL	0.59375	0.78125	0.75	0.84375	0.8125	0.875
	inform technolog	Information Technology	0.21875	0.9375	0.3125	0.65625	0.40625	0.90625
	teach	teaching	0.0625	0.0	0.40625	0.8125	0.75	0.25
	creativ write	Creative Writing	0.375	0.34375	0.6875	0.3125	0.21875	0.21875
	cybersecur	cybersecurity	0.5	0.1875	0.40625	0.75	0.46875	0.78125
	languag	Language	0.3125	0.8125	0.5625	0.875	0.5	0.5625
	sustain	sustainability	0.34375	0.6875	0.84375	0.78125	0.625	0.40625
	e	e	0.53125	0.59375	0.40625	0.65625	0.4375	0.5625
	cota	cota	0.0625	0.625	0.71875	0.9375	0.28125	0.125
	theater	theater	0.375	0.1875	0.75	0.5625	0.34375	0.5625
	psycholoci	Psycholocy	0.1875	0.34375	0.3125	0.75	0.28125	0.25
	occup therapi	Occupational Therapy	0.0	0.5	0.375	0.875	0.375	0.0
	liber	Liberal studies 	0.09375	0.625	0.59375	0.71875	0.5	0.78125
	nope	Nope	0.09375	0.59375	0.9375	0.875	0.46875	0.0
	liber	Liberal studies 	0.09375	0.5	0.625	0.65625	0.09375	0.3125
	career guidanc	careers guidance	0.1875	0.3125	0.5	0.84375	0.46875	0.53125
	pharmacist	Pharmacist	0.28125	0.5625	0.1875	0.28125	0.4375	0.5
	social servic	social services	0.0	0.0625	0.03125	0.40625	0.21875	0.34375
	medic	Medical	0.03125	0.59375	0.59375	0.625	0.125	0.4375
	public affair	Public Affairs	0.53125	0.875	0.4375	0.34375	0.40625	0.6875
	american	American studies	0.21875	0.0	0.3125	0.40625	0.78125	0.25
	theatr	Theatre	0.34375	0.5	0.84375	0.6875	0.46875	0.125
	media	Media	0.0625	0.0625	0.3125	0.53125	0.53125	0.46875
	medic code reimburs	Medical coding and reimbursement	0.59375	0.46875	0.6875	0.375	0.40625	0.375
	kinesiolog	kinesiology 	0.5	0.5	0.1875	0.75	0.21875	0.15625
	inform technolog	Information Technology	0.28125	0.03125	0.0625	0.0	0.21875	0.5625
	organiz leadership	Organizational Leadership	0.125	0.28125	0.53125	0.9375	0.5	0.90625
	occup safeti	Occupational Safety	0.8125	0.59375	0.125	0.625	0.25	0.25
	occup safeti	OCCUPATIONAL SAFETY	0.65625	0.78125	0.875	0.78125	0.6875	0.6875
	design	design	0.53125	0.34375	0.375	0.375	0.375	0.46875
	librari inform	Library and information studies	0.09375	0.25	0.34375	0.6875	0.5	0.53125
	trade tourist	trade and tourist	0.28125	0.75	0.375	0.75	0.78125	0.71875
	medic	Medic	0.5	0.875	0.53125	0.5625	0.34375	0.65625
	interior design	interior design	0.125	0.34375	0.28125	0.4375	0.125	0.0
	funer servic technolog	Funeral Service Technology	0.53125	0.5625	0.6875	0.90625	0.625	0.9375
	product	Production	0.3125	0.46875	0.75	0.5625	0.375	0.125
	undecid	Undecided	0.0	0.21875	0.0	0.90625	0.34375	0.0
	didnt	didnt	0.09375	0.46875	0.0625	0.6875	0.1875	0.03125
	translat	translation	0.4375	0.78125	0.0	0.0625	0.03125	0.40625
	media	Media Studies	0.125	0.46875	0.84375	0.4375	0.15625	0.125
	famili	Family Studies	0.0	0.0	0.0	0.1875	0.0	0.5625
	inform technolog	IT	0.34375	0.1875	0.28125	0.46875	0.40625	0.09375
	kinesiolog	kinesiology 	0.53125	0.5625	0.25	0.6875	0.21875	0.0625
	product fashion	Production in Fashion	0.0	0.28125	0.90625	0.75	0.4375	0.0
	game design	game design	0.125	0.78125	0.125	0.59375	0.5625	0.21875
	design	Design	0.3125	0.46875	0.5	0.21875	0.21875	0.125
	fashion	fashion	0.09375	0.4375	0.875	0.46875	0.3125	0.0
	product	Production	0.375	0.5	0.5	0.4375	0.71875	0.46875
	speech patholog	Speech Pathology 	0.0625	0.71875	0.71875	1.0	0.3125	0.1875
	nuse	Nusing	0.65625	0.78125	0.34375	0.875	0.40625	0.5625
	psycholpgi	Psycholpgy	0.09375	0.59375	0.125	1.0	0.375	0.53125
	apparel design	Apparel Design 	0.03125	0.5625	0.25	0.0625	0.28125	0.0
	liber	Liberal Studies	0.25	0.25	0.03125	0.15625	0.21875	0.375
	teacher	teacher	0.375	0.46875	0.375	0.59375	0.59375	0.6875
	phycolog	Phycology	0.625	0.5625	0.3125	0.875	0.375	0.40625
	modern languag	Modern Languages	0.3125	0.75	0.4375	0.46875	0.0625	0.34375
	liber	Liberal Studies	0.125	0.6875	0.3125	0.65625	0.46875	0.125
	classic	classics	0.28125	0.6875	0.71875	0.3125	0.0	0.0
	medic	Medic	0.0	0.9375	0.4375	0.59375	0.3125	0.09375
	occup therapi	occupational therapy	0.40625	0.5625	0.53125	0.8125	0.34375	0.25
	medic offic	MEDICAL OFFICER	0.59375	0.625	0.25	0.59375	0.3125	0.65625
	polit	Politics	0.0	0.4375	0.875	0.71875	0.15625	0.0
	fashion merchandis	Fashion Merchandising 	0.0	0.0	0.0	0.53125	0.125	0.03125
	contabilidad	Contabilidade	0.1875	0.1875	0.1875	0.625	0.875	0.875
	génie énergétiqu	génie énergétique	0.5	0.375	0.15625	0.5625	0.125	0.21875
	liber	Liberal studies	0.375	0.40625	0.28125	0.59375	0.4375	0.65625
	environment	Environmental Studies	0.375	0.8125	0.5	0.75	0.1875	0.3125
	culinari	Culinary	0.375	0.875	0.65625	0.71875	0.46875	0.5
	oper research	operations research	0.09375	0.65625	0.3125	0.65625	0.46875	0.8125
	film	Film	0.78125	0.96875	0.9375	0.65625	0.4375	0.5
	veterinair	veterinaire	0.0	0.78125	0.59375	0.4375	0.40625	0.15625
	random cours	Random courses	0.34375	0.5	0.75	0.6875	0.375	0.625
	dietet nutrit	Dietetics and Nutrition	0.28125	0.15625	0.15625	0.84375	0.09375	0.21875
	media	Media	0.1875	0.96875	0.6875	0.6875	0.15625	0.0
	theatr	Theatre	0.03125	0.25	0.75	0.75	0.375	0.0
	languag	languages	0.15625	0.5625	0.4375	0.3125	0.0625	0.125
	librari inform	Library and Information Studies	0.28125	0.46875	0.75	0.25	0.15625	0.5
	medic	medical studies	0.25	0.875	0.59375	0.375	0.5625	0.125
	design	Design	0.03125	0.25	0.34375	0.21875	0.3125	0.375
	speech languag patholog	Speech language pathology	0.0	0.75	0.21875	0.59375	0.375	0.09375
	undecid	undecided 	0.28125	0.28125	0.21875	0.5	0.71875	0.625
	conflict	Conflict	0.1875	0.59375	0.46875	0.1875	0.09375	0.09375
	digit media	Digital Media	0.03125	0.1875	0.21875	0.28125	0.0625	0.0
	pedagogi	Pedagogy 	0.03125	0.1875	0.375	0.90625	0.53125	0.34375
	design	design	0.375	0.53125	0.53125	0.59375	0.5	0.46875
	buis	buisness	0.21875	0.125	0.4375	0.46875	0.59375	0.84375
	teacher	Teacher	0.53125	0.625	0.5	0.5625	0.5625	0.53125
	processo gerencia	PROCESSOS GERENCIAS	0.0625	0.15625	0.0	0.46875	0.53125	0.6875
	midwiferi	Midwifery	0.375	0.75	0.84375	0.9375	0.78125	0.5
	danc	Dance	0.0	0.21875	0.03125	0.84375	0.0	0.0625
	crimin	Criminal	0.28125	0.5	0.78125	0.9375	0.4375	0.5625
	nutrit	Nutrition 	0.0	0.34375	0.0	0.375	0.09375	0.0
	gamer	Gamer	0.28125	0.40625	0.4375	0.4375	0.28125	0.375
	inform technolog	Information technology	0.3125	0.40625	0.40625	0.625	0.5	0.40625
	current public	Currently in 1st year of undergrad in public 	0.375	0.59375	0.84375	0.90625	0.5	0.34375
	psicologia	psicologia	0.4375	0.375	0.5625	0.90625	0.5625	0.75
	rehabilit servic	Rehabilitation Services	0.53125	0.5	0.625	0.6875	0.5	0.40625
	child develop	child development	0.0	0.28125	0.21875	0.8125	0.25	0.0
	paramed	Paramedics	0.59375	0.65625	0.21875	0.625	0.6875	0.46875
	east asian polit	East Asian Studies, politics	0.53125	0.78125	0.84375	0.5625	0.59375	0.5
	kinesiolog	kinesiology	0.34375	0.71875	0.65625	0.59375	0.4375	0.5
	inform technolog	information technology	0.125	0.34375	0.21875	0.3125	0.3125	0.3125
	athlet train	Athletic training 	0.5625	0.6875	0.5625	0.71875	0.53125	0.5625
	nautic	Nautical studies	0.6875	0.875	0.6875	0.75	0.65625	0.625
	decid	Not yet decided	0.5	0.71875	0.375	0.53125	0.5	0.53125
	physiotherapi	physiotherapy	0.09375	0.6875	1.0	0.71875	0.4375	0.09375
	ir	IR	0.625	0.28125	0.5625	0.28125	0.40625	0.53125
	mechan	Mechanical	0.5625	0.46875	0.65625	0.8125	0.78125	0.84375
	pedagogi	pedagogy	0.15625	0.375	0.75	1.0	0.4375	0.34375
	rehabilit servic	Rehabilitation Services	0.03125	0.21875	0.34375	1.0	0.75	0.5
	general	Generals	0.125	0.3125	0.09375	0.6875	0.53125	0.15625
	medic code	Medical Coding	0.375	0.8125	0.75	0.1875	0.1875	0.5625
	northeast	northeast	0.78125	0.28125	0.5625	0.46875	0.3125	0.46875
	comput	computing	0.5	0.125	0.0625	0.3125	0.8125	0.8125
	polit	politics	0.0	0.46875	0.84375	0.59375	0.125	0.0
	nutrit	nutrition	0.5	0.8125	0.65625	0.78125	0.84375	0.46875
	occup therapi	Occupational therapy	0.25	0.53125	0.0	0.59375	0.25	0.25
	aviat	Aviation	0.40625	0.5625	0.75	0.53125	0.53125	0.375
	ota	OTA	0.0625	0.21875	0.0	0.8125	0.28125	0.0625
	teach	teaching	0.25	0.375	0.5	0.78125	0.65625	0.375
	hospit	Hospitality 	0.4375	0.65625	0.53125	0.71875	0.59375	0.53125
	danc	Dance	0.5	0.5	0.71875	0.65625	0.25	0.03125
	pharmaci	Pharmacy	0.03125	0.5625	0.0	0.625	0.125	0.6875
	medic technologist	medical technologist	0.5	0.75	0.6875	0.65625	0.375	0.4375
	gerontolog	Gerontology	0.0	0.0	0.0	0.15625	0.0	0.6875
	food technolog	Food Technology	0.1875	0.53125	0.125	0.28125	0.25	0.40625
	film product	Film production	0.15625	0.125	0.8125	0.5	0.5	0.3125
	design	design 	0.5	1.0	0.78125	0.125	0.0	0.125
	translat	translation	0.25	0.65625	0.46875	0.53125	0.34375	0.875
	anatomi	anatomy 	0.46875	0.84375	0.46875	0.5	0.40625	0.34375
	statesmanship	Statesmanship	0.0625	0.28125	0.21875	0.40625	0.46875	0.4375
	textil	Textiles	0.15625	0.5625	0.6875	0.5	0.28125	0.3125
	bueiness	Bueiness	0.1875	0.71875	0.125	0.9375	0.46875	0.4375
	pharmaci	pharmacy	0.125	0.375	0.5	1.0	0.0	0.875
	na	na	0.0625	0.875	0.375	1.0	0.0	0.0625
	ex phys	ex phys	0.53125	0.46875	0.15625	0.6875	0.25	0.3125
	hospit tourism	Hospitality and Tourism 	0.34375	0.3125	0.875	0.71875	0.5	0.0625
	applic	not applicable	0.25	0.40625	0.875	0.53125	0.25	0.15625
	quantiti surveri	Quantity Surverying	0.5	0.40625	0.3125	0.6875	0.625	0.90625
	film	Film	0.25	0.1875	0.875	0.78125	0.71875	0.40625
	languag	languages	0.5	0.5625	0.71875	0.53125	0.46875	0.5
	film	Film Studies	0.1875	0.625	0.90625	0.5625	0.0	0.0625
	global	Global Studies	0.5	1.0	0.90625	0.65625	0.4375	0.40625
	translat	Translations	0.40625	0.875	0.3125	0.5625	0.5625	0.375
	write	Writing	0.28125	0.75	0.59375	0.625	0.5	0.28125
	pharmaci	Pharmacy	0.15625	0.8125	0.21875	0.21875	0.0625	0.15625
	hospit	Hospitality	0.21875	0.15625	0.5	0.375	0.71875	0.53125
	occup thearpi	Occupation thearpy	0.03125	0.6875	0.28125	0.65625	0.15625	0.0625
	lah	Lah	0.28125	0.34375	0.4375	0.625	0.46875	0.375
	design	Designer	0.53125	0.90625	0.71875	0.78125	0.71875	0.625
	speech languag patholog	Speech language pathology	0.0	0.71875	0.34375	0.65625	0.53125	0.09375
	dentist	dentist	0.125	0.46875	0.71875	0.75	0.3125	0.21875
	teach	teaching	0.125	0.4375	0.15625	0.46875	0.125	0.1875
	comput	computer	0.0	0.0	0.0	0.1875	0.1875	0.09375
	teacher	Teacher	0.25	0.5625	0.6875	0.53125	0.6875	0.5625
	judaic	Judaic Studies	0.375	0.78125	0.25	0.65625	0.25	0.46875
	polytech	Polytech	0.71875	0.96875	0.65625	0.4375	0.34375	0.4375
	aoj	AOJ	0.1875	0.21875	0.0625	0.5	0.0625	0.28125
	undeclar	Undeclared	0.53125	0.59375	0.65625	0.5625	0.53125	0.4375
	design	Design	0.59375	0.375	0.96875	0.40625	0.28125	0.375
	nutrit	Nutrition	0.34375	0.5	0.21875	0.5625	0.34375	0.28125
	ministri	Ministry	0.59375	0.46875	0.9375	0.9375	0.65625	0.71875
	teach	Teaching	0.1875	0.3125	0.5625	0.5	0.53125	0.15625
	ekonomija	EKONOMIJA	0.3125	0.78125	0.40625	0.5625	0.625	0.5625
	undecid	undecided	0.125	0.3125	0.4375	0.1875	0.40625	0.375
	kinesiolog	Kinesiology 	0.21875	0.90625	0.78125	0.84375	0.40625	0.1875
	softwar engen	software engeneering	0.21875	0.9375	0.5	0.25	0.8125	0.3125
	biochemisstri	Biochemisstry	0.21875	0.84375	0.21875	0.4375	0.125	0.125
	plumbl	plumbleing	1.0	0.09375	0.25	0.34375	0.3125	0.0625
	inform technolog	Information technology 	0.4375	0.53125	0.5625	0.84375	0.46875	0.53125
	addict	Addiction Studies	0.0	0.3125	0.125	0.5	0.0	0.0
	structur engen	Structural engeneering	0.21875	0.84375	0.3125	0.5625	0.5625	0.1875
	mayland communiti colleg	mayland community college 	0.1875	0.25	0.03125	0.71875	0.53125	0.5
	librarian	Librarian	0.3125	0.6875	0.71875	0.875	0.28125	0.625
	christian ministri	Christian Ministries	0.0	0.125	0.71875	0.3125	0.0625	0.03125
	teacher	Teacher	0.21875	0.46875	0.8125	0.75	0.59375	0.5625
	digit media	digital media	0.0	0.1875	0.25	0.40625	0.4375	0.375
	figur inform technolog origin inform technolog med	figuring it out. originally it was Pre-Med, t	0.21875	0.6875	0.8125	0.78125	0.09375	0.0625
	sain sukan	sains sukan	0.5625	0.28125	0.5	0.59375	0.53125	0.46875
	sain sukan	sains sukan	0.5	0.375	0.40625	0.65625	0.46875	0.46875
	sain sukan	sains sukan	0.5	0.34375	0.40625	0.59375	0.46875	0.46875
	paraleg	Paralegal	0.0625	0.125	0.4375	0.8125	0.375	0.34375
	occup therapi	Occupational Therapy	0.40625	0.4375	0.375	0.9375	0.59375	0.53125
	ot	OT	0.125	0.8125	0.9375	1.0	0.375	0.15625
	radiolog	Radiology	0.0	0.59375	0.1875	0.5625	0.625	0.40625
	buis	buisness	0.84375	0.21875	0.21875	0.5	0.59375	0.28125
	undecid	undecided	0.25	0.8125	0.90625	0.3125	0.375	0.53125
	electron cmmunic	Electronics & c0mmunication	0.875	0.4375	0.53125	0.90625	0.90625	0.96875
	build inspect	building inspection 	0.75	0.125	0.375	0.625	0.0625	0.25
	medic assist	medical assisting	0.375	1.0	0.625	1.0	0.375	1.0
	undecid	undecided	0.125	0.3125	0.3125	0.53125	0.4375	0.3125
	social servic	Social Service	0.3125	0.3125	0.46875	0.84375	0.8125	0.84375
	fashion merchandis	Fashion Merchandising	0.1875	0.21875	0.4375	0.75	0.59375	0.71875
	logist	logistics	0.625	0.625	0.46875	0.875	0.375	0.8125
	secur	Security	0.53125	0.15625	0.125	0.71875	0.1875	0.125
	psicologia	Psicologia	0.125	0.15625	0.59375	1.0	0.34375	0.125
	pedagogia	pedagogia	0.0	0.5	0.15625	0.8125	0.0625	0.0
	arquitetura e psicologia	arquitetura e psicologia 	0.03125	0.34375	0.125	0.8125	0.0625	0.03125
	speech patholog	Speech Pathology	0.21875	0.6875	0.46875	0.75	0.4375	0.0625
	urban plan	Urban Planning	0.0	0.625	0.40625	0.625	0.3125	0.5625
	creativ write	Creative writing 	0.0	0.125	0.5625	0.5625	0.15625	0.625
	attend dixi state	I will attend Dixi State	0.0	0.1875	0.0	0.15625	0.0	0.0
	kinesiolog	Kinesiology	0.1875	0.5625	0.625	0.9375	0.21875	0.4375
	event	events	0.03125	1.0	0.96875	1.0	0.40625	0.25
	folklor	Folklore	0.0625	0.15625	0.53125	0.8125	0.21875	0.21875
	technolog	Technology	0.03125	0.28125	0.3125	0.625	0.40625	0.78125
	food technolog	Food technology	0.625	0.78125	0.625	0.78125	0.5	0.59375
	beauti	BEAUTY	0.0	0.25	0.0	0.375	0.5	0.0
	compsci	CompSci	0.71875	0.09375	0.3125	0.09375	0.0625	0.96875
	anim care	animal care	0.71875	0.8125	0.4375	0.84375	0.59375	0.5
	epidemiolog	epidemiology	0.0	0.46875	0.6875	0.6875	0.0	0.0625
	accout procur	accouting and procurement	0.8125	0.625	0.71875	0.875	0.8125	0.875
	kinesiolog	kinesiology	0.0625	0.5625	0.09375	0.71875	0.03125	0.03125
	undecid	undecided	0.3125	0.90625	0.65625	0.5625	0.6875	0.5625
	tefl	TEFL	0.5625	0.78125	0.5625	0.65625	0.3125	0.03125
	physiotherapi	physiotherapy	0.09375	0.46875	0.28125	0.53125	0.3125	0.3125
	exploratori	Exploratory 	0.34375	0.625	0.28125	0.8125	0.21875	0.1875
	inform technolog	Information Technology	0.59375	0.3125	0.0	0.1875	0.1875	0.75
	occup therapi	occupational therapy	0.15625	0.6875	0.6875	0.9375	0.5625	0.125
	creativ write	Creative Writing	0.0	0.03125	0.625	0.34375	0.09375	0.0
	industri design	Industrial Design	0.65625	0.53125	0.4375	0.1875	0.4375	0.1875
	direito	direito	0.28125	0.0	0.71875	0.84375	0.3125	0.0
	medic	Medical	0.71875	0.5625	0.65625	0.90625	0.65625	0.71875
	sculptur	Sculpture	0.0	0.375	0.53125	0.375	0.34375	0.09375
	teach	teaching	0.03125	0.46875	0.875	0.4375	0.34375	0.375
	mnagement	mnagement	0.28125	0.25	0.21875	0.5	0.71875	0.71875
	teach	teaching	0.375	0.65625	0.375	0.53125	0.25	0.25
	inform technolog	information technology	0.15625	0.71875	0.375	0.40625	0.21875	0.34375
	accoumtimg	accoumtimg	0.40625	0.59375	0.5	0.71875	0.3125	0.15625
	medic	Medical	0.875	1.0	1.0	1.0	0.5625	0.625
	filmmak	Filmmaking	0.1875	0.5	0.625	0.53125	0.34375	0.0625
	buis	Buisness 	0.5625	0.6875	0.625	0.625	0.59375	0.5625
	medic record	Medical Records	0.15625	0.59375	0.46875	0.5625	0.375	0.71875
	inform technolog	It	0.46875	0.28125	0.03125	0.4375	0.3125	0.46875
	inform technolog	It	0.78125	0.96875	0.59375	0.8125	0.71875	0.53125
	multimedia	Multimedia	0.84375	0.78125	0.875	1.0	0.71875	0.78125
	comerc	Comerce	0.78125	0.625	0.5625	0.59375	0.71875	0.6875
	comput	COMPUTING	0.75	0.5	0.5	0.71875	0.5	0.8125
	inform technolog	IT	0.34375	0.4375	0.46875	0.6875	0.375	0.46875
	weld	welding	0.8125	0.0	0.0	0.125	0.0	0.0625
	na	N.A.	0.0	0.21875	0.375	0.4375	0.125	0.6875
	ninguna aún	Ninguna aún	0.28125	0.5	0.53125	0.65625	0.40625	0.3125
	ninguna	Ninguna 	0.40625	0.875	0.90625	0.6875	0.40625	0.21875
	bite	bite	0.0	0.0	0.0	0.0	0.0	0.0
	militar	militar	0.5	0.75	0.25	0.625	0.21875	0.375
	theatr	Theatre	0.21875	0.6875	0.875	0.65625	0.625	0.53125
	juri doctor	Juris Doctor	0.0	0.09375	0.0	0.21875	0.09375	0.0
	child develop	Child Development	0.15625	0.0	0.0	0.59375	0.53125	0.59375
	pharmaci	Pharmacy	0.3125	0.84375	0.53125	0.25	0.15625	0.28125
	florida institut technolog	Florida Institute of Technology	0.0	0.3125	0.125	0.40625	0.5	0.1875
	kinesiolog	Kinesiology	0.6875	1.0	1.0	0.84375	0.34375	0.21875
	dietet	dietetics	0.34375	0.78125	0.25	0.53125	0.28125	0.0625
	medic	MEDICAL	0.15625	0.5	0.1875	0.375	0.40625	0.71875
	unsur	unsure	0.09375	0.375	0.40625	0.5625	0.34375	0.21875
	insur	Insurance	0.1875	0.375	0.53125	0.71875	0.59375	0.40625
	ict	ICT	0.625	0.6875	0.6875	0.59375	0.5	0.59375
	hospitali	Hospitaliity	0.375	0.875	0.84375	0.5625	0.1875	0.625
	librarian	Librarian	0.53125	0.65625	0.625	0.8125	0.59375	0.59375
	ciencia política derecho	Ciencias políticas o derecho	0.3125	0.4375	0.71875	0.875	0.25	0.40625
	rotc	ROTC	0.46875	0.78125	0.625	0.65625	0.6875	0.5
	esthet	Esthetics	0.0	0.0625	0.5625	0.90625	0.53125	0.25
	child develop	Child development 	0.0	0.0625	0.0	0.59375	0.25	0.1875
	sw	sw	0.625	0.6875	0.3125	0.96875	0.4375	0.75
	rehab servic	Rehab services	0.125	0.78125	0.8125	0.96875	0.65625	0.59375
	servant leadership	Servant Leadership	0.28125	0.46875	0.96875	0.65625	0.375	0.25
	medic assist	Medical assistant	0.375	0.8125	0.78125	0.96875	0.59375	0.53125
	drama	Drama	0.1875	0.5625	0.6875	0.4375	0.71875	0.59375
	buis	Buisness 	0.65625	0.65625	0.65625	0.6875	0.59375	0.6875
	horticultur	Horticulture	0.21875	0.75	0.65625	0.25	0.21875	0.0
	network	Networking	0.34375	0.4375	0.5	0.65625	0.53125	0.65625
	rehabilit servic	Rehabilitation services	0.4375	0.46875	0.46875	0.5625	0.40625	0.28125
	child develop	child development	0.15625	0.0625	0.0625	0.4375	0.53125	0.6875
	medic laboratori technolog	medical laboratory technology	0.0	0.625	0.6875	0.84375	0.25	0.0
	translat	translation	0.5	0.71875	0.78125	0.28125	0.5	0.375
	inform technolog network	IT Networking	0.6875	0.8125	0.71875	0.8125	0.40625	0.59375
	design	Design	0.25	0.125	0.53125	0.5	0.3125	0.0625
	med	Pre med	0.0625	0.1875	0.125	0.21875	0.0	0.40625
	translat	Translation	0.4375	0.09375	0.6875	0.9375	0.25	0.46875
	pharmaci	Pharmacy 	0.5	0.6875	0.84375	0.625	0.40625	0.1875
	immunolog	Immunology	0.21875	0.71875	0.1875	0.46875	0.21875	0.46875
	mexican american	Mexican American Studies	0.0	0.15625	0.71875	0.65625	0.21875	0.0
	politolog	politology	0.59375	0.34375	0.46875	0.53125	0.5	0.59375
	design	Design	0.0	0.1875	0.375	0.0625	0.0	0.0
	na	na	0.375	0.46875	0.125	0.90625	0.5625	0.5
	film product	film production	0.0625	0.625	0.59375	0.8125	0.15625	0.0625
	aba therpi	ABA Therpy	0.03125	0.625	0.125	0.875	0.15625	0.59375
	merritt colleg	merritt college 	0.0625	0.375	0.0625	0.78125	0.625	0.625
	aviat	Aviation	0.59375	0.46875	0.0	0.40625	0.15625	0.0
	counterintellig	counterintelligence	0.0	0.28125	0.25	0.28125	0.3125	0.03125
	polit	Politic 	0.0	0.0625	0.3125	0.0625	0.0	0.0
	food technolog	Food tech	0.15625	0.53125	0.46875	0.6875	0.6875	0.40625
	quantiti survey	quantity surveying	0.46875	0.5625	0.21875	0.75	0.3125	0.59375
	kinesiolog	kinesiology	0.34375	0.84375	0.5	0.75	0.46875	0.53125
	program	Programming	0.84375	0.65625	0.40625	0.1875	0.125	0.9375
	attend	not yet attended	0.65625	0.75	0.25	0.65625	0.5	0.59375
	polysomnographi	Polysomnography	0.46875	0.75	0.3125	0.5625	0.3125	0.375
	rehabilit	Rehabilitation 	0.1875	0.84375	0.59375	0.78125	0.1875	0.5
	dietet	Dietetics	0.0625	0.25	0.21875	0.375	0.375	0.09375
	film	Film	0.1875	0.8125	0.875	0.59375	0.5625	0.0
	antropolog ancient indian cultur	Antropology and Ancient Indian Culture	0.25	0.65625	0.21875	0.28125	0.03125	0.0
	buis	buisness	0.59375	0.6875	0.65625	0.40625	0.5	0.75
	interior design	Interior design	0.0	0.03125	0.34375	0.375	0.25	0.0
	maritim	maritime	0.5	0.59375	0.5	0.53125	0.3125	0.09375
	logist	logistics	0.75	0.8125	0.625	1.0	0.5625	1.0
	interact design	Interactive Design	0.0	0.375	0.1875	0.15625	0.0625	0.4375
	theatr	Theatre	0.09375	0.46875	1.0	0.90625	0.125	0.0
	profession servic	Professional services	0.0625	0.1875	0.625	0.75	0.5	0.40625
	busniess	busniess	0.46875	0.5	0.71875	0.65625	0.625	0.53125
	inform technolog	IT	0.375	0.28125	0.09375	0.28125	0.46875	0.65625
	mechan	mech	0.65625	0.5625	0.625	0.78125	0.46875	0.625
	tourism	Tourism	0.4375	0.5	0.75	0.8125	0.5	0.65625
	game design	Game Design 	0.28125	0.25	0.40625	0.375	0.25	0.25
	media	media	0.03125	0.375	0.3125	0.78125	0.59375	0.125
	social servic	Social Services	0.09375	0.03125	0.15625	0.28125	0.5625	0.375
	medic assist	Medical Assistant 	0.5	0.625	0.28125	0.40625	0.4375	0.40625
	librari inform technolog	Library and Information Technology	0.03125	0.625	0.53125	0.4375	0.21875	0.125
	entertain industri	Entertainment Industry Studies	0.1875	0.3125	0.71875	0.5625	0.3125	0.0625
	electrician	Electrician	0.03125	0.03125	0.09375	0.34375	0.3125	0.375
	chef	Chef 	0.0	0.25	0.0	0.28125	0.0	0.0
	comput	computing	0.5625	0.09375	0.0	0.625	0.0625	0.65625
	undecid	Undecided	0.40625	0.875	0.8125	0.75	0.15625	0.21875
	admistraçao	admistraçao	0.21875	0.40625	0.625	0.21875	0.1875	0.21875
	civik	Civik	0.40625	0.4375	0.3125	0.53125	0.28125	0.28125
	paint	Painting	0.03125	0.15625	0.46875	0.3125	0.0	0.0
	child develop	Child Development	0.0	0.0625	0.59375	0.4375	0.0	0.0
	inform technolog	IT	0.1875	0.25	0.25	0.34375	0.15625	0.1875
	theatr	Theatre	0.1875	0.78125	0.96875	0.34375	0.40625	0.0
	landscap	landscape	0.0	0.875	0.09375	0.3125	0.09375	0.28125
	paramed	Paramedic	0.65625	0.875	0.75	0.78125	0.34375	0.25
	actor train	Actor Training	0.5	0.65625	1.0	0.8125	0.25	0.15625
	landscap contract	Landscape Contracting	0.65625	0.84375	0.59375	0.40625	0.53125	0.375
	nil	nil	0.09375	0.46875	0.09375	0.78125	0.125	0.1875
	film	film	0.5625	0.375	0.59375	0.125	0.09375	0.03125
	urban plan	Urban planning	0.46875	0.28125	0.46875	0.40625	0.4375	0.71875
	radiographi	radiography	0.0625	0.78125	0.8125	0.78125	0.4375	0.21875
	mission	Missions	0.1875	0.65625	0.4375	0.8125	0.4375	0.3125
	nil	Nil	0.40625	0.375	0.3125	0.5625	0.4375	0.65625
	interior design	Interior design	0.0	0.0	0.46875	0.21875	0.25	0.0
	media design	Media design 	0.78125	0.78125	0.53125	0.3125	0.21875	0.375
	biomed svienc	Biomedical svience	0.3125	0.84375	0.6875	0.75	0.59375	0.46875
	psicologia	Psicologia 	0.21875	0.625	0.8125	0.59375	0.4375	0.34375
	child develop	Child development 	0.46875	0.40625	0.40625	0.46875	0.46875	0.53125
	inform technolog	IT	0.09375	0.375	0.46875	0.75	0.4375	0.59375
	polish	Polish	0.0625	0.03125	0.4375	0.0	0.0	0.0
	digit media	Digital media	0.40625	0.5625	0.375	0.25	0.28125	0.1875
	hvac	Hvac	0.59375	0.53125	0.5625	0.5625	0.3125	0.34375
	teach	Teaching	0.375	0.5	0.5625	0.59375	0.46875	0.34375
	nuse	Nusing	0.4375	0.5625	0.4375	0.9375	0.65625	0.65625
	children	Children	0.3125	0.9375	0.8125	0.6875	0.25	0.0625
	american	American Studies	0.0	0.25	0.59375	0.75	0.75	0.28125
	polit	Politics	0.625	0.53125	0.65625	0.75	0.4375	0.4375
	pharmaci	Pharmacy 	0.375	0.59375	0.75	0.40625	0.46875	0.5
	nil	NIL	1.0	0.1875	0.125	0.75	0.15625	1.0
	justic	Justice Studies	0.34375	0.625	0.625	0.84375	0.5	0.40625
	graphic	Graphics 	0.6875	0.59375	0.65625	0.40625	0.15625	0.5625
	comput	Computer	0.84375	1.0	0.28125	0.71875	0.46875	1.0
	tourism	TOURISM	0.75	0.71875	0.90625	0.96875	0.875	0.84375
	anim	3D animation	0.4375	0.84375	0.53125	0.625	0.5625	0.34375
	nutrit	Nutrition	0.28125	0.8125	0.65625	0.78125	0.34375	0.375
	kinesiolog	kinesiology	0.71875	0.53125	0.4375	0.59375	0.5625	0.21875
	nutrit	Nutrition	0.0625	0.71875	0.5625	0.875	0.125	0.46875
	bank	Banking	0.0625	0.0	0.0625	0.125	0.25	0.75
	medic	medical	0.03125	0.09375	0.09375	0.65625	0.4375	0.0625
	na	Na	0.0	0.59375	0.65625	0.15625	0.4375	0.0
	culinari	culinary	0.5	0.4375	0.40625	0.5625	0.4375	0.5
	organiz	Organizational	0.1875	0.8125	0.46875	0.59375	0.46875	0.34375
	paint	Painting 	0.625	0.6875	0.625	0.75	0.3125	0.5
	asl interpret	ASL Interpreting	0.0	0.15625	0.90625	0.6875	0.1875	0.0625
	med	pre med	0.09375	0.40625	0.375	0.46875	0.3125	0.15625
	sport med	sports med	0.21875	0.53125	0.25	0.4375	0.25	0.25
	entp lol	Entp dont know lol. 	0.3125	0.78125	0.5	0.4375	0.28125	0.03125
	bibl	Bible	0.0625	0.28125	0.25	0.40625	0.25	0.0
	marriag famili therapi	Marriage and Family Therapy	0.25	0.5625	0.59375	0.84375	0.25	0.03125
	film	Film	0.59375	0.1875	0.625	0.40625	0.53125	0.375
	comm	Comm	0.59375	0.5625	0.5625	0.28125	0.4375	0.3125
	cybersecur	Cybersecurity 	0.4375	0.71875	0.4375	0.59375	0.28125	0.46875
	medic	medical	0.0625	0.28125	0.5	0.625	0.1875	0.0625
	polit	Politics	0.28125	0.21875	0.5625	0.6875	0.625	0.40625
	organiz develop	Organizational Development	0.28125	0.65625	0.09375	0.625	0.15625	0.03125
	famili	family studies	0.0	0.09375	0.53125	0.625	0.21875	0.25
	danc	Dance 	0.0	0.03125	0.21875	0.34375	0.15625	0.0625
	rad technolog	RAD tech	0.1875	0.875	0.34375	0.8125	0.8125	0.625
	liber	Liberal Studies	0.0	0.625	0.0625	0.65625	0.0625	0.15625
	child develop	Child Development	0.03125	0.375	0.53125	0.84375	0.75	0.21875
	comput	computer	0.1875	0.5	0.75	0.59375	0.5625	0.21875
	kinesiolog	kinesiology 	0.125	0.75	0.15625	0.78125	0.34375	0.40625
	hospit	Hospitality	0.28125	0.90625	0.65625	0.84375	0.5	0.25
	career councler	Career Councler	0.3125	0.125	0.375	0.21875	0.5	0.03125
	bsn	BSN	0.21875	0.78125	0.25	0.84375	0.21875	0.40625
	danc	Dance 	0.0	0.09375	0.1875	0.21875	0.21875	0.03125
	dentistri	Dentistry	0.21875	0.65625	0.40625	0.65625	0.5625	0.40625
	bsn	BSN	0.9375	1.0	0.78125	1.0	0.8125	0.9375
	markey	markeying	0.5625	0.46875	0.65625	0.40625	0.28125	0.6875
	teach	Teaching	0.15625	0.53125	0.1875	0.59375	0.40625	0.375
	hospit	Hospitality	0.1875	0.28125	0.40625	0.5	0.40625	0.3125
	pharmaci	Pharmacy	0.53125	0.96875	0.78125	0.375	0.28125	0.34375
	stem	STEM	0.03125	0.75	0.375	0.5	0.0	0.0
	inform technolog	information technology	0.5625	0.5	0.53125	0.46875	0.40625	0.53125
	medic technologist	Medical Technologist	0.375	0.59375	0.5625	0.71875	0.46875	0.65625
	bussin	Bussines	0.71875	0.53125	0.5	0.875	0.875	0.71875
	design	Design	0.125	0.28125	0.59375	0.78125	0.4375	0.03125
	medic technolog	Medical Technology	0.1875	0.8125	0.8125	0.71875	0.375	0.34375
	culinari	culinary	0.03125	0.1875	0.5	0.53125	0.53125	0.25
	medic technolog	Medical Technology	0.09375	0.28125	0.40625	0.75	0.09375	0.25
	occup therapi	Occupational Therapy	0.28125	0.84375	0.78125	0.90625	0.59375	0.625
	aviat	Aviation	0.09375	0.15625	0.1875	0.28125	0.1875	0.15625
	liber	Liberal Studies	0.0625	0.125	0.0	0.75	0.59375	0.875
	liber	liberal studies	0.1875	0.59375	0.3125	0.8125	0.5	0.15625
	stem	STEM	0.15625	0.5	0.75	0.8125	0.59375	0.5
	film media	Film & Media	0.5	0.625	0.875	0.875	0.5625	0.53125
	aviat	Aviation	0.15625	0.34375	0.0	0.5	0.25	0.1875
	psicologia	psicologia	0.0625	0.5625	0.125	0.75	0.0625	0.0625
	physiatrist	physiatrist	0.75	0.6875	0.65625	0.6875	0.71875	0.71875
	liber	Liberal Studies	0.0625	0.40625	0.4375	0.09375	0.0	0.0625
	bussin	bussines	0.03125	0.53125	0.71875	0.65625	0.4375	0.21875
	urban plan design	Urban planning and Design	0.375	0.375	0.75	0.53125	0.40625	0.3125
	sport medcin	Sports Medcine	0.15625	0.40625	0.75	0.625	0.375	0.28125
	radio televis film	Radio, Television, & Film	0.0625	0.0625	0.5	0.28125	0.09375	0.125
	integr	Integrative Studies	0.0	1.0	1.0	0.9375	0.0625	0.0625
	direito	Direito	0.1875	0.0625	0.5625	0.4375	0.65625	0.15625
	sport	sports	0.4375	0.03125	0.4375	0.40625	0.125	0.125
	code	Coding	0.125	0.96875	0.03125	0.875	0.0625	0.1875
	kinesiolog	Kinesiology 	0.09375	0.6875	0.09375	0.5625	0.15625	0.3125
	dentistri	Dentistry	0.53125	0.78125	0.71875	0.5625	0.375	0.5625
	fashiom merchandis	fashiom merchandising	0.25	0.46875	0.4375	0.375	0.40625	0.3125
	fashion design merchandis	Fashion design & merchandise	0.0	0.34375	0.4375	0.4375	0.4375	0.0
	drept	Drept	0.15625	0.375	0.25	0.6875	0.625	0.78125
	travel tourism	travel & tourism	0.375	0.3125	0.21875	0.71875	0.375	0.46875
	classic	classics	0.3125	0.6875	0.5	0.75	0.4375	0.625
	medic	Medical	0.78125	0.875	0.6875	0.9375	0.5625	0.90625
	media	Media	0.0625	0.15625	0.6875	0.71875	0.375	0.09375
	inform technolog	IT	0.5	0.5625	0.5625	0.90625	0.6875	0.71875
	interior design	Interior Design	0.0	0.0	0.15625	0.4375	0.125	0.0
	massag therapi	Massage therapy 	0.0	0.375	0.0	0.40625	0.0625	0.0
	career guidanc	careers guidance	0.0	0.28125	0.15625	0.6875	0.53125	0.59375
	urban plan	Urban Planning	0.1875	0.9375	0.46875	0.5	0.3125	0.71875
	aeronaut	aeronautics	1.0	0.9375	0.65625	0.625	0.625	0.46875
	senior high school	Senior High School	0.4375	0.25	0.53125	0.625	0.625	0.65625
	machin weld	Machining & Welding	0.78125	0.84375	0.65625	0.625	0.53125	0.59375
	mechan	mechanics	0.71875	0.625	0.4375	0.4375	0.3125	0.0
	immunolog	IMMUNOLOGY	0.25	0.6875	0.3125	0.5625	0.6875	0.5
	fashion	fashion	0.0625	0.03125	0.65625	0.78125	0.84375	0.71875
	medic	medical	0.46875	0.59375	0.59375	0.5	0.46875	0.46875
	medic technolog	Medical Technology	0.0625	0.90625	0.25	0.8125	0.21875	0.28125
	medic technolog	Medical Technology 	0.25	0.71875	0.65625	0.5625	0.28125	0.1875
	inform technolog	IT	0.59375	0.6875	0.78125	0.59375	0.5	0.5
	dentistri	Dentistry	0.25	0.875	0.5	0.8125	0.5625	0.3125
	cultur	Cultural Studies	0.0	0.125	0.8125	0.5625	0.28125	0.09375
	medic assisit	Medical Assisiting 	0.0625	0.75	0.28125	0.78125	0.21875	0.375
	polit	Politics	0.0625	0.59375	0.3125	0.5	0.5625	0.4375
	dentistri	Dentistry	0.40625	0.5	0.78125	0.71875	0.40625	0.3125
	paraleg	Paralegal	0.3125	0.6875	0.40625	0.8125	0.40625	0.96875
	stem	STEM	0.21875	0.75	0.875	0.53125	0.6875	0.6875
	medic assist	MEDICAL ASSISTANT	0.1875	0.6875	0.25	1.0	0.5	0.71875
	psicologia	psicologia	0.34375	0.40625	0.40625	0.875	0.625	0.6875
	med	Pre-med	0.5	0.53125	0.46875	0.5625	0.625	0.375
	undecid	Undecided	0.28125	0.75	0.40625	0.90625	0.4375	0.625
	undecid	Undecided	0.09375	0.8125	0.40625	0.9375	0.34375	0.625
	paraleg	Paralegal	0.8125	0.71875	0.8125	0.71875	0.03125	0.625
	inform technolog	IT	0.5	0.4375	0.71875	0.8125	0.5625	0.8125
	paraleg	paralegal	0.75	0.8125	0.71875	0.65625	0.4375	0.625
	plan	Planning	0.0	0.0	0.03125	0.0	0.0	0.0625
	medic	Medical	0.53125	0.53125	0.40625	0.34375	0.53125	0.53125
	teacher	Teacher 	0.5	0.03125	0.5625	0.8125	0.8125	0.5625
	inform secur	Information Security	0.40625	0.59375	0.53125	0.59375	0.3125	0.78125
	stem	STEM	0.125	0.59375	0.65625	0.65625	0.125	0.0
	não	não	0.0	0.125	0.125	0.09375	0.0625	0.09375
	inform technolog	Information tech	0.5625	0.53125	0.5625	0.6875	0.6875	0.5625
	senior high school	Senior High School	0.0625	0.6875	0.3125	0.6875	0.4375	0.125
	paraleg	paralegal	0.875	0.78125	0.90625	0.5625	0.0	0.5625
	rehabilit servic	Rehabilitative Services	0.0625	0.28125	0.25	0.25	0.125	0.0
	inform technolog	Information technology	0.6875	0.78125	0.5625	0.28125	0.15625	0.53125
	nutrit dietet	Nutrition and Dietetics	0.0	0.5	0.375	0.625	0.3125	0.0625
	medic transcript	Medical Transcription	0.25	0.8125	0.0625	0.375	0.25	1.0
	medic offic assist	Medical Office Assistant	0.125	0.8125	0.25	0.40625	0.375	0.5625
	film	film	0.25	0.71875	0.625	0.53125	0.125	0.21875
	secur technolog	Security Technology	0.8125	0.5	0.5625	0.75	0.75	1.0
	cinema	Cinema	0.125	0.4375	0.875	0.6875	0.46875	0.21875
	pharmaci	Pharmacy	0.15625	0.71875	0.28125	0.71875	0.25	0.3125
	prm	PRM	0.6875	0.5	0.46875	0.71875	0.6875	0.71875
	paraleg	Paralegal studies	0.0	0.75	0.59375	0.59375	0.1875	0.09375
	senior high school	senior high school	0.40625	0.71875	0.59375	0.4375	0.53125	0.3125
	softwar engen	Software Engeneering	0.34375	0.59375	0.40625	0.75	0.3125	0.34375
	medic bill code	Medical Billing/Coding	0.6875	0.5625	0.25	0.75	0.25	0.6875
	child devolp	Child Devolpement	0.53125	1.0	1.0	0.96875	0.75	0.34375
	code bill	coding and billing	0.4375	0.78125	0.0	0.625	0.125	0.78125
	mechan	mechanics	0.8125	0.59375	0.625	0.375	0.3125	0.34375
	teach	TEACHING	0.125	0.75	0.25	1.0	0.625	0.875
	paraleg	Paralegal	0.15625	0.71875	0.71875	0.8125	0.34375	0.40625
	kinesiolog	Kinesiology	0.6875	0.25	0.28125	1.0	0.28125	0.09375
	pharmaci	Pharmacy	0.25	0.65625	0.03125	0.625	0.4375	0.15625
	medic technolog	Medical Technology	0.15625	0.6875	0.625	0.65625	0.21875	0.09375
	massag therapi	Massage Therapy	0.125	0.4375	0.3125	0.09375	0.375	0.3125
	pharmaci	pharmacy	0.46875	0.3125	0.03125	0.90625	0.5625	0.75
	justic studi	Justice Study	0.125	0.46875	0.59375	0.84375	0.375	0.25
	urban ministri	Urban Ministry	0.0	0.53125	0.625	0.71875	0.28125	0.34375
	undecid	Undecided	0.25	0.5	0.21875	0.65625	0.75	0.875
	famili	Family Studies	0.34375	0.625	0.375	0.78125	0.46875	0.3125
	nil	nil	0.4375	0.71875	0.46875	0.65625	0.53125	0.59375
	medic technolog	medical technology	0.46875	0.625	0.5625	0.75	0.71875	0.46875
	senior high school	Senior High School	0.3125	0.96875	0.78125	0.75	0.5625	0.46875
	archmag	Archmage	0.3125	0.34375	0.4375	0.21875	0.46875	0.21875
	tourism hospit	tourism and hospitality	0.5	0.40625	0.75	0.75	0.6875	0.46875
	infornm technolog	infornmation technology	0.75	0.4375	0.25	0.5	0.75	0.75
	medic	medical 	0.0	0.40625	0.4375	0.46875	0.25	0.1875
	global affair	Global Affairs	0.09375	0.34375	0.59375	0.25	0.65625	0.125
	communiti servic	Community Services	0.25	0.46875	0.5625	0.78125	0.375	0.34375
	undeclar	undeclared	0.65625	0.78125	0.21875	0.1875	0.34375	0.34375
	radiolog	radiology	0.1875	0.5	0.8125	0.875	0.4375	0.5
	ict	ICT	0.46875	0.28125	0.59375	0.5625	0.6875	0.71875
	citi plan	Master of City Planning	0.3125	0.9375	0.84375	0.6875	0.6875	0.8125
	electron	electronics	0.28125	0.53125	0.4375	0.5	0.21875	0.15625
	media	Media	0.3125	0.625	0.9375	0.90625	0.4375	0.15625
	entrepreneurship	Entrepreneurship	0.125	0.78125	0.875	0.5625	0.625	0.03125
	medic technolog	Medical Technology	0.125	0.53125	0.3125	0.1875	0.0625	0.21875
	languag	languages	0.125	0.6875	0.4375	0.15625	0.1875	0.0
	medtech	Medtech	0.40625	0.71875	0.6875	0.875	0.59375	0.25
	car	car	0.875	0.5	0.375	0.1875	0.46875	0.78125
	aviat	Aviation	0.46875	0.375	0.1875	0.4375	0.46875	0.5
	cyber secur	Cyber security	0.4375	0.34375	0.40625	0.59375	0.40625	0.46875
	culinari	Culinary	0.75	0.75	1.0	0.75	1.0	1.0
	anim	Animation	0.5	0.5	0.5	0.5	0.5	0.5
	medic laboratori biotechnolog	Medical Laboratory Biotechnology	0.46875	0.9375	0.6875	0.25	0.09375	0.0
	logistica	Logistica	0.125	0.0625	0.28125	0.71875	0.46875	0.65625
	interior design	interior design	0.0625	0.59375	0.78125	0.59375	0.46875	0.15625
	inform technolog technolog	IT Tech	0.8125	0.65625	0.25	0.59375	0.6875	0.59375
	behaviour	BEHAVIOURAL STUDIES	0.0	0.53125	0.6875	0.875	0.625	0.03125
	teach	Teaching	0.34375	0.09375	0.9375	0.6875	0.25	0.1875
	ict	ICT	0.40625	0.625	0.40625	0.3125	0.15625	0.25
	inform technolog	information technology	0.28125	0.3125	0.5625	0.625	0.625	0.625
	elementari teach	Elementary Teaching	0.1875	0.5625	0.8125	0.8125	0.25	0.09375
	abm	ABM	0.40625	0.46875	0.59375	0.90625	0.84375	0.71875
	doctor	doctor	0.65625	0.59375	0.75	0.71875	0.75	0.625
	inform technolog	it	0.3125	0.34375	0.28125	0.3125	0.21875	0.28125
	na	Na	0.21875	0.84375	0.78125	0.875	0.5	0.375
	medic technolog	Medical Technology	0.125	0.9375	0.96875	0.625	0.34375	0.0
	earli childhood learn	Early Childhood Learning	0.125	0.5	0.5625	0.71875	0.4375	0.28125
	organiz behaviour	Organizational Behaviour	0.125	0.28125	0.84375	0.78125	0.34375	0.0
	inform technolog	Information Technology	0.625	0.90625	0.25	0.34375	0.46875	0.125
	undecid	undecided	0.375	0.46875	0.03125	0.90625	0.03125	0.0625
	bookkeep	Bookkeeping	0.03125	0.125	0.53125	0.65625	0.625	0.75
	digit media	digital media	0.3125	0.21875	0.5	0.59375	0.1875	0.15625
	inform technolog	information technology	0.40625	0.53125	0.3125	0.59375	0.40625	0.4375
	hospialilti	Hospialilty	0.1875	0.4375	0.6875	0.46875	0.625	0.28125
	inform technolog	information technology	0.34375	0.125	0.0625	0.375	0.625	0.65625
	aviat mainten	Aviation Maintenance	0.53125	0.53125	0.0625	0.4375	0.34375	0.375
	act entertain	Acting and Entertainment	0.34375	0.46875	0.75	0.53125	0.65625	0.3125
	film tv	Film / TV	0.0	0.625	0.78125	0.34375	0.03125	0.03125
	creativ write	Creative Writing 	0.25	0.375	0.8125	0.5	0.40625	0.125
	kiswahili	kiswahili	0.25	0.25	0.375	0.8125	0.5	0.5625
	design	Design	0.15625	0.46875	0.84375	0.75	0.59375	0.46875
	toxicolog	Toxicology	0.65625	0.75	0.46875	0.25	0.28125	0.5
	food nutrit	Foods and Nutrition	0.0	0.09375	0.375	0.34375	0.09375	0.1875
	theater	theater	0.46875	0.9375	0.5625	0.375	0.21875	0.21875
	cyber secur	Cyber Security	0.59375	0.625	0.46875	0.875	0.625	0.6875
	fashion design	fashion design	0.5625	0.65625	0.375	0.71875	0.25	0.90625
	fashion design	Fashion Design	0.15625	0.5625	0.75	0.90625	0.6875	0.28125
	med	Pre-med	0.0	1.0	0.9375	0.46875	0.0	0.0625
	occup therapi	Occupational therapy	0.09375	0.53125	0.03125	0.75	0.40625	0.40625
	etholog marin mammal	Ethology -marine mammals	0.34375	0.875	0.8125	0.53125	0.375	0.125
	med	Pre-med	0.1875	0.96875	0.78125	0.71875	0.28125	0.3125
	women ’	Women’s studies 	0.34375	0.5	0.78125	0.3125	0.6875	0.59375
	write	Writing	0.125	0.0625	0.625	0.34375	0.125	0.0
	dentistri	dentistry	0.125	0.1875	0.0625	0.21875	0.09375	0.21875
	liber	liberal studies	0.3125	0.59375	0.4375	0.5625	0.28125	0.28125
	undecid	Undecided 	0.125	0.5625	0.53125	0.90625	0.4375	0.25
	undecid	Undecided	0.125	0.90625	0.5	0.5	0.28125	0.15625
	inform technolog	Information technology	0.28125	0.5625	0.21875	0.46875	0.6875	0.875
	dentistri	Dentistry	0.4375	0.875	0.28125	0.5	0.75	0.8125
	doctor	Doctor	0.1875	0.34375	0.0625	0.5625	0.09375	0.09375
	earli childhood pedagog	Early Childhood Pedagogics 	0.0	0.1875	0.21875	0.78125	0.1875	0.25
	buis	Buisness	0.28125	0.09375	0.1875	0.28125	0.6875	0.09375
	global polici	Global Policy	0.03125	0.4375	0.8125	0.59375	0.65625	0.3125
	comput	Computers	0.28125	0.28125	0.0625	0.40625	0.28125	0.15625
	fashion	fashion	0.40625	0.46875	0.78125	0.34375	0.59375	0.3125
	logist	logistics	0.15625	0.75	0.53125	0.53125	0.5625	0.21875
	leadership	Leadership	0.1875	0.40625	0.0	0.375	0.0625	0.25
	actor train	Actor Training	0.40625	0.5	0.875	0.78125	0.125	0.0625
	inform technolog	Information Technology	0.46875	0.4375	0.59375	0.65625	0.46875	0.5
	peac conflict	Peace and conflict studies	0.21875	0.5	0.59375	0.59375	0.125	0.1875
	fasion	Fasion	0.1875	0.59375	0.75	0.59375	0.46875	0.125
	pharmaci	pharmacy	0.25	0.78125	0.28125	0.84375	0.28125	0.375
	cinema	cinema	0.1875	0.4375	0.65625	0.625	0.28125	0.03125
	studi fashion	Studied Fashion	0.1875	0.9375	0.78125	0.84375	0.28125	0.25
	film product	film production	0.03125	0.28125	0.59375	0.21875	0.0	0.0
	massag	Massage	0.21875	0.4375	0.125	0.59375	0.4375	0.5625
	fashion design	Fashion Design 	0.53125	0.40625	0.96875	0.78125	0.875	0.9375
	act	acting	0.125	0.0	0.53125	0.21875	0.28125	0.0
	pedagogi	Pedagogy	0.03125	0.46875	0.28125	0.46875	0.09375	0.0
	secur technolog	Security Technology	0.28125	0.625	0.34375	0.21875	0.1875	0.5625
	inform technolog	Informative Technology	0.125	0.40625	0.6875	0.4375	0.21875	0.1875
	inform technolog	Info tech	0.34375	0.34375	0.25	0.46875	0.34375	0.53125
	inform technolog	Information Technology	0.0625	0.125	0.0625	0.40625	0.0625	0.875
	medic assist	medical assistant	0.59375	0.625	0.59375	0.78125	0.53125	0.46875
	caf	CAFS	0.0625	0.09375	0.1875	0.1875	0.03125	0.03125
	cultur media	Culture & Media	0.8125	0.8125	0.875	0.53125	0.09375	0.53125
	design	designer	0.125	0.34375	0.4375	0.15625	0.28125	0.0
	forens	Forensics	0.625	0.78125	0.875	0.46875	0.4375	0.46875
	spazzzz	spazzzz	0.5	0.5	0.5	0.5	0.5	0.5
	stem	STEM	0.03125	0.375	0.0	0.0	0.0	0.21875
	media	Media	0.28125	0.46875	0.78125	0.59375	0.40625	0.1875
	undecid	Undecided 	0.0625	0.0	0.71875	0.375	0.28125	0.1875
	medic asstiant	medical asstiant	0.375	0.84375	0.5	0.9375	0.84375	0.71875
	comput	Computers	0.9375	0.96875	0.6875	0.1875	0.15625	0.5
	cybersecur	Cybersecurity	0.28125	0.28125	0.375	0.8125	0.375	0.40625
	comput	computer	0.65625	0.6875	0.1875	0.625	0.65625	0.625
	film televis	Film and Television 	0.34375	0.59375	0.6875	0.96875	0.09375	0.40625
	respiratori therapi	Respiratory Therapy	0.46875	0.71875	0.5625	0.5625	0.40625	0.46875
	diet	diet	0.3125	0.59375	0.34375	0.46875	0.34375	0.6875
	inform technolog	Information Technology	0.53125	0.84375	0.3125	0.375	0.09375	0.75
	design	design	0.28125	0.09375	0.65625	0.8125	0.59375	0.625
	medic assist	Medical Assisting 	0.125	0.375	0.125	0.75	0.46875	0.46875
	leadership	Leadership	0.09375	0.4375	0.40625	0.6875	0.3125	0.375
	tourism	Tourism	0.1875	0.4375	0.59375	0.71875	0.28125	0.625
	dentistri	Dentistri	0.375	0.8125	0.4375	0.25	0.375	0.0625
	undecid	undecided	0.3125	0.75	0.375	0.53125	0.71875	0.78125
	investig forens	Investigative Forensics	0.34375	0.78125	0.5	0.84375	0.6875	0.59375
	urban region	Urban and regional studies	0.28125	0.46875	0.71875	0.53125	0.21875	0.34375
	inform technolog	Information Technology	0.25	0.34375	0.46875	0.4375	0.25	0.4375
	medic technolog	Medical Technology	0.375	0.6875	0.375	0.40625	0.3125	0.3125
	film	Film	0.1875	0.3125	0.59375	0.6875	0.3125	0.0
	kinesiolog	Kinesiology	0.125	0.53125	0.4375	0.78125	0.53125	0.15625
	global	Global Studies	0.5	0.40625	0.59375	0.46875	0.5	0.28125
	softwar eging	software egingeering	0.625	0.90625	0.34375	0.0625	0.0	0.21875
	physiotherapi	physiotherapy	0.28125	0.40625	0.09375	0.8125	0.46875	0.15625
	kinesiolog	kinesiology	0.15625	0.375	0.8125	0.40625	0.25	0.03125
	network cybersecur	Networking and CyberSecurity	0.75	0.53125	0.53125	0.90625	0.3125	0.96875
	psyhitr	Psyhitric	0.3125	0.09375	0.5	0.59375	0.625	0.53125
	hsa	HSA	0.03125	0.5625	0.34375	0.875	0.53125	0.15625
	youth ministri	Youth Ministry	0.15625	0.5625	0.40625	0.4375	0.21875	0.34375
	arizona state	Arizona State University	0.375	0.625	0.65625	0.65625	0.40625	0.34375
	theater	Theater	0.46875	0.1875	0.59375	0.375	0.21875	0.25
	design	designer	0.21875	0.65625	0.8125	0.59375	0.5	0.15625
	digit design web technolog	digital design/web technology	0.0	0.0	0.40625	0.125	0.0	0.40625
	pharmaci	pharmacy	0.21875	0.5625	0.21875	0.625	0.375	0.75
	buniess	Buniess	0.25	0.3125	0.53125	0.5625	0.5	0.53125
	avion	Avionics	0.84375	0.6875	0.5	0.53125	0.5	0.46875
	polit	politics	0.5625	0.625	0.875	0.34375	0.375	0.25
	nutrit	Nutrition 	0.53125	0.75	0.6875	0.75	0.5625	0.46875
	biophys	Biophysics	0.375	0.8125	0.8125	0.96875	0.1875	0.21875
	qualiti	quality 	0.40625	0.34375	0.0625	0.9375	0.59375	0.84375
	mechan	mechanics	0.3125	0.5	0.40625	0.4375	0.4375	0.5625
	culinari	Culinary	0.15625	0.28125	0.46875	0.53125	0.125	0.15625
	design	Design	0.4375	0.40625	0.84375	0.5625	0.28125	0.21875
	danc academi	Dance Academy	0.1875	0.71875	0.875	0.75	0.125	0.09375
	european	European studies	0.09375	0.34375	0.375	0.84375	0.03125	0.3125
	nordic	Nordic studies 	0.46875	0.625	0.625	0.53125	0.3125	0.5625
	comm	comm	0.0625	0.1875	0.5	0.90625	0.5	0.09375
	aviat	aviation	0.8125	0.125	0.25	0.0625	0.1875	0.0
	languag	Language	0.53125	0.90625	0.5625	0.5	0.125	0.21875
	medic	medical	0.0625	0.4375	0.03125	0.75	0.09375	0.375
	special	Specialized Studies 	0.0625	0.09375	0.4375	0.8125	0.90625	0.4375
	theatr	Theatre	0.0625	0.75	0.625	0.15625	0.15625	0.125
	tourism	Tourism	0.125	0.3125	0.1875	0.59375	0.4375	0.625
	polit	politics	0.5	0.34375	0.28125	0.65625	0.375	0.21875
	polit	Politics	0.125	0.90625	0.5	0.9375	0.1875	0.0625
	film video	Film and Video	0.09375	0.71875	0.53125	0.4375	0.3125	0.3125
	media	Media	0.1875	0.53125	0.6875	0.375	0.1875	0.0625
	hsa	HSA	0.15625	0.75	0.3125	0.75	0.59375	0.5625
	anim	Animation	0.53125	0.46875	0.3125	0.21875	0.25	0.34375
	scienti	Scienties	0.125	0.875	0.15625	0.3125	0.0	0.0
	liber	Liberal Studies 	0.21875	0.21875	0.0	0.5625	0.28125	0.25
	aviat	Aviation	0.875	0.84375	0.34375	0.625	0.78125	0.875
	comput	COMPUTER	0.25	0.34375	0.5625	0.71875	0.5625	0.28125
	terminolog lexicographi	Terminology and lexicography	0.28125	0.46875	0.21875	0.25	0.21875	0.4375
	career develop	Career Development 	0.15625	0.53125	0.3125	0.71875	0.46875	0.21875
	dietician	Dietician	0.5625	0.875	0.71875	0.6875	0.6875	0.25
	film	Film	0.0	0.5	0.59375	0.5	0.125	0.0
	medic field	Medical Field	0.40625	0.46875	0.1875	0.5625	0.25	0.3125
	danc	dance	0.0625	0.1875	0.46875	0.40625	0.03125	0.09375
	teach	teaching	0.0	0.6875	0.09375	0.8125	0.0625	0.0
	film televis	Film and Television 	0.09375	0.4375	0.53125	0.625	0.0	0.03125
	famili	family studies	0.15625	0.625	0.53125	0.625	0.65625	0.40625
	design	design	0.0	0.34375	0.53125	0.28125	0.28125	0.09375
	industri design	Industrial Design	0.25	0.65625	0.4375	0.6875	0.28125	0.53125
	languag	Applied Languages	0.46875	0.40625	0.125	0.3125	0.0	0.0625
	biochemsitri	Biochemsitry	0.5625	0.9375	0.59375	0.6875	0.21875	0.0625
	soc	soc	0.0	0.0625	0.09375	0.375	0.0	0.0625
	undeclar	undeclared 	0.15625	0.25	0.03125	0.59375	0.125	0.1875
	illustr	illustration	0.03125	0.625	0.625	0.4375	0.0	0.0
	undeclar	Undeclared	0.375	0.4375	0.5625	0.59375	0.4375	0.46875
	engen	Engeneering	0.1875	0.0625	0.0	0.09375	0.21875	0.28125
	technolog	Technology	0.46875	0.1875	0.78125	0.21875	0.09375	0.59375
	nutrit	NUTRITION	0.34375	0.625	0.40625	0.59375	0.21875	0.3125
	pscm	PSCM	0.3125	0.6875	0.4375	0.59375	0.59375	0.46875
	rehabilit	Rehabilitation	0.25	0.4375	0.3125	0.6875	0.5	0.59375
	translat	translation	0.34375	0.375	0.78125	0.09375	0.3125	0.09375
	construct	construction	0.53125	0.5	0.34375	0.78125	0.90625	0.65625
	pyhsic	pyhsics	0.6875	0.28125	0.59375	0.6875	0.40625	0.5625
	tourism	Tourism	0.0625	0.21875	0.15625	0.15625	0.40625	0.28125
	purchas	Purchasing	0.375	0.65625	0.3125	0.46875	0.375	0.40625
	basketbal	Basketball	0.34375	0.625	0.6875	0.53125	0.46875	0.28125
	creativ write	Creative Writing	0.3125	0.34375	0.8125	0.40625	0.03125	0.34375
	rehabilit	REHABILITATION	0.0625	0.1875	0.09375	0.78125	0.1875	0.40625
	doctor	Doctor 	0.375	0.96875	0.28125	0.84375	0.03125	0.375
	danc	Dance	0.1875	0.71875	0.9375	0.5625	0.6875	0.25
	technolog	technology	0.125	0.0625	0.28125	0.4375	0.1875	0.125
	histor conserv	Historic conservation	0.28125	0.59375	0.59375	0.59375	0.125	0.09375
	informat	Informatics	0.34375	0.625	0.40625	0.25	0.28125	0.625
	teach	Teaching	0.3125	0.5	0.4375	0.78125	0.53125	0.40625
	undeclar	undeclared	0.28125	0.5625	0.4375	0.375	0.34375	0.15625
	industri design	Industrial Design	0.71875	0.71875	0.625	0.8125	0.625	0.25
	teach	teaching	0.21875	0.5	0.4375	0.75	0.5	0.6875
	urban plan	Urban Planning 	0.28125	0.46875	0.53125	0.53125	0.15625	0.0625
	undefin	undefined	0.0	0.8125	0.09375	0.65625	0.8125	0.53125
	logist	Logistics	0.21875	0.21875	0.125	0.78125	0.5625	0.5
	danc	Dance	0.0	0.21875	0.59375	0.625	0.46875	0.0
	culinari	culinary	0.4375	0.46875	0.4375	0.25	0.3125	0.34375
	individu	individualized studies 	0.0	0.28125	0.03125	0.875	0.34375	0.4375
	design	Design	0.03125	0.1875	0.4375	0.09375	0.15625	0.0625
	environment	Environmental Studies	0.25	0.90625	0.75	0.5625	0.375	0.3125
	vocal perform	Vocal performance	0.09375	0.53125	0.75	0.78125	0.40625	0.15625
	vocal perform	Vocal performance	0.03125	0.53125	0.78125	0.875	0.40625	0.03125
	evonom	Evonomics	0.0	0.1875	0.21875	0.21875	0.09375	0.59375
	nil	Nil	0.375	0.4375	0.8125	1.0	0.875	1.0
	teach	Teaching	0.125	0.15625	0.34375	0.78125	0.40625	0.78125
	direito	DIREITO	0.25	0.0	0.25	0.71875	0.40625	0.53125
	interior design	Interior design	0.09375	0.59375	0.625	0.5625	0.21875	0.03125
	fire technolog	fire tech	0.25	0.4375	0.5	0.65625	0.40625	0.3125
	set design	Set design	0.15625	0.65625	0.75	0.65625	0.3125	0.03125
	história	história	0.0625	0.09375	0.28125	0.6875	0.125	0.0625
	physiotherapi	Physiotherapy	0.21875	0.59375	0.3125	0.625	0.5	0.25
	media	Media Studies	0.53125	0.0625	0.15625	0.53125	0.4375	0.78125
	innov	innovation	0.03125	0.34375	0.5	0.1875	0.34375	0.0625
	preschool	Preschool studies	0.28125	0.5625	0.53125	0.59375	0.46875	0.28125
	digit media	Digital media	0.25	0.75	0.5	0.09375	0.125	0.125
	respiratori care	Respiratory Care	0.09375	0.5	0.59375	0.9375	0.28125	0.125
	comput technolog	computer technology	0.65625	0.59375	0.59375	0.75	0.625	0.96875
	mls	MLS	0.4375	0.28125	0.1875	0.375	0.375	0.21875
	radiolog tec	radiology tec	0.0	0.84375	0.03125	0.96875	0.125	0.34375
	famili	Family Studies	0.59375	0.5	0.3125	0.75	0.5625	0.5
	mechan	Mechanical	0.3125	0.125	0.28125	0.53125	0.21875	0.09375
	automot technolog	Automotive Technology	0.4375	0.78125	0.53125	0.34375	0.375	0.5625
	midwiferi	Midwifery	0.15625	0.8125	0.78125	0.625	0.28125	0.09375
	midwiferi	Midwifery 	0.0625	0.4375	0.0	0.4375	0.1875	0.1875
	horticultur	Horticulture	0.4375	0.125	0.59375	0.46875	0.0	0.0
	psi	psy	0.59375	0.75	0.75	0.875	0.75	0.65625
	nutrit	Nutrition	0.1875	0.78125	0.46875	0.71875	0.625	0.25
	automot technolog	automotive tech	0.34375	0.1875	0.03125	0.03125	0.15625	0.09375
	histor preserv citi plan	Historic preservation and city planning 	0.40625	0.53125	0.34375	0.84375	0.65625	0.625
	child famili	Child and Family Studies	0.0	0.46875	0.90625	0.875	0.09375	0.03125
	hospit	hospitality	0.6875	0.9375	1.0	0.6875	0.4375	0.0
	polit	Politics	0.0	0.28125	0.5625	0.34375	0.21875	0.0
	social teach	Social Studies & Teaching	0.09375	0.375	0.46875	0.625	0.21875	0.5
	environment	environmental studies	0.03125	0.4375	0.25	0.5625	0.3125	0.1875
	creativ write	creative writing	0.1875	0.65625	0.78125	0.6875	0.09375	0.0
	inform technolog	IT	0.40625	0.40625	0.6875	0.34375	0.28125	0.40625
	hospit	Hospitality	0.46875	0.8125	0.78125	0.40625	0.40625	0.21875
	tourisam	tourisam	0.0625	0.3125	0.6875	0.28125	0.28125	0.09375
	nutrit	Nutrition	0.15625	0.78125	0.40625	0.59375	0.4375	0.5
	youth ministri	Youth Ministry	0.34375	0.65625	0.375	0.5	0.15625	0.21875
	polit	Politic	0.4375	0.9375	0.5625	0.375	0.78125	0.8125
	inform technolog	IT	0.375	0.34375	0.6875	0.78125	0.625	0.875
	transnat cultur	Transnational cultural studies 	0.21875	0.8125	0.625	0.5	0.09375	0.09375
	comput anim game design	Computer Animation/Game Design	0.34375	0.125	0.5625	0.03125	0.0625	0.75
	clinic research	Clinical Research	0.0	0.1875	0.0	0.3125	0.0	0.0
	msn fnp c	MSN-FNP-C	0.34375	0.8125	0.84375	0.9375	0.4375	0.375
	biblic	Biblical Studies	0.40625	0.625	0.84375	0.53125	0.65625	0.4375
	comput	Computers	0.09375	0.0	0.125	0.75	0.5	0.375
	radiologist	radiologist	0.9375	1.0	1.0	1.0	1.0	1.0
	liber	Liberal Studies	0.09375	0.15625	0.125	0.75	0.375	0.125
	teach	teaching	0.34375	0.65625	0.625	0.8125	0.5	0.5
	assort	Assorted 	0.03125	0.90625	0.6875	0.71875	0.25	0.59375
	food technolog	Food technology	0.28125	0.65625	0.53125	0.8125	0.5625	0.5
	child develop	child development	0.125	0.25	0.375	0.9375	0.625	0.875
	forens	Forensics 	0.5	0.53125	0.21875	0.53125	0.53125	0.59375
	polici	policy	0.0625	0.625	0.625	0.375	0.46875	0.25
	ict	ICT	0.46875	0.6875	0.75	0.875	0.28125	0.40625
	mbchb	MBChB	0.09375	0.9375	0.625	0.53125	0.0625	0.1875
	forens	Forensics	0.25	0.75	0.1875	0.46875	0.3125	0.5
	fashion	Fashion	0.46875	0.53125	0.65625	0.6875	0.875	0.9375
	design	design	0.03125	0.625	0.84375	0.03125	0.09375	0.0
	environment	Environmental Studies	0.34375	0.65625	0.46875	0.53125	0.375	0.09375
	earli childhood develop	early childhood development	0.3125	0.28125	0.3125	0.71875	0.84375	0.84375
	media	Media Studies	0.0625	0.375	0.59375	0.6875	0.625	0.5
	cyber secur	Cyber Security	0.65625	0.75	0.6875	0.40625	0.375	0.3125
	undecid	undecided	0.40625	0.5625	0.5	0.46875	0.5625	0.3125
	film	Film	0.125	0.46875	0.75	0.65625	0.03125	0.0625
	infant child develop	infant and child development	0.09375	0.5	0.4375	0.9375	0.5	0.53125
	admistração	admistração	0.3125	0.53125	0.625	0.625	0.46875	0.1875
	psi	psy	0.28125	0.8125	0.71875	0.71875	0.5625	0.3125
	theater	Theater	0.15625	0.3125	0.90625	0.90625	0.65625	0.375
	cyber secur	Cyber Security	0.46875	0.625	0.28125	0.40625	0.5	0.71875
	film	Film	0.0625	0.28125	0.53125	0.875	0.625	0.3125
	pedagogik	pedagogik	0.375	0.625	0.46875	0.8125	0.65625	0.125
	cybersecur	Cybersecurity	0.125	0.46875	0.21875	0.375	0.0	0.0625
	undecid	undecided	0.625	0.96875	0.96875	0.5	0.65625	0.25
	inform technolog	Information Technology	0.28125	0.5625	0.46875	0.34375	0.15625	0.375
	environ	environment	0.59375	0.71875	0.6875	0.34375	0.375	0.25
	psicologia	Psicologia	0.03125	0.1875	0.03125	0.75	0.625	0.71875
	design	design	0.3125	0.5	0.625	0.625	0.4375	0.1875
	medic	Medical	0.5	0.875	0.71875	0.8125	0.5	0.34375
	organiz leadership	Organizational Leadership	0.03125	0.0	0.15625	0.28125	0.25	0.34375
	cyber secur	Cyber Security	0.40625	0.625	0.875	0.59375	0.6875	0.46875
	design	design	0.34375	0.78125	0.46875	0.8125	0.6875	0.03125
	film	Film	0.46875	0.59375	0.6875	0.40625	0.40625	0.15625
	non	non	0.0	0.46875	0.03125	0.71875	0.53125	0.1875
	teacher	teacher	0.40625	0.78125	0.28125	0.0625	0.34375	0.46875
	design	Design 	0.25	0.84375	0.71875	0.5625	0.375	0.375
	vet technolog	Vet technology	0.25	0.65625	0.40625	0.78125	0.34375	0.28125
	fashion	Fashion	0.5625	0.3125	0.28125	0.625	0.5625	0.125
	environment	Environmental Studies	0.03125	0.53125	0.09375	0.71875	0.1875	0.09375
	bsed filipino	BSEd-Filipino	0.125	0.75	0.8125	0.9375	0.5	0.5
	school pe	School PE	0.46875	0.6875	0.875	0.96875	0.5625	0.59375
	medic	medical	0.1875	0.90625	0.25	0.59375	0.46875	0.84375
	industri design	Industrial designer 	0.75	0.71875	0.5	0.375	0.46875	0.46875
	urban plan	Urban planning	0.28125	0.28125	0.53125	0.625	0.40625	0.28125
	idea	no idea	0.09375	0.65625	0.15625	0.4375	0.65625	0.09375
	pharmaci	pharmacy	0.0625	0.5	0.28125	0.78125	0.46875	0.46875
	inform technolog	IT	0.5	0.3125	0.21875	0.5	0.5625	0.3125
	anim	Animation 	0.34375	0.125	0.375	0.65625	0.15625	0.125
	film televis	Film and Television	0.28125	0.875	0.9375	0.75	0.46875	0.0625
	kinesolog	Kinesology	0.4375	0.375	0.90625	0.90625	0.75	0.46875
	design	Design	0.28125	0.75	0.9375	0.3125	0.5	0.375
	physiotherapi	PHYSIOTHERAPY	0.15625	0.84375	0.375	0.59375	0.5625	0.71875
	quantiti survey	Quantity Surveying	0.25	0.53125	0.28125	0.625	0.40625	0.75
	cloth textil	Clothing and Textiles	0.1875	0.40625	0.53125	0.625	0.34375	0.09375
	media	Media	0.28125	0.4375	0.78125	0.625	0.1875	0.125
	informat	informatics	0.625	1.0	0.84375	0.84375	0.125	0.53125
	bioinformat	Bioinformatics	0.34375	0.5	0.46875	0.34375	0.4375	0.28125
	comput	computing	0.53125	0.5	0.21875	0.5625	0.46875	0.4375
	classic	Classical	0.1875	0.59375	0.4375	0.5	0.3125	0.34375
	comminc	Commincation Studies	0.5	0.21875	0.6875	0.53125	0.28125	0.1875
	drama	drama	0.0	0.65625	0.6875	0.5625	0.15625	0.0
	funer servic	Funeral Service	0.15625	0.75	0.25	0.75	0.09375	0.0
	asian	asian studies	0.0625	0.71875	0.625	0.65625	0.0625	0.0625
	pedagogi	Pedagogy	0.15625	0.15625	0.40625	0.5625	0.28125	0.03125
	marriag famili	Marriage and Family Studies	0.21875	0.46875	0.75	0.71875	0.125	0.34375
	digit technolog cultur	digital technology and culture	0.25	0.625	0.59375	0.65625	0.3125	0.53125
	aerodynam	Aerodynamics	0.625	1.0	0.875	0.4375	0.375	0.125
	global	Global Studies	0.21875	0.78125	0.625	0.875	0.28125	0.5
	biochem	biochem	0.40625	0.84375	0.25	0.75	0.34375	0.59375
	psicologia	Psicologia	0.0625	0.25	0.46875	0.5625	0.15625	0.21875
	medic assist	Medical assistant 	0.0625	0.59375	0.15625	0.59375	0.40625	0.28125
	medicsl adminstr assist	Medicsl Adminstrative Assistant 	0.0625	0.59375	0.0625	0.75	0.25	0.65625
	bibl	Bible	0.09375	0.28125	0.4375	0.78125	0.15625	0.09375
	medic	Medical	0.15625	0.71875	0.3125	0.53125	0.25	0.625
	child develop	Child Development	0.1875	0.09375	0.21875	0.71875	0.1875	0.65625
	comput	Computer Studies	0.375	0.5625	0.6875	0.34375	0.28125	0.1875
	inform technolog	IT	0.0625	0.21875	0.4375	0.4375	0.28125	0.5
	earli childhood develop	early childhood development 	0.28125	0.40625	0.125	0.5625	0.875	1.0
	medic assist	Medical Assisting	0.0	0.0625	0.03125	0.8125	0.0625	0.25
	network technolog program	Networking Technology program	0.78125	1.0	0.6875	0.625	0.65625	0.5625
	spani	Spanis	0.28125	0.28125	0.34375	0.40625	0.4375	0.25
	virginia colleg cosmetolog	Virginia College Cosmetology	0.0	0.375	0.125	0.875	0.625	0.875
	film	Film	0.15625	0.21875	0.78125	0.28125	0.28125	0.25
	hospit	Hospitality	1.0	0.6875	0.5625	1.0	0.9375	1.0
	film	film	0.46875	0.8125	0.78125	0.375	0.34375	0.40625
	fashion design	Fashion Designer 	0.46875	0.6875	0.5625	0.71875	0.59375	0.46875
	undecid	Undecided	0.0625	0.34375	0.40625	0.71875	0.3125	0.1875
	bunis	Bunisness	0.25	0.75	0.15625	0.75	0.65625	0.78125
	record industri	Recording Industry	0.15625	0.21875	0.5625	0.3125	0.1875	0.28125
	dental	Dental	0.0	0.125	0.21875	0.71875	0.46875	0.03125
	earli childhood develop	early childhood development 	0.46875	0.5625	0.1875	0.84375	0.9375	1.0
	nil	Nil	0.03125	0.28125	0.1875	0.0625	0.25	0.25
	act	acting	0.0	0.0	0.0	0.0	0.0	0.0
	medic	medical	0.5	0.65625	0.6875	0.90625	0.90625	0.5
	theater	Theater	0.09375	0.125	0.6875	0.75	0.28125	0.0
	film	film 	0.0	0.75	0.375	0.21875	0.125	0.21875
	rehabilitaiton servic	Rehabilitaiton Services	0.46875	0.46875	0.28125	0.40625	0.4375	0.4375
	kinesiolog	Kinesiology	0.09375	0.625	0.21875	0.71875	0.5	0.1875
	product design	Product Design	0.0625	0.375	0.40625	0.09375	0.1875	0.0
	psi	Psy	0.3125	0.84375	0.90625	0.90625	0.25	0.09375
	inform technolog	Information Technology	0.6875	0.8125	0.3125	0.375	0.625	0.84375
	real estat	Real Estate 	0.34375	0.5625	0.5	0.5625	0.65625	0.65625
	theater	Theater	0.09375	0.84375	0.96875	0.9375	0.84375	0.40625
	translat	Translation	0.09375	0.375	0.8125	0.6875	0.34375	0.25
	paraleg	Paralegal	0.1875	0.46875	0.78125	0.84375	0.9375	1.0
	paraleg	paralegal	0.625	0.59375	0.28125	0.46875	0.59375	0.46875
	heath servic adminstr	Heath Service Adminstration	0.15625	0.21875	0.53125	0.875	0.6875	0.5625
	b technolog	B tech	0.34375	0.875	0.9375	0.3125	0.4375	0.53125
	interpret	Interpretation Studies	0.46875	0.78125	0.71875	0.84375	0.1875	0.34375
	speech languag patholog	Speech Language Pathology	0.0	0.5	0.125	0.78125	0.25	0.125
	direito	direito	0.28125	0.78125	0.375	0.625	0.75	0.40625
	design	Design	0.28125	0.84375	0.65625	0.5625	0.15625	0.0
	polit	politics	0.15625	0.375	0.65625	0.1875	0.34375	0.6875
	logic	Logic	0.4375	0.21875	0.40625	0.25	0.21875	0.5625
	child develop	Child Development	0.0625	0.4375	0.3125	0.90625	0.3125	0.0625
	rehabilit	general rehabilitation	0.1875	0.40625	0.15625	0.625	0.4375	0.5625
	kinesiolog	Kinesiology	0.4375	0.5625	0.375	0.71875	0.53125	0.21875
	paraleg	paralegal	0.3125	0.375	0.3125	0.5	0.15625	0.25
	hospit	hospitality	0.21875	0.25	0.21875	0.375	0.40625	0.625
	aviat maintenac	Aviation maintenace	0.625	0.5	0.625	0.375	0.15625	0.09375
	horticultur	Horticulture	0.375	0.6875	0.5625	0.53125	0.28125	0.125
	theater	Theater Studies	0.75	0.75	0.125	0.6875	0.625	0.84375
	urban plan	Urban Studies & Planning	0.375	0.5625	0.78125	0.6875	0.40625	0.34375
	speech pathologist	Speech Pathologist	0.0	0.34375	0.0	0.46875	0.0	0.0625
	pharmaci	pharmacy	0.28125	0.625	0.3125	0.375	0.4375	0.4375
	biochem	Biochem	0.34375	0.53125	0.25	0.28125	0.3125	0.28125
	automot technician	Automotive technician	0.8125	0.75	1.0	0.96875	0.5625	0.75
	plan communiti	Planning (community)	0.15625	0.71875	0.34375	0.28125	0.375	0.625
	translat	translator	0.28125	0.46875	0.75	0.46875	0.25	0.0625
	american	American Studies	0.3125	0.40625	0.46875	0.625	0.46875	0.21875
	ministri	Ministry	0.1875	0.5625	0.9375	0.8125	0.0	0.0
	danc	dance	0.21875	0.6875	0.9375	0.78125	0.4375	0.125
	network	Networking	0.5625	1.0	0.1875	0.28125	0.125	0.5
	teach	teaching	0.375	0.5	0.5	0.6875	0.5	0.4375
	medic bill code	medical billing and coding	0.3125	0.4375	0.3125	0.8125	0.5625	0.875
	fashion design	fashion design	0.40625	0.9375	0.84375	0.9375	0.65625	0.75
	contemporari	Contemporary Studies	0.0	0.03125	0.09375	0.59375	0.15625	0.09375
	radiolog	Radiology	0.5	0.4375	0.34375	0.46875	0.25	0.375
	game design	game design	0.1875	0.46875	0.5	0.34375	0.34375	0.4375
	inform tehcnolog	Information Tehcnology	0.65625	0.875	0.84375	0.8125	0.625	0.8125
	creativ write poetri	Creative writing, Poetry	0.53125	0.9375	0.90625	0.75	0.25	0.3125
	theatr actress	Theatre ( I am a actress )	0.0	0.03125	0.78125	0.59375	0.34375	0.0
	food	food	0.53125	0.3125	0.5	0.59375	0.625	0.71875
	media	media	0.0625	0.34375	0.59375	0.65625	0.28125	0.0
	danc movement therapi	Dance movement therapy 	0.0	0.71875	0.75	1.0	0.5625	0.0
	kinesiolog	Kinesiology	0.125	0.40625	0.25	0.4375	0.28125	0.3125
	classic	Classics	0.15625	0.3125	0.46875	0.34375	0.09375	0.53125
	radiolog	radiology	0.09375	0.625	0.21875	0.5	0.125	0.125
	doctor	Doctor	0.375	0.65625	0.59375	0.78125	0.53125	0.4375
	languag	Language	0.1875	0.25	0.6875	0.78125	0.125	0.09375
	athlet train	Athletic Training	0.0	0.25	0.0	0.40625	0.0625	0.09375
	anim	Animation 	0.4375	0.78125	0.78125	0.0625	0.03125	0.15625
	act	Acting	0.46875	0.53125	1.0	0.59375	0.65625	0.15625
	danc	Dance	0.0	0.53125	0.84375	0.875	0.125	0.03125
	ilmu komunikasi	ILMU KOMUNIKASI	0.4375	0.59375	0.59375	0.8125	0.625	0.6875
	anim	animation	0.0	0.03125	0.15625	0.0	0.03125	0.0
	rehabilit	Rehabilitation 	0.34375	0.78125	0.59375	0.8125	0.03125	0.03125
	neither	neither	0.34375	0.8125	0.53125	0.75	0.1875	0.21875
	speech languag patholog	Speech Language Pathology	0.125	0.0625	0.0	0.59375	0.6875	0.5625
	mindanao digo colleg	University of Mindanao Digos College	0.4375	0.4375	0.53125	0.65625	0.5625	0.65625
	comput graphic anim	Computer Graphic and Animation 	0.25	0.5625	0.46875	0.0625	0.09375	0.15625
	speech patholog	Speech Pathology	0.125	0.3125	0.0	0.8125	0.09375	0.3125
	retail	Retail	0.0	0.1875	0.875	0.59375	0.78125	0.1875
	medic technolog	medical technology	0.0625	0.5	0.65625	0.6875	0.25	0.15625
	pe	P.E	0.1875	0.3125	0.625	0.875	0.0	0.1875
	kinesiolog	Kinesiology 	0.3125	0.46875	0.25	0.25	0.25	0.09375
	chef hospit	Chef/Hospitality	0.09375	0.28125	0.21875	0.1875	0.375	0.34375
	industri design	Industrial Design	0.5	0.625	0.65625	0.90625	0.375	0.25
	creativ media	Creative media	0.0	0.0625	0.34375	0.5625	0.375	0.03125
	bsba	BSBA	0.9375	0.9375	0.65625	0.625	0.5625	0.90625
	global develop	Global Development	0.46875	0.625	0.34375	0.25	0.125	0.15625
	medic	medical	0.15625	0.4375	0.375	0.5625	0.15625	0.03125
	audio	audio	0.40625	0.90625	0.46875	0.40625	0.125	0.34375
	nil	NIL-	0.3125	0.3125	0.15625	0.34375	0.375	0.34375
	tamil languag	Tamil language	0.09375	0.5625	0.53125	0.71875	0.46875	0.59375
	youth ministri	Youth Ministries	0.15625	0.09375	0.1875	0.5	0.625	0.40625
	career develop	Career Development	0.15625	0.125	0.5	0.6875	0.5625	0.34375
	film	Film	0.1875	0.9375	0.78125	0.875	0.40625	0.03125
	ciência contábei	Ciências Contábeis	0.0625	0.21875	0.21875	0.3125	0.15625	0.46875
	deisgn	Deisgn	0.28125	0.65625	0.5	0.46875	0.34375	0.34375
	inform technolog	Information Technology	0.3125	0.8125	0.875	0.40625	0.4375	0.84375
	film	Film	0.28125	0.46875	0.71875	0.75	0.53125	0.15625
	media	media	0.125	0.125	0.8125	0.46875	0.34375	0.0625
	philolog	philology	0.125	0.25	0.375	0.625	0.15625	0.0625
	level apprentic machinist	level 1 apprentice machinist	0.4375	0.40625	0.40625	0.53125	0.34375	0.34375
	dentistri	dentistry	0.5	0.5625	0.5	0.53125	0.5	0.5
	rehabilit servic	Rehabilitation Services	0.0625	0.125	0.1875	0.1875	0.0625	0.125
	veterinari	Veterinary Studies	0.0625	0.46875	1.0	0.625	0.4375	0.0625
	undecid	Undecided	0.34375	0.59375	0.6875	0.5	0.25	0.1875
	illustr	Illustration	0.65625	1.0	1.0	0.78125	0.6875	0.59375
	dental assist	Dental Assistant 	0.1875	0.46875	0.375	0.5	0.09375	0.03125
	teacher	Teacher	0.59375	0.84375	0.75	0.9375	0.8125	0.8125
	nil	nil	0.53125	0.75	0.40625	0.6875	0.3125	0.4375
	nil	nil	0.3125	0.28125	0.3125	0.375	0.25	0.34375
	dental assist	Dental Assistant 	0.1875	0.5	0.4375	0.53125	0.125	0.03125
	decor	decoration	0.09375	0.15625	0.6875	0.6875	0.4375	0.34375
	f b	F& B	0.1875	0.25	0.15625	0.46875	0.34375	0.3125
	anesthesiolog	Anesthesiology 	0.9375	1.0	0.40625	0.65625	0.40625	0.53125
	cultur	Culture Studies	0.0625	0.25	0.6875	0.4375	0.21875	0.1875
	¾æµ¢çð	¾Æµ¢ÇÐ	0.125	0.46875	0.53125	0.34375	0.4375	0.25
	elementari school teacher	Elementary school teacher	0.0	0.0	0.5	0.8125	0.3125	0.21875
	kinesiolog	kinesiology	0.71875	0.78125	0.28125	0.65625	0.28125	0.4375
	direito	Direito	0.3125	0.125	0.1875	0.65625	0.625	0.78125
	beauti	Beauty	0.0	0.1875	0.125	0.34375	0.28125	0.0625
	vocal	vocal	0.15625	0.4375	0.6875	0.375	0.375	0.46875
	techno ogi	Techno;ogy	0.59375	0.625	0.0	0.09375	0.34375	0.53125
	textil	textiles	0.34375	0.6875	0.375	0.59375	0.3125	0.6875
	comput anim	Computer Animation 	0.21875	0.28125	0.625	0.65625	0.0625	0.3125
	teach	teaching	0.0625	0.15625	0.28125	0.59375	0.46875	0.15625
	med	Pre-med	0.0	0.25	0.21875	0.3125	0.0625	0.0
	travel	travel	0.125	0.625	0.5625	0.59375	0.78125	0.25
	nil	Nil	0.03125	0.46875	0.5	0.96875	0.78125	0.1875
	eletron	Eletronic	0.625	0.6875	0.28125	0.40625	0.40625	0.3125
	electr	Electrical	0.53125	0.8125	0.84375	0.8125	0.28125	0.375
	veterinari	Veterinary 	0.03125	0.9375	0.59375	0.84375	0.4375	0.21875
	game design	Game Design	0.53125	0.75	1.0	0.5	0.21875	0.375
	polit	Politics	0.0	0.0	0.375	0.25	0.4375	0.15625
	filipino	Filipino	0.46875	0.40625	0.65625	0.9375	0.75	0.65625
	media	media	0.0	0.375	0.875	0.6875	0.375	0.0625
	polit	Politics	0.15625	0.25	0.625	0.5625	0.25	0.09375
	medic code	Medical Coding	0.09375	0.625	0.28125	0.875	0.59375	0.5625
	medic reimburs code	medical reimbursement and coding	0.21875	0.5	0.0625	0.53125	0.3125	0.46875
	medic code reimburs	medical coding and reimbursement	0.125	0.1875	0.0625	0.65625	0.375	0.59375
	nil	NIL	0.40625	0.65625	0.6875	0.3125	0.375	0.53125
	kinesiolog	Kinesiology	0.53125	0.78125	0.46875	0.78125	0.09375	0.21875
	pastri chef	pastry chef	0.1875	0.21875	0.25	0.5	0.4375	0.34375
	phsiotherapi	Phsiotherapy	0.03125	0.1875	0.03125	0.71875	0.25	0.125
	pharmaci	pharmacy	0.125	0.78125	0.59375	0.65625	0.65625	0.3125
	anim	Animation	0.0625	0.1875	0.21875	0.25	0.0625	0.03125
	equiti divers	Equity and Diversity	0.0625	0.25	0.375	0.6875	0.03125	0.09375
	child develop	Child Development 	0.03125	0.15625	0.15625	0.46875	0.40625	0.21875
	tesl	TESL	0.125	0.53125	0.6875	0.71875	0.40625	0.21875
	tesl	tesl	0.375	0.46875	0.8125	0.96875	0.46875	0.5
	teacher	Teacher 	0.3125	0.5	0.65625	0.875	0.46875	0.34375
	nil	NIL	0.0	0.0	0.125	0.9375	0.40625	0.65625
	nil	NIL	0.28125	0.96875	0.5625	0.59375	0.59375	0.5
	nil	NIL	0.3125	0.34375	0.375	0.0625	0.5	0.59375
	nonprofit leadership	Nonprofit leadership	0.15625	0.1875	0.40625	0.3125	0.34375	0.375
	design	design	0.4375	0.625	0.65625	0.8125	0.46875	0.4375
	design	Design	0.0625	0.46875	0.46875	0.40625	0.1875	0.21875
	medic	medical	0.59375	0.5	0.53125	0.875	0.53125	0.46875
	medic relat	Medical related	0.03125	0.84375	0.25	0.8125	0.5625	0.6875
	teach	Teaching	0.0	0.0	0.25	0.4375	0.0625	0.0
	pharmaci	Pharmacy	0.28125	0.3125	0.15625	0.46875	0.375	0.21875
	geophys	geophysics	0.5625	0.875	0.40625	0.375	0.25	0.34375
	sustain develop	sustainable development	0.0	0.5625	0.84375	0.375	0.34375	0.0625
	ingenieria telecomucacion	ingenieria Telecomucaciones	0.53125	0.75	0.625	0.78125	0.5	0.53125
	social servic	Social Services	0.0625	0.25	0.34375	0.875	0.4375	0.09375
	network	Networking	0.46875	0.21875	0.375	0.53125	0.28125	0.28125
	decid	Not decided	0.4375	0.53125	0.25	0.28125	0.3125	0.28125
	comput technolog	computer technology	0.375	1.0	0.8125	0.71875	0.5	0.5625
	doctor	Doctor	0.125	0.71875	0.625	0.9375	0.3125	0.34375
	web applic	Web application	0.0	0.3125	0.40625	0.28125	0.1875	0.34375
	design	Design	0.34375	0.53125	0.71875	0.40625	0.34375	0.59375
	media	Media 	0.09375	0.75	0.875	0.75	0.875	0.09375
	nil	nil	0.0625	0.0625	0.375	0.5	0.28125	0.125
	nil	Nil	0.03125	0.125	0.125	0.5	0.25	0.09375
	occup therapi	OCCUPATIONAL THERAPY	0.1875	0.375	0.5625	0.03125	0.15625	0.0
	media	media	0.71875	0.8125	0.625	0.5625	0.65625	0.375
	nil	Nil	0.25	0.3125	0.625	0.46875	0.59375	0.15625
	enthusiast	Enthusiastic 	0.53125	0.5	0.625	0.46875	0.3125	0.15625
	inform technolog	Information Technology	0.40625	0.65625	0.21875	0.28125	0.40625	0.4375
	sport	sports	0.125	0.4375	0.59375	0.53125	0.3125	0.25
	nil	nil	0.40625	0.40625	0.6875	0.625	0.6875	0.40625
	game design develop	Game Design and Development	0.3125	0.625	0.75	0.25	0.4375	0.375
	medic assist	medical assistant	0.0	0.375	0.03125	0.375	0.0	0.0
	medic	Medical 	0.25	0.8125	0.5	0.78125	0.625	0.53125
	kinesiolog	Kinesiology	0.0	0.3125	0.0	0.1875	0.0	0.125
	public safeti	Public Safety	0.0	0.40625	0.125	0.6875	0.0	0.0625
	undecid	Undecided	0.0	0.28125	0.0	0.40625	0.0	0.21875
	clinic	Clinical	0.28125	0.875	0.4375	0.5625	0.21875	0.4375
	mechatron	Mechatronics	0.4375	0.59375	0.9375	0.71875	0.53125	0.5
	anatomi	anatomy	0.34375	0.71875	0.46875	0.8125	0.65625	0.34375
	nil	nil	0.15625	0.21875	0.1875	0.75	0.34375	0.21875
	organiz mgt	Organizational Mgt	0.0625	0.4375	0.34375	0.75	0.28125	0.25
	organiz mgt	Organizational Mgt	0.03125	0.34375	0.28125	0.875	0.0625	0.15625
	ethnic	Ethnic Studies 	0.0	0.3125	0.3125	0.25	0.34375	0.0
	dentistri	Dentistry	0.34375	0.71875	0.46875	0.3125	0.1875	0.53125
	chef	Chef 	0.0	0.0625	0.71875	0.25	0.125	0.0
	nope	Nope	0.1875	0.6875	0.78125	0.5	0.5	0.09375
	flimmak	Flimmaking	0.25	0.3125	0.75	0.3125	0.4375	0.21875
	aerospac	aerospace 	0.34375	0.4375	0.53125	0.65625	0.59375	0.4375
	inform technolog	IT	0.1875	0.25	0.1875	0.4375	0.46875	0.46875
	infotech	Infotech	0.78125	0.9375	0.34375	0.40625	0.53125	0.90625
	inform technolog	IT	0.875	0.59375	0.75	0.625	0.65625	0.9375
	environment	Environmental studies	0.28125	0.375	0.5625	0.40625	0.21875	0.3125
	social relat polici	Social Relations and Policy	0.25	0.59375	0.875	0.59375	0.15625	0.09375
	write literaci	Writing and Literacy	0.21875	0.71875	0.375	0.40625	0.15625	0.1875
	cyber secur	cyber security	0.3125	0.5	0.8125	0.46875	0.6875	0.75
	teach	Teaching	0.0	0.5	0.0	0.5625	0.0625	0.0625
	comm	comm	0.0	0.09375	0.71875	0.84375	0.5625	0.375
	biomed	biomedical	0.09375	0.5625	0.53125	0.5625	0.3125	0.21875
	culinari	culinary	0.0625	0.375	0.375	0.34375	0.28125	0.0
	languag	Languages 	0.09375	0.25	0.0625	0.4375	0.40625	0.625
	comput	Computing	0.40625	0.78125	0.625	0.75	0.28125	0.28125
	liber	Liberal Studies	0.0	0.71875	0.4375	0.5	0.40625	0.15625
	liber	Liberal Studies	0.0	0.84375	0.4375	0.53125	0.5625	0.125
	wildlif	wildlife	0.0625	0.78125	0.96875	0.78125	0.25	0.0
	film	film	0.5	0.5	0.46875	0.4375	0.28125	0.375
	media	Media	0.34375	0.4375	0.9375	0.9375	0.5	0.25
	kinesiolog	Kinesiology	0.4375	0.53125	0.4375	0.8125	0.4375	0.25
	inform technolog	Information Technology	0.25	0.0	0.0	0.0625	0.0625	0.1875
	medic assist	Medical Assistant	0.0	0.5625	0.125	0.6875	0.09375	0.4375
	cyber secur	Cyber Security	0.84375	0.75	0.75	1.0	0.75	0.90625
	digit anim	Digital Animation	0.34375	0.4375	0.71875	0.28125	0.125	0.15625
	nil	Nil	0.15625	0.53125	0.59375	0.71875	0.28125	0.40625
	nil	Nil	0.125	0.59375	0.9375	0.6875	0.28125	0.25
	game design	Game Design	0.28125	0.40625	0.625	0.34375	0.1875	0.15625
	industri design	Industrial Design	0.28125	0.5625	0.28125	0.40625	0.40625	0.59375
	nil	NIL	0.78125	0.75	0.75	0.75	0.75	0.75
	film	Film	0.0625	0.5	0.6875	0.09375	0.0	0.25
	cyber secur	Cyber security 	0.25	0.4375	0.0	0.25	0.09375	0.34375
	inform technolog	IT	0.5	0.40625	0.46875	0.84375	0.5625	0.53125
	write	Writing	0.125	0.25	0.40625	0.28125	0.59375	0.78125
	clinic analysi	Clinical Analysis	0.65625	0.9375	0.28125	0.78125	0.09375	0.25
	tesol	TESOL	0.21875	0.46875	0.40625	0.6875	0.34375	0.09375
	actuari	Actuarial Studies 	0.34375	0.15625	0.3125	0.625	0.65625	0.46875
	pharmaci	Pharmacy 	0.09375	0.40625	0.0625	0.6875	0.40625	0.34375
	horticultur	Horticulture	0.5	0.71875	0.625	0.5	0.625	0.46875
	mechatron	Mechatronic	1.0	1.0	0.96875	0.96875	1.0	0.9375
	inform technolog	Information technology 	0.75	0.40625	0.8125	0.78125	0.71875	0.71875
	homeland secur	homeland security	0.09375	0.34375	0.375	0.15625	0.125	0.0
	secur technolog	Security Technology 	0.34375	0.90625	0.1875	0.4375	0.1875	0.6875
	politolog	politology	0.125	0.375	0.625	0.46875	0.59375	0.3125
	cyber secur	Cyber security 	0.46875	0.8125	0.21875	0.8125	0.34375	0.78125
	technolog	Technology 	0.53125	0.53125	0.46875	0.5	0.5	0.5625
	teach speacial need	Teaching speacial needs	0.0	0.15625	0.40625	0.75	0.15625	0.09375
	bussniess	Bussniess	0.375	0.34375	0.5	0.875	0.90625	0.84375
	social polici	social policy	0.46875	0.40625	0.1875	0.84375	0.5625	0.4375
	radiolog	Radiology	0.0	0.125	0.125	0.875	0.375	0.25
	na	Na	0.59375	0.59375	0.5	0.5625	0.6875	0.625
	nil	NIL	0.5	0.5	0.5	0.5	0.5	0.5
	nope	Nope	0.25	0.375	0.25	0.75	0.40625	0.375
	desgin	desgin	0.3125	0.125	0.40625	0.1875	0.53125	0.28125
	web applic	Web application 	0.28125	0.5625	0.5625	0.59375	0.46875	0.34375
	comput	computer	0.5625	0.3125	0.3125	0.21875	0.40625	0.28125
	pharmaci	Pharmacy	0.125	0.03125	0.1875	0.5	0.21875	0.0625
	nutrit	Nutrition	0.125	0.6875	0.6875	0.28125	0.15625	0.09375
	southsid virginia communiti colleg	Southside Virginia Community College	0.0	0.21875	0.0	0.125	0.0	0.84375
	retail	retailing	0.0625	0.53125	0.375	0.8125	0.53125	0.3125
	theater perform	Theater Performance	0.09375	0.03125	0.84375	0.5625	0.53125	0.28125
	medic assist	Medical Assisting 	0.0	0.875	0.875	0.15625	0.125	0.0
	ocpt	ocpt	0.125	0.78125	0.25	0.46875	0.125	0.21875
	christian	Christian Studies	0.25	0.09375	0.09375	0.59375	0.03125	0.59375
	kinesiolog	Kinesiology	0.3125	0.46875	0.375	0.4375	0.375	0.25
	design	Designer	0.3125	0.5	0.75	0.46875	0.4375	0.3125
	hospit tourism	Hospitality and Tourism 	0.25	0.25	0.28125	0.375	0.3125	0.25
	photojourn	Photojournalism	0.0	0.59375	0.625	0.625	0.59375	0.25
	general	Generalize	0.8125	0.84375	0.8125	0.875	0.9375	0.9375
	medic	Medical	0.4375	0.625	0.46875	0.625	0.375	0.1875
	organiz develop	Organizational Development	0.21875	0.4375	0.75	0.40625	0.59375	0.28125
	na	Na 	0.125	0.125	0.125	0.4375	0.0	0.0625
	design	Design	0.125	0.5625	0.78125	0.8125	0.5625	0.46875
	paraleg	paralegal	0.3125	0.5625	0.78125	0.46875	0.09375	0.1875
	current colleg	Currently in college	0.5625	0.875	0.875	0.875	0.625	0.75
	dms	DMS	0.1875	0.3125	0.25	0.8125	0.65625	0.53125
	technolog	Technology	0.4375	0.5625	0.5625	0.75	0.5	0.84375
	hospit	Hospitality	0.75	0.5625	0.5625	0.59375	0.4375	0.71875
	suppli chain	Supply Chain	0.40625	0.4375	0.5625	0.71875	0.53125	0.59375
	hospit	Hospitality	0.0	0.125	0.53125	0.375	0.25	0.3125
	inform technolog	Information Technology	0.65625	0.90625	0.875	0.96875	0.84375	0.78125
	communiti entrepreneurship	Community Entrepreneurship	0.3125	0.59375	0.1875	0.34375	0.4375	0.3125
	occup therapi	Occupational therapy 	0.0	0.78125	0.46875	0.71875	0.21875	0.15625
	inform technolog	Information technology 	0.09375	0.46875	0.125	0.5	0.53125	0.28125
	polit	Politics	0.34375	0.28125	0.6875	0.65625	0.375	0.3125
	child develop	Child Development	0.5625	0.5625	0.21875	0.875	0.40625	0.46875
	televis	Television 	0.375	0.53125	0.9375	0.8125	0.28125	0.1875
	occup therapi	Occupational Therapy	0.1875	0.6875	0.375	0.71875	0.3125	0.3125
	doctor	doctoring	0.0625	0.71875	0.53125	0.78125	0.28125	0.1875
	comput	Computer	0.0625	0.96875	1.0	0.875	0.46875	0.21875
	lpn	lpn	0.125	0.5	0.78125	0.96875	0.78125	0.75
	inform technolog	IT	0.6875	0.53125	0.4375	0.5	0.3125	0.6875
	geomat	geomatics	0.125	0.71875	0.4375	0.53125	0.375	0.34375
	aviat	Aviation	0.40625	0.21875	0.28125	0.71875	0.46875	0.0625
	languag	languages	0.5	0.71875	0.78125	0.9375	0.6875	0.5
	filipino	Filipino Major	0.375	0.40625	0.6875	0.78125	0.53125	0.6875
	web design	Web design	0.15625	0.59375	0.21875	0.375	0.3125	0.21875
	aeronaut	AERONAUTICS	0.75	0.625	0.34375	0.5625	0.40625	0.40625
	nutrit	Nutrition	0.15625	0.1875	0.15625	0.3125	0.28125	0.3125
	media	media studies	0.25	0.59375	0.59375	0.6875	0.09375	0.0
	medic	Medical	0.375	0.5	0.5	0.5625	0.5	0.34375
	nil	Nil	0.6875	0.625	0.25	0.75	0.46875	0.53125
	interior	interior	0.6875	0.4375	0.6875	0.84375	0.34375	0.3125
	design	Design	0.46875	0.6875	0.8125	0.6875	0.59375	0.4375
	interior design	Interior design	0.1875	0.5	0.65625	0.21875	0.21875	0.1875
	ad design	Ad design	0.3125	0.5	0.5625	0.53125	0.28125	0.34375
	secur	Security 	0.40625	0.875	0.1875	0.46875	0.1875	0.6875
	rehabilit servic	Rehabilitation Services	0.59375	0.75	0.75	0.90625	0.75	0.5
	theater	theater	0.40625	0.65625	0.71875	0.375	0.34375	0.4375
	hospit	Hospitality	0.59375	0.84375	0.8125	0.78125	0.46875	0.53125
	bmcc	BMCC	1.0	1.0	1.0	1.0	1.0	1.0
	web applic	Web application 	0.28125	0.875	0.65625	0.90625	0.5625	0.34375
	inform technolog	IT	0.03125	0.0625	0.0625	0.25	0.53125	0.40625
	nope	nope	0.03125	0.125	0.03125	0.75	0.0625	0.0625
	mss comm	Mss Comm	0.125	0.09375	0.5625	0.71875	0.375	0.21875
	leadership	leadership	0.59375	0.375	0.40625	0.59375	0.875	0.71875
	conserv	Conservation	0.125	0.5625	0.65625	0.78125	0.375	0.46875
	product design	Product design	0.03125	0.09375	0.1875	0.125	0.1875	0.03125
	nil	-nil-	0.34375	0.78125	0.5	0.65625	0.625	0.375
	nil	NIL-	0.3125	0.34375	0.875	0.40625	0.53125	0.34375
	product design	Product design	0.0	0.0	0.125	0.25	0.0625	0.0
	huyt	huyt	0.53125	0.5625	0.40625	0.5	0.5	0.5
	yoga	yoga	0.5	0.8125	0.78125	1.0	0.375	0.375
	fashion design	Fashion design	0.0	0.3125	0.75	0.1875	0.375	0.03125
	flim	Flim	0.125	0.21875	0.875	0.8125	0.875	0.4375
	south asian	South Asian Studies	0.0625	0.75	0.8125	0.5	0.21875	0.28125
	polit	politics	0.6875	0.75	0.5	0.5625	0.34375	0.4375
	hispan	Hispanic Studies 	0.25	0.53125	0.40625	0.78125	0.34375	0.5
	cybersecur	Cybersecurity	0.5	0.78125	0.1875	0.5625	0.5625	0.75
	hairdress	Hairdressing	0.09375	0.53125	0.84375	0.90625	0.53125	0.21875
	electr	electrical 	0.59375	0.8125	0.4375	0.75	0.46875	0.40625
	comsci	Comsci	0.21875	0.3125	0.71875	0.84375	0.5625	0.46875
	na	na	0.0	0.40625	0.71875	0.78125	0.21875	0.125
	kinesiolog	Kinesiology	0.125	0.625	0.21875	0.5625	0.1875	0.25
	ece	ECE	0.34375	0.40625	0.59375	0.78125	0.75	0.71875
	theatr	Theatre	0.53125	0.15625	0.90625	0.40625	0.375	0.3125
	languag	language	0.03125	0.28125	0.78125	0.71875	0.3125	0.125
	design	Design	0.25	0.53125	0.6875	0.6875	0.28125	0.375
	medic	Medical	0.25	0.375	0.125	0.21875	0.28125	0.3125
	undecid	Undecided	0.03125	0.46875	0.46875	0.5	0.15625	0.3125
	design	Design	0.53125	0.84375	0.9375	0.71875	0.8125	0.4375
	doctor	doctor	0.40625	0.9375	0.75	0.9375	0.6875	0.3125
	militari weapon	military weapons	0.84375	0.75	0.46875	0.5625	0.75	0.75
	interior design	interior designer 	0.65625	0.5625	0.78125	0.78125	0.5	0.78125
	tourism	tourism	0.28125	0.1875	0.6875	0.90625	0.6875	0.5
	fashion merchandis	Fashion Merchandising	0.1875	0.375	0.03125	0.09375	0.375	0.875
	bioinformat	Bioinformatics	0.1875	0.3125	0.4375	0.5	0.25	0.0625
	teacher	Teacher	0.0625	0.3125	0.0625	0.34375	0.25	0.28125
	immunolog	immunology	0.09375	0.4375	0.03125	0.71875	0.46875	0.25
	medic	Medical	0.5	0.21875	0.1875	0.0625	0.0	0.375
	languag	languages	0.1875	0.5625	0.53125	0.625	0.625	0.125
	environ	Environment	0.3125	0.59375	0.75	0.625	0.34375	0.0
	global	Global studies	0.0	0.1875	0.09375	0.40625	0.28125	0.40625
	construct	Construction	0.3125	0.71875	0.21875	0.34375	0.53125	0.5
	hairdress	Hairdressing	0.375	0.625	0.84375	0.5625	0.28125	0.5625
	bussin	 Bussines	0.0625	0.28125	0.0625	0.375	0.28125	0.65625
	librarian	librarian	0.1875	0.28125	0.625	0.84375	0.34375	0.375
	urban plan	urban planning	0.28125	0.375	0.5625	0.46875	0.65625	0.375
	design	designer	0.03125	0.5	0.65625	0.25	0.34375	0.25
	web design	Web Design	0.40625	0.6875	0.5	0.375	0.25	0.53125
	nutrit	Nutrition	0.4375	0.84375	0.5625	0.125	0.46875	0.8125
	culinari	Culinary	0.03125	0.09375	0.0	0.03125	0.1875	0.125
	nil	nil	0.375	0.3125	0.375	0.75	0.71875	0.46875
	cj hd	CJ & HD	0.1875	0.3125	0.40625	0.4375	0.34375	0.25
	piano perform	Piano performance	0.5625	0.4375	0.625	0.46875	0.46875	0.34375
	psicologia	psicologia	0.0	0.5625	0.5625	0.625	0.375	0.4375
	radiolog	Radiology	0.59375	0.71875	0.375	0.65625	0.53125	0.40625
	film	film	0.125	0.3125	0.4375	0.5	0.15625	0.28125
	vocat subject	vocational subjects	0.21875	0.4375	0.3125	0.84375	0.375	0.25
	comput	Computing	0.25	0.40625	0.5	0.375	0.4375	0.25
	film	film	0.25	0.59375	0.125	0.375	0.0625	0.34375
	dramka	Dramka	0.125	0.25	0.84375	0.53125	0.1875	0.3125
	develop	Development studies	0.0625	0.53125	0.59375	0.65625	0.40625	0.21875
	horticultur	Horticulture 	0.375	0.9375	0.625	0.75	0.0625	0.59375
	strateg	Strategic studies	0.1875	0.8125	0.875	0.71875	0.21875	0.125
	cyber secur	Cyber Security	0.5	0.375	0.5	0.8125	0.375	0.84375
	fashion design	Fashion design	0.40625	0.96875	0.84375	0.71875	0.5625	0.1875
	design	design	0.84375	0.78125	0.90625	0.9375	0.96875	0.90625
	fashion	fashion	0.40625	0.4375	0.46875	0.84375	0.15625	0.40625
	design	designing	0.0	0.125	0.15625	0.0	0.21875	0.0
	liber	Liberal Studies	0.125	0.53125	0.46875	0.65625	0.5625	0.28125
	medic	medical	0.65625	0.9375	0.75	0.9375	0.375	0.65625
	tourism	Tourism	0.03125	0.625	0.6875	0.65625	0.28125	0.03125
	polit	Politics	0.21875	0.53125	0.34375	0.5	0.46875	0.40625
	comput inform technolog	Computer Information Technology	0.5625	0.53125	0.34375	0.625	0.375	0.34375
	pharmaci	pharmacy	0.0	0.71875	0.6875	0.59375	0.4375	0.0625
	contabilidad	Contabilidade	0.34375	0.21875	0.53125	0.625	0.75	0.78125
	guidanc councel	guidance and counceling	0.53125	0.25	0.78125	0.6875	0.6875	0.875
	fit	Fitness 	0.40625	0.25	0.28125	0.4375	0.15625	0.15625
	forens autopsi	Forensic autopsy	0.0	0.25	0.0	0.0625	0.1875	0.0
	medic	medical 	0.4375	0.71875	0.6875	0.90625	0.8125	0.59375
	horticultur	Horticulture	0.03125	0.4375	0.9375	0.65625	0.375	0.0
	undecid	Undecided	0.0	0.125	0.0	0.40625	0.0	0.0
	pharmaci	pharmacy	0.34375	0.96875	0.875	0.625	0.46875	0.8125
	polit	Politics	0.25	0.34375	0.59375	0.21875	0.3125	0.03125
	med	Pre-Med	0.28125	0.65625	0.46875	0.96875	0.71875	0.6875
	pharmaci	Pharmacy	0.0625	0.65625	0.15625	0.34375	0.125	0.09375
	theatr	theatre	0.09375	0.78125	1.0	0.875	0.1875	0.25
	pharmaci	pharmacy	0.5625	0.75	0.3125	0.53125	0.375	0.65625
	undedcid	undedcided	0.25	0.09375	0.125	0.8125	0.875	0.75
	med	pre-med	0.09375	0.875	0.125	0.5625	0.125	0.21875
	medic	Pre Medical 	0.3125	0.875	0.21875	0.84375	0.53125	0.71875
	psicologia	psicologia	0.125	0.0	0.1875	0.21875	0.125	0.25
	danc	dance	0.0	0.1875	0.875	0.59375	0.71875	0.125
	pharmaci	pharmacy	0.84375	0.875	0.71875	0.9375	0.90625	0.875
	nutrit	nutrition	0.53125	0.78125	0.5	0.96875	0.78125	1.0
	fashion merchandis	fashion merchandising	0.375	0.40625	0.53125	0.5625	0.5	0.4375
	stem	stem	0.5625	0.78125	0.59375	0.21875	0.28125	0.8125
	electron	Electronics	0.46875	0.34375	0.8125	0.6875	0.5625	0.375
	program	Programming	0.3125	0.53125	0.5	0.625	0.5	0.375
	design	Design	0.03125	0.0	0.28125	0.03125	0.125	0.0
	dese	desing	0.0	0.0	0.0	0.0	0.0	0.0
	pharmaci	Pharmacy	0.375	0.78125	0.6875	0.8125	0.53125	0.15625
	aviat	Aviation studies	0.5625	0.53125	0.3125	0.5625	0.5625	0.78125
	film	Film	0.15625	0.5625	0.90625	0.1875	0.28125	0.34375
	surgeri	Surgery	0.625	1.0	0.1875	1.0	1.0	1.0
	theatr	Theatre	0.0	0.0	0.375	0.25	0.0625	0.03125
	inform technolog	IT	0.5625	0.28125	0.28125	0.6875	0.375	0.875
	organiz behaviour labour relat	Organizational Behaviour and Labour Relations	0.15625	0.28125	0.625	0.1875	0.21875	0.0
	dentistri	Dentistry	0.0625	0.25	0.25	0.3125	0.0	0.0
	na	Na	0.09375	0.0	0.09375	0.5625	0.46875	0.4375
	med	Pre Med	0.28125	1.0	0.8125	0.4375	0.34375	0.09375
	cultur heritag	Cultural  heritage 	0.21875	0.28125	0.40625	0.65625	0.21875	0.40625
	horticultur	horticulture 	0.4375	0.90625	0.40625	0.65625	0.28125	0.15625
	doctor	doctor	0.40625	0.90625	0.8125	0.78125	0.34375	0.125
	teach cours	Teaching courses	0.25	0.53125	0.34375	0.5	0.40625	0.3125
	mascom	Mascom	0.09375	0.15625	0.15625	0.28125	0.21875	0.25
	medic	Medical	0.0	0.375	0.40625	0.1875	0.25	0.125
	cyber secur	Cyber Security	0.0	0.0	0.0	0.0	0.0	0.0
	child develop	Child Development	0.09375	0.34375	0.375	0.6875	0.0	0.03125
	drama	Drama	0.0625	0.3125	0.8125	0.90625	0.65625	0.1875
	asian	Asian Studies	0.4375	0.5625	0.46875	0.59375	0.4375	0.5625
	pharmaci	Pharmacy	0.1875	0.40625	0.34375	0.71875	0.34375	0.53125
	busniess	Busniess 	0.53125	0.53125	0.5625	0.78125	0.625	0.78125
	inform technolog	info tech	0.5	0.65625	0.40625	0.5	0.46875	0.5
	justic divin	Justice Studies/ Divinity	0.40625	0.71875	0.9375	0.75	0.375	0.15625
	organiz leadership	Organizational Leadership	0.28125	0.375	0.28125	0.8125	0.40625	0.4375
	medic assist	Medical Assistanting	0.0	0.6875	0.0	0.1875	0.0625	0.1875
	respiratori care	Respiratory Care	0.25	0.65625	0.5	0.96875	0.53125	0.6875
	cj hs	cj/hs	0.21875	0.40625	0.25	0.46875	0.59375	0.5625
	nil	NIL	0.5	0.5	0.5	0.5	0.5	0.5
	european	European Studies	0.0	0.5	0.53125	0.65625	0.1875	0.0
	dentistri	Dentistry	0.34375	0.5625	0.6875	0.53125	0.5625	0.3125
	nil	nil	0.40625	0.4375	0.4375	0.65625	0.53125	0.46875
	emt	EMT	0.4375	0.84375	0.09375	0.4375	0.03125	0.0625
	commwerc	commwerce	0.40625	0.5625	0.25	0.375	0.1875	0.40625
	mechatron	Mechatronics	0.09375	0.5	0.78125	0.28125	0.28125	0.3125
	cinema	Cinema	0.15625	0.8125	0.875	0.65625	0.125	0.03125
	medic	Medical Emphasis	0.40625	0.8125	0.71875	0.78125	0.1875	0.375
	medic	Medical	0.3125	0.71875	0.46875	0.65625	0.5	0.75
	write	Writing	0.15625	0.8125	0.34375	0.46875	0.09375	0.21875
	cyber secur	Cyber Security	0.46875	0.5	0.40625	0.25	0.53125	0.4375
	liber	Liberal Studies	0.375	0.75	0.6875	0.4375	0.21875	0.28125
	technolog school mvctc	Not a University but a Tech School, MVCTC I s	0.96875	0.65625	0.8125	0.9375	0.6875	0.9375
	inform technolog	IT	0.46875	0.4375	0.5	0.4375	0.125	0.03125
	piano perform	Piano performance	0.09375	0.75	0.9375	0.71875	0.25	0.375
	product design	Product design	0.0	0.0625	0.28125	0.15625	0.03125	0.0
	product design	Product design	0.0	0.125	0.1875	0.15625	0.0625	0.0
	theatr	Theatre	0.0625	0.4375	0.78125	0.96875	0.6875	0.1875
	design	Design	0.75	0.5625	0.5625	0.5625	0.5625	0.125
	teach	teaching	0.28125	0.5625	0.4375	0.84375	0.4375	0.53125
	peac justic	Peace and Justice	0.40625	0.75	0.65625	0.8125	0.8125	0.15625
	bilingu	Bilingual studies	0.34375	0.28125	0.6875	0.6875	0.5625	0.5
	social sienc natur sicenc cook	social sience , natural sicence, cooking	0.0	0.65625	0.125	0.375	0.0	0.0625
	syariah	Syariah	0.09375	0.375	0.46875	0.46875	0.3125	0.15625
	construct	construction	0.65625	0.4375	0.375	0.78125	0.4375	0.28125
	perakaunan	perakaunan	0.40625	0.5	0.59375	0.53125	0.46875	0.4375
	buis	buisness	0.59375	0.71875	0.59375	0.46875	0.4375	0.53125
	pediaztr	pediaztrics	0.0	0.625	0.125	0.46875	0.375	0.4375
	fashion design pyscholog	Fashion Design or Pyschology	0.5	0.34375	0.125	0.375	0.875	1.0
	dentistri	dentistry	0.125	0.46875	0.0	0.28125	0.0	0.0
	logist	Logistics	0.75	1.0	0.875	0.96875	1.0	1.0
	media	Media	0.125	0.65625	0.65625	0.375	0.15625	0.0
	cyber secur	Cyber Security	0.46875	0.6875	0.5	0.3125	0.15625	0.5
	psicologia	psicologia	0.0	0.0	0.625	0.375	0.21875	0.03125
	film dan televisi	film dan televisi	0.3125	0.625	0.625	0.8125	0.46875	0.46875
	pharmaci	pharmacy	0.5625	0.59375	0.4375	0.34375	0.0625	0.375
	softwar develop	Software Development	0.21875	0.875	0.34375	0.0	0.0	0.15625
	direito	direito	0.0	0.1875	0.125	0.25	0.0	0.0
	biotecnologia	biotecnologia	0.09375	0.40625	0.28125	0.53125	0.1875	0.03125
	ilmu komunikasi	Ilmu Komunikasi	0.1875	0.3125	0.875	0.75	0.65625	0.375
	dota	Dota	0.0	0.125	0.0	0.0	0.0	0.0
	inform technolog	Information Technology	0.15625	0.53125	0.21875	0.25	0.09375	0.15625
	medic	Medical	0.46875	0.78125	0.46875	0.8125	0.4375	0.53125
	cyber ecur	cyber ecurity	0.28125	0.1875	0.0	0.46875	0.25	0.375
	design	Design	0.09375	0.5	0.5625	0.625	0.6875	0.34375
	mechan	Mechanical	0.59375	0.1875	0.40625	0.40625	0.21875	0.3125
	inform technolog	Information Technologies	0.25	0.125	0.0625	0.0625	0.0	0.25
	occup therapi	Occupational therapy 	0.0	0.3125	0.125	0.59375	0.3125	0.21875
	comput applic	computer application	0.40625	0.21875	0.40625	0.9375	0.8125	0.8125
	design	Design	0.09375	0.46875	0.625	0.25	0.15625	0.03125
	equin	Equine Studies	0.4375	0.90625	0.5625	0.625	0.15625	0.5
	rehabilit	rehabilitation	0.28125	0.4375	0.28125	0.8125	0.40625	0.25
	medic	medical	0.0625	0.6875	0.21875	0.34375	0.0	0.03125
	psicologia	Psicologia	0.0625	0.5625	0.46875	0.78125	0.21875	0.09375
	hospit tourism	Hospitality and Tourism	0.09375	0.09375	0.25	0.5625	0.1875	0.0
	veterinari	veterinary	0.09375	0.75	0.15625	0.46875	0.28125	0.0625
	bajmc	Bajmc 	0.75	0.78125	0.625	0.78125	0.625	0.75
	interdisiplinari	interdisiplinary studies	0.4375	0.65625	0.09375	0.34375	0.0625	0.125
	design	Design 	0.15625	0.0	0.25	0.15625	0.0	0.0
	cultur	culture	0.625	0.59375	0.59375	0.4375	0.5625	0.53125
	ict	ICT	0.15625	0.5625	0.84375	0.84375	0.53125	0.3125
	tourism	tourism	0.34375	0.375	0.625	0.71875	0.4375	0.53125
	interdisciplenari	Interdisciplenary	0.375	0.53125	0.71875	0.53125	0.5625	0.21875
	illustr	illustration	0.78125	0.71875	0.8125	0.625	0.53125	0.25
	behavior analysi	Applied Behavior analysis	0.28125	0.5625	0.59375	0.625	0.3125	0.125
	web design	web design	0.3125	0.25	0.5625	0.3125	0.375	0.3125
	nil	NIL	0.53125	0.59375	0.53125	0.65625	0.65625	0.6875
	network cyber secur	Networking and Cyber Security	0.4375	0.53125	0.46875	0.6875	0.125	0.15625
	busn	busn	0.3125	0.53125	0.25	0.8125	0.25	0.03125
	draft design	Drafting and design	0.0	0.09375	0.0	0.0	0.0	0.0
	speech patholog audiolog	Speech pathology/audiology	0.09375	0.3125	0.3125	0.5625	0.375	0.0625
	clue	no clue yet	0.40625	0.46875	0.5	0.25	0.21875	0.21875
	culinari	Culinary	0.1875	0.53125	0.46875	0.84375	1.0	0.84375
	med school	med school	0.125	0.8125	0.0	0.1875	0.28125	0.09375
	illustr	Illustration	0.1875	0.6875	0.90625	0.6875	0.25	0.09375
	game design	Game Design	0.125	0.28125	0.8125	0.53125	0.34375	0.0625
	anim	Animation	0.5625	0.8125	0.6875	0.40625	0.4375	0.46875
	hospit	Hospitality 	0.3125	0.34375	0.3125	0.6875	0.8125	0.6875
	kinesiolog	Kinesiology	0.25	0.59375	0.15625	0.78125	0.1875	0.4375
	translat interpret	Translation and Interpretation	0.53125	0.5625	0.6875	0.65625	0.4375	0.6875
	social chang	Social Change	0.09375	0.28125	0.65625	0.9375	0.5	0.125
	danc	Dance	0.4375	0.75	0.5625	0.65625	0.28125	0.25
	softwar develop	Software Development	0.625	0.4375	0.5	0.34375	0.25	0.15625
	multimedia produc	Multimedia Producer	0.5	0.65625	0.65625	0.65625	0.78125	0.46875
	anim	Animation	0.53125	0.71875	0.5625	0.53125	0.25	0.53125
	doctor pharmaci	Doctor of pharmacy	0.15625	0.4375	0.125	0.4375	0.34375	0.21875
	sonographi	sonography	0.09375	0.78125	0.21875	0.90625	0.4375	0.0625
	pedagogia	Pedagogia 	0.0	0.5625	0.4375	0.3125	0.09375	0.09375
	youth ministri	Youth Ministry	0.53125	0.625	0.59375	0.71875	0.5	0.3125
	et	et	0.5	0.6875	0.59375	0.5625	0.25	0.4375
	theatr	Theatre	0.34375	0.46875	0.8125	0.34375	0.25	0.375
	fit train	Fitness Training	0.875	0.875	0.90625	0.9375	0.875	0.90625
	psychiatri	Psychiatry	0.125	0.375	0.375	0.8125	0.125	0.125
	informat	Informatics	0.40625	0.4375	0.25	0.3125	0.4375	0.5
	informat	informatics	0.1875	0.28125	0.46875	0.875	0.875	1.0
	athlet trainer	Athletic Trainer	0.34375	0.375	0.03125	0.5625	0.03125	0.0625
	medic assist	Medical assistant	0.3125	0.6875	0.875	0.8125	0.5625	0.40625
	athlet train	Athletic Training 	0.5	1.0	0.6875	0.8125	0.40625	0.53125
	culinari	Culinary	0.03125	0.25	0.21875	0.34375	0.25	0.125
	dental	Dental	0.9375	0.8125	0.875	0.4375	0.25	0.25
	dental	Dental	0.9375	0.75	0.875	0.375	0.125	0.25
	labor employ relat	Labor and Employment Relations	0.03125	0.34375	0.65625	0.8125	0.71875	0.1875
	paraleg	Paralegal	0.3125	0.09375	0.28125	1.0	0.5625	0.59375
	automot	Automotive	0.8125	0.15625	0.21875	0.0	0.21875	0.3125
	hair beauti	hair and beauty 	0.34375	0.71875	0.4375	0.78125	0.46875	0.25
	aeronaut	Aeronautics	0.1875	0.5	0.53125	0.0625	0.28125	0.125
	bill code	billing and coding	0.3125	0.0625	0.25	0.6875	0.5	0.5
	web design	Web Design	0.21875	0.4375	0.53125	0.5625	0.1875	0.5
	bib e	Bib;e	0.34375	0.5625	0.65625	0.84375	0.3125	0.46875
	radiolog	radiology	0.5625	0.4375	0.46875	0.46875	0.40625	0.5
	medic	medical	0.65625	0.78125	0.5625	0.78125	0.375	0.5
	hospit	Hospitality	0.0	0.0	0.0625	0.0625	0.03125	0.0
	polit	politics	0.03125	0.8125	0.4375	0.3125	0.0	0.0
	kinisiolog	kinisiology 	0.0625	0.15625	0.59375	0.875	0.3125	0.0
	medic assist	Medical Assisting	0.0	0.5625	0.5625	0.6875	0.40625	0.3125
	communiti servic work	COMMUNITY SERVICE WORK	0.0	0.0625	0.21875	0.4375	0.09375	0.0
	podiatri	Podiatry	0.03125	0.625	0.8125	0.53125	0.1875	0.0
	design technolog	Design and technology 	0.40625	0.625	0.75	0.5	0.4375	0.40625
	pedagogi	pedagogy	0.0	0.3125	0.25	0.75	0.53125	0.25
	labor employ relat	Labor and Employment Relations	0.0625	0.0	0.09375	0.375	0.4375	0.4375
	nil	NIL	0.625	0.625	0.59375	0.65625	0.65625	0.65625
	electr	electrical	0.125	0.125	0.0625	0.28125	0.125	0.3125
	illustr	Illustration	0.34375	0.75	0.8125	0.21875	0.25	0.0
	hemotolog	Hemotology	0.0	0.75	0.3125	0.34375	0.0	0.0625
	ler	LER 	0.25	0.21875	0.65625	0.8125	0.625	0.6875
	speech patholog	Speech Pathology	0.3125	0.8125	0.375	0.9375	0.71875	0.21875
	teach	teaching 	0.53125	0.5	0.59375	0.96875	0.71875	0.53125
	interdiciplinari	Interdiciplinary Studies	0.46875	0.5625	0.46875	0.46875	0.3125	0.59375
	nors	norse	0.125	0.3125	0.46875	0.3125	0.53125	0.34375
	still school	still in school	0.46875	0.46875	0.4375	1.0	0.71875	0.8125
	radiolog	radiology	0.5	0.75	0.1875	0.375	0.0625	0.0
	pharmaci	Pharmacy	0.5625	0.5625	0.71875	0.6875	0.6875	0.53125
	paraleg	Paralegal Studies	0.0625	0.4375	0.3125	0.8125	0.46875	0.40625
	illustr	Illustration	0.5	0.5	0.75	0.5	0.5	0.5
	undecid	Undecided	0.03125	0.0625	0.09375	0.59375	0.40625	0.4375
	inform technolog	Information Technology	0.125	0.0	0.0	0.09375	0.0625	0.5625
	paraleg	Paralegal	0.125	0.1875	0.34375	0.6875	0.4375	0.8125
	na	na	0.03125	0.71875	0.1875	0.75	0.34375	0.34375
	medic code	Medical Coding	0.71875	0.375	0.0	0.125	0.375	0.65625
	psycho	psycho	0.0	0.0625	0.0625	0.09375	0.0	0.0625
	athlet train	Athletic Training	0.0	0.4375	0.40625	0.875	0.15625	0.0
	inform technolog	IT	0.125	0.71875	0.5625	0.125	0.15625	0.1875
	undecid	undecided	0.375	0.375	0.5	0.53125	0.40625	0.28125
	cook	Cooking	0.1875	0.28125	0.46875	0.53125	0.90625	0.28125
	automot technolog	Automotive Technology	0.5625	0.6875	0.3125	0.53125	0.875	0.625
	offic adminstr assist	Office Adminstration Assistant	0.46875	0.3125	0.5	0.5625	0.3125	0.625
	inform technolog	IT	0.125	0.375	0.375	0.0	0.0	0.0
	paraleg	Paralegal	0.28125	0.09375	0.375	0.78125	0.84375	0.78125
	tourism	tourism	0.0	0.75	0.125	0.25	0.125	0.0
	medic assist	medical assistant	0.59375	0.625	0.78125	0.8125	0.65625	0.6875
	network technolog	Networking Technology	0.21875	0.78125	0.3125	0.3125	0.0	0.625
	paraleg	Paralegal Studies	0.09375	0.125	0.71875	0.59375	0.28125	0.5
	kinesiolog	kinesiology	0.0	1.0	0.75	1.0	0.0	0.0625
	nil	NIL	0.21875	0.34375	0.21875	0.40625	0.6875	0.25
	instrument technolog	Instrumentation technology 	0.75	0.71875	0.96875	0.8125	0.65625	0.6875
	occup therspi	Occupational therspy	0.25	0.65625	0.40625	0.59375	0.03125	0.09375
	modern languag	Modern Languages	0.15625	0.75	0.03125	0.09375	0.09375	0.65625
	translat	Translation	0.59375	0.125	0.3125	0.65625	0.40625	0.5
	compar polit	Comparative Politics	0.3125	0.34375	0.90625	0.5625	0.03125	0.0
	mice	MICE	0.46875	0.9375	0.875	0.6875	0.59375	0.59375
	tourism	TOURISM	0.5625	0.84375	0.84375	0.90625	0.71875	0.4375
	mechatron	Mechatronics	0.53125	0.625	0.9375	0.84375	0.53125	0.5625
	graphic	Graphics	0.09375	0.4375	0.34375	0.34375	0.21875	0.34375
	biochem	Biochem	0.3125	0.78125	0.3125	0.65625	0.46875	0.5625
	wildlif	Wildlife	0.0	0.8125	0.21875	0.5	0.03125	0.03125
	manufactur technolog	Manufacturing and technology 	0.875	1.0	1.0	1.0	1.0	1.0
	psicologia	psicologia	0.0	0.28125	0.1875	0.71875	0.125	0.21875
	justic divin	Justice Studies/ Divinity	0.34375	0.5625	0.75	0.75	0.46875	0.3125
	creativ write	Creative writing	0.34375	0.75	0.78125	0.5	0.09375	0.09375
	nil	NIL	0.53125	0.59375	0.46875	0.9375	0.40625	0.0625
	hospit	Hospitality 	0.15625	0.40625	0.21875	0.65625	0.625	0.53125
	inform technolog	IT	0.6875	0.875	0.375	0.4375	0.5	0.78125
	cosmetolog	cosmetologly	0.1875	0.21875	0.125	0.28125	0.34375	0.40625
	film	Film	0.25	0.1875	0.40625	0.25	0.34375	0.0
	apparel design	Apparel Design	0.25	0.9375	0.9375	1.0	1.0	0.96875
	idea	no idea	0.1875	0.71875	0.65625	0.5625	0.53125	0.5
	medic technolog	Medical Technology	0.3125	0.5	0.6875	0.65625	0.375	0.375
	dentistri	Dentistry	0.5625	1.0	1.0	1.0	1.0	1.0
	buis	buisness	0.21875	0.0625	0.1875	0.46875	0.6875	0.71875
	kinesiolog	kinesiology	0.21875	0.875	0.5625	0.4375	0.21875	0.34375
	modern languag	Modern Languages	0.5625	1.0	0.9375	0.84375	0.625	0.375
	csd	CSD	0.8125	0.40625	0.1875	0.875	0.625	0.96875
	cultur	culture studies	0.28125	0.78125	0.46875	0.65625	0.5	0.3125
	medic assist	Medical Assistant	0.25	0.53125	0.375	0.9375	0.5625	0.75
	osha	OSHA	0.0	0.28125	0.09375	0.59375	0.15625	0.125
	radiolog	Radiology	0.46875	0.9375	0.59375	0.71875	0.09375	0.0
	speech languag patholog assist	Speech Language Pathology Assistant 	0.40625	0.5625	0.59375	0.625	0.40625	0.375
	contabilidad	Contabilidade	0.09375	0.0	0.15625	0.40625	0.1875	0.46875
	kinesiolog	kinesiology	0.0625	0.4375	0.25	0.90625	0.40625	0.3125
	fashion	fashion	0.0	0.5	0.40625	0.21875	0.125	0.03125
	youth ministri biblic	Youth Ministry/Biblical Studies	0.0625	0.3125	0.125	0.59375	0.3125	0.375
	buis	Buisness	0.84375	0.75	0.4375	0.90625	0.5625	0.46875
	tv	TV	0.21875	0.625	0.875	0.9375	0.4375	0.4375
	biochemsitri	Biochemsitry	0.03125	0.65625	0.125	0.5	0.125	0.0
	design	design	0.4375	0.46875	0.375	0.21875	0.4375	0.4375
	genreal	Genreal	0.03125	0.3125	0.1875	0.6875	0.375	0.40625
	inform technolog	Information Technology	0.78125	0.0	0.125	0.3125	0.09375	0.5
	dental assist	Dental Assisting 	0.28125	0.90625	0.84375	0.96875	0.625	0.78125
	undecid	undecided	0.03125	0.3125	0.3125	0.78125	0.59375	0.46875
	audio video product	Audio and Video Production	0.375	0.375	0.75	0.53125	0.125	0.1875
	undecid	Undecided	0.1875	0.1875	0.25	0.125	0.125	0.0
	brand	Branding	0.125	0.65625	1.0	0.6875	0.75	0.125
	pharmaci	Pharmacy	0.21875	0.875	1.0	0.28125	0.3125	0.125
	undecid	UNDECIDED	0.0	0.625	0.65625	0.6875	0.34375	0.15625
	sport nutrit	Sports nutrition	0.1875	0.8125	0.34375	0.59375	0.59375	0.40625
	inform technolog	IT	0.4375	0.53125	0.46875	0.3125	0.34375	0.46875
	audio video product	Audio-Video Production	0.1875	0.46875	0.75	0.59375	0.125	0.53125
	pharmaci	pre-pharmacy	0.5	0.9375	0.40625	0.28125	0.65625	0.21875
	polic work	police work	0.0	0.25	0.0	0.40625	0.0	0.0
	programm	Programmer	0.25	0.34375	0.5625	0.5	0.65625	0.53125
	ministri	Ministry	0.125	0.21875	0.40625	0.5625	0.0625	0.0
	medic offic	Medical Office	0.1875	0.40625	0.21875	0.46875	0.46875	0.625
	graphic	GRAPHICS	0.375	0.34375	0.90625	0.90625	0.59375	0.09375
	properti	Property	0.28125	0.25	0.1875	0.34375	0.625	0.59375
	automot restor	automotive restoration	0.3125	0.125	0.0	0.125	0.0	0.0
	undecid	Undecided	0.0625	1.0	0.15625	0.09375	0.125	0.71875
	occup therapi	Occupational Therapy	0.40625	0.71875	0.78125	0.78125	0.34375	0.53125
	physiotherapi	PHYSIOTHERAPY	0.125	0.65625	0.375	0.53125	0.40625	0.53125
	mechan	mechanical	0.46875	0.375	0.09375	0.09375	0.09375	0.28125
	medic assist	Medical Assistant	0.40625	0.75	0.5625	0.90625	0.4375	0.75
	sound technician	Sound technician	0.15625	0.15625	0.65625	0.25	0.28125	0.21875
	horticultur	Horticulture	0.4375	0.8125	0.625	0.375	0.1875	0.15625
	real estat	Real Estate	0.34375	0.46875	0.65625	0.46875	0.75	0.34375
	óñùòùæøñû	Óñùòùæøñû	0.09375	0.46875	0.15625	0.71875	0.59375	0.625
	hospit	hospitality	0.59375	0.4375	0.53125	0.75	0.5	0.375
	mechan	mechanical	0.59375	0.625	0.5625	0.75	0.65625	0.78125
	technolog	tech	0.5	0.71875	0.875	0.84375	0.6875	0.5
	mayb buiss	dont know maybe buissness	0.25	0.3125	0.78125	0.625	0.875	0.46875
	medic assist	medical assistant	0.34375	0.5625	0.5625	0.75	0.5	0.875
	inform technolog	IT	0.71875	0.6875	0.34375	0.4375	0.71875	0.46875
	social servic	Social Services 	0.0625	0.0625	0.34375	0.46875	0.0	0.0625
	arquitetura relaçõ publica	arquitetura, relações publicas	0.15625	0.25	0.5625	0.46875	0.34375	0.0
	media	media	0.21875	0.71875	0.84375	0.5	0.15625	0.25
	kedokteran	Kedokteran	0.5	0.9375	0.75	0.625	0.28125	0.625
	undecid	Undecided	0.3125	0.59375	0.84375	0.59375	0.46875	0.34375
	asl interpret	ASL Interpreting	0.0	0.5	0.6875	0.625	0.3125	0.25
	therapi	Therapy	0.03125	0.5625	0.4375	0.65625	0.53125	0.46875
	teknik elektro	Teknik elektro	0.6875	0.65625	0.46875	0.75	0.625	0.75
	org dev	Org dev	0.59375	1.0	0.90625	0.9375	0.46875	0.15625
	liber	Liberal Studies	0.1875	0.40625	0.1875	0.40625	0.59375	0.125
	classic	Classics	0.5	0.5	0.6875	0.71875	0.625	0.5
	aerospac	AEROSPACE	0.09375	0.0	0.09375	0.15625	0.75	0.71875
	kinesiolog	Kinesiology 	0.0	0.71875	0.3125	0.46875	0.1875	0.0625
	social servic	Social services	0.21875	0.90625	0.6875	0.84375	0.375	0.09375
	undecid	undecided	0.15625	0.03125	0.0	0.3125	0.375	0.375
	senior high school	senior high school	0.28125	0.75	0.59375	0.875	0.40625	0.34375
	logist transport forward	logistics, transport and forwarding 	0.15625	0.15625	0.1875	0.53125	0.375	0.34375
	undecid	Undecided	0.21875	0.90625	0.71875	0.78125	0.3125	0.15625
	undecid	Undecided	0.3125	0.9375	0.46875	0.78125	0.21875	0.125
	sonographi	Sonography 	0.78125	0.875	0.90625	1.0	0.90625	0.59375
	suppli chain	supply chain	0.21875	0.5	0.5625	0.40625	0.34375	0.40625
	sonographi	Sonography 	0.6875	0.90625	0.875	1.0	0.875	0.6875
	dms	DMS	0.0	0.625	0.0	0.09375	0.0625	0.0
	video game design	Video Game Design	0.03125	0.59375	0.65625	0.34375	0.09375	0.03125
	philolog	Philology	0.09375	0.4375	0.6875	0.09375	0.03125	0.03125
	dentistri	Dentistry	0.34375	0.71875	0.3125	0.34375	0.28125	0.21875
	dietet	Dietetics	0.5625	0.71875	0.40625	0.59375	0.25	0.375
	environment	environmental	0.34375	0.65625	0.40625	0.875	0.4375	0.375
	creativ write	Creative Writing	0.0	0.1875	0.71875	0.875	0.375	0.0
	vet technolog	Vet Tech	0.28125	0.78125	0.65625	0.75	0.46875	0.59375
	dietet	Dietetics	0.71875	0.96875	0.6875	0.90625	0.4375	0.59375
	kinesiolog	kinesiology	0.0	0.0625	0.0	0.25	0.0	0.0
	languag	Language	0.25	0.40625	0.6875	0.65625	0.34375	0.0
	kinesiolog	kinesiology	0.1875	0.5	0.125	0.625	0.28125	0.5625
	kinesiolog	kinesiology	0.25	0.6875	0.3125	0.40625	0.0625	0.0625
	undecid	undecided	0.1875	0.1875	0.53125	0.53125	0.6875	0.625
	power plant technolog	power plant technology	0.6875	0.6875	0.46875	0.53125	0.4375	0.46875
	undecid	undecided	0.28125	0.5	0.5	0.8125	0.40625	0.25
	child develop famili	Child Development and Family Studies	0.1875	0.65625	0.625	0.90625	0.5625	0.21875
	rn	Pre RN 	0.78125	0.84375	0.8125	0.90625	0.8125	0.75
	kinesiolog	Kinesiology	0.03125	0.625	0.03125	0.75	0.1875	0.15625
	hospit	Hospitality	0.40625	0.3125	0.46875	0.625	0.78125	0.5625
	speech patholog	Speech Pathology	0.0625	0.21875	0.5	0.5625	0.34375	0.40625
	aeronaut astronaut	aeronautics and astronautics	0.59375	0.75	0.59375	0.5	0.21875	0.5625
	bds	Bds	0.8125	0.96875	0.90625	0.875	0.71875	0.8125
	inform technolog	IT	0.46875	0.5625	0.40625	0.625	0.46875	0.71875
	accoutyningh	accoutyningh	0.25	0.09375	0.34375	0.125	0.40625	0.78125
	psicologia	psicologia	0.40625	0.40625	0.8125	0.875	0.375	0.21875
	dms	DMS	0.1875	0.40625	0.25	0.78125	0.375	0.34375
	comput technolog	computer technology	0.3125	0.0	0.125	0.34375	0.15625	0.34375
	exploratori	Exploratory	0.15625	0.25	0.40625	0.375	0.15625	0.3125
	web design	web design	0.34375	0.28125	0.875	0.28125	0.4375	0.28125
	biochem	Biochem	0.375	0.71875	0.3125	0.625	0.40625	0.65625
	comput	Computer	0.40625	0.4375	0.5	0.40625	0.40625	0.40625
	individu famili	Individual & Family Studies	0.5	0.25	0.375	0.375	0.40625	0.75
	global	Interdisciplinary Studies -- Global Studies/T	0.3125	0.375	0.75	0.875	0.375	0.21875
	polit	political	0.3125	0.46875	0.4375	0.9375	0.34375	0.34375
	sport	sports	0.375	0.375	0.15625	0.1875	0.46875	0.46875
	nenhuma	Nenhuma 	0.46875	0.21875	0.40625	0.84375	0.6875	0.90625
	pharmaci	Pharmacy	0.28125	0.65625	0.59375	0.65625	0.5625	0.34375
	direito	Direito	0.125	0.5625	0.6875	0.8125	0.1875	0.3125
	inform technolog	IT	0.6875	0.5	0.59375	0.6875	0.59375	0.8125
	undecid	undecided	0.09375	0.1875	0.03125	0.46875	0.34375	0.125
	massag	Massaging	0.71875	0.3125	0.71875	0.9375	0.6875	0.65625
	nail technician	Nail Technician	0.0	0.0	0.125	0.25	0.125	0.0
	psychlolgi	(psychlolgy)	0.46875	0.8125	0.6875	0.75	0.46875	0.53125
	integr	Integrated Studies	0.25	0.625	0.90625	0.78125	0.4375	0.375
	industri design	Industrial design	0.46875	0.59375	0.34375	0.34375	0.4375	0.28125
	undeclar	undeclared	0.09375	0.5625	0.40625	0.53125	0.15625	0.0625
	psycho	psycho	0.40625	0.46875	0.65625	0.34375	0.34375	0.46875
	hospit	Hospitality 	0.28125	0.4375	0.5625	0.84375	0.65625	0.4375
	big data	Big data	0.0	0.25	0.84375	0.46875	0.34375	0.09375
	translat interpret	Translation and Interpretation	0.5625	0.5	0.78125	0.875	0.46875	0.4375
	jhv	jhv	0.5	0.5	0.5	0.5	0.5	0.5
	liber	Liberal Studies	0.3125	0.4375	0.4375	0.4375	0.03125	0.3125
	digit cultur graphic inform technolo	Digital culture (Graphic Information Technolo	0.59375	0.21875	0.4375	0.71875	0.4375	0.65625
	akuntansi	Akuntansi	0.3125	0.34375	0.4375	0.65625	0.6875	0.75
	global	Global Studies	0.0	0.5625	0.875	0.59375	0.4375	0.125
	technolog	technology	0.125	0.21875	0.28125	0.6875	0.375	0.28125
	paraleg	Paralegal Studies	0.1875	0.5625	0.125	0.71875	0.46875	0.71875
	hospit	Hospitality	0.1875	0.09375	0.5	0.78125	0.5625	0.5
	paraleg	Paralegal	0.34375	0.40625	0.125	0.15625	0.0	0.21875
	ifsm	IFSM	0.28125	0.09375	0.0625	0.78125	0.6875	0.53125
	social	Social studies	0.15625	0.21875	0.46875	0.53125	0.375	0.53125
	kinesiolog	Kinesiology	0.4375	0.40625	0.25	0.4375	0.125	0.15625
	foundat	Foundation Diploma	0.09375	0.03125	0.09375	0.5625	0.125	0.4375
	african	African Studies	0.8125	0.6875	0.53125	0.53125	0.0	1.0
	medic bile code	medical biling and coding	0.0625	0.21875	0.28125	0.4375	0.4375	0.3125
	diesel technolog	diesel technology	0.4375	0.3125	0.0	0.875	0.03125	0.0
	current go colleg cyber secur	Currently going to college for cyber security	0.59375	0.375	0.46875	0.5	0.6875	0.75
	theatr	theatre	0.03125	0.34375	0.84375	0.96875	0.75	0.1875
	organiz leadership	Organizational Leadership	0.1875	0.46875	0.71875	0.71875	0.875	0.09375
	hospit	Hospitality	0.46875	0.625	0.78125	0.4375	0.5625	0.53125
	child	Child Studies	0.0	0.15625	0.5	0.75	0.46875	0.4375
	creativ write	Creative Writing	0.21875	0.21875	0.65625	0.5625	0.625	0.59375
	psicologia	Psicologia	0.28125	0.9375	0.75	0.90625	0.375	0.65625
	fashion merchandis	fashion merchandising	0.1875	0.375	0.5625	0.3125	0.75	0.125
	agrisci	Agrisci 	0.0	0.3125	0.5	0.15625	0.3125	0.0625
	broadcast	Broadcasting	0.15625	0.15625	0.25	0.46875	0.28125	0.5625
	design	Designer 	0.53125	0.875	0.90625	0.78125	0.84375	0.6875
	theatr	Theatre	0.28125	0.78125	0.71875	0.65625	0.46875	0.34375
	psicologia	PSICOLOGIA	0.15625	0.8125	0.71875	0.75	0.125	0.0625
	psicologia	Psicologia	0.5	0.5625	0.5625	0.84375	0.6875	0.75
	fashion design	FASHION DESIGN	0.125	0.0625	0.46875	0.34375	0.5625	0.21875
	undecid	Undecided	0.03125	0.03125	0.625	0.0	0.0	0.0
	diesel servic technolog	Diesel Service Technology	0.78125	0.65625	0.15625	0.5	0.3125	0.6875
	languag	Languages 	0.03125	0.15625	0.65625	0.5	0.15625	0.0
	undecid	Undecided	0.0625	0.15625	0.0625	0.15625	0.15625	0.0625
	kinesiolog	kinesiology	0.4375	0.09375	0.0	0.4375	0.0	0.0
	comput technolog	computer tech	0.25	0.3125	0.125	0.53125	0.5	0.46875
	inform	Information Studies	0.03125	0.03125	0.40625	0.59375	0.1875	0.03125
	kinesiolog	Kinesiology 	0.375	0.53125	0.21875	0.5625	0.4375	0.53125
	comput	Computer	0.53125	0.65625	0.53125	0.34375	0.4375	0.6875
	undecid	undecided	0.09375	0.78125	0.4375	0.34375	0.75	0.65625
	sport scientist	Sports Scientist 	0.0	0.0	0.25	0.0	0.0	0.0
	buis	Buisness	0.625	0.46875	0.375	0.5	0.6875	0.6875
	petrochem ngineer	Petrochemical ngineering	0.4375	0.1875	0.40625	0.15625	0.6875	0.53125
	undecid	undecided	0.3125	0.09375	0.0	0.125	0.3125	0.4375
	undecid	undecided 	0.28125	0.46875	0.1875	0.5	0.40625	0.3125
	medic support	Medical support	0.65625	0.96875	0.90625	1.0	0.9375	1.0
	current colleg	Currently in college 	0.3125	0.125	0.53125	0.46875	0.375	0.46875
	undeclar	undeclared	0.40625	0.59375	0.78125	0.5625	0.375	0.3125
	integr	integrative studies 	0.1875	0.53125	0.65625	0.65625	0.6875	0.3125
	speaker	Speakers	0.0625	0.0	0.4375	0.40625	0.3125	0.125
	islam	Islamic studies	0.59375	0.75	0.3125	0.34375	0.1875	0.40625
	sport lifestyl	Sports and lifestyle studies	0.375	0.375	0.0625	0.46875	0.25	0.21875
	undecid	undecided	0.125	0.0625	0.53125	0.25	0.1875	0.21875
	christian practic	Christian Practice 	0.03125	0.1875	0.6875	0.78125	0.09375	0.09375
	medic sonographi	medical sonography	0.15625	0.9375	0.34375	0.59375	0.28125	0.375
	speech languag patholog	Speech-Language Pathology	0.46875	0.625	0.3125	0.71875	0.25	0.15625
	design	design	0.0625	0.03125	0.40625	0.09375	0.40625	0.1875
	dental hygien	Dental Hygiene	0.0	0.8125	0.21875	0.3125	0.40625	0.375
	christian practic	Christian Practice	0.3125	0.75	0.3125	0.75	0.15625	0.1875
	não frequentou	Não frequentou	0.5	0.25	0.5	0.75	0.3125	0.4375
	inform technolog	information technology	0.0	0.6875	0.46875	0.625	0.0	0.15625
	tourism	Tourism	0.53125	0.65625	0.6875	0.84375	0.75	0.5625
	tourism	tourism	0.09375	0.03125	0.625	0.46875	0.1875	0.03125
	medic	medic	0.09375	0.5625	0.375	0.5625	0.5	0.59375
	patholog	Pathology 	0.1875	0.90625	0.5	0.40625	0.34375	0.3125
	american	american studies	0.21875	0.90625	0.96875	0.84375	0.3125	0.09375
	product design	Product Design	0.09375	0.71875	0.71875	0.4375	0.125	0.15625
	dental technolog	Dental technology 	0.3125	0.71875	0.65625	0.21875	0.03125	0.21875
	medic	Pre Medical	0.03125	0.6875	0.125	0.375	0.03125	0.0
	digit media product	Digital media and production 	0.1875	0.5	0.71875	0.65625	0.09375	0.21875
	digit media product	Digital media and production 	0.34375	0.65625	0.75	0.5625	0.28125	0.40625
	american	American Studies	0.46875	0.5625	0.75	0.5	0.375	0.125
	aviat	aviation	0.21875	0.625	0.65625	0.6875	0.46875	0.375
	vet technolog	Vet Tech	0.03125	0.6875	0.34375	0.75	0.5	0.5625
	teach	Teaching 	0.0625	0.3125	0.34375	0.5	0.34375	0.46875
	optometri	OPTOMETRY	0.0625	0.3125	0.65625	0.375	0.34375	0.3125
	teknik elektro	Teknik Elektro	0.59375	0.625	0.8125	0.625	0.46875	0.53125
	biomed	biomedical	0.09375	0.75	0.0	0.34375	0.0	0.0
	occup	Occupational 	0.125	0.5625	0.125	0.53125	0.15625	0.0625
	occunp	Occunpation Studies	0.25	0.625	0.15625	0.875	0.25	0.25
	food cloth	Food and Clothing	0.3125	0.28125	0.0	0.125	0.09375	0.21875
	design	Designing	0.65625	0.4375	0.5	0.34375	0.53125	0.5
	inform technolog	Information technology	0.4375	0.71875	0.1875	0.875	0.3125	0.3125
	elder care	Elder Care 	0.0	0.78125	0.25	0.90625	0.4375	0.21875
	inform technolog	Information Technologies	0.375	0.4375	0.6875	0.71875	0.6875	0.4375
	l	L	0.0	0.40625	0.6875	0.5	0.0625	0.0
	maritim	Maritime	0.28125	0.625	0.28125	0.46875	0.1875	0.15625
	polit	Politics	0.03125	0.34375	0.3125	0.4375	0.15625	0.125
	modern languag	Modern Languages	0.28125	0.8125	0.875	0.78125	0.3125	0.09375
	dentistri	dentistry	0.0	0.375	0.125	0.5625	0.34375	0.46875
	kinesiolog	kinesiology	0.34375	0.25	0.375	0.5625	0.4375	0.34375
	medic assist	Medical assistant 	0.375	0.875	0.75	0.96875	0.65625	0.96875
	digit media	Digital Media	0.0625	0.0	0.28125	0.25	0.09375	0.0
	digit media product	Digital Media Production	0.4375	0.5	0.90625	0.84375	0.3125	0.78125
	digit media product	Digital Media Production	0.5	0.46875	0.84375	0.46875	0.25	0.5
	individu	Bachelor of individualized studies 	0.125	0.5625	0.28125	0.34375	0.0	0.0625
	paraleg	Paralegal Studies	0.28125	0.46875	0.5	0.78125	0.46875	0.78125
	tourism	Tourism	0.34375	0.71875	0.71875	0.71875	0.5625	0.59375
	speech languag patholog	speech language pathology	0.65625	0.65625	0.1875	0.0625	0.03125	0.375
	child develop	Child development 	0.1875	0.4375	0.5625	0.6875	0.5625	0.78125
	cyber secur	Cyber Security	0.1875	0.75	0.375	0.375	0.40625	0.25
	comput	computer	0.5	0.46875	0.28125	0.5625	0.40625	0.75
	swedish	Swedish	0.15625	0.59375	0.4375	0.90625	0.4375	0.375
	real estat	Real Estate	0.5625	1.0	0.4375	1.0	0.90625	1.0
	creativ write game design	creative writing, game design	0.0625	0.53125	0.40625	0.4375	0.0625	0.0
	ministri	Ministry	0.0625	0.125	0.34375	0.90625	0.125	0.0
	inform technolog	IT	0.0625	0.21875	0.0	0.3125	0.0	0.125
	biblic child famili	Biblical Studies / Child and Family Studies	0.125	0.28125	0.59375	0.78125	0.46875	0.125
	electron media	electronic media	0.40625	0.125	0.84375	0.75	0.625	0.25
	psicologia	psicologia	0.03125	0.0625	0.84375	0.40625	0.53125	0.03125
	liber	Liberal Studies	0.15625	0.53125	0.375	0.84375	0.375	0.21875
	liber	Liberal Studies	0.6875	0.71875	0.53125	0.5	0.3125	0.25
	undecid	Undecided	0.5625	0.65625	0.21875	0.75	0.5625	0.53125
	theater	Theater	0.53125	0.78125	0.9375	0.78125	0.40625	0.25
	tourism	tourism	0.34375	0.65625	0.5	0.65625	0.8125	0.375
	nil	Nil	0.0	0.625	0.125	0.4375	0.3125	0.0625
	farmacia	Farmacia	0.21875	0.53125	0.5625	0.84375	0.34375	0.1875
	technolog	Technologies	0.6875	0.78125	1.0	0.59375	0.5	0.5
	tourism	Tourism	0.53125	0.65625	0.84375	1.0	0.65625	0.65625
	hospit	Hospitality	0.40625	0.78125	0.90625	0.53125	0.71875	0.40625
	astrologia	Astrologia 	0.625	0.25	0.5625	0.59375	0.4375	0.15625
	tourism	tourism	0.09375	0.09375	0.34375	0.28125	0.40625	0.0625
	radiolog	Radiology	0.34375	0.6875	0.3125	0.84375	0.21875	0.4375
	medic offucr	Medical offucr	0.15625	0.5	0.15625	0.53125	0.15625	0.3125
	secondari teach	Secondary Teaching	0.34375	0.40625	0.3125	0.78125	0.75	0.75
	conflict resolut	Conflict Resolution	0.0	0.03125	0.03125	0.40625	0.21875	0.0625
	dental hygenistri	Dental Hygenistry	0.0625	0.25	0.09375	0.875	0.53125	0.09375
	undecid	Undecided	0.09375	0.40625	0.71875	0.71875	0.59375	0.34375
	mis	MIS	0.34375	0.40625	0.5	0.53125	0.53125	0.4375
	system analyst	System analyst	0.5625	0.375	0.3125	0.8125	0.46875	0.4375
	abm	ABM	0.15625	0.625	0.65625	0.78125	0.3125	0.21875
	tourism	Tourism	0.03125	0.03125	0.375	0.625	0.4375	0.1875
	global china	Global China studies	0.0	0.5	0.625	0.375	0.75	0.1875
	medic	Medical	0.1875	0.75	0.6875	0.875	0.46875	0.59375
	medic technolog	medical technology	0.34375	0.75	0.4375	0.6875	0.1875	0.1875
	org develop	org development	0.1875	0.46875	0.40625	0.46875	0.40625	0.34375
	design	Design	0.21875	0.59375	1.0	0.8125	0.5625	0.21875
	kinesiolog	Kinesiology	0.03125	0.84375	0.0625	0.96875	0.1875	0.40625
	forens	Forensics	0.1875	0.6875	0.21875	0.125	0.46875	0.59375
	attent	Not yet attented	0.15625	0.75	0.375	0.84375	0.28125	0.09375
	film	Film	0.21875	0.375	0.90625	0.96875	0.8125	0.5
	pharmaci	pharmacy	0.5625	0.78125	0.875	0.84375	0.5625	0.59375
	culinari	culinary	0.4375	0.5625	0.4375	0.5625	0.4375	0.4375
	medic	medical	0.0625	0.84375	0.28125	0.46875	0.3125	0.0
	emgin	emgineering	0.71875	0.9375	0.84375	0.875	0.78125	1.0
	nil	Nil	0.375	0.75	0.3125	0.8125	0.59375	0.78125
	nil	NIL	0.4375	0.53125	0.21875	0.71875	0.59375	0.375
	chef	chef	0.34375	0.21875	0.28125	0.8125	0.75	0.375
	liber	Liberal Studies	0.0	0.28125	0.34375	0.6875	0.1875	0.03125
	liber	liberal studies	0.28125	0.46875	0.3125	0.84375	0.5	0.46875
	undecid	undecided	0.0	0.5	0.0625	0.09375	0.21875	0.0
	tle	TLE	0.75	0.8125	0.625	1.0	1.0	0.9375
	comput	Computers	0.0	0.4375	0.65625	0.625	0.0625	0.09375
	kinesiolog	Kinesiology 	0.5	0.5	0.4375	0.40625	0.4375	0.5
	merkt	merkting	0.5	0.125	0.9375	0.625	0.6875	0.4375
	rehabilit servic	Rehabilitation Services	0.5625	0.5	0.75	0.9375	0.625	0.75
	strateg plan	Strategic Planning 	0.4375	0.75	0.625	0.4375	0.25	0.15625
	psicologia	Psicologia	0.09375	0.34375	0.34375	0.65625	0.46875	0.3125
	undeclar	undeclared 	0.40625	0.5625	0.21875	0.0625	0.0625	0.3125
	tesol	TESOL	0.8125	0.9375	0.34375	0.375	0.28125	0.875
	undecid	undecided	0.0	0.875	0.46875	0.75	0.28125	0.09375
	kimia	Kimia	0.65625	0.59375	0.21875	0.40625	0.4375	0.78125
	inform technolog	IT	0.40625	0.78125	0.25	0.25	0.125	0.28125
	profession	Professional studies	0.03125	0.5625	0.21875	0.3125	0.46875	0.21875
	bra	bra	0.125	0.21875	0.78125	0.78125	0.5	0.0
	nirs	Nirsing	0.40625	0.65625	0.65625	0.5625	0.4375	0.1875
	foreign trade	foreign trade	0.0	0.3125	0.34375	0.90625	0.125	0.09375
	occup therapi	occupational therapy	0.59375	0.78125	0.53125	0.96875	0.59375	0.875
	medic technolog	medical technology 	0.34375	0.59375	0.6875	0.75	0.53125	0.375
	program	Programming	0.4375	0.59375	0.625	0.625	0.40625	0.90625
	veterinari	veterinary 	0.375	0.6875	0.53125	0.5	0.5	0.5
	hopspit oper	Hopspitality operations	0.125	0.125	0.625	0.5	0.6875	0.3125
	cinema	Cinema	0.3125	0.75	0.8125	0.53125	0.25	0.3125
	polit	Politics	0.0	0.5625	0.28125	0.71875	0.28125	0.25
	perform product	Performance Production 	0.28125	0.65625	0.5625	0.4375	0.1875	0.21875
	chef	chef	0.5625	0.46875	0.625	0.53125	0.625	0.71875
	tourism	Tourism	0.40625	0.5	1.0	0.9375	0.28125	0.59375
	design	Design	0.46875	0.3125	0.71875	0.40625	0.4375	0.4375
	hospit	hospitality 	0.3125	0.5	0.25	0.4375	0.21875	0.46875
	design	design	0.34375	0.46875	0.65625	0.625	0.625	0.4375
	stem	STEM	0.125	0.21875	0.84375	0.65625	0.5625	0.375
	bhm	Bhm	0.78125	0.96875	0.8125	0.8125	0.84375	0.65625
	undecid	undecided 	0.46875	0.78125	0.15625	0.53125	0.34375	0.21875
	foreign relat	Foreign Relations	0.25	0.21875	0.3125	0.875	0.34375	0.03125
	inform technolog	information technology	0.5	0.84375	0.9375	1.0	0.625	0.25
	polit	Politic 	0.5625	0.6875	0.1875	0.53125	0.5	0.375
	comput	computing	0.6875	0.875	0.59375	0.71875	0.59375	0.875
	tourism	tourism	0.34375	0.53125	0.5	0.53125	0.375	0.40625
	develop plan	Development Planning	0.21875	0.53125	0.53125	0.90625	0.5625	0.4375
	cook	Cooking	0.6875	0.6875	0.53125	0.875	0.6875	0.8125
	medic technolog	Medical Technology	0.09375	0.71875	0.5	0.90625	0.40625	0.15625
	na	na	0.46875	0.5	0.34375	0.34375	0.4375	0.375
	plan	planning	0.21875	0.34375	0.21875	0.4375	0.21875	0.25
	inform secur	Information Security	0.6875	0.625	0.625	0.78125	0.5625	0.65625
	inform technolog	Information Technology	0.46875	0.53125	0.59375	0.625	0.40625	0.40625
	inform technolog	IT	0.65625	0.125	0.46875	0.25	0.21875	0.34375
	dentistri	dentistry	0.5625	0.75	0.75	0.65625	0.65625	0.65625
	se	no se	0.5	0.5	0.5	0.5	0.5	0.5
	social	Social 	0.3125	0.4375	0.46875	0.40625	0.4375	0.53125
	hospit	Hospitality 	0.125	0.375	0.21875	0.59375	0.34375	0.28125
	hospit	Hospitality 	0.1875	0.21875	0.5	0.65625	0.4375	0.5
	electr	Electrical 	0.5	0.5625	0.53125	0.65625	0.5625	0.5625
	aerospac	Aerospace	0.5625	0.53125	0.5625	0.71875	0.8125	0.625
	safeti	Safety 	0.0625	0.3125	0.0	0.3125	0.125	0.15625
	anim	Animation 	0.28125	0.375	0.6875	0.28125	0.25	0.40625
	languag	language	0.09375	0.0	0.625	0.5625	0.875	0.59375
	medic technolog	Medical Technology	0.25	0.5	0.34375	0.4375	0.1875	0.1875
	hukum	Hukum	0.46875	0.28125	0.5625	0.8125	0.53125	0.75
	medic technolog	Medical Technology	0.5	0.8125	1.0	0.4375	0.25	0.34375
	write	writing	0.125	0.3125	0.53125	0.5	0.40625	0.21875
	liber	Liberal Studies	0.15625	0.28125	0.75	0.625	0.4375	0.5
	liber	Liberal Studies	0.0	0.0	0.1875	0.375	0.0	0.0
	inform technolog inform technolog	Information technology(I.T)	0.84375	0.6875	0.4375	0.71875	0.40625	0.625
	liber	Liberal Studies  	0.34375	0.5625	0.53125	0.40625	0.40625	0.28125
	undecid	Undecided	0.53125	0.28125	0.46875	0.65625	0.21875	0.28125
	liber	associates in liberal studies	0.3125	0.6875	0.15625	0.125	0.15625	0.5
	kinesiolog	Kinesiology	0.15625	0.75	0.09375	0.8125	0.5	0.09375
	physiotherapi	physiotherapy	0.34375	0.625	0.28125	0.84375	0.375	0.15625
	inform technolog	IT	0.28125	0.5625	0.46875	0.375	0.59375	0.53125
	kinesiolog	kinesiology	0.21875	0.5	0.53125	0.90625	0.375	0.15625
	nil	nil	0.4375	0.375	0.59375	0.78125	0.75	0.3125
	nil	nil	0.0625	0.78125	0.375	0.84375	0.40625	0.1875
	inform technolog secur	IT security	0.15625	0.96875	0.34375	0.53125	0.25	0.8125
	design fashion	Design fashion 	0.03125	0.375	0.71875	0.375	0.78125	0.34375
	design fashion	Design fashion 	0.03125	0.3125	0.71875	0.34375	0.8125	0.03125
	design	design	0.34375	0.53125	0.53125	0.5625	0.59375	0.5
	hm	HM	0.5625	0.65625	0.75	0.625	0.65625	0.625
	hm	HM	0.625	0.71875	0.75	0.53125	0.5625	0.625
	undecid	Undecided 	0.09375	0.53125	0.125	0.25	0.3125	0.21875
	undecid	undecided 	0.0	0.6875	0.4375	0.8125	0.125	0.1875
	undecid	undecided	0.1875	0.0625	0.0625	0.5625	0.28125	0.1875
	fashion merchandis	Fashion Merchandising 	0.1875	0.125	0.6875	0.5	0.75	0.65625
	organiz develop	Organizational Development	0.09375	0.71875	0.90625	0.90625	0.40625	0.375
	go coll	i dont what to go in to colling  	0.28125	0.3125	0.28125	0.3125	0.28125	0.21875
	medic	Medical 	0.3125	0.875	0.90625	0.46875	0.375	0.0
	instrument	Instrumentation	0.5	0.125	0.0	0.125	0.21875	0.5
	tecnic vocat livelihood	Tecnical, Vocational, Livelihood	0.1875	0.15625	0.59375	0.34375	0.40625	0.25
	enterpreneurship	Enterpreneurship	0.3125	0.59375	0.9375	0.875	0.65625	0.6875
	design quit	Design but I quitted	0.34375	0.25	0.625	0.375	0.46875	0.40625
	teach	Teaching	0.09375	0.5	0.78125	0.78125	0.5625	0.25
	land develop	land development	0.34375	0.46875	0.3125	0.53125	0.375	0.65625
	inform technolog	IT	0.3125	0.71875	0.8125	0.625	0.65625	0.25
	culinari	Culinary	0.71875	0.9375	0.875	1.0	0.90625	0.875
	medic assist	Medical Assisting	0.0	0.34375	0.0	0.34375	0.125	0.0625
	child develop	child development 	0.0625	0.75	0.3125	0.6875	0.5	0.125
	speech patholog	speech pathology	0.25	0.53125	0.5625	0.34375	0.375	0.3125
	undecid	undecided	0.40625	0.53125	0.65625	0.625	0.5	0.3125
	anim	animation	0.6875	0.90625	0.78125	0.5	0.34375	0.25
	child develop	child development 	0.0	0.875	0.125	0.75	0.4375	0.125
	inform technolog	it	0.71875	0.6875	0.96875	0.75	0.75	0.65625
	speech terapi	Speech Terapy	0.25	0.65625	0.8125	0.5625	0.71875	0.9375
	medic assist	Medical Assistant 	0.09375	0.65625	0.15625	0.53125	0.25	0.125
	organiz leadership	Organizational Leadership	0.0625	0.65625	0.25	0.15625	0.28125	0.0625
	network system	network system 	0.4375	0.59375	0.46875	0.5	0.40625	0.65625
	jhs complet	jhs completer	0.46875	0.5	0.65625	0.75	0.65625	0.59375
	nil	Nil	0.53125	0.46875	0.5625	0.5625	0.5	0.5
	creativ write	Creative Writing	0.09375	0.09375	0.875	0.3125	0.25	0.03125
	highschool	highschool	0.84375	0.8125	0.28125	0.375	0.28125	0.5625
	psycho ogi	psycho;ogy	0.0	0.34375	0.375	0.625	0.40625	0.3125
	inform technolog	Information Technology	0.40625	0.625	0.71875	0.65625	0.5625	0.4375
	occup therapi	Occupational therapy	0.15625	0.4375	0.5625	0.875	0.40625	0.25
	stem	STEM	0.59375	0.71875	1.0	0.59375	0.59375	0.40625
	current attend	currently attending	0.09375	0.25	0.4375	0.6875	0.46875	0.40625
	dental hygien	Dental hygiene 	0.25	0.90625	0.5625	0.84375	0.6875	0.46875
	film televis	Film and television 	0.375	0.75	0.875	0.75	0.625	0.125
	undeic	undeiced	0.21875	0.375	0.3125	0.53125	0.34375	0.25
	stem	STEM	0.90625	0.625	0.625	0.625	0.59375	0.53125
	histroy	histroy	0.53125	0.46875	0.5	0.59375	0.53125	0.59375
	patholog	Pathology	0.8125	1.0	1.0	0.9375	0.8125	0.625
	heidi	heidi	0.3125	0.34375	0.375	0.375	0.28125	0.15625
	medic technolog	Medical Technology	0.3125	0.65625	0.375	0.625	0.4375	0.4375
	pedagogiek	pedagogiek	0.4375	0.5	0.40625	0.6875	0.34375	0.25
	still high school	still in high school	0.6875	0.65625	0.90625	1.0	0.90625	0.71875
	softwar develop	Software Development	0.53125	0.8125	0.71875	0.46875	0.15625	0.5
	child develop	Child Development 	0.5	0.28125	0.0	0.6875	0.375	0.9375
	biolgi	Biolgy	0.0625	0.84375	0.125	0.40625	0.375	0.0
	film	Film	0.15625	0.5625	0.4375	0.40625	0.3125	0.125
	comput	computer 	0.15625	0.21875	0.03125	0.15625	0.1875	0.1875
	design	Design	0.21875	0.6875	0.625	0.65625	0.5	0.3125
	child develop	child development	0.5625	0.53125	0.03125	0.78125	0.53125	0.875
	undeclar	Undeclared	0.0	0.46875	0.5	0.53125	0.0	0.1875
	kinesiolog	Kinesiology	0.3125	0.625	0.78125	0.59375	0.40625	0.46875
	anim behaviour	Animal behaviour	0.15625	0.53125	0.6875	0.90625	0.4375	0.15625
	pharmacist	Pharmacist	0.46875	0.53125	0.40625	0.5625	0.46875	0.46875
	stem	Stem	0.3125	0.4375	0.375	0.71875	0.59375	0.53125
	graphic comun	Graphic Comunications	0.28125	0.53125	0.4375	0.3125	0.4375	0.25
	sleep	sleeping	0.5625	0.375	0.5625	0.78125	0.6875	0.5625
	food technolog	Food Technology	0.5625	0.6875	0.6875	0.8125	0.65625	0.71875
	medic	medical	0.5625	0.75	0.59375	0.59375	0.46875	0.15625
	studi earli childhood	Now studying Early Childhood.	0.09375	0.15625	0.40625	0.6875	0.4375	0.125
	fashion	Fashion	0.1875	0.375	0.8125	0.5	0.6875	0.3125
	cntt	CNTT	0.65625	0.625	0.53125	0.46875	0.1875	0.53125
	technolog	Tech	0.5625	0.625	0.09375	0.34375	0.21875	0.375
	aeronaut	Aeronautical	0.15625	0.0625	0.0625	0.125	0.09375	0.0625
	medic assist	medical assisting 	0.75	0.78125	0.6875	0.59375	0.5	0.40625
	digit anim	Digital Animation	0.0625	0.0	0.09375	0.0	0.1875	0.0
	medic	medical	0.21875	0.59375	0.6875	0.3125	0.125	0.0
	undecid	undecided	0.0	0.96875	0.34375	0.65625	0.25	0.0
	grade	Grade 12	0.5	0.71875	0.78125	0.84375	0.71875	0.625
	digit media	Digital Media	0.09375	0.6875	0.375	0.53125	0.09375	0.375
	bis	BIS	0.3125	0.1875	0.46875	0.8125	0.40625	0.4375
	danc	Dance	0.4375	0.65625	0.96875	0.65625	0.53125	0.40625
	sound design	Sound Design	0.09375	0.625	0.3125	0.40625	0.1875	0.3125
	fashion	Fashion 	0.125	0.65625	0.84375	0.34375	0.40625	0.03125
	undecid	undecided	0.1875	0.34375	0.5	0.6875	0.71875	0.65625
	hospit tourism	hospitality and tourism	0.40625	0.15625	0.71875	0.65625	0.5	0.625
	theater	Theater	0.09375	0.40625	0.84375	0.65625	0.125	0.09375
	undecid	undecided	0.0625	0.4375	0.03125	0.625	0.5	0.125
	liber	Liberal Studies 	0.59375	0.53125	0.375	0.78125	0.25	0.25
	paralg	Paralgal	0.0	0.125	0.0	0.1875	0.09375	0.0625
	technolog	Technology or 	0.625	0.0625	0.40625	0.3125	0.65625	0.71875
	pharmaci	Pharmacy	0.21875	0.4375	0.59375	0.46875	0.4375	0.59375
	undecid	Undecided	0.0	0.09375	0.0	0.34375	0.125	0.03125
	biblic	Biblical Studies	0.15625	0.15625	0.625	0.5	0.15625	0.28125
	auto mechan	Auto Mechanics 	0.625	0.71875	0.8125	0.75	0.59375	0.53125
	organiz leadership	organizational leadership 	0.21875	0.5625	0.4375	0.78125	0.65625	0.71875
	metal technolog	metals technology	0.59375	0.6875	0.9375	0.875	0.875	0.90625
	undecid	Undecided 	0.34375	0.5	0.625	0.78125	0.375	0.34375
	tv film product	TV / Film Production	0.46875	0.5625	0.5625	0.75	0.28125	0.15625
	act	Acting	0.0	0.75	0.84375	0.8125	0.0625	0.0
	inform technolog	IT	0.65625	0.75	0.9375	0.4375	0.46875	0.1875
	forens investig	Forensic Investigations	0.4375	0.65625	0.5	0.4375	0.46875	0.53125
	homeland secur	Homeland Security	0.25	0.625	0.375	0.9375	0.21875	0.28125
	digit media	Digital Media	0.09375	0.75	0.3125	0.46875	0.0625	0.3125
	organiz leadership	Organizational Leadership	0.375	0.4375	0.625	0.53125	0.1875	0.5
	learn	Learning	0.09375	0.40625	0.53125	0.78125	0.375	0.0625
	hospit	Hospitality	0.625	0.65625	0.40625	0.71875	0.71875	0.65625
	teach	Teaching	0.28125	0.3125	0.3125	0.71875	0.46875	0.25
	child develop famili	Child Development and Family Studies	0.125	0.78125	0.78125	0.90625	0.4375	0.03125
	cyber secur	Cyber Security	0.625	0.3125	0.5	0.8125	0.40625	1.0
	cyber secur	Cyber Security	0.65625	0.53125	0.46875	0.90625	0.65625	1.0
	menag	menagment	0.59375	0.0625	0.78125	0.21875	0.34375	0.40625
	chemic	Chemical	0.375	0.65625	0.84375	0.96875	0.34375	0.25
	organiz leadership	organizational leadership	0.0625	0.9375	0.71875	0.8125	0.0625	0.34375
	inform technolog	Information Technology	0.5625	1.0	0.3125	0.875	0.375	0.625
	global logist	Global Logistics	0.40625	0.5	0.59375	0.90625	0.71875	0.75
	design	Design	0.21875	0.21875	0.71875	0.46875	0.125	0.15625
	hospit	Hospitality	0.0625	0.0	0.625	0.625	0.53125	0.21875
	design	Design	0.15625	0.4375	0.84375	0.65625	0.53125	0.0625
	youth justic	Youth Justice	0.09375	0.625	0.46875	0.625	0.40625	0.71875
	kinesiolog	Kinesiology	0.375	0.625	0.5625	0.8125	0.5625	0.46875
	food nutrit	Foods and Nutrition	0.5	0.75	0.71875	0.46875	0.09375	0.46875
	athlet train	Athletic Training	0.0	0.6875	0.3125	0.53125	0.125	0.0
	medic bill code	Medical Billing & Coding	0.15625	0.46875	0.25	0.4375	0.25	0.4375
	undecid	undecided	0.625	0.84375	0.84375	0.59375	0.3125	0.0625
	undecid	undecided	0.59375	0.5625	0.03125	0.125	0.21875	0.40625
	interior design	interior design	0.125	0.21875	0.5625	0.46875	0.46875	0.125
	film	Film	0.0625	0.125	0.8125	0.6875	0.4375	0.0625
	nutrit	nutrition	0.0	0.53125	0.15625	0.78125	0.15625	0.21875
	nutrit	nutrition	0.0	0.5625	0.0	0.75	0.0	0.03125
	liber	Liberal Studies	0.5625	0.875	0.84375	0.8125	0.3125	0.25
	logist	Logistic	0.09375	0.28125	0.1875	0.4375	0.8125	0.4375
	senior high school stem strand	Senior High School (STEM Strand)	0.25	0.6875	0.59375	0.78125	0.65625	0.5625
	residenti environ design	Residential Environments and Design	0.1875	0.21875	0.1875	0.78125	0.65625	0.4375
	undeclar	Undeclared	0.28125	0.15625	0.375	0.53125	0.1875	0.375
	dental hygien	Dental Hygiene	0.0	0.40625	0.0	0.03125	0.0	0.0
	rehab	rehab	0.75	0.0625	0.40625	0.625	0.65625	0.09375
	supervis instruct	Supervision and Instruction	0.40625	0.5	0.15625	0.4375	0.53125	0.6875
	medic technolog	Medical technology	0.5	0.96875	0.5	0.09375	0.0	0.375
	bioinformat	Bioinformatics	0.53125	0.71875	0.59375	0.46875	0.28125	0.6875
	visual media	Visual Media	0.0625	0.40625	0.1875	0.3125	0.1875	0.03125
	undecid	undecided	0.125	0.59375	0.375	0.6875	0.21875	0.09375
	undecid	Undecided	0.0	0.4375	0.1875	0.28125	0.15625	0.03125
	esl	ESL	0.25	0.75	0.5	0.65625	0.40625	0.125
	undecid	undecided 	0.28125	0.5625	0.3125	1.0	1.0	0.9375
	interior design	interior design	0.46875	0.375	0.375	0.40625	0.5625	0.40625
	forens	forensics	0.0	0.65625	0.6875	0.59375	0.25	0.125
	medic biophys	medical biophysics	0.4375	0.8125	0.8125	0.6875	0.59375	0.5
	technic product	technical production	0.0625	0.09375	0.34375	0.1875	0.25	0.03125
	na	na	0.375	0.5	0.3125	0.65625	0.1875	0.78125
	undecid	undecided	0.03125	0.59375	0.375	0.1875	0.375	0.4375
	psicologia	psicologia	0.3125	0.59375	0.4375	0.75	0.28125	0.375
	food nutrit	Food and Nutrition 	0.125	0.875	0.03125	0.75	0.40625	0.34375
	athlet train	Athletic Training	0.0	0.28125	0.65625	0.6875	0.21875	0.0
	hvac	HVAC	0.71875	0.0625	0.28125	0.25	0.40625	0.1875
	teach	teaching	0.3125	0.1875	0.25	0.9375	0.5	0.625
	undecid	Undecided	0.5625	0.5	0.4375	0.9375	0.5625	0.5
	nil	Nil	0.1875	0.375	0.6875	0.71875	0.625	0.5
	design	Design	0.5625	0.375	0.90625	0.3125	0.53125	0.3125
	inform technolog	Information Technology	0.65625	0.5625	0.375	0.59375	0.375	0.75
	fashion merchandis	Fashion Merchandising	0.0	0.03125	0.46875	0.3125	0.625	0.375
	design	Design	0.40625	0.53125	0.8125	0.84375	0.59375	0.34375
	anim	2d animation 	0.1875	0.4375	0.5	0.6875	0.53125	0.53125
	nutrit	Nutrition	0.6875	0.6875	0.6875	0.65625	0.65625	0.5625
	undecid	undecided	0.59375	0.78125	0.53125	0.5	0.46875	0.5625
	research	researcher	0.21875	0.28125	0.21875	0.25	0.25	0.21875
	malay languag studi	MALAY LANGUAGE STUDY	0.3125	0.28125	0.78125	0.625	0.53125	0.4375
	psicologia	Psicologia	0.0625	0.71875	0.8125	0.84375	0.5625	0.59375
	medic assist	medical assistant	0.375	1.0	0.8125	0.8125	0.875	0.6875
	undecid	undecided	0.46875	0.71875	0.5625	0.71875	0.625	0.46875
	giurisprud	Giurisprudence 	0.21875	0.59375	0.875	0.8125	0.9375	0.375
	teacher aid	teachers aide	0.25	0.46875	0.6875	0.75	0.53125	0.25
	teacher	teacher	0.40625	0.25	0.09375	0.53125	0.65625	0.71875
	biochem	Biochem	0.375	0.875	0.0625	0.1875	0.53125	0.625
	txmd	txmd	0.03125	0.5	0.59375	0.3125	0.40625	0.21875
	undecid	undecided	0.53125	0.59375	0.1875	0.25	0.0	0.1875
	fashion design	fashion design	0.40625	0.40625	0.6875	0.59375	0.4375	0.53125
	environment	Environmental Studies	0.5	0.8125	0.8125	0.34375	0.0	0.21875
	fashion merchandis	fashion merchandising	0.0625	0.125	0.3125	0.65625	0.84375	0.1875
	anim	animation	0.3125	0.65625	0.78125	0.53125	0.3125	0.34375
	electron comput	electronic and computer	0.3125	0.375	0.46875	0.3125	0.25	0.25
	anim game design	2-D animation/ game design	0.40625	0.59375	0.65625	0.625	0.3125	0.25
	diesel mechan	Diesel mechanics 	0.65625	0.46875	0.125	0.5	0.5	0.5625
	fashion merchandis	Fashion Merchandising	0.0625	0.03125	0.4375	0.25	0.5	0.46875
	first peopl	First Peoples Studies	0.21875	0.28125	0.3125	0.625	0.46875	0.40625
	mechan	Mechanics	0.46875	0.375	0.09375	0.1875	0.09375	0.25
	child develop	Child Development	0.0	0.0	0.0625	0.75	0.1875	0.03125
	hotel mgt	Hotel mgt	0.0	0.625	0.5625	0.65625	0.28125	0.0625
	child develop	Child Development	0.40625	0.5625	0.75	0.84375	0.78125	0.53125
	dental hygien	Dental Hygiene	0.375	0.6875	0.375	0.59375	0.53125	0.40625
	arab	Arabic	0.6875	0.4375	0.21875	0.53125	0.25	0.09375
	veterinari	Veterinary 	0.15625	0.59375	0.4375	0.65625	0.28125	0.1875
	apparel design	Apparel design	0.28125	0.1875	0.5625	0.625	0.6875	0.3125
	theater	Theater	0.15625	0.40625	0.78125	0.40625	0.1875	0.09375
	expand media	expanded media 	0.0625	0.28125	0.5	0.375	0.21875	0.125
	fashion desighn	Fashion Desighn	0.0	0.03125	0.125	0.3125	0.53125	0.0
	apparel design	Apparel Design	0.21875	0.09375	0.84375	0.28125	0.53125	0.34375
	game program	game programming	0.71875	0.6875	0.71875	0.78125	0.5625	0.625
	televis	Television	0.3125	0.46875	0.75	0.625	0.28125	0.21875
	yyfiuhiuvhiuhgeiheviuhf	y47yf9iuhiuvhiuhgeiheviuhf	1.0	1.0	1.0	1.0	1.0	1.0
	social servic	Social Services	0.4375	0.5	0.0	0.9375	0.125	0.3125
	giurisprudenza	Giurisprudenza	0.25	0.1875	0.5	0.71875	0.34375	0.125
	caterpillar	Caterpillar 	0.375	0.0	0.0	0.0625	0.0625	0.09375
	paraleg	paralegal	0.28125	0.625	0.3125	0.625	0.21875	0.21875
	medic	medical	0.25	0.375	0.375	0.625	0.59375	0.875
	interior design	Interior Design	0.28125	0.5	0.3125	0.6875	0.71875	0.5625
	busniess	busniess	0.875	0.1875	0.125	0.75	0.625	0.875
	paraleg	Paralegal Studies	0.3125	0.6875	0.46875	0.65625	0.4375	0.5625
	oncolog	Oncology 	0.0625	0.28125	0.375	0.59375	0.53125	0.0625
	buis	Buisness	0.53125	0.75	0.875	0.78125	0.875	0.78125
	social servic	Social services	0.4375	0.34375	0.28125	0.90625	0.84375	0.9375
	medic	Medical 	0.625	1.0	0.21875	0.90625	0.71875	0.625
	weld	Welding	0.0625	0.28125	0.34375	0.3125	0.78125	0.09375
	medic assist	medical assisting	0.65625	0.34375	0.59375	0.75	0.75	0.71875
	game program	Game programming 	0.375	0.375	0.28125	0.4375	0.59375	0.28125
	paraleg	Paralegal	0.78125	0.875	0.53125	0.71875	0.59375	0.8125
	comput secur	Computer Security	0.40625	0.15625	0.375	0.71875	0.03125	0.15625
	undecid	undecided	0.21875	0.59375	0.84375	0.71875	0.625	0.03125
	comun	Comunication	0.0625	0.25	0.375	0.28125	0.21875	0.15625
	fashion merchandis	Fashion merchandising 	0.40625	0.15625	0.3125	0.625	0.53125	0.375
	radiolog	radiology	0.09375	0.46875	0.125	0.75	0.375	0.625
	organiz leadership	Organizational Leadership	0.0625	0.03125	0.09375	0.71875	0.5	0.28125
	graphic multimedia	Graphics and multimedia	0.53125	0.4375	0.9375	1.0	0.375	0.5625
	entrepreneurship	Entrepreneurship	0.09375	0.1875	0.375	0.625	0.25	0.28125
	respiratori therapi	Respiratory therapy	0.5	0.6875	0.65625	0.6875	0.4375	0.4375
	‰pœê	‰pŒê	0.4375	0.90625	0.53125	0.5	0.34375	0.25
	stem	STEM	0.75	0.65625	0.375	0.1875	0.28125	0.25
	biomed	Biomedical	0.15625	0.5	0.3125	0.53125	0.46875	0.59375
	film	Film	0.09375	0.34375	0.75	0.5	0.21875	0.125
	respiratori therapi	respiratory therapy	0.0625	0.71875	0.4375	0.75	0.40625	0.375
	medic assist	medical assistant	0.0625	0.09375	0.34375	0.90625	0.6875	0.65625
	child develop famili	Child development and Family Studies	0.0	0.0	0.0	0.5	0.25	0.0
	nutrit	Nutrition	0.0	0.375	0.0	0.375	0.03125	0.0625
	dentistri	Dentistry	0.6875	0.75	0.78125	0.84375	0.375	0.65625
	fashion design	Fashion Design	0.40625	0.53125	0.375	0.71875	0.34375	0.9375
	paraleg	Paralegal Studies	0.21875	0.78125	0.5	0.71875	0.625	0.75
	harvard	harvard 	0.53125	1.0	1.0	1.0	0.875	0.5625
	inform technolog	Information Technology	0.0	0.625	0.0	0.0	0.0	0.0
	tvet	TVET	0.71875	0.65625	0.625	0.96875	0.34375	0.9375
	social	social	0.5	0.65625	0.59375	0.84375	0.5625	0.34375
	undecid	undecided	0.625	0.59375	0.59375	0.59375	0.59375	0.59375
	medic offic assit	medical office assitant	0.21875	0.3125	0.4375	0.8125	0.375	0.46875
	inform technolog	information technology	0.15625	0.5	0.25	0.5	0.28125	0.75
	greek	Greek	0.03125	0.53125	0.75	0.53125	0.78125	0.25
	network technolog	networking technology	0.625	0.625	0.71875	0.6875	0.5625	0.53125
	network technolog	Network Technology	0.34375	0.40625	0.40625	0.21875	0.375	0.40625
	social servic	social service	0.125	0.40625	0.09375	0.78125	0.21875	0.125
	code bill	coding and billing	0.53125	0.875	1.0	0.90625	0.3125	0.59375
	mechan	Mechanics	0.625	0.375	0.0625	0.0625	0.125	0.3125
	famili	Family Studies	0.09375	0.1875	0.71875	0.875	0.3125	0.21875
	paraleg	Paralegal 	0.0	0.25	0.46875	0.6875	0.59375	0.53125
	ece	ECE	0.0625	0.0625	0.21875	0.4375	0.03125	0.0
	liber	liberal studies	0.09375	0.46875	0.6875	0.8125	0.09375	0.0625
	assisoc	Assisocate Degree	0.3125	0.5	0.46875	0.5625	0.53125	0.5625
	multimedia	multimedia	0.53125	0.75	1.0	0.8125	0.65625	0.46875
	food technolog	Food technology	0.53125	0.46875	0.53125	0.65625	0.40625	0.5625
	happi	happy	0.5	0.65625	0.5	0.625	0.625	0.53125
	medic assist	Medical Assisting	0.03125	0.21875	0.3125	0.9375	0.5	0.21875
	tourism	tourism	0.0	0.5625	0.34375	0.3125	0.0	0.0
	liber	Liberal studies	0.28125	0.375	0.75	0.375	0.3125	0.15625
	undecid	undecided	0.15625	0.8125	0.28125	0.8125	0.625	0.21875
	classic	Classics	0.375	0.75	0.78125	0.625	0.5	0.125
	undecid	undecided	0.375	0.5	0.4375	0.53125	0.28125	0.375
	psicologia	psicologia	0.0	0.75	0.65625	0.8125	0.34375	0.03125
	tourism	Tourism 	0.21875	0.4375	0.59375	0.84375	0.65625	0.15625
	undecid	undecided	0.125	0.53125	0.375	0.15625	0.21875	0.09375
	web develop	Web development	0.6875	0.875	0.75	0.71875	0.8125	0.6875
	rn	RN	0.375	0.71875	0.1875	0.75	0.4375	0.375
	informat	informatics	0.3125	0.15625	0.65625	0.625	0.5625	0.53125
	design	designer	0.3125	0.5	0.46875	0.5	0.53125	0.40625
	inform technolog	IT	0.5625	0.125	0.3125	0.375	0.46875	0.4375
	child youth care	child and youth care	0.15625	0.125	0.3125	0.78125	0.65625	0.28125
	film	Film	0.0	0.125	0.59375	0.625	0.46875	0.0625
	design interior	Design interior 	0.75	0.625	0.90625	0.90625	0.90625	0.875
	film product	Film production	0.71875	0.53125	0.8125	0.53125	0.65625	0.40625
	weld	Welding	0.71875	0.75	0.5625	0.6875	0.40625	0.46875
	game design	Game Design 	0.28125	0.46875	0.5	0.59375	0.28125	0.3125
	game design	Game Design 	0.28125	0.46875	0.59375	0.625	0.28125	0.34375
	eng	Englis	0.125	0.65625	0.8125	0.40625	0.34375	0.25
	hospit	Hospitality	0.6875	0.78125	0.6875	0.71875	0.59375	0.71875
	make	make up	0.28125	0.21875	0.5625	0.78125	0.65625	0.3125
	technolog inform	Technology information	0.5625	0.71875	0.8125	0.25	0.5	0.6875
	n	n,a	0.46875	0.46875	0.6875	0.875	0.375	0.53125
	undecid	Undecided	0.28125	0.34375	0.78125	0.46875	0.75	0.5625
	undecid	Undecided	0.1875	0.4375	0.84375	0.53125	0.625	0.40625
	physcholog	Physchology	0.71875	0.65625	0.6875	0.59375	0.8125	0.5625
	pshychloygi	pshychloygy	0.53125	0.75	0.78125	0.40625	0.65625	0.78125
	rn	RN	0.21875	0.40625	0.125	0.84375	0.625	0.5625
	fashion design	Fashion Design	0.15625	0.4375	0.5625	0.71875	0.21875	0.0625
	bank	Banking studies	0.53125	0.5	0.53125	0.71875	0.59375	0.65625
	veterinari	veterinary	0.625	0.96875	0.90625	1.0	0.84375	0.65625
	inform technolog	IT	0.59375	0.84375	0.5	0.1875	0.125	0.5625
	heavi equip	heavy equipment	0.53125	0.09375	0.0625	0.15625	0.1875	0.25
	desiel technolog	desiel tech	0.34375	0.0	0.0	0.0	0.21875	0.0
	creativ media film	creative media and film	0.34375	0.3125	0.84375	0.59375	0.5	0.4375
	humran resourc	humran resources 	0.0	0.03125	0.0625	0.71875	0.40625	0.375
	unsur	unsure	0.3125	0.25	0.375	0.34375	0.34375	0.40625
	diesel technolog	diesel tech	0.3125	0.4375	0.0625	0.15625	0.46875	0.375
	odontholog	odonthology	0.03125	0.3125	0.5	0.28125	0.46875	0.125
	hospit tourism	hospitality and tourism	0.53125	0.59375	0.40625	0.78125	0.5	0.5625
	justic	Justice studies	0.28125	0.40625	0.125	0.6875	0.4375	0.59375
	senior high school	senior high school	0.15625	0.625	0.96875	0.71875	0.375	0.21875
	languag	Languages	0.0625	0.25	0.71875	0.90625	0.78125	0.1875
	drama theatr	Drama/Theatre	0.0	0.25	0.78125	0.34375	0.125	0.21875
	medic bill code	Medical Billing/Coding	0.0625	0.5625	0.4375	0.8125	0.375	0.9375
	undecid	Undecided	0.5	0.71875	0.65625	0.28125	0.5625	0.25
	undecid	Undecided	0.09375	0.40625	0.0625	0.59375	0.4375	0.625
	speech patholog	Speech Pathology	0.0	0.65625	0.46875	0.9375	0.59375	0.28125
	actori	Actory	0.25	0.3125	0.71875	0.59375	0.59375	0.375
	med	pre-Med	0.0625	0.53125	0.34375	0.78125	0.3125	0.21875
	forens	forensic	0.90625	0.9375	0.75	1.0	0.625	0.71875
	undecid	undecided 	0.4375	0.75	0.53125	1.0	1.0	0.75
	respiratori therapi	Respiratory Therapy 	0.46875	0.4375	0.125	0.8125	0.125	0.0625
	undecid	undecided	0.28125	0.59375	0.65625	0.53125	0.375	0.40625
	rn	RN	0.125	0.3125	0.0625	0.875	0.46875	0.5
	mississippi	University of Mississippi	0.40625	0.21875	0.28125	0.6875	0.5625	0.53125
	occup therapi	Occupational Therapy	0.28125	0.65625	0.375	0.78125	0.46875	0.375
	kinesiolog	Kinesiology 	0.28125	0.65625	0.375	0.5625	0.5625	0.46875
	pilot	pilot	0.15625	0.125	0.0625	0.09375	0.4375	0.28125
	film make	Film making 	0.0	0.0	0.75	0.625	0.0	0.0
	comput technolog	Computer Technology 	0.84375	0.96875	0.90625	0.59375	0.4375	0.75
	senior high school	Senior High School	0.21875	1.0	0.78125	0.9375	0.3125	0.40625
	undecid	undecided	0.09375	0.90625	0.03125	0.40625	0.375	0.53125
	comput aid design draft	Computer-Aided Design & Drafting	0.53125	0.4375	0.625	0.5625	0.71875	0.8125
	inform technolog	IT	0.4375	0.875	0.8125	0.5	0.0625	0.5625
	mechan	Mechanics	0.71875	0.28125	0.0625	0.09375	0.125	0.46875
	speech patholog	Speech Pathology	0.0	0.5625	0.34375	0.71875	0.28125	0.46875
	game program	Games Programming	0.40625	0.84375	0.6875	0.4375	0.21875	0.28125
	design	design	0.0	0.21875	0.25	0.40625	0.0625	0.125
	teach	Teaching	0.0	1.0	0.5	0.0	0.25	0.125
	kinesiolog	kinesiology	0.28125	0.65625	0.0625	0.84375	0.46875	0.40625
	kinesiolog	Kinesiology	0.0625	0.21875	0.0625	0.40625	0.21875	0.03125
	inform technolog	IT	0.53125	0.53125	0.78125	0.71875	0.75	0.53125
	teach	Teaching	0.09375	0.28125	0.3125	0.875	0.21875	0.03125
	media	MEDIA STUDIES	0.78125	0.625	0.65625	0.625	0.75	0.84375
	creativ write	Creative Writing	0.375	0.5625	0.8125	0.625	0.46875	0.34375
	medic assist	Medical assistant	0.5	0.46875	0.3125	0.59375	0.46875	0.53125
	technolog	Technology	0.40625	0.71875	0.75	0.8125	0.59375	0.75
	commerci airlin pilot	commercial airline pilot	0.40625	0.15625	0.21875	0.4375	0.3125	0.09375
	leadership	Leadership 	0.1875	0.40625	0.75	0.71875	0.65625	0.34375
	senior high school	Senior High School	0.09375	0.65625	0.71875	0.0625	0.1875	0.09375
	mechaani engg	MECHAANIICAL ENGG	0.875	0.28125	0.71875	0.84375	0.6875	0.8125
	dental hygien	Dental Hygiene 	0.0	0.21875	0.0	0.125	0.03125	0.09375
	medic lab technician	Medical Lab Technician 	0.6875	0.59375	0.34375	0.75	0.28125	0.375
	medic	Medical	0.125	0.5	0.09375	0.96875	0.1875	0.875
	maritim	Maritime	0.9375	0.375	0.1875	0.59375	0.625	0.59375
	abm	ABM	0.15625	0.1875	0.65625	0.75	0.71875	0.65625
	abm	ABM	0.25	0.71875	0.40625	0.34375	0.6875	0.5625
	technic inform	Technical Information	0.46875	0.46875	0.25	0.84375	0.59375	0.5
	undecid	undecided	0.40625	0.5	0.28125	0.625	0.375	0.375
	mapeh teacher	Mapeh Teacher	0.375	0.6875	0.9375	0.90625	0.71875	0.40625
	pilot	pilot	0.3125	0.3125	0.25	0.28125	0.46875	0.5625
	medic technolog	medical technology	0.09375	0.625	0.46875	0.625	0.125	0.125
	bioinformat	Bioinformatics	0.15625	0.90625	0.8125	0.6875	0.15625	0.5
	weld technolog	welding technology	0.875	0.75	0.6875	0.90625	0.625	0.78125
	undeclar	undeclared	0.40625	0.21875	0.5	0.71875	0.4375	0.46875
	theater	theater	0.0625	0.40625	0.59375	0.84375	0.53125	0.25
	cosmetolog	Cosmetology	0.125	0.0	0.75	0.5	0.25	0.5
	kinesiolog	Kinesiology 	0.25	0.75	0.53125	0.96875	0.875	0.84375
	weld technolog	Welding Technology	0.78125	0.875	0.46875	0.59375	0.375	0.3125
	weld technolog	Welding Technology	0.75	0.875	0.5	0.65625	0.46875	0.34375
	occup therapi	Occupational Therapy	0.0625	0.1875	0.15625	0.21875	0.28125	0.53125
	interior design	interior design	0.09375	0.40625	0.4375	0.46875	0.25	0.625
	intelijen	Intelijen	0.96875	1.0	0.875	0.96875	0.875	1.0
	comput	Computer	0.375	0.75	0.25	1.0	0.75	0.875
	inform technolog	information tech	0.21875	0.53125	0.53125	0.59375	0.4375	0.625
	transfer	transfer	0.375	0.75	0.5625	0.71875	0.34375	0.25
	buddhism	Buddhism Studies	0.4375	0.6875	0.6875	0.78125	0.59375	0.375
	teacher	teacher	0.59375	0.65625	0.4375	0.6875	0.40625	0.3125
	undecid	undecided	0.3125	0.875	0.5	0.5	0.65625	0.53125
	chemic	Chemical	0.5	0.71875	0.5	0.78125	0.40625	0.5
	nusr	nusring	0.5625	0.59375	0.3125	0.625	0.71875	0.65625
	occup therapi	occupational therapy	0.25	0.25	0.375	0.78125	0.46875	0.125
	kinesiolog	Kinesiology	0.375	0.4375	0.28125	0.40625	0.25	0.125
	undeclar	Undeclared	0.71875	0.3125	0.46875	0.6875	0.375	0.625
	nutrit	nutrition	0.0	0.125	0.0	0.1875	0.0	0.0
	inform technolog	I.T.	0.3125	0.1875	0.625	0.25	0.28125	0.4375
	actuari	Actuarial studies	0.59375	0.59375	0.53125	0.84375	0.78125	0.9375
	magement	magement	0.0	0.0	0.5	0.53125	0.78125	0.40625
	colleg plan get politi	Not yet in college but plan on getting Politi	0.28125	0.75	0.34375	0.4375	0.09375	0.375
	aeronaut	aeronautics	0.6875	0.40625	0.125	0.53125	0.40625	0.625
	cybersecur	cybersecurity	0.375	0.84375	0.3125	0.875	0.75	0.71875
	chemic oper	Chemical Operating	0.4375	0.4375	0.28125	0.71875	0.5	0.03125
	undeclar	undeclared	0.375	0.59375	0.59375	0.59375	0.4375	0.3125
	social servic	social services	0.03125	0.65625	0.59375	0.8125	0.1875	0.1875
	mechan	MECHANICAL	0.84375	0.0	0.96875	1.0	0.625	1.0
	hospit	Hospitality	0.65625	0.78125	0.78125	0.75	0.75	0.71875
	hospit reimburs code	Hospital reimbursement and coding	0.1875	0.46875	0.0	0.5625	0.1875	0.46875
	surgic technolog	Surgical Technology	0.0625	0.8125	0.6875	0.4375	0.09375	0.03125
	kinesiolog	Kinesiology	0.5	0.40625	0.25	0.625	0.34375	0.53125
	fashion merchandis design	Fashion Merchandising and Design	0.0	0.5	0.59375	0.78125	0.59375	0.59375
	medic offic	Medical, office	0.25	0.625	0.375	0.53125	0.34375	0.65625
	bahasa mandarin	Bahasa Mandarin	0.1875	0.40625	0.625	0.59375	0.5625	0.28125
	fashion design	Fashion design	0.09375	0.09375	0.3125	0.3125	0.59375	0.25
	dental assit	dental assitant 	0.0	0.78125	0.40625	0.875	0.25	0.25
	veterinarian	Veterinarian	0.15625	0.71875	0.4375	0.3125	0.1875	0.15625
	inform technolog	Information Technology	0.53125	0.84375	0.53125	0.34375	0.375	0.8125
	radiolog	Radiology	0.09375	0.75	0.46875	0.3125	0.46875	0.71875
	cook	Cooking	0.1875	0.25	0.375	0.46875	0.375	0.15625
	undecid	Undecided	0.34375	0.25	0.28125	0.40625	0.125	0.46875
	kinesiolog	kinesiology	0.40625	0.625	0.6875	0.875	0.5	0.3125
	kinesiolog	Kinesiology	0.5625	0.96875	0.4375	0.9375	0.75	1.0
	pedagogi	pedagogy	0.71875	0.5625	0.8125	0.5	0.65625	0.625
	cybersecur	Cybersecurity 	0.375	0.4375	0.375	0.34375	0.0625	0.625
	cybersecur	Cybersecurity 	0.3125	0.46875	0.375	0.21875	0.0625	0.4375
	medic bill code	Medical Billing & Coding	0.25	0.46875	0.5625	0.78125	0.5	0.71875
	veterinari	Veterinary	0.8125	0.875	0.625	0.625	0.71875	0.46875
	inform technolog	IT	0.34375	0.625	0.5	0.5	0.59375	1.0
	undecid	undecided	0.03125	0.4375	0.46875	0.5	0.53125	0.25
	dental assist	dental assistant 	0.28125	0.5625	0.15625	0.5625	0.53125	0.34375
	inform technolog	Information Technology	0.21875	0.15625	0.53125	0.65625	0.65625	0.3125
	pharmaci	Pharmacy	0.625	0.625	0.34375	0.59375	0.40625	0.28125
	inform technolog	IT	0.3125	0.3125	0.15625	0.59375	0.46875	0.78125
	speech patholog	Speech pathology	0.09375	0.65625	0.25	0.84375	0.15625	0.0
	urban	Urban studies	0.03125	0.46875	0.53125	0.78125	0.1875	0.21875
	justic	justice studies	0.53125	0.5625	0.375	0.6875	0.40625	0.34375
	transport	transport	0.34375	0.4375	0.375	0.71875	0.53125	0.71875
	stat	stats	0.15625	0.6875	0.5	0.75	0.4375	0.25
	kinnesiolog	kinnesiology 	0.0	0.625	0.0	0.5	0.0	0.0
	current atttend ctu bsba cont	currently atttending CTU for BSBA Cont. in He	0.125	0.5625	0.4375	0.875	0.5	0.75
	design	Design	0.40625	0.4375	0.46875	0.40625	0.46875	0.5625
	dms	DMS	0.6875	0.9375	0.59375	0.53125	0.59375	0.8125
	med	pre med	0.28125	0.1875	0.125	0.15625	0.0625	0.1875
	inform technolog	information technology	0.375	0.0625	0.1875	0.3125	0.28125	0.65625
	comput	Computing	0.375	0.6875	0.9375	0.5	0.21875	0.25
	languag	Languages	0.28125	0.625	0.625	0.65625	0.34375	0.125
	product design	product design	0.3125	0.8125	0.875	0.65625	0.5625	0.25
	senior high school	Senior High School	0.03125	0.78125	0.9375	0.21875	0.0625	0.0
	undecid	Undecided	0.0625	0.0625	0.0625	0.28125	0.34375	0.0
	fashion	Fashion	0.0625	0.0625	0.0	0.6875	0.125	0.0625
	speech languag patholog	Speech-Language Pathology 	0.25	0.6875	0.75	0.90625	0.375	0.125
	score	Scoring	0.1875	0.75	0.3125	0.5	0.09375	0.375
	nutrit	nutrition	0.0625	0.65625	0.65625	0.53125	0.15625	0.0
	write	Writing	0.1875	0.28125	0.46875	0.59375	0.53125	0.53125
	inform technolog	IT	0.40625	0.40625	1.0	1.0	0.4375	0.28125
	arquitectura	Arquitectura	0.90625	0.59375	0.75	0.75	0.59375	0.78125
	undecid	undecided	0.28125	0.53125	0.625	0.9375	0.65625	0.5625
	hsp	HSP	0.34375	0.34375	0.75	0.65625	0.5625	0.65625
	social welfar	Social welfare	0.15625	0.25	0.53125	0.625	0.46875	0.15625
	pharmaci	pharmacy	0.34375	0.875	0.75	0.5	0.4375	0.28125
	design	design	0.625	0.375	0.875	1.0	0.875	0.375
	kannada	kannada	0.3125	0.25	0.75	0.8125	0.21875	0.5625
	food technolog	Food technology	0.375	0.84375	0.46875	0.65625	0.28125	0.21875
	inform technolog	IT	0.59375	0.71875	0.8125	0.6875	0.4375	0.5
	strength condit	Strength and Conditioning 	0.0625	0.3125	0.0625	0.59375	0.1875	0.15625
	air transport	Air Transportation	0.28125	0.53125	0.59375	0.40625	0.40625	0.53125
	electr	Electrical	0.9375	0.21875	0.3125	0.375	0.25	0.1875
	child adolesc develop	child and adolescent development 	0.0	0.21875	0.0625	0.5	0.3125	0.0625
	medic dietet	Medical Dietetics	0.125	0.625	0.65625	0.75	0.21875	0.1875
	dietet	Dietetics	0.0	0.5	0.28125	0.4375	0.53125	0.09375
	dental hygien	Dental Hygiene	0.0625	0.25	0.53125	0.75	0.90625	0.0625
	undecid	undecided	0.59375	0.53125	0.875	0.5625	0.5625	0.25
	translat	TRANSLATION	0.28125	0.21875	0.53125	0.5625	0.65625	0.59375
	digit media web technolog	digital media and web technology	0.125	0.25	0.34375	0.625	0.0625	0.0
	paraleg	Paralegal Studies	0.28125	0.75	0.625	0.9375	0.53125	0.71875
	liber	liberal studies	0.0	0.28125	0.5	0.65625	0.4375	0.46875
	undeclar	Undeclared	0.28125	0.1875	0.09375	0.625	0.71875	0.28125
	design	design	0.28125	0.34375	0.5625	0.5625	0.4375	0.34375
	pedagog univerc	Pedagogical univercity 	0.3125	0.28125	0.3125	0.46875	0.375	0.4375
	inform technolog	IT	0.25	0.5625	0.6875	0.96875	0.5625	0.46875
	youth work	Youth Work	0.15625	0.65625	0.3125	0.34375	0.0	0.34375
	kinesiolog	Kinesiology	0.125	0.09375	0.65625	0.8125	0.46875	0.15625
	kinesiolog	Kinesiology	0.125	0.75	0.09375	0.5	0.0	0.1875
	cybersecur	Cybersecurity	0.3125	0.65625	0.8125	0.84375	0.46875	0.34375
	undecid	undecided	0.125	0.625	0.625	0.625	0.34375	0.3125
	medic reimburs code	Medical Reimbursement and Coding	0.40625	0.375	0.3125	0.34375	0.375	0.625
	media design	media design	0.0625	0.09375	0.375	0.6875	0.59375	0.09375
	inform technolog	information technology	0.5	0.21875	0.0625	0.34375	0.25	0.78125
	medic field	Medical Field	0.125	0.84375	0.5	0.625	0.34375	0.21875
	undecid	undecided	0.0	0.21875	0.0	0.65625	0.375	0.0
	undeclar	undeclared	0.59375	0.5	0.53125	0.4375	0.6875	0.46875
	inform technolog	information technology	0.40625	0.46875	0.65625	0.75	0.5625	0.3125
	electron	electronic	0.75	0.625	0.59375	0.75	0.8125	0.78125
	data analysi	Data analysis	0.71875	0.3125	0.3125	0.59375	0.53125	0.53125
	automat	automatization	0.1875	0.4375	0.5	0.3125	0.21875	0.1875
	marriag famili	Marriage & Family Studies	0.09375	0.59375	0.78125	0.8125	0.53125	0.15625
	film product	Film Production	0.1875	0.65625	0.6875	0.34375	0.25	0.25
	polit	politics	0.0	0.59375	0.90625	0.875	0.375	0.125
	ministri	Ministry	0.03125	0.5625	0.625	0.5625	0.5	0.21875
	dental assist	Dental assistance 	0.1875	0.375	0.5625	0.5625	0.375	0.5
	classic	classics	0.03125	0.4375	0.75	0.65625	0.0	0.0
	gerontolog	gerontology	0.21875	0.40625	0.625	0.40625	0.5	0.25
	audiovisu media	Audiovisual Media	0.21875	0.5	0.84375	0.75	0.34375	0.21875
	justic	Justice	0.25	0.6875	0.34375	0.5625	0.28125	0.3125
	inform technolog	Information Technology	0.25	0.21875	0.125	0.625	0.125	0.3125
	medic	Medical	0.03125	0.9375	0.59375	0.9375	0.53125	0.0625
	bm	bm	0.25	0.09375	0.625	0.59375	0.78125	0.65625
	cosmetolog	cosmetology	0.1875	0.09375	0.25	0.5625	0.34375	0.40625
	tehnic	Tehnic	0.53125	0.46875	0.75	0.75	0.71875	0.53125
	ras	ras	0.5	0.5625	0.5625	0.6875	0.5	0.5
	nutrit	Nutrition	0.28125	0.65625	0.78125	0.5625	0.375	0.21875
	digit media web technolog	digital media and web technology	0.0625	0.25	0.34375	0.5625	0.09375	0.0625
	kinesolog	Kinesology	0.40625	0.625	0.375	0.75	0.21875	0.1875
	med technolog	Med-Tech	0.53125	0.625	0.59375	0.75	0.59375	0.40625
	design product	Design of products	0.4375	0.6875	0.75	0.71875	0.5625	0.4375
	gis	GIS	0.28125	0.75	0.875	0.3125	0.125	0.125
	teknik elektro	Teknik Elektro	0.71875	0.5625	0.75	0.75	0.59375	0.8125
	inform	information	0.5	0.6875	0.4375	0.375	0.34375	0.71875
	child youth care	Child and Youth Care	0.21875	0.25	0.5	0.8125	0.71875	0.40625
	teach	Teaching	0.0625	0.5	0.4375	0.90625	0.21875	0.1875
	inform tecnolog	Information Tecnology 	0.59375	0.6875	0.34375	0.65625	0.4375	0.59375
	properti	Property	0.53125	0.28125	0.375	0.65625	0.65625	0.625
	undecid	undecided	0.4375	0.96875	0.78125	0.90625	0.1875	0.25
	teach	Teaching	0.03125	0.375	0.375	0.53125	0.25	0.15625
	biochem	Biochemical 	0.21875	0.90625	0.21875	0.75	0.03125	0.3125
	heavi equip technician	Heavy Equipment Technician 	0.65625	0.5	0.5	0.15625	0.0625	0.53125
	cyber secur	Cyber Security	0.5625	0.21875	0.0	0.4375	0.21875	0.59375
	danc	dance	0.09375	0.65625	0.71875	0.65625	0.3125	0.09375
	csd	CSD	0.15625	0.125	0.09375	0.65625	0.6875	0.6875
	marriag famili	Marriage and Family Studies 	0.5625	0.46875	0.53125	0.84375	0.3125	0.59375
	dietet	dietetics 	0.25	0.4375	0.125	0.46875	0.28125	0.21875
	undeclar	Undeclared	0.0625	0.125	0.15625	0.46875	0.0	0.03125
	motion pictur	Motion Pictures	0.28125	0.6875	0.75	0.5	0.125	0.0625
	kinesolgi	Kinesolgy	0.5625	0.65625	0.0	0.4375	0.59375	0.625
	undeclar	undeclared	0.0	0.59375	0.6875	0.40625	0.46875	0.125
	video product	Video Production	0.5625	0.71875	0.625	0.4375	0.1875	0.46875
	kinesiolog	Kinesiology	0.09375	0.96875	0.125	0.59375	0.53125	0.09375
	culinari	Culinary	0.25	0.96875	1.0	0.75	0.59375	0.03125
	bisi	bisiness	0.3125	0.5625	0.625	0.65625	0.5625	0.28125
	vacuum technolog	Vacuum Technology	0.71875	0.53125	0.59375	0.5	0.59375	0.375
	mitchel colleg	mitchell college 	0.03125	0.84375	0.03125	0.6875	0.0625	0.125
	cook	Cooking	0.40625	0.5625	0.53125	0.5625	0.59375	0.53125
	cyber secur	Cyber security	0.40625	0.6875	0.34375	0.1875	0.1875	0.625
	act	Acting	0.09375	0.1875	0.75	0.28125	0.125	0.0
	edcat	EDCATION	0.5625	0.4375	0.375	0.5	0.6875	0.3125
	disabl	Disability 	0.0	0.0	0.03125	0.53125	0.1875	0.0
	bank	banking	0.8125	0.96875	0.59375	0.625	0.8125	0.90625
	id	IDS	0.0	0.28125	0.28125	0.5	0.28125	0.0
	inform technolog entrepreneurship	Information Technology Entrepreneurship	0.40625	0.78125	0.78125	0.5	0.09375	0.375
	ce	CE	0.8125	0.875	0.75	0.71875	0.96875	0.96875
	inform secur	information security	0.5	0.5	0.75	0.53125	0.375	0.375
	game design	Game Design	0.0	0.28125	0.0	0.15625	0.15625	0.03125
	polit	political	0.25	0.125	0.46875	0.625	0.59375	0.375
	languag	languages	0.03125	0.4375	0.71875	0.84375	0.0625	0.0
	languag	languages	0.28125	0.71875	0.875	0.84375	0.8125	0.4375
	lenguag	LENGUAGES	0.5625	0.6875	0.84375	0.84375	0.9375	0.65625
	languag	languages	0.15625	0.5625	0.46875	0.40625	0.34375	0.3125
	languag	Languages	0.28125	0.5625	0.4375	0.625	0.5625	0.46875
	rehabilit servic	Rehabilitation services 	0.0	0.5	0.9375	0.875	0.5	0.34375
	global	Global Studies	0.09375	0.6875	0.8125	0.5	0.03125	0.0
	na	na	0.3125	0.25	0.4375	0.5	0.125	0.15625
	visual	Visual Studies	0.15625	0.78125	0.8125	0.53125	0.4375	0.0625
	automot	Automotive 	0.4375	0.125	0.1875	0.40625	0.3125	0.34375
	chemic depend	chemical dependency 	0.15625	0.34375	0.0	0.4375	0.0625	0.25
	child develop	Child development 	0.0625	0.4375	0.46875	0.75	0.40625	0.21875
	undecid	Undecided	0.375	0.78125	0.6875	0.625	0.53125	0.15625
	modern languag	Modern Language	0.0	0.5	0.90625	0.5625	0.28125	0.25
	diplomaci	diplomacy	0.375	0.78125	0.8125	0.5625	0.5625	0.34375
	culinari	culinary	0.0625	0.0	0.0625	0.5625	0.3125	0.65625
	medic	medical	0.0	0.40625	0.71875	0.59375	0.5625	0.65625
	entrepreneurship	Entrepreneurship	0.5625	0.46875	0.21875	0.4375	0.5625	0.625
	bibl	bible	0.6875	0.65625	0.96875	0.6875	0.625	0.03125
	cinema	Cinema	0.21875	0.3125	0.84375	0.90625	0.5	0.34375
	aviat	aviation 	0.03125	0.0	0.28125	0.1875	0.03125	0.03125
	built environ	built environment	0.34375	0.21875	0.28125	0.59375	0.625	0.25
	comput	Computer	0.34375	0.40625	0.65625	0.5	0.34375	0.59375
	languag	Languages	0.28125	0.1875	0.40625	0.78125	0.5	0.34375
	horticulur	horticulure	0.59375	0.75	0.84375	0.5625	0.75	0.3125
	epidemiolog	Epidemiology	0.21875	0.375	0.375	0.5	0.5625	0.4375
	undecid	Undecided	0.53125	0.84375	0.375	0.40625	0.3125	0.21875
	medic	medical	0.09375	0.65625	0.46875	0.9375	0.28125	0.15625
	theatr	Theatre	0.0	0.46875	0.78125	0.75	0.03125	0.03125
	undang undang	undang -undang	0.34375	0.5625	0.65625	0.875	0.75	0.65625
	design	Design	0.03125	0.71875	0.5	0.34375	0.0625	0.0
	nutrit	Nutrition 	0.0625	0.6875	0.5	0.71875	0.5625	0.25
	digit media	Digital Media	0.71875	0.90625	0.625	0.8125	0.4375	0.75
	pharmaci	pre-pharmacy	0.03125	0.8125	0.1875	0.40625	0.09375	0.15625
	film	Film	0.15625	0.5	0.875	0.6875	0.25	0.0
	care	Care	0.0	0.375	0.25	0.8125	0.375	0.0
	optometri	optometry	0.0	0.0	0.0	0.0	0.0	0.0
	child develop	Child Development	0.15625	0.0625	0.03125	0.6875	0.125	0.125
	kinesiologyy	kinesiologyy	0.3125	0.375	0.71875	0.25	0.125	0.3125
	child famili develop	Child and Family Development	0.03125	0.28125	0.53125	0.90625	0.3125	0.1875
	addict	Addictions 	0.46875	0.6875	0.5625	0.78125	0.625	0.375
	phlebotomi	Phlebotomy	0.75	0.90625	0.5	0.3125	0.1875	0.34375
	bank	Banking	0.4375	0.0625	0.6875	0.65625	0.53125	0.25
	child youth care	Child and Youth Care	0.0625	0.1875	0.15625	0.8125	0.53125	0.25
	psyc	psyc	0.25	0.4375	0.1875	0.375	0.28125	0.5
	comput	computer	0.6875	0.46875	0.21875	0.8125	0.625	0.5625
	bank	banking	0.5	0.53125	0.375	0.4375	0.40625	0.625
	veterinari	Veterinary	0.1875	0.8125	0.8125	0.25	0.28125	0.375
	technolog	Technology 	0.375	0.59375	0.3125	0.40625	0.40625	0.375
	medic technolog	Medical Technology	0.6875	0.9375	0.3125	0.9375	0.375	0.9375
	medic technolog	Medical Technology	0.25	0.46875	0.09375	0.21875	0.3125	0.375
	bibl	Bible	0.3125	0.78125	0.34375	0.6875	0.34375	0.53125
	dentistri	Dentistry	0.0625	0.8125	0.65625	0.875	0.375	0.28125
	entrepreneurship	entrepreneurship	0.15625	0.96875	0.84375	0.75	0.21875	0.125
	inform technolog	IT	0.53125	0.1875	0.46875	0.65625	0.46875	0.84375
	na	N.A.	0.25	0.75	0.9375	0.75	0.4375	0.15625
	phisioterapist	Phisioterapist	0.25	0.6875	0.6875	0.78125	0.625	0.46875
	stock	stock	0.46875	0.0625	0.0625	0.1875	0.15625	0.34375
	fbi agent	FBI Agent 	0.46875	0.625	0.46875	0.78125	0.8125	0.53125
	cosmetolog	cosmetology	0.0	0.40625	0.125	0.0625	0.34375	0.03125
	entrepreneurship	Entrepreneurship	0.125	0.1875	0.34375	0.28125	0.5	0.40625
	fashion design	Fashion Design	0.125	0.34375	0.65625	0.46875	0.09375	0.03125
	respitori therapi	respitory therapy	0.34375	0.71875	0.25	0.65625	0.40625	0.75
	doctor	Doctor	0.125	0.75	0.5	0.5	0.0625	0.0
	speech patholog	Speech Pathology	0.34375	0.5	0.46875	0.875	0.59375	0.34375
	design	Designer	0.5	0.875	1.0	0.875	0.75	0.53125
	program	Programming	0.75	0.65625	0.625	0.625	0.75	0.90625
	comput	computing	0.625	0.21875	0.6875	0.46875	0.46875	0.53125
	biotech	Biotech	0.21875	0.90625	0.84375	0.71875	0.6875	0.3125
	radio televis film	Radio, Television & Film	0.46875	0.3125	0.46875	0.375	0.5625	0.625
	languag	Languages 	0.46875	0.3125	0.875	0.4375	0.4375	0.125
	inform technolog	Information Technology	0.21875	0.53125	0.09375	0.5625	0.40625	0.5
	anim	3D animation	0.34375	1.0	0.46875	0.0625	0.0	0.65625
	video product	Video Production	0.25	0.53125	0.59375	0.59375	0.53125	0.4375
	rehabilit servic	Rehabilitation Services	0.0	0.625	0.0	0.5	0.15625	0.3125
	print	Printing	0.1875	0.40625	0.34375	0.1875	0.5	0.28125
	polit	politics	1.0	0.84375	0.0625	0.65625	0.5625	0.4375
	optometri	Optometry	0.1875	0.6875	0.1875	0.59375	0.28125	0.125
	engg	engg	0.375	0.9375	0.75	0.4375	0.4375	0.5
	orient cultur languag	Oriental cultures and languages	0.46875	0.8125	0.65625	0.59375	0.71875	0.46875
	athlet train	Athletic Training	0.53125	0.625	0.09375	0.28125	0.0	0.0625
	req rn	pre, reqs for RN	0.21875	0.78125	0.625	0.75	0.46875	0.15625
	interior design	Interior Design	0.28125	0.0	0.21875	0.21875	0.46875	0.21875
	weld technolog	Welding technology	0.71875	0.40625	0.34375	0.25	0.28125	0.28125
	mission	Missions	0.125	0.5625	0.3125	0.84375	0.25	0.15625
	paraleg	paralegal studies	0.0	0.0	0.0	0.28125	0.125	0.4375
	american studiess	American Studiess	0.0	0.34375	0.28125	0.59375	0.59375	0.03125
	act	Acting	0.0625	0.59375	0.84375	0.75	0.4375	0.0625
	kinesiolog	Kinesiology	0.25	0.84375	0.625	0.59375	0.28125	0.09375
	european	European Studies	0.15625	0.46875	0.9375	0.75	0.5625	0.1875
	media	Media	0.65625	0.59375	0.8125	0.34375	0.03125	0.25
	child	Child	0.03125	0.0	0.15625	0.5	0.4375	0.34375
	arquitectura	Arquitectura	0.46875	0.40625	0.09375	0.09375	0.0	0.1875
	classic	Classics	0.28125	0.28125	0.3125	0.75	0.3125	0.46875
	environment	Environmentalism	0.28125	0.71875	0.6875	0.78125	0.53125	0.375
	ite	Ite	0.5	0.6875	0.6875	0.9375	0.5625	0.6875
	mangement	Mangement	0.15625	0.65625	0.53125	0.84375	0.90625	0.4375
	adiministração de empresa	Adiministração de empresas	0.0	0.25	0.75	0.625	0.4375	0.5
	undecid	Undecided	0.03125	0.6875	0.4375	0.46875	0.21875	0.125
	em paramed	EMS Paramedic	0.375	0.65625	0.71875	0.4375	0.21875	0.09375
	undecid	Undecided	0.125	0.6875	0.25	0.1875	0.1875	0.25
	ääç » åí°øçð	ÄÄÇ»ÅÍ°øÇÐ	0.03125	0.09375	0.5625	0.1875	0.03125	0.0
	movi direct	Movie directing	0.25	0.375	0.96875	0.6875	0.5625	0.03125
	teach	Teaching	0.125	0.34375	0.625	0.875	0.28125	0.34375
	dentistri	dentistry	0.28125	1.0	1.0	0.90625	0.875	0.53125
	paraleg	Paralegal Studies	0.3125	0.4375	0.4375	0.28125	0.625	0.71875
	lifestyl	Lifestyle	0.1875	0.09375	0.71875	0.46875	0.8125	0.6875
	occup therapi	occupational therapy	0.125	0.5625	0.65625	0.84375	0.15625	0.1875
	creativ write	Creative Writing	0.34375	0.4375	0.375	0.6875	0.5	0.65625
