College Major	Realistic	Investigative	Artistic	Social	Enterprising	Conventional
&#1578;&#1580;&#1575;&#1585;&#1577; &#1575;&#	0.125	0.4375	0.9375	0.875	0.8125	0.3125
&#1589;&#1610;&#1583;&#1604;&#1577;	0.15625	0.75	0.75	0.625	0.28125	0.0625
&#1602;&#1575;&#1606;&#1608;&#1606;	0.15625	0.34375	0.625	0.71875	0.21875	0.25
&#24037;&#19994;&#35774;&#35745;	0.09375	0.15625	0.3125	0.28125	0.1875	0.125
&#25991;&#23398;	0.40625	0.375	0.75	0.46875	0.4375	0.75
&#304;nternational relations, marketing	0.25	0.84375	0.53125	0.53125	0.375	0.0625
&#33521;&#35821;	0.40625	0.4375	0.59375	0.5625	0.59375	0.59375
&#3659;journalism	0.125	0.03125	0.96875	0.75	0.46875	0.125
&#36896;&#22290;	0.125	0.71875	0.1875	0.1875	0.15625	0.65625
&#44221;&#50689;	0.125	0.375	0.28125	0.53125	0.625	0.5625
(1) human resources and (2) elementary educat	0.25	0.78125	0.75	0.6875	0.25	0.90625
,==marketing	0.1875	0.96875	0.90625	0.625	0.5	0.46875
-	0.12053571428571429	0.16964285714285715	0.2544642857142857	0.4732142857142857	0.29910714285714285	0.14732142857142858
.education	0.375	0.53125	0.21875	0.6875	0.3125	0.21875
1	0.28125	0.375	0.15625	0.28125	0.21875	0.40625
1.philosophy  2.drama	0.34375	0.71875	0.90625	0.53125	0.3125	0.0625
1st chemistry 2nd nursing	0.8125	1.0	0.90625	0.96875	0.25	0.40625
1st: product design; 2nd: biology	0.125	0.875	0.625	0.53125	0.125	0.28125
21	0.0	0.0	0.0	0.0	0.0	0.0
3 years - math/physics	0.0625	0.40625	0.3125	0.15625	0.1875	0.09375
3d animation	0.3125	0.78125	0.5520833333333334	0.34375	0.3229166666666667	0.5
3d art	0.0	0.0	0.25	0.125	0.0	0.0
3d design	0.109375	0.5625	0.484375	0.65625	0.25	0.109375
3d modeling	0.78125	0.53125	0.71875	0.375	0.25	0.28125
3d modelling and visual effects	0.21875	0.28125	0.59375	0.8125	0.3125	0.3125
3rd world development & envirnmental studies	0.546875	0.546875	0.1875	0.453125	0.296875	0.71875
55	0.28125	0.3125	0.28125	0.21875	0.1875	0.21875
8.1	0.375	0.5625	0.5	0.5	0.90625	0.5625
932	0.09375	0.09375	0.3125	0.9375	0.53125	0.125
:law	0.0	0.03125	0.5625	0.53125	0.5625	0.0
????	0.125	0.21875	0.46875	0.65625	0.5625	0.0625
`economy`	0.3125	0.5625	0.625	0.5625	0.375	0.3125
a levels	0.375	0.6875	0.3125	0.75	0.9375	0.5625
a.a.	0.53125	0.53125	0.46875	0.6875	0.4375	0.25
a.a.s	0.03125	1.0	0.8125	0.59375	0.25	0.0
a.a.s/ a.s.n(current)	0.28125	0.78125	0.15625	0.6875	0.34375	0.59375
a.s. electronic systems	0.0625	0.15625	0.1875	0.4375	0.0	0.125
aa	0.08854166666666667	0.5260416666666666	0.5260416666666666	0.5104166666666666	0.3385416666666667	0.21875
aa degree	0.125	0.21875	0.34375	0.5	0.1875	0.375
aa in liberal arts	0.4166666666666667	0.6666666666666666	0.8333333333333334	0.6979166666666666	0.6458333333333334	0.8125
aa information systems	0.8125	0.6875	0.625	0.875	0.625	0.78125
aacounting	0.25	0.6875	0.40625	0.40625	0.75	0.71875
aas	0.2708333333333333	0.75	0.5416666666666666	0.5416666666666666	0.28125	0.5208333333333334
aas administrative management	0.90625	0.4375	0.6875	0.90625	0.90625	0.9375
aas in physical therapy	0.375	0.75	0.28125	0.0	0.0625	0.0
aboriginal visual arts	0.15625	0.28125	0.125	0.40625	0.0625	0.125
aboult exracting human motivation	0.5	0.53125	0.40625	0.71875	0.5	0.5
academic	0.3125	0.03125	0.5625	0.78125	0.65625	0.90625
academic mathematics	0.5	0.78125	0.40625	0.625	0.625	0.65625
accointing	0.84375	0.625	0.71875	0.96875	0.6875	0.9375
acconting	0.625	0.46875	0.4375	0.6875	0.53125	0.6875
accoumtimg	0.40625	0.59375	0.5	0.71875	0.3125	0.15625
account	0.275	0.271875	0.340625	0.55	0.5	0.5375
accountabt	0.125	0.0	0.125	0.3125	0.8125	1.0
accountancy	0.31893382352941174	0.4338235294117647	0.5174632352941176	0.5749080882352942	0.4954044117647059	0.5698529411764706
accountancy & chemistry	0.46875	0.625	0.4375	0.8125	0.40625	0.8125
accountancy & finance	0.4375	0.53125	0.5	0.8125	0.5	0.8125
accountancy and education	0.1875	0.5625	0.59375	0.6875	0.625	0.5
accountancy and finance	0.21875	0.09375	0.46875	0.5	0.75	0.8125
accountancy, political science	0.0625	0.75	0.6875	0.5625	0.40625	0.34375
accountancy, psychology, business management	0.59375	0.65625	0.59375	0.75	0.53125	0.65625
accountancy/history	0.1875	0.03125	0.28125	0.46875	0.375	0.0625
accountant	0.4114583333333333	0.4548611111111111	0.5503472222222222	0.609375	0.5729166666666666	0.6006944444444444
accountantcy	0.09375	0.3020833333333333	0.3541666666666667	0.5208333333333334	0.6145833333333334	0.6145833333333334
accountig and finance	0.25	0.28125	0.46875	0.71875	0.3125	0.34375
accounting	0.3075	0.4369758064516129	0.41258064516129034	0.5539919354838709	0.463508064516129	0.5712903225806452
accounting & fiannce	0.46875	0.4375	0.5	0.53125	0.53125	0.625
accounting & finance	0.36079545454545453	0.3977272727272727	0.40625	0.5965909090909091	0.5227272727272727	0.5028409090909091
accounting & financial audit	0.25	0.6875	0.46875	0.09375	0.40625	0.5625
accounting & financial management	0.375	0.6875	0.5625	0.4375	0.125	0.40625
accounting & information systems	0.125	0.28125	0.5625	0.40625	0.59375	0.8125
accounting & locksmith	0.59375	0.0	0.5625	0.6875	0.65625	0.8125
accounting & psychology	0.0	0.0	0.0625	0.5	0.21875	0.09375
accounting / business admin	0.09375	0.5625	0.40625	0.59375	0.40625	0.34375
accounting and banking	0.0625	0.46875	0.1875	0.46875	0.25	0.28125
accounting and business administration	0.375	0.59375	0.53125	0.5625	0.46875	0.375
accounting and business finance	0.59375	0.75	0.71875	0.53125	0.75	0.6875
accounting and commercial law	0.21875	0.3125	0.125	0.28125	0.78125	0.53125
accounting and cybersecurity policy	0.5625	0.5	0.28125	0.625	0.5625	0.28125
accounting and data base management	0.5625	0.1875	0.40625	0.53125	0.4375	0.5625
accounting and economice	0.15625	0.625	0.5625	0.65625	0.375	0.3125
accounting and finance	0.3075	0.3875	0.515	0.585	0.56875	0.5325
accounting and finances	0.3125	0.71875	0.59375	0.71875	0.21875	0.40625
accounting and french	0.28125	0.34375	0.28125	0.625	0.4375	0.28125
accounting and library science	0.03125	0.21875	0.4375	0.71875	0.03125	0.0
accounting and management	0.25	0.28125	0.15625	0.65625	0.125	0.71875
accounting and mis	0.09375	0.21875	0.0625	0.09375	0.21875	0.0625
accounting and science	0.59375	0.75	0.625	0.59375	0.84375	0.71875
accounting cpa	0.15625	0.5625	0.6875	0.34375	0.5	0.40625
accounting finance	0.3541666666666667	0.4479166666666667	0.6354166666666666	0.65625	0.5104166666666666	0.6145833333333334
accounting management	0.46875	0.9375	0.8125	0.9375	1.0	1.0
accounting, business administration	0.53125	0.5	0.40625	0.53125	0.34375	0.625
accounting, business law&taxatiob	0.09375	0.0	0.5	0.5625	0.53125	0.25
accounting, commercial law	0.625	0.65625	0.28125	0.625	0.375	0.46875
accounting, economics	0.13541666666666666	0.4270833333333333	0.4270833333333333	0.3645833333333333	0.34375	0.2916666666666667
accounting, education	0.46875	0.6875	0.78125	0.625	0.53125	0.59375
accounting, english, french	0.5625	0.34375	0.4375	0.375	0.6875	0.71875
accounting, finance	0.515625	0.546875	0.296875	0.40625	0.40625	0.609375
accounting, finance, economics	0.453125	0.59375	0.453125	0.640625	0.578125	0.78125
accounting, i regret it	0.5	0.84375	0.46875	0.0625	0.25	0.34375
accounting, management	0.28125	0.78125	0.59375	0.96875	0.3125	0.1875
accounting, mass communication	0.125	0.5	0.96875	0.65625	0.53125	0.53125
accounting, music	0.40625	0.875	0.84375	0.5	0.21875	0.03125
accounting-	0.84375	0.3125	0.4375	0.8125	0.71875	1.0
accounting- business	0.0	0.03125	0.03125	0.0625	0.03125	0.0
accounting/ finanace	0.1875	0.09375	0.21875	0.125	0.90625	0.96875
accounting/ finance	0.15625	0.5625	0.28125	0.1875	0.5	0.75
accounting/leadership	0.03125	0.8125	0.6875	0.21875	0.0	0.0
accounting/psychology	0.0	0.25	0.34375	0.3125	0.03125	0.3125
accounting; education	0.0625	0.0	0.125	0.59375	0.125	0.375
accountinh	0.0625	0.71875	0.5	0.75	0.0	0.0
accounts	0.4288194444444444	0.4583333333333333	0.5052083333333334	0.6649305555555556	0.5711805555555556	0.5763888888888888
accounts & finance	-0.25	-0.25	-0.25	-0.25	-0.25	1.0
accounts and finance	0.15625	0.125	0.25	0.53125	0.15625	0.40625
accounts,economics,english	0.625	0.65625	0.5625	0.75	0.5625	0.53125
accountung	0.34375	0.59375	0.53125	0.59375	0.53125	0.375
accouting	0.3854166666666667	0.3125	0.4166666666666667	0.8125	0.6145833333333334	0.5833333333333334
accouting and procurement	0.8125	0.625	0.71875	0.875	0.78125	0.84375
accoutyningh	0.25	0.09375	0.34375	0.125	0.40625	0.78125
accouunting	0.4375	0.28125	0.25	0.5625	0.375	0.5625
accy	0.46875	0.625	0.65625	0.6875	0.4375	0.75
achitecture	0.15625	0.3125	0.9375	0.65625	0.5625	0.40625
acountance	0.375	0.3125	0.46875	0.5625	0.5625	0.75
acountant	0.1875	0.21875	0.375	0.9375	0.625	0.71875
acounting	0.46875	0.59375	0.5729166666666666	0.5729166666666666	0.3333333333333333	0.5520833333333334
acoustic engineering	0.5	0.328125	0.515625	0.609375	0.546875	0.46875
acouting	0.5625	0.5	0.65625	0.5	0.53125	0.53125
acting	0.140625	0.5133928571428571	0.8147321428571429	0.59375	0.2924107142857143	0.07142857142857142
acting, creative writing	0.5	0.53125	0.96875	0.71875	0.4375	0.34375
actor training	0.453125	0.578125	0.9375	0.796875	0.1875	0.109375
actruarial science	0.6875	0.59375	0.625	0.34375	0.25	0.53125
actuarial	0.421875	0.375	0.4375	0.390625	0.34375	0.484375
actuarial science	0.3786057692307692	0.578125	0.5048076923076923	0.5973557692307693	0.4543269230769231	0.49399038461538464
actuarial sciences	0.25	0.125	0.125	0.78125	0.625	0.8125
actuarial studies	0.59375	0.59375	0.53125	0.84375	0.78125	0.9375
actuarial studies/biomedical science	0.53125	0.5	0.4375	0.3125	0.25	0.5
acupuncture & oriental medicine	0.21875	0.6875	0.6875	0.59375	0.40625	0.09375
addiction and mental health	0.375	0.46875	0.15625	0.6875	0.09375	0.4375
addiction counseling	0.18125	0.475	0.4125	0.75625	0.25	0.15
addiction counseling and psychology	0.1875	0.59375	0.53125	0.53125	0.09375	0.03125
addiction counseling, journalism	0.375	0.375	0.625	0.53125	0.3125	0.21875
addiction studies	0.14583333333333334	0.5	0.4375	0.6979166666666666	0.16666666666666666	0.13541666666666666
addictions	0.46875	0.6875	0.5625	0.75	0.625	0.375
addictions counseling	0.03125	0.28125	0.1875	0.78125	0.265625	0.109375
adiction counseling	0.3125	0.90625	0.625	0.84375	0.25	0.125
adiministração de empresas	0.0	0.25	0.75	0.625	0.4375	0.5
admin	0.09375	0.59375	0.5625	0.7604166666666666	0.3541666666666667	0.3333333333333333
adminis	0.25	0.03125	0.34375	0.65625	0.375	0.65625
administation	0.3125	0.3125	0.0	0.4375	0.3125	0.46875
administracao	0.59375	0.375	0.46875	0.90625	0.84375	0.84375
administratiom	0.21875	0.65625	0.09375	0.21875	0.21875	0.5
administration	0.32766544117647056	0.43795955882352944	0.48253676470588236	0.5721507352941176	0.4655330882352941	0.4719669117647059
administration and science	0.4375	0.53125	0.65625	0.75	0.5625	0.46875
administration assistance	0.375	0.6875	0.34375	0.71875	0.40625	0.375
administration of criminal justice	0.28125	0.46875	0.6875	0.78125	0.59375	0.4375
administration of justice	0.24375	0.4125	0.48125	0.74375	0.3125	0.325
administration science	0.375	0.375	0.6875	0.59375	0.71875	0.40625
administration/nursing	0.09375	0.59375	0.3125	0.59375	0.21875	0.1875
administrative	0.3125	0.265625	0.21875	0.5	0.359375	0.578125
administrative assistance	0.0	0.375	0.5625	0.96875	0.9375	0.625
administrative assistant	0.515625	0.53125	0.625	0.625	0.625	0.59375
administrative management	0.8125	0.75	0.75	0.9375	0.625	0.90625
administrative office	0.1875	0.1875	0.0	0.53125	0.21875	0.71875
administrative office - medical	0.09375	0.875	0.3125	0.5	0.3125	0.3125
administrative science	0.234375	0.265625	0.546875	0.921875	0.75	0.6875
administrative support technology	0.0	0.25	0.0	0.25	0.125	0.625
administrator	0.5625	0.46875	0.65625	0.75	0.59375	0.65625
administrator business	0.03125	0.0	0.1875	0.28125	0.4375	0.09375
administrator management	0.59375	0.65625	0.6875	0.875	0.5	0.875
administravie medical assistant	0.53125	0.3125	0.1875	0.8125	0.65625	0.65625
administração	0.3055555555555556	0.3576388888888889	0.4340277777777778	0.6041666666666666	0.5	0.5208333333333334
administração de empresas	0.28125	0.125	0.59375	0.59375	0.5625	0.65625
adminstracao	0.59375	0.4375	0.21875	0.78125	0.78125	0.78125
admistraçao	0.21875	0.40625	0.625	0.21875	0.1875	0.21875
admistração	0.3125	0.5	0.625	0.625	0.46875	0.1875
admnistração	0.40625	0.40625	0.5625	0.90625	0.71875	0.59375
adpr	0.09375	0.34375	0.65625	0.46875	0.40625	0.1875
adult and child care education	0.21875	0.34375	0.28125	0.8125	0.1875	0.5
adult development	0.03125	0.125	0.65625	0.71875	0.0	0.0
adult ed	0.0	0.0	0.0625	0.5625	0.21875	0.0
adult education	0.13125	0.42916666666666664	0.5375	0.6666666666666666	0.35208333333333336	0.3020833333333333
adult education & romance languages	0.09375	0.03125	0.28125	0.4375	0.15625	0.375
adult education and hr	0.1875	0.9375	0.84375	0.75	0.6875	0.3125
adult education curriculum design and develop	0.03125	0.125	0.4375	0.90625	0.25	0.53125
advanced journalism and communication	0.59375	0.375	0.34375	0.59375	0.125	0.3125
advanced telecomms	0.40625	0.15625	0.25	0.53125	0.40625	0.71875
advertisement	0.125	0.1875	0.875	0.65625	0.28125	0.0625
advertising	0.2330357142857143	0.4236607142857143	0.596875	0.5339285714285714	0.39955357142857145	0.23616071428571428
advertising & marketing	0.15625	0.46875	0.5625	0.5625	0.625	0.46875
advertising & pr	0.0	0.28125	0.34375	0.65625	0.46875	0.15625
advertising / strategy	0.53125	0.34375	0.3125	0.5625	0.59375	0.34375
advertising and graphic design	0.15625	0.625	0.71875	0.53125	0.09375	0.09375
advertising and marketing	0.1875	0.34375	0.53125	0.53125	0.40625	0.28125
advertising and public relations	0.2604166666666667	0.8229166666666666	0.71875	0.6458333333333334	0.4166666666666667	0.125
advertising, art & design	0.4375	0.78125	0.46875	0.5	0.53125	0.5625
advertisinh	0.21875	0.1875	0.53125	0.09375	0.25	0.3125
advertisment	0.40625	0.625	0.75	0.5625	0.4375	0.46875
aero eng	0.53125	0.53125	0.40625	0.3125	0.21875	0.1875
aeronautical engineering	0.5182291666666666	0.6328125	0.49609375	0.5130208333333334	0.3763020833333333	0.4296875
aeronautics	0.546875	0.5208333333333334	0.484375	0.390625	0.3385416666666667	0.359375
aeronautics and astronautics	0.59375	0.75	0.59375	0.5	0.21875	0.5625
aerospace	0.5729166666666666	0.59375	0.4375	0.2708333333333333	0.20833333333333334	0.4270833333333333
aerospace electronics	0.59375	0.671875	0.609375	0.671875	0.640625	0.640625
aerospace eng	0.3125	0.65625	0.4375	0.4375	0.5	0.40625
aerospace engineering	0.4444444444444444	0.6331018518518519	0.4710648148148148	0.4375	0.2650462962962963	0.30092592592592593
aesthetics and cosmetics	0.28125	0.625	0.65625	0.53125	0.34375	0.40625
african american studies	0.0625	0.125	0.53125	0.4375	0.09375	0.0625
african studies	0.3020833333333333	0.4791666666666667	0.4166666666666667	0.6770833333333334	0.3020833333333333	0.4375
africana studies	0.59375	0.5	0.78125	0.8125	0.53125	0.375
afro american history	0.8125	0.5625	0.9375	1.0	1.0	1.0
ag business econ	0.125	0.5	0.625	1.0	0.625	0.75
ag certified	0.09375	0.59375	0.0	0.8125	0.0625	0.4375
ag economics	0.53125	0.53125	0.25	0.5625	0.3125	0.40625
ag education and technology	0.0	0.25	0.46875	0.65625	0.21875	0.125
ag op	0.46875	0.75	0.5625	0.53125	0.21875	0.25
aged care	0.0625	0.1875	0.25	0.25	0.0625	0.0625
ageo science	0.375	0.3125	0.28125	0.8125	0.34375	0.6875
aging	0.28125	0.65625	0.0625	0.15625	0.0625	0.375
agribusiness	0.390625	0.296875	0.84375	0.796875	0.453125	0.265625
agribusiness and applied economics	0.1875	0.09375	0.1875	0.125	0.71875	0.90625
agribusiness management	0.46875	0.6875	0.625	0.96875	0.40625	0.8125
agribussiness	0.5	0.6875	0.46875	1.0	0.9375	0.71875
agric economics, psychology	0.15625	0.625	0.5	1.0	0.125	0.0625
agriculature	0.53125	0.65625	0.5625	0.71875	0.65625	0.46875
agricultural	0.515625	0.78125	0.25	0.375	0.453125	0.484375
agricultural business and economics	0.53125	0.9375	0.375	0.5625	0.5	0.34375
agricultural communications	0.53125	0.4375	0.46875	0.5625	0.46875	0.71875
agricultural economics	0.53125	0.6875	0.3125	0.625	0.34375	0.6875
agricultural education	0.21875	0.5520833333333334	0.375	0.5104166666666666	0.2916666666666667	0.19791666666666666
agricultural engineer	0.5625	0.78125	0.53125	0.8125	0.21875	0.15625
agricultural engineering	0.50625	0.73125	0.44375	0.475	0.325	0.45625
agricultural leadership and development	0.46875	0.3125	0.1875	0.375	0.375	0.25
agricultural science	0.4	0.546875	0.371875	0.465625	0.3	0.440625
agricultural science and it	0.125	0.9375	0.75	0.84375	0.125	0.1875
agricultural sciences	0.3203125	0.625	0.3046875	0.5078125	0.3984375	0.4140625
agriculture	0.38139204545454547	0.6164772727272727	0.4275568181818182	0.5752840909090909	0.390625	0.43323863636363635
agriculture - plant and soil science	0.5	0.90625	0.90625	0.65625	0.46875	0.53125
agriculture biotechnology	0.375	0.65625	0.28125	0.59375	0.65625	0.59375
agriculture communication	0.375	0.78125	0.59375	1.0	0.28125	0.46875
agriculture economics	0.40625	0.75	0.3125	0.75	0.21875	0.46875
agriculture education	0.125	0.59375	0.0	0.78125	0.5	0.53125
agriculture engineering	0.4166666666666667	0.7395833333333334	0.5	0.6458333333333334	0.3645833333333333	0.5
agriculture science	0.28125	0.75	0.453125	0.796875	0.328125	0.234375
agriculture, later non-profit management	0.375	0.5625	0.5625	0.65625	0.375	0.28125
agricutlrual business management	0.1875	0.3125	0.125	0.5625	0.25	0.75
agrisci	0.0	0.3125	0.5	0.15625	0.3125	0.0625
agronomia	0.765625	0.75	0.21875	0.375	0.53125	0.78125
agronomic engineering	0.21875	0.84375	0.6875	0.4375	0.34375	0.28125
agronomist	0.6875	0.75	0.5	0.75	0.59375	0.71875
agronomy	0.34375	0.7254464285714286	0.42410714285714285	0.6004464285714286	0.3638392857142857	0.38839285714285715
agronomy engineering	0.21875	0.5	0.46875	0.375	0.4375	0.1875
agrotechnology	0.34375	0.6875	0.515625	0.609375	0.59375	0.5
ai	0.125	0.375	0.3125	0.15625	0.0	0.15625
ai engineering	0.25	0.125	0.3125	0.40625	0.3125	0.1875
air travel	0.1875	0.125	0.90625	0.71875	0.71875	0.875
aircraft maintenance engineering	0.53125	0.6875	0.625	0.65625	0.625	0.46875
airport operations	0.4375	0.40625	0.125	0.65625	0.28125	0.25
airway management	0.625	0.46875	0.625	0.59375	0.625	0.46875
akuntansi	0.3125	0.34375	0.4375	0.65625	0.6875	0.75
allied health	0.22265625	0.66796875	0.3984375	0.6875	0.31640625	0.43359375
allied health science	0.46875	0.65625	0.46875	0.59375	0.40625	0.34375
allied health sciences	0.25	0.8125	0.78125	0.71875	0.4375	0.65625
allied heath	0.0625	0.25	0.09375	0.5625	0.0	0.0
already chemical engineer	0.53125	0.8125	0.3125	0.28125	0.15625	0.03125
amciv	0.0	0.15625	0.125	0.09375	0.0	0.0
american civilization	0.21875	0.125	0.6875	0.71875	0.46875	0.4375
american culture studies	0.1875	0.15625	0.375	0.65625	0.15625	0.03125
american history	0.40625	0.53125	0.6041666666666666	0.7604166666666666	0.3645833333333333	0.3854166666666667
american history & black studies	0.0	0.28125	0.84375	0.65625	0.78125	0.125
american literature	0.15625	0.0625	0.78125	0.53125	0.34375	0.09375
american sign language	0.140625	0.40625	0.6796875	0.640625	0.4140625	0.1875
american studies	0.19455645161290322	0.46975806451612906	0.5433467741935484	0.6209677419354839	0.4213709677419355	0.31048387096774194
american studies & education	0.15625	0.5625	0.34375	0.875	0.53125	0.5625
american studies/education	0.0	0.5	0.09375	0.46875	0.21875	0.375
american studiess	0.0	0.34375	0.28125	0.59375	0.59375	0.03125
analytical chemistry	0.21875	0.625	0.84375	0.34375	0.15625	0.25
anatomical sciences	0.21875	0.875	0.40625	0.71875	0.28125	0.40625
anatomy	0.4	0.7625	0.3875	0.5375	0.39375	0.4625
anatomy pathology	0.125	0.40625	0.34375	0.28125	0.34375	0.34375
anatomy, genetics	0.40625	0.6875	0.1875	0.28125	0.34375	0.625
ancient history	0.0625	0.5625	0.78125	0.5625	0.34375	0.03125
anesthesiology	0.9375	1.0	0.40625	0.65625	0.40625	0.53125
anhtopology	0.25	0.3125	0.875	0.59375	0.6875	0.40625
anima science	0.5625	0.65625	0.84375	0.625	0.6875	0.6875
animal behavior	0.0	0.96875	0.25	0.21875	0.0	0.0
animal behavior and criminal justice	0.15625	0.9375	0.96875	0.6875	0.28125	0.1875
animal behavior and psychology	0.03125	0.875	0.875	0.5625	0.15625	0.25
animal behaviour	0.25	0.65625	0.671875	0.734375	0.515625	0.203125
animal care	0.140625	0.703125	0.53125	0.578125	0.296875	0.109375
animal doctor	0.25	0.21875	0.25	0.34375	0.375	0.40625
animal ecology	0.0625	0.59375	0.53125	0.5625	0.3125	0.21875
animal health	0.1875	0.84375	0.53125	0.78125	0.5	0.34375
animal management	0.1875	0.40625	0.28125	0.34375	0.21875	0.4375
animal psychology, zoology	0.0	0.5	0.0625	0.28125	0.0	0.0
animal science	0.28943452380952384	0.7410714285714286	0.39955357142857145	0.5104166666666666	0.32961309523809523	0.37723214285714285
animal science - pre vet	0.4375	0.9375	0.3125	0.6875	0.40625	0.59375
animal sciences	0.21875	0.6666666666666666	0.5104166666666666	0.65625	0.3958333333333333	0.34375
animal studies	0.125	0.8125	0.125	0.625	0.4375	0.4375
animal welfare	0.125	0.90625	0.71875	0.875	0.25	0.09375
animal welfare management	0.59375	1.0	0.09375	0.75	0.75	0.59375
animals	0.125	0.75	0.53125	0.5	0.21875	0.0625
animation	0.25375	0.475	0.58	0.40125	0.26125	0.23
anothropology	0.59375	0.71875	0.34375	0.4375	0.3125	0.65625
anthopology	0.0	0.28125	0.15625	0.3125	0.421875	0.21875
anthro	0.34375	0.78125	0.40625	0.59375	0.375	0.53125
anthro, policy, comm	0.25	0.75	0.53125	0.5625	0.34375	0.15625
anthroplogy	0.078125	0.34375	0.546875	0.46875	0.3125	0.03125
anthropolgy	0.203125	0.625	0.625	0.65625	0.265625	0.21875
anthropolgy and biology	0.28125	0.78125	0.5	0.5	0.125	0.0
anthropolocy	0.1875	0.1875	0.65625	0.875	0.75	0.34375
anthropologie	0.1875	0.6875	0.625	0.5	0.265625	0.40625
anthropology	0.22876447876447875	0.6319980694980695	0.5597249034749034	0.5631032818532818	0.31032818532818535	0.26375482625482627
anthropology & development	0.40625	0.71875	0.53125	0.78125	0.1875	0.0
anthropology & history	0.15625	0.6875	0.34375	0.53125	0.15625	0.03125
anthropology and african studies	0.0625	0.3125	0.4375	0.09375	0.03125	0.03125
anthropology and animal ecology	0.0	0.5625	0.0	0.40625	0.0	0.0
anthropology and art	0.0625	0.59375	0.53125	0.40625	0.28125	0.21875
anthropology and film studies	0.0625	0.1875	0.125	0.5	0.40625	0.125
anthropology and german	0.03125	0.59375	0.09375	0.8125	0.0625	0.53125
anthropology and linguistics	0.46875	0.28125	0.0	0.46875	0.59375	0.375
anthropology and psychology	0.5	0.8125	0.6875	0.75	0.53125	0.625
anthropology and russian	0.0625	0.71875	0.46875	0.25	0.21875	0.5
anthropology and sociology	0.4140625	0.421875	0.6015625	0.671875	0.515625	0.546875
anthropology and spanish	0.34375	0.71875	0.71875	0.75	0.4166666666666667	0.14583333333333334
anthropology then veterinarian	0.09375	0.625	0.8125	0.40625	0.09375	0.0
anthropology, art history, russian	0.03125	0.40625	0.5625	0.21875	0.25	0.15625
anthropology, ba; public health ma	0.25	0.78125	0.75	0.59375	0.15625	0.03125
anthropology, economics	0.21875	0.53125	0.46875	0.78125	0.3125	0.5
anthropology, geography, education	0.375	0.6875	0.625	0.71875	0.375	0.5
anthropology, linquistics, technical writing	0.46875	0.6875	1.0	0.875	0.625	0.1875
anthropology, sociology, speech therapy	0.1875	0.78125	0.75	0.84375	0.46875	0.1875
anthropology, software engineering, education	0.15625	0.46875	0.65625	0.65625	0.25	0.40625
anthropology, spanish minor	0.46875	0.90625	0.71875	0.875	0.71875	0.625
anthropology/composition	0.1875	0.8125	0.90625	0.59375	0.3125	0.65625
anthropology/history double major	0.15625	0.90625	0.78125	0.34375	0.03125	0.15625
anthropology; international and area studies;	0.296875	0.75	0.859375	0.734375	0.03125	0.0
anthropology; linguistics	0.28125	0.5	0.78125	0.75	0.65625	0.375
anthropology; public health	0.40625	0.46875	0.65625	0.84375	0.15625	0.375
anthrozoology	0.375	0.75	0.6875	0.625	0.3125	0.40625
antrophology	0.21875	0.65625	0.375	0.4375	0.53125	0.53125
antropology	0.0	0.375	0.578125	0.609375	0.65625	0.078125
antropology and ancient indian culture	0.25	0.65625	0.21875	0.28125	0.03125	0.0
antropology, archeology, palentolgy	0.59375	0.375	0.375	0.15625	0.75	0.71875
análises clínicas	0.1875	0.84375	0.5	0.5625	0.25	0.3125
apk	0.03125	0.53125	0.25	0.4375	0.25	0.09375
aplied science	0.78125	0.28125	0.4375	0.8125	0.5	0.28125
apparel design	0.25	0.9375	0.9375	1.0	1.0	0.96875
apparel design and production	0.0625	0.59375	0.8125	0.8125	0.5	0.25
apparel merchandising	0.15625	0.125	0.21875	0.40625	0.25	0.15625
applied behavior analysis	0.265625	0.53125	0.4375	0.5	0.28125	0.453125
applied behavioral science	0.09375	0.234375	0.25	0.65625	0.296875	0.125
applied behavioral sciences	0.4375	0.53125	0.5625	0.625	0.5	0.5
applied biological sciences	0.03125	0.6875	0.28125	0.59375	0.28125	0.0
applied chemistry	0.25	0.875	0.84375	0.9375	0.40625	0.21875
applied communication	0.0	0.46875	0.6875	0.5625	0.34375	0.15625
applied communication studies	0.125	0.65625	0.75	0.5625	0.34375	0.03125
applied computer sciences	0.625	0.65625	0.75	0.875	0.4375	0.53125
applied drama & psychology	0.15625	0.34375	0.90625	0.78125	0.71875	0.3125
applied economics	0.5625	0.75	0.25	0.53125	0.53125	0.8125
applied electronics	0.6875	0.375	0.25	0.84375	0.375	0.65625
applied finance	0.2604166666666667	0.6458333333333334	0.5	0.65625	0.5208333333333334	0.3645833333333333
applied health science	0.0625	0.90625	0.65625	0.875	0.1875	0.03125
applied human behavior	0.25	0.71875	0.75	0.6875	0.1875	0.28125
applied informatics	0.1875	0.375	0.203125	0.3125	0.296875	0.390625
applied languages	0.4375	0.328125	0.359375	0.46875	0.296875	0.265625
applied linguistic	0.21875	0.625	0.6875	0.59375	0.59375	0.28125
applied linguistics	0.1375	0.4375	0.3	0.58125	0.325	0.25625
applied marine biology	0.25	0.875	0.0625	0.53125	0.15625	0.34375
applied math	0.25	0.53125	0.484375	0.4375	0.234375	0.5
applied mathematics	0.3932291666666667	0.5234375	0.3854166666666667	0.40625	0.3645833333333333	0.6276041666666666
applied media	0.4375	0.5	0.5625	0.40625	0.4375	0.4375
applied physics	0.53125	0.421875	0.28125	0.546875	0.375	0.5
applied physics and psychology (double)	0.3125	0.78125	0.75	0.40625	0.0625	0.0625
applied physiology and kinesiology	0.15625	0.53125	0.71875	0.90625	0.28125	0.46875
applied psychology	0.16015625	0.45703125	0.42578125	0.71875	0.5	0.36328125
applied psychology and human development	0.0	0.6875	0.03125	0.375	0.28125	0.0625
applied psychology and philosophy	0.125	0.6875	0.21875	0.1875	0.0625	0.65625
applied science	0.3125	0.6267361111111112	0.4409722222222222	0.5946180555555556	0.3888888888888889	0.3793402777777778
applied science project management	0.6875	0.5	0.6875	0.65625	0.78125	0.625
applied sciences	0.375	0.65625	0.3854166666666667	0.4895833333333333	0.375	0.34375
applied social sciences	0.4375	0.703125	0.53125	0.6328125	0.2890625	0.2578125
applied sociology	0.46875	0.53125	0.5625	0.71875	0.65625	0.625
applied statistics	0.1875	0.6875	0.5	0.34375	0.34375	0.65625
applied technical leadership	0.515625	0.875	0.484375	0.484375	0.375	0.40625
aquaculture	0.5	0.875	0.5	0.6875	0.21875	0.40625
arabic	0.375	0.46875	0.4166666666666667	0.65625	0.40625	0.3020833333333333
arabic philology	0.1875	0.625	0.59375	0.25	0.25	0.375
arabic studies	0.09375	0.21875	0.5625	0.71875	0.1875	0.0
arcgitecture	0.40625	0.6875	0.90625	0.75	0.25	0.09375
arch	0.21875	0.9375	0.84375	0.28125	0.125	0.03125
archaelogy	0.265625	0.515625	0.515625	0.734375	0.390625	0.296875
archaeological sciences	0.15625	0.375	0.34375	0.34375	0.1875	0.1875
archaeology	0.34095982142857145	0.5954241071428571	0.5329241071428571	0.46651785714285715	0.2739955357142857	0.2924107142857143
archaeology & anthropology	0.25	0.625	0.6875	0.65625	0.4375	0.40625
archaeology and classics	0.40625	0.96875	0.4375	0.875	0.5625	0.03125
archaeology, computer science, theology (sepa	0.03125	0.40625	0.15625	0.0625	0.0	0.0625
archaeology/ancient history also podiatry	0.0625	0.34375	0.40625	0.25	0.0	0.15625
archeticual	0.46875	0.53125	0.5	0.625	0.25	0.34375
archicture	0.0	0.125	0.53125	0.59375	0.3125	0.21875
archiecture	0.21875	0.34375	0.40625	0.59375	0.28125	0.125
architect	0.4014423076923077	0.40384615384615385	0.6057692307692307	0.5192307692307693	0.43990384615384615	0.3557692307692308
architectural	0.53125	0.71875	0.8125	0.46875	0.75	0.5
architectural design	0.484375	0.53125	0.734375	0.5625	0.484375	0.296875
architectural engineering	0.16666666666666666	0.4895833333333333	0.5208333333333334	0.5104166666666666	0.46875	0.3958333333333333
architectural history	0.59375	0.4375	0.34375	0.25	0.125	0.375
architectural studies	0.4270833333333333	0.4583333333333333	0.5625	0.53125	0.6354166666666666	0.5416666666666666
architectural technician	0.40625	0.65625	0.40625	0.28125	0.15625	0.46875
architectural technology	0.2604166666666667	0.5	0.4479166666666667	0.4895833333333333	0.3020833333333333	0.4895833333333333
architecture	0.3763888888888889	0.5305555555555556	0.6172619047619048	0.5138888888888888	0.3927579365079365	0.295734126984127
architecture & accounting	0.53125	0.28125	0.5	0.375	0.34375	0.40625
architecture & biology	0.5	0.96875	0.8125	0.71875	0.09375	0.15625
architecture & engineering	0.3125	0.71875	0.53125	0.46875	0.28125	0.21875
architecture and business administration	0.4375	0.625	0.125	0.75	0.40625	0.875
architecture and planning	0.53125	0.59375	0.4375	0.65625	0.46875	0.375
architecture and project management	0.34375	0.5	0.34375	0.375	0.46875	0.46875
architecture engineering	0.296875	0.390625	0.640625	0.40625	0.3125	0.171875
architecture, criminology, health	0.0	0.53125	0.78125	0.40625	0.3125	0.28125
architecture, dear researcher	0.5625	0.78125	0.59375	0.40625	0.375	0.5
architecture, design, psychology	0.5	0.75	0.84375	0.46875	0.09375	0.5625
architecture, literature	0.0	0.375	0.8125	0.625	0.09375	0.09375
architecture, urban	0.28125	0.53125	0.28125	0.3125	0.65625	0.53125
architecture/construction	0.3125	0.75	0.59375	0.75	0.375	0.0625
architecure	0.1875	0.53125	0.5625	0.71875	0.1875	0.25
architetural technology	0.46875	0.34375	0.21875	0.4375	0.1875	0.71875
archmage	0.3125	0.34375	0.4375	0.21875	0.46875	0.21875
archtecture	0.625	0.21875	0.65625	0.34375	0.5625	0.3125
arcitecture	0.375	0.59375	0.65625	0.59375	0.34375	0.46875
area studies	0.3125	0.78125	0.875	0.6875	0.375	0.28125
area studies/ public administration	0.03125	0.4375	0.59375	0.65625	0.34375	0.03125
areospace engineering	0.46875	0.65625	0.75	0.59375	0.71875	0.28125
arhitecture	0.5	0.125	0.5625	0.25	0.15625	0.59375
army	0.5625	0.3125	0.59375	0.8125	0.25	0.15625
arquitectura	0.46875	0.40625	0.09375	0.09375	0.0	0.1875
arquitecture	0.28125	0.875	0.875	0.71875	0.3125	0.21875
arquitetura	0.65625	0.5625	0.78125	0.875	0.40625	0.75
art	0.26901223776223776	0.5509178321678322	0.6224868881118881	0.5443618881118881	0.2940340909090909	0.2423513986013986
art & design	0.4791666666666667	0.5729166666666666	0.7083333333333334	0.59375	0.40625	0.4479166666666667
art & education	0.203125	0.453125	0.84375	0.78125	0.34375	0.046875
art & humanities	0.5625	0.875	0.75	0.8125	0.25	0.8125
art & literature	0.40625	0.6875	0.5	0.25	0.21875	0.1875
art & psychology	0.34375	0.328125	0.40625	0.609375	0.15625	0.140625
art & theatre (2 degrees)	0.375	0.6875	0.84375	0.6875	0.34375	0.40625
art (bfa), counseling (ms)	0.28125	0.59375	0.8125	0.625	0.21875	0.21875
art + design	0.28125	0.5625	0.5625	0.46875	0.328125	0.453125
art ,photography. graphic design	0.4375	0.4375	0.6875	0.71875	0.59375	0.3125
art - graphic design	0.15625	0.125	0.34375	0.40625	0.28125	0.09375
art / design	0.5	0.78125	0.71875	0.5625	0.21875	0.28125
art administration	-0.03125	0.0625	0.53125	0.34375	0.1875	0.09375
art and art history	0.25	0.40625	0.75	0.46875	0.21875	0.40625
art and asian studies	0.25	0.3125	0.71875	0.53125	0.34375	0.125
art and counseling	0.40625	0.90625	0.75	0.65625	0.25	0.40625
art and design	0.3307291666666667	0.5963541666666666	0.6484375	0.6614583333333334	0.4401041666666667	0.3098958333333333
art and early childhood	0.1875	0.6875	0.375	0.625	0.0	0.0625
art and education	0.0	0.625	0.625	0.84375	0.34375	0.21875
art and english	0.15625	0.34375	0.78125	0.625	0.375	0.21875
art and history	0.4375	0.59375	0.46875	0.75	0.3125	0.4375
art and nursing	0.53125	0.71875	0.96875	0.6875	0.53125	0.34375
art and psychology	0.0625	0.21875	0.5	0.625	0.4375	0.3125
art and science	0.4375	0.96875	0.75	0.78125	0.34375	0.46875
art and social work	0.21875	0.625	0.6875	0.59375	0.1875	0.09375
art conservation	0.5	0.71875	0.84375	0.65625	0.4375	0.25
art criticism	0.34375	0.53125	0.34375	0.4375	0.125	0.03125
art desgin	0.375	0.375	0.5625	0.65625	0.75	0.34375
art ed	0.1875	0.2604166666666667	0.40625	0.4479166666666667	0.3333333333333333	0.20833333333333334
art edication	0.3125	0.09375	0.34375	0.84375	0.28125	0.34375
art education	0.36213235294117646	0.5165441176470589	0.5625	0.5919117647058824	0.2849264705882353	0.3235294117647059
art education and art history	0.34375	0.75	0.71875	0.625	0.1875	0.1875
art eduction	0.28125	0.53125	0.625	0.375	0.21875	0.28125
art hisory	0.5625	0.59375	0.75	0.78125	0.21875	0.0625
art history	0.2045990566037736	0.5023584905660378	0.5890330188679245	0.5218160377358491	0.31014150943396224	0.24086084905660377
art history & history	0.25	0.8125	0.4375	0.4375	0.0	0.0
art history and feminist studies and library	0.0625	0.03125	0.3125	0.1875	0.0625	0.3125
art history and philosophy	0.15625	0.84375	0.875	0.5625	0.1875	0.03125
art history and school psychology	0.15625	0.3125	0.78125	0.71875	0.46875	0.1875
art history then later theology	0.03125	0.09375	0.5625	0.71875	0.125	0.0625
art history, archaeology	0.375	0.53125	0.375	0.5	0.25	0.125
art history, education	0.5	0.59375	0.09375	0.75	0.0625	0.75
art history, psychology	0.4375	0.65625	0.53125	0.375	0.5	0.625
art histoy	0.15625	0.40625	0.5625	0.3125	0.28125	0.125
art management	0.1875	0.21875	0.65625	0.375	0.03125	0.34375
art of education	0.28125	0.625	0.5	0.8125	0.5625	0.4375
art or psychology	0.09375	0.5	0.75	0.625	0.28125	0.46875
art painter	0.09375	0.09375	0.15625	0.15625	0.15625	0.0
art psycotherapy	0.0	0.125	0.28125	0.1875	0.09375	0.0
art restauration	0.09375	0.25	0.28125	0.0625	0.0	0.0
art studies	0.078125	0.40625	0.875	0.734375	0.515625	0.234375
art studio	0.140625	0.453125	0.46875	0.4375	0.28125	0.203125
art stuffz	0.5	0.5	0.5	0.5	0.5	0.5
art theory	0.40625	0.625	0.75	0.28125	0.03125	0.0
art therapy	0.1892361111111111	0.4548611111111111	0.6666666666666666	0.6909722222222222	0.3125	0.14930555555555555
art therapy & education	0.3125	0.6875	0.53125	0.75	0.34375	0.1875
art therapy and counseling	0.03125	0.390625	0.203125	0.65625	0.5625	0.546875
art therapy/clinical psychology	0.09375	0.84375	0.84375	0.8125	0.53125	0.125
art undergrad then social work graduate	0.09375	0.21875	0.40625	0.59375	0.0	0.3125
art,	0.4375	0.71875	0.46875	0.4375	0.625	0.6875
art, art education	0.46875	0.53125	0.78125	0.96875	0.6875	0.53125
art, design	0.34375	0.28125	0.40625	0.59375	0.4375	0.25
art, english	0.20833333333333334	0.65625	0.75	0.625	0.3541666666666667	0.3333333333333333
art, nursing	0.25	0.5625	0.625	0.4375	0.3125	0.15625
art, psychology, and criminal justice	0.25	0.78125	0.8125	0.75	0.375	0.03125
art-photography	0.34375	0.84375	0.75	0.40625	0.15625	0.1875
art/art history	0.13541666666666666	0.4583333333333333	0.6666666666666666	0.6041666666666666	0.34375	0.28125
art/creative writing	0.3125	0.65625	0.875	0.59375	0.15625	0.0625
art/education	0.21875	1.0	0.5	0.34375	0.0625	0.21875
art/nursing	0.0	0.3125	0.4375	0.75	0.09375	0.0
art/psychology	0.0625	0.46875	0.75	0.9375	0.28125	0.0
art/tesol	0.0	0.3125	0.75	0.4375	0.15625	0.0
arte	0.0625	0.0	0.1875	0.46875	0.15625	0.0625
artes	0.1875	0.40625	0.75	0.34375	0.59375	0.4375
artes visuais	0.15625	0.78125	0.4375	0.375	0.03125	0.03125
artificial intelligence	0.03125	0.375	0.5	0.40625	0.09375	0.09375
artificial intelligence and computer science	0.375	0.78125	0.8125	0.75	0.5	0.1875
artificial intelligences engineering	0.375	0.09375	0.3125	0.0625	0.59375	0.5625
artistic	0.125	0.03125	0.71875	0.28125	0.75	0.125
artistic writing	0.375	0.8125	0.625	0.59375	0.40625	0.46875
arts	0.2796474358974359	0.5211004273504274	0.5681089743589743	0.5638354700854701	0.3525641025641026	0.30101495726495725
arts & letters	0.1875	0.1875	0.15625	0.53125	0.34375	0.1875
arts (ancient history and psychology)	0.03125	0.1875	0.65625	0.59375	0.25	0.0
arts - languages	0.0625	0.4375	0.59375	0.875	0.4375	0.40625
arts admin	0.34375	0.3125	0.59375	0.65625	0.71875	0.84375
arts administration	0.1375	0.3	0.51875	0.64375	0.44375	0.35625
arts and animation	0.53125	0.84375	0.84375	0.28125	0.21875	0.46875
arts and commerce	0.75	0.75	1.0	0.9375	0.4375	0.9375
arts and culture	0.0625	0.5625	0.8125	0.625	0.15625	0.0
arts and design	0.328125	0.53125	0.484375	0.578125	0.3125	0.421875
arts and humanities	0.34375	0.3125	0.75	0.5625	0.53125	0.46875
arts and journalism	0.28125	0.59375	0.875	0.6875	0.375	0.03125
arts and law	0.21875	0.5	0.71875	0.75	0.28125	0.21875
arts and sciences	0.125	0.21875	0.40625	0.75	0.0625	0.1875
arts and social science	0.0	0.21875	0.375	0.78125	0.28125	0.09375
arts and technology	0.3125	0.9375	0.84375	0.65625	0.125	0.75
arts history	0.40625	0.5625	0.53125	0.59375	0.25	0.3125
arts journalism	0.03125	0.375	0.65625	0.78125	0.25	0.0
arts management	0.24375	0.43125	0.66875	0.615625	0.3	0.403125
arts, but registered in business for some rea	0.8125	0.90625	0.9375	0.84375	0.53125	0.53125
arts, informatics practices	0.5625	0.46875	1.0	0.625	0.375	0.40625
arts, media and entertainment	0.375	0.40625	0.375	0.5	0.71875	0.75
arts, theology	0.0	0.4375	0.25	0.6875	0.15625	0.03125
arts- photography & psychology	0.34375	0.625	0.875	0.34375	0.40625	0.21875
arts/law	0.15625	0.09375	0.40625	0.84375	0.46875	0.21875
as paramedic	0.71875	0.84375	0.46875	0.75	0.5	0.34375
as science	0.09375	0.875	0.21875	0.90625	0.4375	0.5
asian studies	0.20625	0.596875	0.55	0.640625	0.29375	0.315625
asian stuies	0.375	0.59375	0.5	0.40625	0.125	0.34375
asl interpreting	0.07291666666666667	0.59375	0.3854166666666667	0.78125	0.23958333333333334	0.5520833333333334
asl, finance	0.0625	0.875	0.3125	0.375	0.25	0.5
asl/english interpreting	0.40625	0.625	0.46875	0.9375	0.28125	0.21875
assciate degree	0.0625	0.4375	0.0	0.4375	0.09375	0.375
asset management	0.625	0.59375	0.75	0.8125	0.5	0.5625
associate	0.0	0.6875	0.1875	0.28125	0.15625	0.34375
associate culinary	0.59375	0.8125	1.0	1.0	0.84375	0.625
associate in arts	0.109375	0.609375	0.375	0.53125	0.25	0.40625
associate in science	0.28125	0.6875	0.75	0.75	0.59375	0.5625
associate of arts	0.03125	0.3020833333333333	0.3229166666666667	0.6979166666666666	0.3229166666666667	0.14583333333333334
associate of arts and science	0.09375	0.28125	0.21875	0.65625	0.65625	0.5
associate of general academics	0.0	0.59375	0.4375	0.59375	0.125	0.15625
associate of general studies	0.40625	0.5	0.78125	0.375	0.4375	0.4375
associate of human sciences	0.59375	0.21875	0.125	0.8125	0.71875	0.875
associate of science	0.3125	0.609375	0.453125	0.515625	0.203125	0.546875
associates	0.34375	0.8125	0.15625	0.6875	0.375	0.4375
associates arts	0.53125	0.40625	0.03125	0.46875	0.40625	0.8125
associates degree	0.21875	0.65625	0.7604166666666666	0.8333333333333334	0.53125	0.3333333333333333
associates degree in occupational studies	0.1875	0.96875	0.75	1.0	0.3125	0.5
associates general studies	0.34375	0.375	0.90625	0.875	0.5625	0.5
associates in art	0.625	0.71875	0.75	0.9375	0.65625	0.59375
associates in arts	0.03125	0.40625	0.5833333333333334	0.71875	0.21875	0.041666666666666664
associates in arts and science degree	0.28125	0.0625	0.09375	0.6875	0.625	0.625
associates in science	0.3125	0.71875	0.53125	0.6875	0.375	0.40625
associates in science medical billing and cod	0.09375	0.3125	0.09375	0.375	0.40625	0.4375
associates of arts	0.25	0.78125	0.109375	0.15625	0.375	0.375
associates of arts & sciences	0.1875	0.84375	0.0	0.40625	0.0	0.78125
assyriology	0.5	0.8125	0.65625	0.53125	0.3125	0.46875
astrology	0.46875	0.90625	0.28125	0.5625	0.15625	0.25
astronautics engineering	0.15625	0.90625	0.78125	0.4375	0.25	0.125
astronomy	0.41796875	0.62109375	0.54296875	0.3828125	0.26171875	0.4296875
astrophysics	0.3055555555555556	0.5694444444444444	0.3958333333333333	0.5277777777777778	0.3020833333333333	0.3784722222222222
astrophysics/psychology	0.5	0.625	0.78125	0.6875	0.34375	0.625
athletic administration	0.265625	0.515625	0.3125	0.390625	0.21875	0.21875
athletic therapy	0.28125	0.90625	0.53125	0.5625	0.21875	0.21875
athletic training	0.28308823529411764	0.5202205882352942	0.31985294117647056	0.6415441176470589	0.26838235294117646	0.35661764705882354
athletic training/sports medicine	0.375	0.65625	0.21875	0.875	0.0625	0.15625
atmospheric science	0.375	0.53125	0.5	0.4375	0.34375	0.625
atmospheric sciences	0.5	0.34375	0.375	0.40625	0.6875	0.65625
audio	0.203125	0.5625	0.5625	0.3125	0.3125	0.1875
audio engineer	0.5	0.40625	0.3125	0.4375	0.3125	0.40625
audio engineering	0.3194444444444444	0.4479166666666667	0.7986111111111112	0.4583333333333333	0.3298611111111111	0.2881944444444444
audio/video production	0.59375	0.28125	0.84375	0.75	0.6875	0.625
audiology	0.265625	0.65625	0.375	0.765625	0.328125	0.53125
audiovisual media	0.265625	0.640625	0.84375	0.640625	0.421875	0.25
audiovisual production	0.375	0.3125	0.8125	0.78125	0.59375	0.4375
audit	0.59375	0.625	0.46875	0.5625	0.53125	0.53125
automatics (engineering)	0.65625	0.59375	0.40625	0.375	0.46875	0.6875
automatics and robotics	0.34375	0.75	0.1875	0.375	0.5625	0.375
automation	0.65625	0.59375	0.28125	0.28125	0.3125	0.65625
automatization	0.1875	0.40625	0.5	0.3125	0.21875	0.1875
automobile engineering	0.575	0.325	0.5625	0.53125	0.41875	0.45
automotive	0.4166666666666667	0.3958333333333333	0.3645833333333333	0.46875	0.3958333333333333	0.4583333333333333
automotive  engineering	0.59375	0.5	0.78125	0.625	0.40625	0.46875
automotive and robotics	0.5	0.34375	0.0625	0.53125	0.3125	0.78125
automotive business	0.375	0.40625	0.25	0.65625	0.625	0.46875
automotive engineering	0.6651785714285714	0.6026785714285714	0.5982142857142857	0.5535714285714286	0.5044642857142857	0.4107142857142857
automotive restoration	0.5	0.4375	0.625	0.5	0.21875	0.15625
automotive restoraton	0.09375	0.375	0.4375	0.40625	0.3125	0.21875
automotive sceinces	0.59375	0.5625	0.25	0.34375	0.40625	0.4375
automotive service technology	0.75	0.90625	0.65625	0.59375	0.5625	0.5625
automotive technology	0.546875	0.5078125	0.4921875	0.5078125	0.421875	0.4609375
aviation	0.3802083333333333	0.3038194444444444	0.4305555555555556	0.484375	0.3958333333333333	0.25
aviation & flight operations//criminal justic	0.78125	1.0	0.25	0.6875	0.15625	0.34375
aviation engineering	0.78125	0.875	0.5625	0.65625	0.40625	0.53125
aviation flight	0.75	0.59375	0.09375	0.34375	0.5	0.65625
aviation flight science	0.59375	0.03125	0.125	0.15625	0.0625	0.1875
aviation maintenace	0.625	0.5	0.625	0.375	0.15625	0.09375
aviation management	0.47767857142857145	0.3705357142857143	0.15625	0.39285714285714285	0.29017857142857145	0.41964285714285715
aviation managment	0.15625	0.21875	0.09375	0.15625	0.21875	0.0625
aviation mangagement	0.40625	0.375	0.28125	0.46875	0.6875	0.625
aviation mangement	0.78125	1.0	0.6875	0.78125	0.625	0.25
aviation science	0.59375	0.0	0.40625	0.09375	0.75	0.90625
aviation sciences	0.78125	0.625	0.75	0.75	0.4375	0.40625
aviation studies	0.5625	0.53125	0.3125	0.5625	0.5625	0.78125
aviation technology	0.6875	0.75	0.21875	0.28125	0.3125	0.78125
avionics technology	0.34375	0.6875	0.125	0.8125	0.1875	0.3125
b com	0.4375	0.125	0.46875	0.625	0.53125	0.5625
b ed	0.375	0.78125	0.59375	0.6875	0.21875	0.15625
b pharm	0.09375	0.4375	0.40625	0.75	0.21875	0.09375
b sc	0.4375	0.28125	0.21875	1.0	0.8125	0.65625
b. sc.	0.375	0.46875	0.625	0.59375	0.25	0.1875
b.a	0.53125	0.71875	0.71875	0.71875	0.65625	0.4375
b.a in psychology	0.09375	0.15625	0.34375	0.6875	0.46875	0.40625
b.com	0.41875	0.41875	0.8	0.7375	0.70625	0.6125
b.com general	0.25	0.0625	0.9375	0.875	0.625	0.6875
b.com marketing	0.25	0.125	0.59375	0.65625	0.59375	0.5
b.f.a.-dance	0.15625	0.71875	0.84375	0.78125	0.4375	0.28125
b.s in rehab and human services and a.s of ph	0.21875	0.59375	0.1875	0.59375	0.0625	0.1875
b.s psychology, b.a criminal justice m.ed cou	0.0	0.25	0.71875	0.4375	0.21875	0.03125
b.sc	0.40625	0.34375	0.25	0.5625	0.5625	0.9375
b.tech	0.5625	0.4375	0.4375	0.96875	0.78125	0.8125
ba	0.396875	0.534375	0.440625	0.665625	0.43125	0.31875
ba - english creative writing | msed - higher	0.1875	0.6875	0.78125	0.4375	0.0625	0.0625
ba architectural studies; med counseling	0.625	0.4375	0.65625	0.34375	0.4375	0.5
ba business admin	0.5625	0.65625	0.25	0.84375	0.5	0.6875
ba creative events: production and mangement	0.0625	0.59375	0.59375	0.625	0.5	0.03125
ba in arts (mass communication)	0.28125	0.90625	0.71875	0.25	0.28125	0.1875
ba in both history and mathematics	0.3125	0.59375	0.71875	0.6875	0.0	0.875
ba in business	0.28125	0.375	0.9375	1.0	0.875	0.875
ba in criminal justice.	0.125	0.4375	0.3125	0.8125	0.09375	0.0625
ba in fine arts/psychology -- ma in art thera	0.34375	0.59375	0.9375	0.84375	0.25	0.03125
ba international affairs, ma community counse	0.28125	0.8125	0.65625	0.84375	0.75	0.875
ba public relations	0.125	0.15625	0.21875	0.9375	0.40625	0.21875
ba sociology ms clinical psychology	0.0	0.3125	0.1875	0.8125	0.125	0.25
ba theatre	0.203125	0.390625	0.671875	0.34375	0.421875	0.390625
ba-public administration, ms-human resources	0.09375	0.3125	0.65625	0.4375	0.5625	0.5625
ba. painting	0.40625	0.25	1.0	0.625	0.59375	0.28125
bacelor in management studies	0.625	0.71875	0.65625	0.84375	0.6875	0.6875
bach-pub. accounting; masters: special educat	0.28125	0.71875	0.46875	0.71875	0.09375	0.15625
bach. information system	0.34375	0.53125	0.625	0.625	0.15625	0.59375
bachelor biology	0.5625	0.96875	0.5	0.5625	0.3125	0.09375
bachelor degree of landscape architecture	0.0625	0.25	0.3125	0.65625	0.40625	0.6875
bachelor in business and master in marketing	0.21875	0.5	0.65625	0.625	0.65625	0.28125
bachelor in communication and masters in mana	0.1875	0.59375	0.625	0.5625	0.875	0.4375
bachelor in early childhood education	0.23958333333333334	0.4479166666666667	0.78125	0.8958333333333334	0.75	0.5625
bachelor in education	0.0	0.03125	0.53125	0.625	0.0	0.09375
bachelor in elementary education	0.65625	0.875	0.8125	0.9375	0.59375	0.5
bachelor in filipino education	0.0625	0.25	0.4375	0.71875	0.125	0.0
bachelor in management studies	0.34375	0.46875	0.59375	0.71875	0.4375	0.46875
bachelor in math and science elementary educa	0.59375	0.5625	0.5	0.875	0.625	1.0
bachelor in values education	0.3125	0.6875	0.71875	0.90625	0.5	0.28125
bachelor of arts	0.46875	0.3125	0.40625	0.71875	0.5	0.34375
bachelor of arts marathi	1.0	1.0	0.8125	1.0	0.96875	0.9375
bachelor of business	0.09375	0.0	0.125	0.0	0.03125	0.125
bachelor of commerce	0.4375	0.484375	0.515625	0.78125	0.6875	0.703125
bachelor of elementary education major in con	0.34375	0.46875	0.6875	0.84375	0.4375	0.46875
bachelor of laws (llb)	0.28125	0.96875	0.75	0.8125	0.40625	0.15625
bachelor of medical laboratory science	0.5	0.78125	0.65625	0.75	0.40625	0.46875
bachelor of music	0.09375	0.21875	0.75	0.78125	0.5	0.46875
bachelor of psychology (honours)	0.03125	0.46875	0.59375	0.71875	0.0	0.09375
bachelor of science	0.2421875	0.4140625	0.3359375	0.7109375	0.328125	0.3125
bachelor of technical teacher education	0.46875	0.21875	0.65625	0.78125	0.4375	0.375
bachelors in commerce	0.03125	0.25	0.34375	0.34375	0.25	0.15625
bachelors in science middle grades education	0.0	0.59375	0.125	0.71875	0.09375	0.15625
bachelors of commerce	0.1875	0.5	0.78125	0.78125	0.5	0.0
bachelors of commerce,taxation	0.625	0.5625	0.625	0.8125	0.53125	0.75
bachelors of science	0.15625	0.8125	0.46875	0.46875	0.28125	0.15625
bacteriology	0.5625	0.6875	0.46875	0.4375	0.1875	0.34375
ballet, english literature double major	0.0	0.25	0.625	0.78125	0.5	0.15625
bank management	0.25	0.1875	0.1875	0.5	0.625	0.375
banking	0.3463541666666667	0.3177083333333333	0.4713541666666667	0.5989583333333334	0.546875	0.5052083333333334
banking & finance	0.4479166666666667	0.4791666666666667	0.5625	0.7291666666666666	0.6666666666666666	0.5104166666666666
banking & management	0.3125	0.5625	0.625	0.875	0.3125	0.125
banking and english	0.5625	0.625	0.8125	0.8125	0.625	0.75
banking and finance	0.3333333333333333	0.35	0.4895833333333333	0.5729166666666666	0.5125	0.5229166666666667
banking studies	0.53125	0.5	0.53125	0.71875	0.59375	0.65625
banking, finance	0.59375	0.375	0.1875	0.21875	0.21875	0.21875
bas psychology bs financial engineering	0.625	0.78125	0.625	0.5625	0.40625	0.46875
bba	0.3806818181818182	0.5014204545454546	0.5795454545454546	0.6448863636363636	0.5056818181818182	0.5184659090909091
bba (accounting and audit)	0.5	0.65625	0.65625	0.28125	0.375	0.34375
bba (h)	0.1875	0.25	0.9375	0.78125	0.59375	0.5625
bba marketing	0.09375	0.09375	0.75	0.71875	0.46875	0.34375
bbit	0.3125	0.53125	0.640625	0.703125	0.75	0.765625
bbm	0.3333333333333333	0.4895833333333333	0.59375	0.65625	0.5625	0.4375
bca	0.46875	0.453125	0.609375	0.921875	0.65625	0.84375
bcom	0.3671875	0.5078125	0.71875	0.921875	0.5625	0.4921875
bds	0.3125	0.5625	0.71875	0.71875	0.84375	0.65625
be business admin finance	0.125	0.84375	0.625	0.1875	0.125	0.5625
beauty	0.09375	0.359375	0.140625	0.3125	0.21875	0.125
bece	0.125	0.5	0.6875	0.8125	0.3125	0.0
bed (english)	0.0625	0.3125	0.8125	0.90625	0.3125	0.40625
bed design & craft; design & technology	0.9375	0.40625	0.3125	0.125	0.15625	0.375
bee	0.71875	0.75	0.78125	0.6875	0.75	0.75
beed - gened	0.15625	0.375	0.46875	0.90625	0.6875	0.3125
behavior anaylysis	0.0	0.84375	0.1875	0.8125	0.1875	0.5625
behavior health sciences	0.15625	0.25	0.53125	0.8125	0.40625	0.1875
behavior science	0.234375	0.359375	0.140625	0.671875	0.328125	0.53125
behavioral health	0.2125	0.425	0.1125	0.65625	0.15	0.15
behavioral neuroscience	0.140625	0.75	0.5	0.765625	0.203125	0.3125
behavioral science	0.1814903846153846	0.49759615384615385	0.4338942307692308	0.6634615384615384	0.3389423076923077	0.28725961538461536
behavioral science & psychology	0.1875	0.46875	0.46875	0.78125	0.375	0.34375
behavioral science, interdisciplinary studies	0.0	0.09375	0.53125	0.6875	0.25	0.15625
behavioral science/computer programming	0.5625	0.21875	0.5	0.59375	0.09375	0.0625
behavioral sciences	0.15625	0.20833333333333334	0.19791666666666666	0.5833333333333334	0.3125	0.16666666666666666
behavioral sciences and journalism, also busi	0.0	0.6875	0.65625	0.625	0.34375	0.3125
behavioral scienece	0.140625	0.546875	0.1875	0.921875	0.1875	0.359375
behavioral studies	0.15625	0.28125	0.3125	0.875	0.375	0.46875
behavioural science	0.28125	0.5078125	0.5	0.5078125	0.375	0.3515625
behavioural studies	0.0625	0.21875	0.25	0.90625	0.5	0.4375
behavorial science	0.1875	0.3125	0.34375	0.90625	0.375	0.546875
beng civil engineering, msc engineering mathe	0.1875	0.34375	0.65625	0.5625	0.1875	0.0625
betray	1.0	1.0	1.0	1.0	1.0	1.0
bfa	0.125	0.1875	0.625	0.65625	0.3125	0.125
bfa - film	0.0625	0.5625	0.71875	0.375	0.15625	0.125
bfa digital media production	0.375	0.9375	0.6875	0.625	0.3125	0.3125
bfa illustration	0.25	0.53125	0.84375	0.625	0.46875	0.28125
bfa photography, med multiple subject educati	0.0625	0.28125	0.28125	0.15625	0.03125	0.15625
bgs	0.09375	0.5625	0.21875	0.59375	0.375	0.59375
bheavioral health	0.28125	0.09375	0.5625	0.8125	0.40625	0.34375
bhm	0.78125	0.96875	0.8125	0.8125	0.84375	0.65625
bhpe	0.46875	0.21875	0.09375	0.8125	0.1875	0.15625
bib;e	0.34375	0.5625	0.65625	0.84375	0.3125	0.46875
bible	0.2638888888888889	0.5173611111111112	0.5625	0.59375	0.3680555555555556	0.21180555555555555
bible and theology	0.4375	0.65625	0.46875	0.6875	0.34375	0.15625
biblical and theological studies	0.1875	0.40625	0.6875	0.8125	0.4375	0.03125
biblical counseling	0.1875	0.125	0.3125	0.59375	0.34375	0.25
biblical knowledge	0.0	0.125	0.5	0.5	0.03125	0.1875
biblical literature/education	0.359375	0.25	0.21875	0.90625	0.4375	0.828125
biblical lititure/education	0.40625	0.28125	0.1875	0.90625	0.5	0.71875
biblical studies	0.171875	0.4125	0.55625	0.615625	0.3	0.30625
biblical studies / child and family studies	0.125	0.28125	0.59375	0.78125	0.46875	0.125
big data	0.0	0.21875	0.84375	0.46875	0.34375	0.09375
biiomedicine	0.5625	0.84375	0.4375	0.90625	1.0	0.71875
bilingual education	0.0625	0.09375	0.0625	0.8125	0.4375	0.5625
bilingual studies	0.34375	0.28125	0.6875	0.6875	0.5625	0.5
billing and coding	0.3125	0.0625	0.25	0.6875	0.5	0.5
bilogy/chemistry/social work	0.28125	0.59375	0.5	0.3125	0.8125	0.0
bio	0.3	0.66875	0.575	0.59375	0.3625	0.28125
bio chem	0.3020833333333333	0.4166666666666667	0.3125	0.25	0.16666666666666666	0.13541666666666666
bio chemstiry	0.875	0.96875	0.65625	0.71875	0.75	0.875
bio engineering	0.53125	0.7291666666666666	0.5416666666666666	0.59375	0.5416666666666666	0.5625
bio psychology	0.8125	1.0	0.65625	0.9375	0.71875	0.34375
bio-behavioral health	0.0	0.6875	0.0	0.40625	0.0	0.15625
bio-chem	0.25	0.46875	0.125	0.5625	0.3125	0.59375
bio-chemistry	0.0	1.0	0.6875	0.125	0.25	0.46875
bio-kinesiology	0.09375	0.375	0.1875	0.625	0.25	0.0625
bio-medical engineering	0.65625	0.78125	0.53125	0.875	0.3125	0.5
bio-medical sciences	0.40625	0.5625	0.4375	0.75	0.875	0.53125
bio-psych	0.1875	0.71875	0.53125	0.84375	0.21875	0.5
biochem	0.34375	0.7916666666666666	0.3125	0.5364583333333334	0.34375	0.4791666666666667
biochemcal engineering	0.0625	0.15625	0.0	0.0625	0.0	0.6875
biochemical engineering	0.390625	0.640625	0.4921875	0.53125	0.2265625	0.4375
biochemistry	0.3150887573964497	0.7427884615384616	0.4683801775147929	0.5425295857988166	0.30380917159763315	0.31231508875739644
biochemistry & molecular biology	0.15625	0.59375	0.5625	0.625	0.1875	0.59375
biochemistry and english and theatre	0.28125	0.375	0.65625	0.65625	0.40625	0.125
biochemistry and french	0.15625	0.8125	0.0625	0.25	0.15625	0.0
biochemistry and molecular biology	0.53125	0.84375	0.46875	0.46875	0.28125	0.0625
biochemistry and physiology	0.34375	0.9375	0.609375	0.734375	0.40625	0.25
biochemistry, environmental engineering	0.0	0.46875	0.75	0.65625	0.375	0.0625
biochemistry, japanese	0.09375	0.96875	0.4375	0.28125	0.03125	0.40625
biochemistry, materials engineering, classics	0.40625	0.75	0.59375	0.25	0.0625	0.375
biochemistry, microbiology	0.34375	0.21875	0.53125	0.53125	0.34375	0.5
biochemistry/molecular biology	0.5625	0.875	0.625	0.53125	0.40625	0.34375
biochemistry/physics	0.28125	0.96875	0.6875	0.28125	0.0	0.28125
biochemsitry	0.5625	0.9375	0.59375	0.6875	0.21875	0.0625
biodiversity	0.28125	0.625	0.71875	0.96875	0.53125	0.75
bioengineering	0.37083333333333335	0.7770833333333333	0.5020833333333333	0.5375	0.33958333333333335	0.39166666666666666
bioindustry	0.0	0.0	0.40625	0.53125	0.3125	0.09375
bioinformatics	0.28125	0.6160714285714286	0.5669642857142857	0.5	0.34375	0.39285714285714285
bioinformatis	0.125	0.703125	0.40625	0.46875	0.234375	0.140625
biolo	0.15625	0.9375	0.875	0.78125	0.65625	0.125
bioloby	0.3125	0.9375	0.4375	0.5	0.0	0.0
biolog	0.34375	0.8125	0.5	0.90625	0.5	0.34375
biologcal ciences	0.3125	0.8125	0.71875	0.75	0.625	0.46875
biologia	0.0625	0.375	0.5625	0.5625	0.0	0.5
biological	0.375	0.5625	0.34375	0.46875	0.5625	0.5
biological and agricultural engineering	0.09375	0.71875	0.625	0.75	0.3125	0.25
biological anthropology	0.21875	0.90625	0.09375	0.59375	0.25	0.25
biological engineering	0.31640625	0.67578125	0.37109375	0.45703125	0.28515625	0.328125
biological genius	0.0625	0.71875	0.65625	0.46875	0.5	0.4375
biological med.	0.125	0.3125	0.28125	0.71875	0.4375	0.40625
biological science	0.2875	0.790625	0.415625	0.58125	0.40625	0.375
biological sciences	0.3519736842105263	0.8009868421052632	0.5082236842105263	0.5345394736842105	0.34868421052631576	0.37335526315789475
biological sciences and psychology	0.09375	0.59375	0.28125	0.375	0.25	0.25
biological sciences undegrad public admin mas	0.59375	0.75	0.96875	0.71875	0.3125	0.28125
biological sciences/medicine	0.5	0.75	0.34375	0.5	0.09375	0.1875
biologie	0.0625	0.75	0.34375	0.21875	0.65625	0.1875
biologist	0.296875	0.78125	0.34375	0.578125	0.5	0.328125
biologu	0.25	0.53125	0.4375	0.6875	0.46875	0.40625
biology	0.2966337907375643	0.7591391509433962	0.46049528301886794	0.5582386363636364	0.3114547598627787	0.33453044596912523
biology & chemistry	0.3125	0.65625	0.3125	0.5	0.1875	0.125
biology & education	0.28125	0.90625	0.5625	0.5625	0.03125	0.4375
biology & mathematics	0.21875	1.0	0.96875	0.78125	0.28125	0.3125
biology & psychology	0.140625	0.890625	0.21875	0.71875	0.375	0.359375
biology & statistics	0.40625	0.6875	0.1875	0.34375	0.5625	0.46875
biology (under) education (graduate)	0.21875	0.875	0.65625	0.6875	0.375	0.15625
biology and anthropology	0.0	0.28125	0.40625	0.53125	0.09375	0.0
biology and arr	0.21875	0.8125	0.84375	0.4375	0.125	0.21875
biology and audiology	0.1875	0.71875	0.34375	0.5625	0.125	0.3125
biology and behavioral sciences	0.21875	0.75	0.5	0.875	0.625	0.71875
biology and business	0.15625	0.71875	0.59375	0.40625	0.6875	0.40625
biology and chemistry	0.328125	0.828125	0.359375	0.6484375	0.3359375	0.359375
biology and chemistry for teaching	0.3125	0.6875	0.5625	0.78125	0.3125	0.1875
biology and counseling	0.0	0.71875	0.65625	0.875	0.34375	0.0625
biology and dance	0.65625	0.78125	0.71875	0.5625	0.40625	0.65625
biology and dvm	0.09375	0.75	0.53125	0.375	0.125	0.1875
biology and education	0.0	0.46875	0.09375	0.34375	0.0	0.28125
biology and english	0.09375	0.90625	0.28125	0.09375	0.0	0.21875
biology and environmental science	0.34375	0.84375	0.75	0.9375	0.28125	0.125
biology and german	0.28125	0.5	0.6875	0.625	0.46875	0.6875
biology and global health	0.078125	0.6875	0.234375	0.65625	0.09375	0.0
biology and marine science	0.46875	0.46875	0.28125	0.5625	0.90625	0.21875
biology and math	0.03125	0.8125	0.09375	0.5	0.40625	0.46875
biology and physiology	0.15625	0.90625	0.90625	0.46875	0.3125	0.09375
biology and pschology	0.34375	0.6875	0.0625	0.875	0.28125	0.125
biology and pschology and german	0.28125	0.8125	0.96875	0.90625	0.59375	0.25
biology and psychology	0.24431818181818182	0.7556818181818182	0.42613636363636365	0.6221590909090909	0.26420454545454547	0.38920454545454547
biology and sociology	0.1875	0.75	0.15625	0.53125	0.375	0.53125
biology and theatre	0.125	0.6875	0.78125	0.28125	0.375	0.25
biology anthropology medicine	0.46875	0.78125	0.375	0.46875	0.1875	0.125
biology biohealth	0.0	0.84375	0.59375	0.78125	0.0625	0.125
biology botany/zoology	0.3125	0.84375	0.1875	0.625	0.3125	0.8125
biology chimy geology	0.5625	0.71875	0.5625	0.4375	0.1875	0.59375
biology edu, kinesiology, masters in educatio	0.21875	0.6875	0.15625	0.59375	0.625	0.3125
biology education	0.32142857142857145	0.6919642857142857	0.59375	0.65625	0.38392857142857145	0.32589285714285715
biology education  and student services	0.375	0.84375	0.15625	0.8125	0.0	0.25
biology engineering	0.5	0.75	0.625	0.71875	0.5	0.53125
biology pre -med	0.5625	0.96875	0.59375	0.78125	0.4375	0.5625
biology pre-health	0.09375	0.5625	0.75	0.84375	0.21875	0.4375
biology psychology	0.21875	0.6875	0.4375	0.375	0.34375	0.46875
biology teacher	0.5	0.96875	0.25	0.375	0.09375	0.5625
biology with a minor in psychology	0.34375	0.78125	0.40625	0.375	0.34375	0.40625
biology&chemistry	0.21875	0.625	0.3125	0.65625	0.65625	0.65625
biology, anthropology, education	0.125	0.84375	0.59375	0.75	0.375	0.0625
biology, biochemistry, forensic science, and	0.09375	0.9375	0.71875	0.21875	0.0625	0.21875
biology, business, accounting	0.46875	0.6875	0.28125	0.4375	0.4375	0.75
biology, chemistry	0.125	0.953125	0.71875	0.6875	0.203125	0.140625
biology, chemistry, spanish	0.28125	0.75	0.59375	0.53125	0.34375	0.25
biology, communications	0.1875	1.0	0.75	0.5	0.0625	0.125
biology, computer science	0.5	0.59375	0.53125	0.53125	0.3125	0.28125
biology, computing	0.5	0.375	0.375	0.46875	0.21875	0.59375
biology, criminology	0.46875	0.65625	0.34375	0.625	0.375	0.0625
biology, education	0.34375	0.7916666666666666	0.59375	0.6354166666666666	0.4583333333333333	0.23958333333333334
biology, emphasis on molecular biology and ge	0.0	0.40625	0.125	0.25	0.0	0.28125
biology, exercise science	0.53125	0.46875	0.28125	0.625	0.40625	0.40625
biology, fire technology	0.25	0.71875	0.59375	0.75	0.4375	0.375
biology, japanese	0.0	0.53125	0.78125	0.4375	0.21875	0.15625
biology, latin	0.03125	0.40625	0.03125	0.15625	0.0	0.59375
biology, law, english	0.03125	0.78125	0.46875	0.75	0.28125	0.3125
biology, nursing	0.23958333333333334	0.8333333333333334	0.25	0.7083333333333334	0.19791666666666666	0.3854166666666667
biology, psychology	0.171875	0.859375	0.09375	0.5234375	0.1171875	0.2265625
biology, psychology, anthropology	0.125	0.90625	0.59375	0.6875	0.21875	0.09375
biology, psychology, communications	0.28125	0.46875	0.875	0.75	0.5	0.28125
biology, psychology, computer networks and cy	0.28125	0.75	0.34375	0.71875	0.46875	0.40625
biology, psychology, neuroscience	0.15625	0.78125	0.59375	0.8125	0.375	0.0625
biology, psychology, neursocience	0.0625	0.71875	0.6875	0.71875	0.25	0.5625
biology, science	0.46875	0.84375	0.78125	0.59375	0.25	0.3125
biology, secondary ed	0.0	0.65625	0.25	0.59375	0.25	0.125
biology, sociology	0.6875	0.78125	0.5	0.40625	0.28125	0.5
biology, sociology, global health, education	0.25	0.65625	0.78125	0.78125	0.46875	0.125
biology, spanish	0.28125	0.71875	0.78125	0.78125	0.375	0.3125
biology, then physician assistant studies	0.09375	0.875	0.9375	0.75	0.25	0.03125
biology, theology	0.65625	0.875	0.3125	0.75	0.1875	0.375
biology, writing, conservation science	0.28125	0.6875	0.46875	0.65625	0.15625	0.1875
biology-psychology	0.1875	0.71875	0.28125	0.0625	0.09375	0.34375
biology/chemistry	0.46875	0.890625	0.78125	0.65625	0.359375	0.578125
biology/mba	0.59375	0.78125	0.375	0.34375	0.5625	0.53125
biology/physiology	0.4375	0.8125	0.5	0.65625	0.3125	0.375
biology/pre-med	0.65625	1.0	0.9375	0.84375	0.65625	0.5
biology/programming	0.34375	0.5625	0.5625	0.53125	0.15625	0.28125
biology/psychology	0.171875	0.765625	0.328125	0.34375	0.28125	0.15625
biology/psychology/linguistics	0.375	0.71875	0.6875	0.46875	0.375	0.1875
biology/public health	0.0625	0.65625	0.28125	0.84375	0.3125	0.375
biology/spanish	0.34375	0.9375	0.5	0.96875	0.5	0.5
biology/sustainability	0.15625	0.46875	0.46875	0.53125	0.46875	0.3125
biology; accounting	0.25	0.71875	0.46875	0.4375	0.40625	0.5
biology; education	0.46875	0.6875	0.40625	0.5	0.25	0.375
biology; psychology	0.40625	0.9375	0.125	0.8125	0.09375	0.53125
bioloigy	0.46875	1.0	0.375	0.40625	0.125	0.75
biololgy	0.375	0.90625	0.59375	0.40625	0.4375	0.65625
bioloy	0.3125	0.5625	0.125	0.15625	0.21875	0.03125
biomath	0.03125	0.46875	0.03125	0.34375	0.0625	0.09375
biomechanics and human movement science	0.15625	0.6875	0.75	0.5625	0.40625	0.15625
biomechatronics, engineering.	0.90625	1.0	0.78125	0.875	0.625	0.78125
biomed	0.1875	0.609375	0.3125	0.265625	0.5	0.265625
biomedial science	0.34375	0.8125	0.21875	0.5	0.375	0.34375
biomedic	0.0625	0.59375	0.1875	0.5	0.03125	0.125
biomedic engineering	0.21875	0.0625	0.65625	0.9375	0.59375	0.625
biomedical	0.27232142857142855	0.6026785714285714	0.34375	0.6160714285714286	0.4955357142857143	0.4107142857142857
biomedical electronics engineering	0.625	0.6875	0.53125	0.28125	0.21875	0.125
biomedical engineering	0.3296875	0.6671875	0.4713541666666667	0.5135416666666667	0.31614583333333335	0.35104166666666664
biomedical engineering (prosthetics and ortho	0.15625	0.15625	0.1875	0.34375	0.0	0.0
biomedical engineering and philosophy (double	0.1875	0.59375	0.1875	0.3125	0.28125	0.3125
biomedical laboratory science	0.0	0.78125	0.65625	0.59375	0.40625	0.1875
biomedical laboratory sciences	0.0	0.4375	0.1875	0.625	0.0625	0.09375
biomedical sceince	0.21875	0.875	0.34375	0.4375	0.5625	0.09375
biomedical science	0.27247807017543857	0.7083333333333334	0.4303728070175439	0.5592105263157895	0.3092105263157895	0.2713815789473684
biomedical science, mathematics	0.125	0.53125	0.5	0.625	0.375	0.5625
biomedical sciences	0.30875	0.7375	0.49375	0.64875	0.3875	0.3375
biomedical sciences and medical anthropolgy	0.75	0.8125	0.6875	0.4375	0.4375	0.34375
biomedical studies	0.75	0.96875	0.75	0.65625	0.375	0.5
biomedical svience	0.3125	0.84375	0.6875	0.75	0.59375	0.46875
biomedicine	0.375	0.7142857142857143	0.28125	0.5803571428571429	0.3169642857142857	0.32589285714285715
biometd sciences	0.625	0.53125	0.375	0.375	0.21875	0.65625
biomolecular science	0.25	0.75	0.640625	0.515625	0.265625	0.296875
biophysics	0.3828125	0.8828125	0.5390625	0.578125	0.2109375	0.234375
biopsychology	0.140625	0.4713541666666667	0.4322916666666667	0.7395833333333334	0.3776041666666667	0.3411458333333333
bioresource engineering	0.46875	0.71875	0.3125	0.25	0.375	0.375
bioscience	0.4270833333333333	0.7604166666666666	0.4479166666666667	0.3541666666666667	0.2708333333333333	0.46875
bioscience engineering	0.34375	0.96875	0.71875	0.71875	0.21875	0.09375
biosciences	0.21875	0.796875	0.78125	0.671875	0.546875	0.296875
biosciences and material sciences	0.375	0.875	1.0	0.625	0.875	0.375
biostatistics	0.6875	0.875	0.625	0.5625	0.4375	0.59375
biosystem engineering	0.375	0.78125	0.5	0.90625	0.40625	0.3125
biosystems engienering	0.28125	0.59375	0.1875	0.0625	0.03125	0.3125
biotech	0.25625	0.84375	0.55	0.6	0.4375	0.28125
biotech engineering	0.25	0.25	0.375	0.625	0.4375	0.375
biotech, information sys	0.53125	0.6875	0.3125	0.21875	0.0625	0.5
biotechnolgy	0.1875	0.59375	0.25	0.25	0.15625	0.125
biotechnologist	0.46875	0.78125	0.59375	0.78125	0.625	0.71875
biotechnology	0.3253968253968254	0.6696428571428571	0.5124007936507936	0.5714285714285714	0.3685515873015873	0.3740079365079365
biotechnology and genetic engineering	0.015625	0.578125	0.171875	0.59375	0.109375	0.015625
biotechnology engeneering	0.5625	0.78125	0.75	0.75	0.65625	0.5625
biotechnology engineer	0.40625	0.9375	0.90625	0.75	0.46875	0.625
biotechnology engineering	0.375	0.59375	0.703125	0.734375	0.5703125	0.4453125
biotechnology, education	0.53125	0.96875	0.5625	0.96875	0.34375	0.4375
biotecnologia	0.09375	0.40625	0.28125	0.53125	0.1875	0.03125
bioyechnology	0.1875	0.59375	0.1875	0.375	0.4375	0.46875
bis	0.21875	0.1875	0.5625	0.71875	0.84375	0.96875
bisiness	0.203125	0.40625	0.4375	0.671875	0.453125	0.234375
bite	0.0	0.0	0.0	0.0	0.0	0.0
bjilogy	0.0	0.0625	0.25	0.8125	0.0	0.0
black studies	0.21875	0.4375	0.625	0.71875	0.21875	0.25
bm	0.25	0.09375	0.625	0.59375	0.78125	0.65625
board area social studies	0.34375	0.25	0.3125	0.59375	0.5625	0.28125
botany	0.328125	0.7276785714285714	0.5267857142857143	0.45982142857142855	0.35044642857142855	0.28794642857142855
botany zoology chemistry	0.34375	0.78125	0.25	0.8125	0.28125	0.65625
bpa	0.125	0.40625	0.46875	0.53125	0.5	0.34375
bps in technology management	0.34375	0.4375	0.125	0.3125	0.3125	0.6875
bra	0.125	0.21875	0.78125	0.78125	0.5	0.0
brand management	0.34375	0.71875	0.71875	0.65625	0.5	0.125
brand management and marketing	0.375	0.4375	0.375	0.78125	0.84375	0.78125
branding	0.3125	0.484375	0.65625	0.59375	0.609375	0.171875
brewing and distilling	0.53125	0.5	0.15625	0.125	0.5	0.25
british and american literature	0.75	0.84375	0.625	0.53125	0.21875	0.34375
british and american studies	0.0	0.5	0.75	0.9375	0.25	0.0625
broadcast	0.5	0.40625	0.375	0.125	0.28125	0.15625
broadcast cinema	0.34375	0.4375	0.90625	0.6875	0.6875	0.09375
broadcast communication	0.234375	0.796875	0.484375	0.765625	0.359375	0.28125
broadcast communications	0.34375	0.625	0.53125	0.59375	0.1875	0.125
broadcast journalism	0.13125	0.33125	0.61875	0.51875	0.26875	0.11875
broadcast technology	0.4375	0.75	0.75	0.875	0.1875	0.0625
broadcast tv/radio operations	0.03125	0.0	0.75	0.71875	0.4375	0.3125
broadcasting	0.4375	0.4375	0.65625	0.6197916666666666	0.46875	0.4791666666666667
bs	0.1875	0.28125	0.4375	0.59375	0.59375	0.4375
bs biology	0.28125	0.71875	0.609375	0.453125	0.265625	0.140625
bs elementary education	0.0625	0.28125	0.4375	0.75	0.5	0.40625
bs environmental science	0.1875	0.71875	0.65625	0.859375	0.640625	0.703125
bs financial management	0.125	0.375	0.6875	0.6875	0.59375	0.4375
bs in exercise science, working on ms in adul	0.4375	0.84375	0.375	0.75	0.40625	0.34375
bs in molecular biotechnology, masters in edu	0.25	0.6875	0.53125	0.8125	0.46875	0.15625
bs in nursing	0.3125	0.8125	0.1875	0.53125	0.28125	0.125
bs math	0.125	0.28125	0.5625	0.78125	0.4375	0.46875
bs mathematics	0.5625	0.90625	0.875	0.875	0.75	0.625
bs medical laboratory technology	0.34375	0.71875	0.71875	0.71875	0.53125	0.8125
bs psychology	0.17708333333333334	0.5625	0.796875	0.8333333333333334	0.5	0.3020833333333333
bs psychology & ab guidance and counselling	0.234375	0.484375	0.1875	0.734375	0.234375	0.140625
bs public heatlh ed, ma administration & late	0.0	0.53125	0.6875	0.90625	0.21875	0.0
bs-communications, ma-educational media	0.25	0.5	0.65625	0.59375	0.25	0.28125
bs-math	0.21875	0.5625	0.6875	0.9375	0.59375	0.5625
bsba	0.0	0.71875	0.28125	0.5625	0.09375	0.0625
bsc	0.40625	0.6875	0.5625	0.78125	0.59375	0.53125
bsc chemistry	0.15625	0.75	0.8125	0.9375	0.59375	0.375
bsc hs	0.46875	0.4375	0.625	0.4375	0.46875	0.5
bsc. agri	0.28125	0.90625	0.75	0.84375	0.5625	0.75
bsc. geomatics	0.75	0.8125	0.6875	0.96875	0.40625	0.75
bscie biology	0.125	0.75	0.71875	0.84375	0.15625	0.03125
bse	0.25	0.46875	0.3125	0.34375	0.5	0.3125
bse education major in filipino	0.5625	0.65625	0.625	0.90625	0.5625	0.53125
bse pe	0.34375	0.625	0.71875	0.875	0.4375	0.1875
bsed math	0.3125	0.875	0.9375	0.9375	0.375	0.9375
bsed-filipino	0.125	0.75	0.8125	0.9375	0.5	0.5
bsn	0.4270833333333333	0.75	0.375	0.8645833333333334	0.34375	0.4479166666666667
bsn,ma	0.03125	0.59375	0.34375	0.71875	0.09375	0.0
bst	0.5625	0.5	0.34375	0.40625	0.46875	0.46875
bsuiness	0.4375	0.609375	0.453125	0.328125	0.15625	0.421875
bsuiness administration	0.25	0.75	0.5625	0.5625	0.625	0.46875
btte-garments fashion and design	0.40625	0.34375	0.3125	0.71875	0.4375	0.46875
buddhism studies	0.4375	0.6875	0.6875	0.78125	0.59375	0.375
buddhism study	0.25	0.78125	0.5625	0.40625	0.25	0.09375
bueiness	0.1875	0.71875	0.125	0.9375	0.46875	0.4375
buesiness	1.0	1.0	1.0	0.75	1.0	0.875
buesiness administration	0.34375	0.6875	0.59375	0.375	0.28125	0.125
building	0.28125	0.4125	0.4625	0.54375	0.30625	0.2125
building construction management, computer in	0.78125	0.84375	0.21875	0.5625	0.5625	0.71875
building engineering	0.71875	0.71875	0.3125	0.40625	0.28125	0.71875
building science and technology	0.703125	0.671875	0.3125	0.4375	0.328125	0.609375
building services	0.28125	0.09375	0.03125	0.3125	0.5	0.96875
building services engineering	0.6875	0.59375	0.15625	0.65625	0.28125	0.59375
building survey	0.40625	0.75	0.1875	0.4375	0.375	0.5
building surveying	0.53125	0.703125	0.703125	0.515625	0.40625	0.203125
building systems engineering	0.71875	1.0	0.84375	0.125	0.3125	0.1875
building technology	0.4375	0.4375	0.390625	0.625	0.71875	0.453125
built environment	0.265625	0.28125	0.1875	0.703125	0.46875	0.34375
buiness engineering	0.71875	0.6875	0.4375	0.65625	0.375	0.625
buiseness	0.0625	0.0	0.21875	0.1875	0.125	0.4375
buisiness	0.0	0.3125	0.125	0.625	0.0	0.375
buisnesd	0.03125	0.71875	0.4375	0.65625	0.3125	0.21875
buisness	0.34375	0.4140625	0.4583333333333333	0.5338541666666666	0.4505208333333333	0.5130208333333334
buisness administration	0.578125	0.4375	0.53125	0.859375	0.90625	0.671875
buisness management	0.34375	0.6458333333333334	0.53125	0.71875	0.7291666666666666	0.5104166666666666
buisness marketing	0.0	0.28125	0.625	0.25	0.25	0.09375
buisness/accounting	0.09375	0.15625	0.84375	0.53125	0.5	0.75
buissness	0.40625	0.3125	0.53125	0.5	0.53125	0.375
buniess	0.25	0.3125	0.53125	0.5625	0.5	0.53125
buniness administration	0.28125	0.4375	0.4375	0.34375	0.875	0.1875
bus	0.1875	0.8125	0.65625	0.84375	0.34375	0.25
bus admin	0.21875	0.53125	0.40625	0.25	0.28125	0.53125
bus magmt	0.5	0.28125	0.3125	0.65625	0.4375	1.0
bus management	0.15625	0.9375	0.375	0.46875	0.25	0.4375
bus. admin	0.3125	0.6875	0.1875	0.5625	0.3125	0.6875
bus. admin.	0.25	0.78125	0.28125	0.40625	0.21875	0.5
bus./law/hr	0.75	0.59375	0.4375	0.84375	0.6875	0.53125
busibess	0.375	0.40625	0.3125	0.625	0.46875	0.375
busiess administration	0.09375	0.65625	0.65625	0.6875	0.34375	0.28125
busin admin	0.53125	0.75	0.71875	0.8125	0.5	0.4375
busine it	0.34375	0.59375	0.6875	0.375	0.34375	0.46875
busineess	0.34375	0.375	0.09375	0.65625	0.4375	0.75
busines	0.1640625	0.2578125	0.359375	0.4296875	0.453125	0.5703125
busines administration	0.75	0.71875	0.40625	0.75	0.59375	0.96875
busines ed	0.125	0.0625	0.46875	0.75	0.40625	0.6875
businesd	0.21875	0.34375	0.1875	0.46875	0.25	0.21875
business	0.28971439493228485	0.4407628877238969	0.45609436435124506	0.5875245740498034	0.4928189165574487	0.4438482961992136
business  & computing	0.875	0.75	0.3125	0.65625	0.78125	1.0
business  adminsitration	0.1875	0.0625	0.25	0.25	0.375	0.375
business & comminucation	0.0625	0.375	0.40625	0.21875	0.0	0.4375
business & criminal justice	0.0	0.03125	0.09375	0.84375	0.125	0.5
business & economic	0.625	0.4375	0.3125	0.46875	0.375	0.9375
business & education	0.0	0.03125	0.296875	0.640625	0.65625	0.546875
business & entrepreneurship	0.375	0.96875	0.75	0.65625	0.40625	0.1875
business & it	0.46875	0.65625	0.65625	0.671875	0.625	0.609375
business & law	0.65625	0.53125	0.71875	0.625	0.5625	0.53125
business & leadership	0.125	0.75	0.90625	0.8125	0.53125	0.5
business & management	0.17708333333333334	0.3020833333333333	0.40625	0.6145833333333334	0.53125	0.3645833333333333
business & mechanical engineering	0.5	0.4375	0.3125	0.6875	0.75	0.53125
business & nursing	0.28125	0.46875	0.1875	0.40625	0.4375	0.21875
business & psychology	0.203125	0.46875	0.609375	0.828125	0.609375	0.671875
business (hr)	0.125	0.375	0.71875	0.46875	0.5625	0.1875
business (management information systems)	0.0	0.1875	0.46875	0.71875	0.5625	0.34375
business (marketing concentration)	0.125	0.5625	0.71875	0.8125	0.375	0.21875
business + insurance	0.5625	0.71875	0.59375	0.71875	0.625	0.65625
business - accounting	0.1875	0.59375	0.0625	0.28125	0.5625	0.875
business - education	0.625	0.6875	0.5625	0.78125	0.59375	0.78125
business - human resources	0.1875	0.0625	0.5	0.125	0.40625	0.375
business - marketing	0.328125	0.5	0.296875	0.328125	0.46875	0.59375
business - marketing and sport management	0.15625	0.1875	0.59375	0.375	0.25	0.1875
business / technology management	0.625	0.71875	0.5	0.5625	0.53125	0.59375
business / travel	0.125	0.59375	0.21875	0.15625	0.625	0.4375
business /finance	0.375	0.875	0.25	0.6875	0.53125	0.3125
business adm	0.0625	0.15625	0.21875	0.25	0.09375	0.28125
business admenstration	0.34375	0.40625	0.71875	0.40625	0.46875	0.65625
business admiistration	0.5625	0.40625	0.03125	0.71875	0.53125	0.875
business admin	0.2582908163265306	0.4190051020408163	0.4649234693877551	0.59375	0.49362244897959184	0.4725765306122449
business admin & economics	0.1875	0.21875	0.28125	0.59375	0.5625	0.90625
business admin.	0.43125	0.5	0.5375	0.63125	0.5375	0.525
business admin/accounting	0.40625	0.78125	0.40625	0.78125	0.75	0.96875
business admin/criminal justice	0.0	0.1875	0.40625	0.5625	0.21875	0.15625
business admin/mgt/mkt	0.3125	0.40625	0.34375	0.59375	0.375	0.75
business admininstration	0.21875	0.1875	0.0	0.78125	0.34375	0.59375
business adminisration	0.46875	0.34375	0.5625	0.625	0.34375	0.53125
business administaration	0.03125	0.8125	0.6875	0.59375	0.46875	0.0
business administartion	0.28125	0.0625	0.40625	0.34375	0.1875	0.5625
business administation	0.03125	0.75	0.625	0.71875	0.6875	0.4375
business administeration	0.15625	0.125	0.25	0.84375	0.15625	0.1875
business administor	0.40625	0.3125	0.46875	0.5625	0.84375	0.46875
business administraion	0.5	0.53125	0.6875	0.6875	0.90625	1.0
business administration	0.291258896797153	0.4160920818505338	0.45273576512455516	0.5997553380782918	0.5160698398576512	0.4951067615658363
business administration  1	0.125	0.09375	0.40625	0.59375	0.21875	0.21875
business administration & languags	0.0	0.375	0.6875	0.3125	0.125	0.125
business administration (accounting)	0.21875	0.6875	0.25	0.1875	0.46875	0.53125
business administration - management	0.203125	0.578125	0.734375	0.65625	0.640625	0.4375
business administration accounting option	0.5	0.5625	0.5	0.59375	0.46875	0.5625
business administration and banking	0.375	0.625	0.4375	0.625	0.25	0.375
business administration and communication (du	0.375	0.84375	0.375	0.4375	0.28125	0.46875
business administration and hr	0.34375	0.34375	0.375	0.6875	0.53125	0.40625
business administration and international bus	0.15625	0.21875	0.0625	0.5	0.46875	0.53125
business administration and management	0.28125	0.3229166666666667	0.5520833333333334	0.6979166666666666	0.59375	0.6458333333333334
business administration and philosophy	0.09375	0.75	0.53125	0.5625	0.40625	0.3125
business administration and psychology	-0.03125	0.25	0.09375	-0.078125	-0.03125	0.125
business administration entrepreneurship	0.09375	0.3125	0.75	0.53125	0.46875	0.375
business administration legal and medical	0.0	0.75	0.375	0.59375	0.3125	0.75
business administration with accounting	0.25	0.0	0.5625	0.65625	0.5	0.65625
business administration with concentration in	0.0	0.46875	0.625	0.34375	0.28125	0.125
business administration with marketing	0.28125	0.5	0.5625	0.65625	0.4375	0.28125
business administration, management	0.25	0.5	0.5	0.625	0.21875	0.375
business administration, psychology	0.09375	0.96875	0.0	0.8125	0.15625	0.5625
business administration, theatre arts	0.0	0.625	0.875	0.34375	0.1875	0.0
business administration/hr	0.3125	0.625	0.6875	0.6875	0.46875	0.53125
business administration/management	0.1875	0.28125	0.5	0.71875	0.46875	0.75
business administrations	0.3125	0.71875	0.5	0.28125	0.59375	0.46875
business administrative	0.21875	0.2734375	0.40625	0.6796875	0.6171875	0.75
business administrator	0.59375	0.5625	0.25	0.71875	0.84375	0.8125
business adminitration	0.21875	0.328125	0.34375	0.421875	0.65625	0.328125
business adminstration	0.30078125	0.37109375	0.35546875	0.625	0.48046875	0.580078125
business adminstration,marketing	0.125	0.1875	0.5625	0.6875	0.6875	0.46875
business admisnistration	0.1875	0.65625	0.34375	0.71875	0.6875	0.53125
business admistation	0.125	0.09375	0.3125	0.53125	0.59375	0.09375
business admistration	0.09375	0.125	0.46875	0.453125	0.359375	0.140625
business admnistation	0.5	0.5	0.21875	0.34375	0.71875	0.90625
business admnistration	0.515625	0.578125	0.515625	0.515625	0.265625	0.640625
business adnministration	0.625	0.625	0.5625	0.875	0.5	0.5625
business aministaion	0.0	0.34375	0.125	0.75	0.125	-0.03125
business aministration	0.15625	0.1875	0.09375	0.0625	0.75	0.875
business aministration - hr mgmt	0.03125	0.5	0.375	0.71875	0.375	0.8125
business analysis	0.03125	0.3125	0.53125	0.65625	0.28125	0.25
business analytic	0.09375	0.09375	0.28125	0.3125	0.5	0.4375
business analytics	0.25	0.40625	0.859375	0.609375	0.515625	0.375
business and accounting	0.1875	0.59375	0.28125	0.6875	0.59375	0.875
business and adm, international business mino	1.0	1.0	1.0	1.0	1.0	1.0
business and administration	0.0625	0.1875	0.4375	0.28125	0.40625	0.4375
business and commerce	0.34375	0.3125	0.46875	0.578125	0.8125	0.53125
business and communication	0.21875	0.53125	0.75	0.46875	0.6875	0.34375
business and community relations	0.125	0.15625	0.28125	0.875	0.375	0.46875
business and computers	0.5	0.84375	0.71875	0.625	0.6875	0.84375
business and computing	0.21875	0.3125	0.15625	0.625	0.25	0.71875
business and counseling	0.09375	0.5625	0.53125	0.625	0.375	0.46875
business and counseling psychology	0.125	0.09375	0.21875	0.8125	0.625	0.90625
business and economics	0.15625	0.5	0.53125	0.3125	0.8125	0.25
business and education	0.1875	0.4921875	0.328125	0.609375	0.484375	0.3125
business and engineering	0.484375	0.46875	0.46875	0.53125	0.28125	0.640625
business and events	0.40625	0.3125	0.5625	0.5	0.65625	0.28125
business and fashion design	0.0	0.0625	0.125	0.53125	0.1875	0.0625
business and finance	0.21875	0.3125	0.75	0.6875	0.4375	0.21875
business and french	0.53125	0.78125	0.78125	0.75	0.4375	0.25
business and health	0.21875	0.4375	0.5	0.65625	0.5	0.3125
business and hr	0.3125	0.71875	0.375	0.46875	0.5	0.5
business and human movement	0.34375	0.6875	0.59375	0.65625	0.28125	0.34375
business and i.t.	0.53125	0.625	0.65625	0.46875	0.375	0.78125
business and information technology	0.46875	0.71875	0.84375	0.8125	0.53125	0.65625
business and it	0.1875	0.25	0.5625	0.75	0.46875	0.359375
business and languages	0.40625	0.6875	0.59375	0.84375	0.84375	0.5
business and law	0.5	0.25	0.15625	0.53125	0.21875	0.21875
business and law enforcement	0.78125	0.375	0.34375	0.65625	0.3125	0.375
business and management	0.3020833333333333	0.42083333333333334	0.47708333333333336	0.6270833333333333	0.5833333333333334	0.43125
business and marketing	0.15625	0.390625	0.21875	0.296875	0.421875	0.453125
business and mechanical engineering	0.59375	0.65625	0.59375	0.46875	0.5625	0.1875
business and office management	0.28125	0.1875	0.46875	0.75	0.71875	0.5625
business and politics	0.09375	0.40625	0.46875	0.40625	0.65625	0.375
business and psychology	0.140625	0.5	0.453125	0.578125	0.46875	0.65625
business and religion	0.0	0.03125	0.15625	0.65625	0.09375	0.59375
business and respiratory	0.0625	0.21875	0.375	0.625	0.5	0.9375
business and socio-economic development	0.34375	0.8125	0.5	0.53125	0.15625	0.25
business and sociology	0.1875	0.5	0.96875	0.8125	0.4375	0.1875
business and technology	0.25	0.0625	0.0	0.1875	0.09375	0.0625
business and tourism	0.28125	0.1875	0.09375	0.3125	0.34375	0.40625
business asministration	0.1875	0.34375	0.5625	0.5625	0.1875	0.09375
business banking	0.4375	0.0	0.34375	0.90625	0.59375	0.65625
business communication	0.14285714285714285	0.36160714285714285	0.4375	0.39285714285714285	0.4375	0.39285714285714285
business communications	0.109375	0.3072916666666667	0.5520833333333334	0.6510416666666666	0.22395833333333334	0.2760416666666667
business computer	0.03125	0.328125	0.1875	0.453125	0.296875	0.40625
business computers	0.125	0.4375	0.546875	0.640625	0.4375	0.421875
business computing	0.125	0.140625	0.109375	0.453125	0.34375	0.46875
business computing and information systems	0.78125	0.84375	0.375	0.375	0.15625	0.375
business degree	0.75	0.5625	0.21875	0.625	0.78125	1.0
business design	0.375	0.84375	0.96875	0.8125	0.40625	0.1875
business development	0.125	0.28125	0.625	0.5625	0.53125	0.3125
business economics	0.2283653846153846	0.5072115384615384	0.4567307692307692	0.47115384615384615	0.47836538461538464	0.40865384615384615
business education	0.2534722222222222	0.4305555555555556	0.3923611111111111	0.5972222222222222	0.4027777777777778	0.3194444444444444
business engineering	0.38125	0.6375	0.625	0.59375	0.50625	0.4375
business engineering (in the faculty of busin	0.78125	0.59375	0.5625	0.375	0.5	0.1875
business english	0.359375	0.21875	0.734375	0.671875	0.859375	0.6875
business entrepreneurship	0.46875	0.4375	0.1875	0.5	0.5625	0.5
business finance	0.171875	0.40625	0.515625	0.484375	0.46875	0.46875
business finance and insurance & risk managem	0.1875	0.09375	0.03125	0.375	0.5	0.65625
business general	0.3125	0.125	0.28125	0.15625	0.84375	0.6875
business hospitality	0.125	0.28125	0.28125	0.75	0.65625	0.5625
business in accounting and finance	0.6875	0.40625	0.625	0.75	0.65625	0.8125
business in college	0.5	0.0	0.0	0.5	0.875	0.65625
business in hotel management; psychology	0.34375	0.875	0.21875	0.5625	0.15625	0.25
business in human resources management	0.4375	0.4375	0.53125	0.53125	0.53125	0.5
business in it	0.125	0.34375	0.34375	0.84375	0.875	0.59375
business in marketing	0.1875	0.84375	0.03125	0.40625	0.3125	0.34375
business informatics	0.34375	0.578125	0.28125	0.265625	0.28125	0.390625
business information	0.125	0.125	0.625	0.59375	0.84375	0.28125
business information and technology	0.46875	0.53125	0.53125	0.96875	0.90625	0.9375
business information management	0.5	0.625	0.21875	0.40625	0.1875	0.5
business information system	0.5	0.46875	0.65625	0.9375	0.9375	0.75
business information systems	0.3203125	0.515625	0.4765625	0.7109375	0.6875	0.4921875
business information tech	0.21875	0.375	0.46875	0.40625	0.53125	0.5
business information technology	0.328125	0.421875	0.328125	0.59375	0.421875	0.390625
business it	0.2604166666666667	0.40625	0.4375	0.4166666666666667	0.3333333333333333	0.375
business law	0.3333333333333333	0.40625	0.7083333333333334	0.6354166666666666	0.6145833333333334	0.3020833333333333
business manage	0.25	0.28125	0.34375	0.59375	0.625	0.6875
business managemebt	0.34375	0.65625	0.125	0.3125	0.125	0.46875
business management	0.2887260765550239	0.4617972488038278	0.47802033492822965	0.5939742822966507	0.52497009569378	0.4864683014354067
business management & administration	0.34375	0.6640625	0.46875	0.5625	0.5546875	0.3515625
business management & social entrepreneurship	0.125	0.4375	0.25	0.46875	0.28125	0.40625
business management - mis	0.1875	0.3125	0.53125	0.5	0.53125	0.5625
business management and accountancy	0.421875	0.484375	0.421875	0.84375	0.765625	0.75
business management and accounting	0.3020833333333333	0.3541666666666667	0.46875	0.4895833333333333	0.6145833333333334	0.5520833333333334
business management and entrepreneurship	0.0	0.375	0.6875	0.625	0.125	0.125
business management and history	0.25	0.15625	0.28125	0.5625	0.25	0.4375
business management as	0.40625	0.53125	0.25	0.40625	0.40625	0.34375
business management fashion merchandising	0.125	0.0625	0.21875	0.3125	0.5625	0.09375
business management technology	0.125	0.03125	0.09375	0.5	0.84375	0.375
business management, banking & finance	0.5625	0.53125	0.4375	0.65625	0.46875	0.375
business management, marketing	0.59375	0.5	0.90625	0.71875	0.78125	0.46875
business management, psych	0.09375	0.875	0.5625	0.84375	0.5625	0.625
business management/philosophy	0.3125	0.65625	0.65625	0.3125	0.28125	0.3125
business managemnet	0.34375	0.40625	0.65625	0.6875	0.53125	0.5
business managment	0.2767857142857143	0.41517857142857145	0.38839285714285715	0.5401785714285714	0.5089285714285714	0.48660714285714285
business mangement	0.0	0.03125	0.5625	0.53125	0.34375	0.09375
business marketing	0.22242647058823528	0.3602941176470588	0.3584558823529412	0.4522058823529412	0.45588235294117646	0.4724264705882353
business masters	0.125	0.21875	0.4375	0.5	0.46875	0.03125
business mgmt	0.49375	0.4875	0.46875	0.78125	0.55625	0.6125
business mgmt & statistics	0.53125	0.6875	0.28125	0.65625	0.15625	0.75
business mgmt.	0.125	0.375	0.21875	0.375	0.4375	0.59375
business mgt	0.375	0.625	0.625	0.90625	0.625	0.6875
business mis	0.25	0.46875	0.4375	0.5625	0.3125	0.25
business n science	0.1875	0.28125	0.3125	0.34375	0.5	0.34375
business political science	0.21875	0.3125	0.9375	0.78125	0.125	0.125
business psychology	0.3671875	0.515625	0.59765625	0.671875	0.60546875	0.37109375
business psychology counseling	0.28125	0.375	0.53125	0.78125	0.28125	0.6875
business quality	0.59375	0.1875	0.21875	0.84375	0.53125	0.75
business school	0.3125	0.3125	0.28125	0.40625	0.625	0.71875
business school with chinese language	-0.03125	0.6875	0.8125	0.9375	0.875	0.0
business science	0.2890625	0.5078125	0.4140625	0.578125	0.59375	0.2421875
business sciences	0.0625	0.25	0.28125	0.375	0.21875	0.21875
business studies	0.24553571428571427	0.4609375	0.5178571428571429	0.5491071428571429	0.4330357142857143	0.31138392857142855
business study	0.59375	0.1875	0.71875	0.71875	0.84375	0.5625
business sustainability	0.359375	0.671875	0.515625	0.484375	0.3125	0.53125
business systems	0.28125	0.5625	0.6875	0.625	0.1875	0.28125
business technical/accounting	0.0625	0.28125	0.1875	0.46875	0.40625	0.84375
business technology	0.375	0.6875	0.65625	0.46875	0.46875	0.65625
business with accounting	0.3125	0.375	0.625	0.65625	0.5	0.9375
business with information technology	0.21875	0.59375	0.78125	0.8125	0.65625	0.6875
business, clinical mental health	0.21875	0.3125	0.71875	0.71875	0.5625	0.375
business, counseling	0.375	0.25	0.28125	0.71875	0.53125	0.46875
business, design	0.6875	0.8125	0.8125	0.8125	0.75	0.6875
business, education	0.34375	0.25	0.6875	0.6875	0.53125	0.5
business, elementary education	0.125	0.34375	0.875	0.625	0.59375	0.34375
business, human resources	0.03125	0.328125	0.4375	0.53125	0.5625	0.5625
business, information technology	0.0625	0.03125	0.25	0.84375	0.84375	0.65625
business, linguistics	0.0	0.0625	0.15625	0.65625	0.28125	0.125
business, market research	0.0625	0.6875	0.4375	0.5625	0.46875	0.09375
business, marketing	0.13541666666666666	0.375	0.3854166666666667	0.59375	0.4166666666666667	0.3958333333333333
business, math, counseling	0.34375	0.53125	0.28125	0.65625	0.5625	0.65625
business, mathematics, german	0.4375	0.625	0.78125	0.875	0.875	0.59375
business, neuroscience	0.0	0.5625	0.5625	0.28125	0.25	0.125
business, political science	0.125	0.0625	0.5625	0.65625	0.84375	0.1875
business, psychology	0.3125	0.34375	0.3333333333333333	0.65625	0.17708333333333334	0.23958333333333334
business, psychology, criminal justice, clini	0.28125	0.3125	0.4375	0.875	0.46875	0.28125
business, social work	0.125	0.0	0.5625	0.375	0.15625	0.1875
business, sociology, education	0.46875	0.5	0.71875	0.8125	0.5	0.1875
business,marketing	0.53125	0.53125	0.25	0.625	0.53125	0.65625
business-accounting	0.21875	0.25	0.5625	0.65625	0.15625	1.0
business/ accounting	0.28125	0.3125	0.09375	0.21875	0.125	0.625
business/ education	0.09375	0.28125	0.5	0.65625	0.6875	0.21875
business/ psychology	0.0	0.5	0.34375	0.8125	0.84375	0.625
business/ russian	0.53125	0.5625	0.6875	0.5	0.5625	0.4375
business/economics	0.46875	0.75	0.53125	0.3125	0.53125	0.8125
business/english	0.375	0.5625	0.734375	0.546875	0.421875	0.15625
business/geophysics	0.25	0.25	0.0	0.1875	0.4375	0.40625
business/homeland security	0.59375	0.40625	0.09375	0.46875	0.5	0.40625
business/management	0.0625	0.53125	0.3125	0.625	0.4375	0.625
business/marketing	0.046875	0.125	0.5625	0.6875	0.671875	0.34375
business/mba	0.4375	0.28125	0.21875	0.15625	0.5625	0.1875
business/organizational leadership	0.0	0.3125	0.5	0.875	0.5	0.53125
business/psych	0.4375	0.75	0.78125	0.65625	0.40625	0.34375
business/psychology	0.03125	0.3125	0.4375	0.7291666666666666	0.3229166666666667	0.3958333333333333
business; education	0.6875	0.71875	0.34375	0.78125	0.625	0.65625
businesses	0.234375	0.40625	0.5	0.765625	0.6640625	0.5703125
businesses  managment	0.09375	0.125	0.15625	0.40625	0.40625	0.46875
businesses administration	0.34375	0.09375	0.34375	0.875	0.5625	0.625
businessmanagement	0.15625	0.1875	0.125	0.84375	0.40625	0.75
businesss	0.3125	0.3958333333333333	0.3125	0.7604166666666666	0.4375	0.22916666666666666
businessw administration	0.5	0.53125	0.46875	0.875	0.96875	1.0
businnes	0.1875	0.0625	0.3125	0.21875	0.3125	0.40625
businsess	0.625	0.6875	0.0	0.65625	0.625	0.96875
businss admin.	0.09375	0.03125	0.09375	0.1875	0.34375	0.0
busisness	0.3125	0.40625	0.1875	0.71875	0.65625	0.78125
busn	0.203125	0.609375	0.34375	0.703125	0.265625	0.140625
busness	0.1875	0.6875	0.25	0.28125	0.0625	0.125
busness management	0.5625	0.53125	0.65625	0.78125	0.46875	0.78125
busness/education	0.375	0.46875	0.1875	0.71875	0.4375	0.46875
busniess	0.703125	0.359375	0.34375	0.765625	0.609375	0.828125
busniss	0.09375	0.03125	0.75	0.5	0.5625	0.375
buss management	0.0625	0.4375	0.21875	0.6875	0.3125	0.46875
bussiess adminstration	0.5	0.5	0.5	0.5	0.5	0.5
bussines	0.43125	0.4375	0.48125	0.66875	0.65	0.5625
bussines & managment	0.21875	0.28125	0.375	0.4375	0.71875	0.0625
bussines management	0.0625	0.5625	0.5625	0.46875	0.375	0.21875
bussinese adminstration	0.34375	0.8125	0.6875	0.625	0.75	0.46875
bussiness	0.29464285714285715	0.39285714285714285	0.41964285714285715	0.5758928571428571	0.5982142857142857	0.6517857142857143
bussiness administration	0.3541666666666667	0.5625	0.6145833333333334	0.7291666666666666	0.28125	0.4895833333333333
bussiness adminitration	0.4375	0.46875	0.6875	0.71875	0.4375	0.34375
bussiness manage	0.34375	0.4375	0.375	0.5625	0.5	0.5
bussiness management	0.078125	0.0	0.5625	0.140625	0.34375	0.375
bussniess management	0.28125	0.28125	0.53125	0.5625	0.8125	0.59375
buts	0.25	0.15625	0.3125	0.4375	0.25	0.6875
buusiness administration	0.46875	0.9375	0.84375	0.8125	0.84375	0.71875
ca	0.5625	0.65625	0.59375	0.609375	0.671875	0.625
cabin crew	0.25	0.1875	0.34375	0.90625	1.0	0.875
calculators	0.25	0.6875	0.65625	0.65625	0.75	0.5625
cancer biology	0.28125	0.875	0.3125	0.40625	0.15625	0.34375
car	0.875	0.5	0.375	0.1875	0.46875	0.78125
cardiopulmonary science	0.296875	0.78125	0.546875	0.640625	0.375	0.796875
care	0.0	0.375	0.25	0.8125	0.375	0.0
career and technical education, post-secondar	0.09375	0.21875	0.40625	0.59375	0.125	0.40625
career and technical education: workforce and	0.34375	0.8125	0.875	0.46875	0.5	0.125
career counceling	0.0	0.09375	0.375	0.28125	0.1875	0.53125
career councler	0.3125	0.125	0.375	0.21875	0.5	0.03125
career counseling	0.18229166666666666	0.3697916666666667	0.4166666666666667	0.609375	0.46875	0.359375
career development	0.11875	0.425	0.5375	0.6375	0.40625	0.2375
career guidance	0.0	0.15625	0.0625	0.6875	0.40625	0.53125
career guidance and counseling	0.09375	0.265625	0.4375	0.75	0.390625	0.140625
careers guidance	0.09375	0.296875	0.328125	0.765625	0.5	0.5625
carpentry	0.75	0.625	0.75	0.6875	0.34375	0.46875
case worker	0.15625	0.59375	0.46875	0.90625	0.65625	0.6875
caterpillar	0.375	0.0	0.0	0.0625	0.0625	0.09375
cdfs	0.34375	0.34375	0.5625	0.9375	0.59375	0.40625
cell & molecular biology	0.3125	0.5	0.78125	0.6875	0.65625	0.46875
cell bio- pre med	0.03125	0.65625	0.46875	0.875	0.5	0.125
cell biology	0.6145833333333334	0.8958333333333334	0.53125	0.5520833333333334	0.46875	0.5625
cell/molecular biology	0.0	0.6875	0.53125	0.59375	0.15625	0.15625
cellular and molecular biology	0.34375	0.9375	0.59375	0.78125	0.09375	0.0625
ceramic engineering	0.328125	0.4296875	0.5859375	0.59375	0.484375	0.4296875
ceramics	0.20833333333333334	0.40625	0.6145833333333334	0.6666666666666666	0.4479166666666667	0.3125
ceriminal justice	0.0625	0.34375	0.0	0.84375	0.0	0.0
certified occupational therapy assistant	0.125	0.375	0.0	0.90625	0.34375	0.625
chaplaincy/management	0.5	0.59375	0.53125	0.75	0.59375	0.4375
character education major	0.1875	0.21875	0.1875	0.84375	0.3125	0.3125
chef	0.3020833333333333	0.40625	0.23958333333333334	0.375	0.25	0.16666666666666666
chef/hospitality	0.09375	0.28125	0.21875	0.1875	0.375	0.34375
chef/makeup artist	0.25	0.59375	0.59375	0.625	0.5	0.125
chem	1.0	1.0	0.5625	0.4375	0.21875	0.90625
chem engr	0.03125	0.75	0.46875	0.5625	0.3125	0.28125
chem&#351;stry	0.09375	0.375	0.46875	0.4375	0.46875	0.28125
chem-engineering	0.25	0.65625	0.625	0.28125	0.125	0.1875
chem/math	0.125	0.90625	0.5	0.53125	0.15625	0.28125
chemical	0.3125	0.5208333333333334	0.5729166666666666	0.78125	0.3333333333333333	0.3020833333333333
chemical and biomolecular engineering	0.21875	0.53125	0.625	0.875	0.59375	0.3125
chemical and mineral engineering	0.875	0.90625	0.8125	0.90625	0.75	0.65625
chemical biology	0.53125	0.8125	0.375	0.5	0.375	0.6875
chemical dependency	0.078125	0.40625	0.140625	0.546875	0.25	0.328125
chemical dependency counselor	0.375	0.6875	0.65625	0.875	0.375	0.25
chemical education	0.75	0.9375	0.15625	0.34375	0.6875	0.53125
chemical engineer	0.5	0.84375	0.53125	0.890625	0.640625	0.59375
chemical engineering	0.4211572438162544	0.5809408127208481	0.47537544169611307	0.5358878091872792	0.4155256183745583	0.41872791519434627
chemical engineering (biotechnology)	0.3125	0.78125	0.375	0.625	0.4375	0.5
chemical engineering / chemistry	0.34375	0.84375	0.4375	0.5	0.25	0.625
chemical engineering 3.5years	0.6875	1.0	0.1875	0.5625	0.53125	1.0
chemical engineering and hospitality	0.25	0.59375	0.625	0.5625	0.4375	0.4375
chemical engineering in food technology	0.65625	0.71875	0.1875	0.65625	0.34375	0.625
chemical engineering, materials science	0.46875	0.4375	0.25	0.71875	0.65625	0.625
chemical engineering, phd in materialls scien	0.59375	0.53125	0.34375	0.71875	0.4375	0.59375
chemical industry	0.40625	0.6875	0.3125	0.71875	0.71875	0.5625
chemical oceanography	0.46875	0.75	0.3125	0.6875	0.4375	0.6875
chemical physics	0.59375	0.71875	0.75	0.8125	0.6875	0.46875
chemical process engineering	0.55	0.41875	0.5625	0.6875	0.6	0.55625
chemical technology	0.375	0.625	0.78125	0.625	0.5	0.25
chemisrty	0.0625	1.0	0.8125	0.59375	0.59375	0.28125
chemist	0.5	0.5	0.28125	0.5	0.40625	0.1875
chemistr	0.375	0.59375	0.65625	0.5625	0.4375	0.53125
chemistri	0.4375	0.484375	0.453125	0.4375	0.484375	0.625
chemistry	0.33868670886075947	0.6618670886075949	0.4621835443037975	0.5253955696202531	0.33496835443037976	0.37254746835443037
chemistry & computer science	0.5625	0.65625	0.34375	0.65625	0.34375	0.40625
chemistry & management	0.46875	0.90625	0.625	0.59375	0.40625	0.1875
chemistry & maths	0.375	0.40625	0.625	0.375	0.34375	0.90625
chemistry / business engineering	0.40625	0.375	0.65625	0.5625	0.53125	0.34375
chemistry / counselling	0.40625	0.5	0.75	0.46875	0.0625	0.1875
chemistry / graphic design	0.40625	0.65625	0.875	0.46875	0.40625	0.25
chemistry / hr	0.15625	0.59375	0.25	0.28125	0.3125	0.28125
chemistry and biology	0.34375	0.765625	0.484375	0.6875	0.359375	0.609375
chemistry and math	0.15625	0.25	0.21875	0.5625	0.34375	0.65625
chemistry and modern languages!	0.625	0.78125	0.71875	0.3125	0.25	0.0625
chemistry and psychology	0.1875	0.484375	0.625	0.515625	0.34375	0.4375
chemistry botany zoology	0.46875	0.90625	0.53125	0.5	0.28125	0.5
chemistry education	0.34375	0.625	0.65625	0.5625	0.65625	0.375
chemistry, biochemistry, chemical biology	0.40625	0.875	0.34375	0.6875	0.25	0.46875
chemistry, biology	0.5625	0.96875	0.375	0.28125	0.09375	0.46875
chemistry, economics	0.375	0.78125	0.40625	0.6875	0.53125	0.6875
chemistry, music	0.25	0.65625	0.53125	0.21875	0.28125	0.125
chemistry, psychology	-0.015625	0.375	0.484375	0.78125	0.515625	0.046875
chemistry, sports science, physiotherapy	0.34375	0.78125	0.65625	0.90625	0.5625	0.375
chemistry/biochemistry/pharmacology	0.125	0.75	0.1875	0.53125	0.21875	0.34375
chemistry/biology	0.5	0.8125	0.84375	0.3125	0.25	0.09375
chemistry/pt	0.1875	0.21875	0.4375	0.75	0.3125	0.03125
chemistry; management science and engr.	0.09375	0.40625	0.5	0.5	0.1875	0.03125
chemisty & business	0.4375	0.625	0.59375	0.5625	0.53125	0.46875
chicano studies/ education	0.0	0.5	0.5625	0.6875	0.15625	0.0625
chil/family development	0.125	0.4375	0.375	0.75	0.71875	0.90625
child & youth care	0.09375	0.40625	0.40625	0.8125	0.25	0.28125
child and adolescent development	0.0	0.21875	0.0625	0.5	0.3125	0.0625
child and family development	0.09375	0.3125	0.5416666666666666	0.9166666666666666	0.3333333333333333	0.3229166666666667
child and family studies	0.125	0.3203125	0.6171875	0.7421875	0.375	0.2890625
child and youth care	0.1875	0.375	0.203125	0.84375	0.53125	0.484375
child and youth worker	0.21875	0.90625	0.65625	0.875	0.53125	0.375
child delovment	0.3125	0.59375	0.75	0.75	0.21875	0.15625
child development	0.13338414634146342	0.3361280487804878	0.3467987804878049	0.6974085365853658	0.29878048780487804	0.2964939024390244
child development and family studies	0.15625	0.9375	0.53125	0.84375	0.40625	0.53125
child development and family studies / school	0.3125	0.125	0.5	0.84375	0.3125	0.4375
child development english lit	0.0625	0.09375	0.125	0.40625	0.09375	0.03125
child development/clinical psychology	0.15625	0.59375	0.5625	0.8125	0.6875	0.34375
child ed	0.03125	0.09375	0.0	0.25	0.0625	0.0
child education	0.0625	0.78125	0.28125	0.875	0.21875	0.1875
child protection	0.59375	0.75	0.625	0.875	0.59375	0.65625
child psychology	0.33035714285714285	0.6830357142857143	0.5446428571428571	0.8482142857142857	0.5	0.47767857142857145
child studies	0.21875	0.390625	0.453125	0.859375	0.53125	0.453125
child studies & sociology	0.03125	0.59375	0.40625	0.75	0.0625	0.09375
child welfare	0.46875	0.78125	0.71875	0.84375	0.5625	0.40625
childcare	0.0	0.0	0.09375	0.84375	0.09375	0.0
childhood education	0.10416666666666667	0.3541666666666667	0.3958333333333333	0.6041666666666666	0.2604166666666667	0.11458333333333333
childhood eduction	0.71875	0.625	0.5625	0.875	0.40625	0.78125
childhood studies	0.0	0.03125	0.5	0.59375	0.53125	0.09375
children	0.3125	0.9375	0.8125	0.6875	0.25	0.0625
children education	0.0	0.21875	0.40625	0.625	0.84375	0.5625
chimical engineering	0.375	0.15625	0.40625	0.4375	0.65625	0.875
chinese	0.28125	0.4544270833333333	0.5520833333333334	0.6119791666666666	0.4205729166666667	0.3684895833333333
chinese & politics	0.53125	0.6875	0.25	0.3125	0.375	0.6875
chinese business	0.25	0.3125	0.5	0.0625	0.46875	0.15625
chinese language	0.3359375	0.4453125	0.5625	0.546875	0.4609375	0.5234375
chinese literature	0.8125	0.96875	1.0	0.71875	0.71875	0.71875
chinese mandarin	0.21875	0.8125	0.84375	0.40625	0.03125	0.09375
chinese medicine	0.5208333333333334	0.7395833333333334	0.4166666666666667	0.5208333333333334	0.2708333333333333	0.4375
chinese studies	0.375	0.3854166666666667	0.53125	0.46875	0.3125	0.2916666666666667
chiropractic	0.109375	0.8125	0.328125	0.46875	0.140625	0.125
choreography	0.09375	0.53125	0.8125	1.0	0.40625	0.0625
christian counseling	0.3333333333333333	0.3645833333333333	0.6458333333333334	0.8229166666666666	0.6145833333333334	0.59375
christian education	0.21875	0.25	0.3125	0.8125	0.46875	0.6875
christian ministries	0.1	0.18125	0.5375	0.55625	0.35	0.24375
christian ministry	0.2265625	0.3359375	0.3515625	0.65625	0.2890625	0.34375
christian ministry/psychology	0.03125	0.65625	0.3125	0.59375	0.0625	0.25
christian practice	0.171875	0.46875	0.5	0.765625	0.125	0.140625
christian studies	0.25	0.09375	0.09375	0.59375	0.03125	0.59375
christian theology	0.3125	0.640625	0.71875	0.75	0.484375	0.4375
church ministry	0.328125	0.453125	0.484375	0.40625	0.234375	0.046875
church music	0.0	0.21875	0.5625	0.9375	0.40625	0.125
cientista da computação	0.15625	0.375	0.46875	0.75	0.1875	0.21875
cinema	0.23046875	0.55859375	0.78515625	0.5546875	0.3046875	0.14453125
cinema /tv	0.09375	0.21875	0.4375	0.3125	0.1875	0.03125
cinema and media communications	0.40625	0.03125	0.21875	0.1875	0.125	0.5625
cinema and media studies	0.5	0.25	0.8125	0.59375	0.28125	0.0
cinematography	0.28125	0.53125	0.78125	0.53125	0.40625	0.21875
cis	0.40625	0.7604166666666666	0.7395833333333334	0.6145833333333334	0.4791666666666667	0.3125
cis. now studying psychology	0.0	0.28125	0.28125	0.78125	0.25	0.21875
cit	0.53125	0.640625	0.375	0.515625	0.625	0.78125
civi engineering	0.21875	0.5	0.15625	0.78125	0.25	0.0
civik	0.40625	0.4375	0.3125	0.53125	0.28125	0.28125
civil	0.565625	0.553125	0.48125	0.559375	0.546875	0.55625
civil & environmental engineering	0.75	0.84375	0.84375	0.8125	0.0	0.15625
civil & structural engineering	0.78125	0.84375	0.625	0.75	0.75	0.8125
civil and construction engineering	0.375	0.5	0.125	0.28125	0.625	0.75
civil and environmental engineering	0.328125	0.5	0.484375	0.34375	0.453125	0.578125
civil eng	0.46875	0.75	0.421875	0.40625	0.3125	0.5
civil engieering	0.4375	0.25	0.09375	0.375	0.78125	0.5625
civil engineer	0.4609375	0.484375	0.3828125	0.3125	0.3046875	0.4296875
civil engineering	0.4405177038626609	0.5181732832618026	0.4971834763948498	0.5477467811158798	0.4385059012875536	0.44923551502145925
civil engineering and architecture	0.59375	0.6875	0.65625	0.75	0.21875	0.28125
civil engineering tech.	0.4375	0.65625	0.40625	0.625	0.3125	0.15625
civil engineering!	0.53125	0.6875	0.3125	0.09375	0.03125	0.46875
civil engineering, design	0.40625	0.5625	0.28125	0.59375	0.40625	0.4375
civil engineering, fine arts	0.21875	0.625	0.625	0.53125	0.21875	0.09375
civil engineering/ physics	0.625	0.5625	0.3125	0.1875	0.3125	0.375
civil enginering	0.6041666666666666	0.4166666666666667	0.5208333333333334	0.6979166666666666	0.5833333333333334	0.5729166666666666
civil law	0.23958333333333334	0.3958333333333333	0.5104166666666666	0.6770833333333334	0.53125	0.4270833333333333
civil/environmentalengineering	0.75	0.96875	0.84375	0.71875	0.0	0.125
civl engineering	0.09375	0.0	0.28125	0.21875	0.0	0.0
cj	0.0	0.359375	0.0625	0.296875	0.1875	0.28125
cj & psych	0.34375	0.46875	0.21875	0.75	0.625	0.40625
classic literature and archaeology	0.1875	0.34375	0.46875	0.46875	0.3125	0.09375
classical archaeology	0.21875	0.625	0.625	0.65625	0.5	0.125
classical civilisation	0.21875	0.46875	0.53125	0.5625	0.40625	0.71875
classical civilization	0.0	0.3125	0.71875	0.46875	0.375	0.0625
classical greek & latin	0.25	0.53125	0.6875	0.59375	0.09375	0.34375
classical history	0.23958333333333334	0.4895833333333333	0.6354166666666666	0.59375	0.4895833333333333	0.17708333333333334
classical music, librarianship	0.03125	0.0625	0.6875	0.8125	0.75	0.5
classical studies	0.26875	0.5	0.6875	0.7125	0.2875	0.025
classical studies, psychology	0.25	0.4375	0.25	0.125	0.125	0.46875
classics	0.26704545454545453	0.5823863636363636	0.5568181818181818	0.5397727272727273	0.30894886363636365	0.27769886363636365
classics, then music (voice)	0.71875	0.28125	0.65625	0.5	0.0625	0.75
clean energy	0.34375	0.4375	0.6875	0.5625	0.40625	0.1875
clelectronics communication engineering	0.59375	0.71875	0.5625	0.625	0.4375	0.46875
climate science	0.21875	0.5	0.28125	0.09375	0.09375	0.1875
clincial counseling	0.125	0.875	0.71875	0.625	0.0625	0.21875
clinical	0.1875	0.28125	0.34375	0.5	0.25	0.21875
clinical analysis	0.65625	0.9375	0.28125	0.78125	0.09375	0.25
clinical biology	0.21875	0.5625	0.375	0.84375	0.5625	0.84375
clinical counseling	0.11979166666666667	0.7291666666666666	0.4635416666666667	0.6458333333333334	0.1875	0.1875
clinical laboratory science	0.453125	0.6953125	0.40625	0.328125	0.28125	0.2578125
clinical medicine	0.22916666666666666	0.7708333333333334	0.4270833333333333	0.5208333333333334	0.3125	0.4166666666666667
clinical medicine mbbs	0.65625	0.65625	0.65625	0.90625	0.53125	0.71875
clinical mental health	0.17083333333333334	0.4	0.44583333333333336	0.7541666666666667	0.36041666666666666	0.3020833333333333
clinical mental health and addictions counsel	0.15625	0.625	0.15625	0.90625	0.1875	0.1875
clinical mental health counseling	0.17038690476190477	0.5163690476190477	0.4836309523809524	0.7507440476190477	0.31473214285714285	0.26785714285714285
clinical mental health counselling	0.40625	0.65625	0.3125	0.75	0.5	0.25
clinical mental health counselor	0.5	0.65625	0.75	0.625	0.34375	0.46875
clinical mental heath counseling	0.0625	0.71875	0.21875	0.5625	0.46875	0.0
clinical mental hleath	0.03125	0.5625	0.15625	0.75	0.09375	0.15625
clinical pharmacology	0.09375	0.5	0.3125	0.71875	0.21875	0.3125
clinical psych	0.0	0.8125	0.25	0.46875	0.5	0.4375
clinical psychologist	0.0625	0.25	0.0	0.6875	0.1875	0.375
clinical psychology	0.1636029411764706	0.5606617647058824	0.5251225490196079	0.6305147058823529	0.2616421568627451	0.24693627450980393
clinical psychology (lpcc)	0.5625	0.84375	0.65625	0.59375	0.34375	0.28125
clinical psyhology	0.25	0.59375	0.0	0.09375	0.21875	0.5
clinical research	0.15625	0.640625	0.328125	0.6328125	0.3125	0.28125
clinical socia work & sociology	0.0	0.0	0.09375	0.0625	0.25	0.0
clinical social work	0.234375	0.5390625	0.4921875	0.7265625	0.3828125	0.40625
clinicla lab sciences	0.40625	0.8125	0.84375	0.96875	0.875	0.625
clothing & textiles : design	0.125	0.625	0.59375	0.78125	0.6875	0.375
clothing and textiles	0.34375	0.5104166666666666	0.5416666666666666	0.6666666666666666	0.4375	0.3541666666666667
cmh counseling	0.53125	0.71875	0.5	0.8125	0.25	0.46875
cmhc	0.359375	0.3125	0.46875	0.625	0.484375	0.484375
cmoputer engineering	0.28125	0.4375	0.71875	0.53125	0.65625	0.6875
cnc machining	0.53125	0.0	0.0	0.09375	0.0	0.0625
co0mmunication	0.03125	0.03125	0.4375	0.28125	0.21875	0.0
coach	0.375	0.6875	0.65625	0.6875	0.5625	0.25
coaching	0.0625	0.78125	0.59375	0.375	0.21875	0.21875
coaching and sports management	0.1875	0.1875	0.03125	0.25	0.21875	0.03125
coaching, sports psychology	0.0625	0.59375	0.5625	0.71875	0.3125	0.0
coastal and marine resource management	0.4375	0.875	0.75	0.71875	0.625	0.46875
coastal conservation	0.46875	0.65625	0.5	0.75	0.21875	0.25
coastal environmental studies	0.09375	0.34375	0.4375	0.65625	0.34375	0.0625
coding	0.125	0.96875	0.03125	0.875	0.0625	0.1875
coding and billing	0.53125	0.875	1.0	0.90625	0.3125	0.59375
cognitive and behaviour psychology	0.15625	0.3125	0.375	0.46875	0.15625	0.625
cognitive neurodevelopment	0.0	0.75	0.6875	0.59375	0.3125	0.03125
cognitive neuroscience	0.0625	0.28125	0.71875	0.578125	0.46875	0.03125
cognitive psychology	0.21875	0.75	0.640625	0.359375	0.015625	0.046875
cognitive science	0.24479166666666666	0.5434027777777778	0.4027777777777778	0.4756944444444444	0.24479166666666666	0.3472222222222222
cognitive science, philosophy	0.390625	0.796875	0.546875	0.40625	0.328125	0.515625
cognitive sciences	0.515625	0.84375	0.484375	0.828125	0.484375	0.578125
cognitive studies	0.03125	0.90625	0.34375	0.6875	0.03125	0.0625
cognitive systems	0.25	0.65625	0.84375	0.59375	0.375	0.28125
cogsci	0.125	0.65625	0.5625	0.65625	0.1875	0.0625
college student affairs	0.0	0.21875	0.15625	0.6875	0.5	0.3125
college student personnel	0.5625	0.71875	0.59375	0.8125	0.65625	0.6875
college...	0.53125	0.1875	0.90625	0.71875	0.3125	0.75
com	0.0	0.3125	0.75	0.5	0.21875	0.0
com eng.	0.5	0.75	0.71875	0.03125	0.375	0.40625
com science	-0.25	-0.25	-0.25	-0.25	-0.25	-0.25
com studies	0.15625	0.25	0.3125	1.0	0.34375	0.4375
combined studies	0.0	0.3125	0.71875	0.9375	0.40625	0.3125
comercial engineering	0.359375	0.421875	0.515625	0.75	0.65625	0.53125
comm	0.21875	0.36875	0.54375	0.7375	0.46875	0.2875
commer ce	0.34375	0.71875	0.71875	0.90625	0.21875	0.0
commerce	0.37084173387096775	0.4436743951612903	0.5050403225806451	0.620085685483871	0.5183971774193549	0.5212953629032258
commerce & business	0.78125	0.625	0.78125	0.90625	0.6875	0.8125
commerce & hr	0.28125	0.8125	0.78125	0.5625	0.53125	0.15625
commerce & law	0.15625	0.1875	0.53125	0.5	0.46875	0.15625
commerce & psychology	0.375	0.75	0.65625	0.6875	0.3125	0.0625
commerce and accounting	0.34375	0.9375	0.53125	0.59375	0.40625	0.375
commerce and business admnistration	0.375	0.40625	0.5	0.625	0.65625	0.8125
commerce and fine arts	0.0	0.3125	0.65625	0.875	0.375	0.0
commerce and psychology	0.125	0.15625	0.625	0.25	0.4375	0.0
commerce english	0.6875	0.5625	0.65625	0.84375	0.875	0.84375
commerce finance	0.40625	0.84375	0.75	0.75	0.46875	0.375
commerce marketing	0.03125	0.09375	0.375	0.3125	0.21875	0.28125
commerce, english, hindi	0.6875	0.4375	0.4375	0.875	0.8125	0.3125
commerce, management	0.125	0.625	0.8125	1.0	0.625	0.75
commerce, professional communication	0.53125	0.625	0.6875	0.5625	0.46875	0.375
commerce- accounting with tax procedure and p	0.125	0.15625	0.1875	0.5	0.40625	0.46875
commerce/business	0.15625	0.5	0.5625	1.0	0.375	0.0
commerce/law	0.0625	0.1875	0.3125	0.375	0.34375	0.15625
commerce/management	0.375	0.25	0.65625	0.625	0.8125	0.34375
commercial art & design	0.34375	0.6875	0.53125	0.65625	0.375	0.3125
commercial arts	0.46875	0.09375	0.5625	0.71875	0.3125	0.5625
commercial cookery	0.25	0.1875	0.0625	0.25	0.5	0.90625
commercial engineer	0.3125	0.3125	0.75	0.625	0.53125	0.40625
commercial graphics	0.5625	0.65625	0.71875	0.65625	0.375	0.3125
commercial law	0.0	0.3125	0.375	0.34375	0.3125	0.03125
commincation studies	0.5	0.21875	0.6875	0.53125	0.28125	0.1875
commnications	0.03125	0.53125	0.8125	0.84375	0.65625	0.34375
commnunications/mba	0.09375	0.5	0.6875	0.8125	0.59375	0.21875
comms	0.09375	0.4375	0.5	0.59375	0.3125	0.1875
commuincations	0.0	0.0625	0.25	0.5	0.0	0.125
communcation sciences and disorders	0.125	0.3125	0.375	0.875	0.1875	0.0625
communcations	0.125	0.125	0.375	0.375	0.375	0.40625
communicaations	0.09375	0.75	0.625	0.625	0.28125	0.28125
communicaion	0.21875	0.375	0.8125	0.75	0.4375	0.4375
communicaiton	0.0625	0.375	0.3125	0.8125	0.25	0.3125
communicating arts	0.0	0.3125	0.28125	0.78125	0.1875	0.3125
communicatins	0.0	0.09375	0.75	0.8125	0.125	0.0
communicatio science	0.03125	0.6875	0.40625	0.625	0.03125	0.25
communication	0.21121231155778894	0.42438756281407036	0.5672895728643216	0.6119660804020101	0.41951947236180903	0.28855213567839194
communication & psychology	0.25	0.5625	0.75	0.78125	0.5	0.09375
communication administration	0.53125	0.78125	0.5	0.78125	0.5	0.5625
communication and design	0.09375	0.25	0.96875	0.40625	0.53125	0.21875
communication and elementary ed	0.28125	0.375	0.59375	0.6875	0.375	0.21875
communication and geographic science	0.125	0.5	0.09375	0.6875	0.0625	0.0625
communication and language arts	0.5	0.03125	0.8125	0.46875	0.65625	0.6875
communication and marketing	0.03125	0.25	0.5625	0.625	0.6875	0.453125
communication and media	0.1875	0.25	0.5	0.640625	0.421875	0.375
communication and media studies	0.16666666666666666	0.5520833333333334	0.8854166666666666	0.8125	0.5104166666666666	0.3020833333333333
communication and pr	0.0	0.40625	0.625	0.65625	0.625	0.3125
communication arts	0.19669117647058823	0.3382352941176471	0.5018382352941176	0.5496323529411765	0.3272058823529412	0.25
communication design	0.3625	0.55	0.603125	0.446875	0.40625	0.371875
communication design (interactive media)	0.0625	0.59375	0.65625	0.75	0.53125	0.46875
communication design and education technology	0.46875	0.6875	0.59375	0.90625	0.34375	0.5625
communication disorders	0.14266304347826086	0.4429347826086957	0.3858695652173913	0.6847826086956522	0.3070652173913043	0.22826086956521738
communication engineer	0.5364583333333334	0.5364583333333334	0.609375	0.8489583333333334	0.75	0.6354166666666666
communication engineering	0.5078125	0.4140625	0.3671875	0.4140625	0.515625	0.59375
communication management	0.09375	0.14583333333333334	0.2604166666666667	0.59375	0.21875	0.2604166666666667
communication marketing strategic	0.5625	0.5	0.71875	0.84375	0.9375	0.78125
communication of arts and media	0.375	0.65625	0.53125	0.78125	0.53125	0.53125
communication research	0.09375	0.875	1.0	1.0	0.25	0.125
communication science	0.2734375	0.51171875	0.66796875	0.61328125	0.56640625	0.3125
communication sciences	0.03125	0.4375	0.46875	0.484375	0.21875	0.0625
communication sciences & disorder	0.21875	0.75	0.78125	0.90625	0.8125	0.40625
communication sciences & disorders	0.0625	0.8125	0.375	0.5625	0.0625	0.40625
communication sciences and disorders	0.109375	0.3950892857142857	0.38169642857142855	0.7142857142857143	0.390625	0.31473214285714285
communication studies	0.1722560975609756	0.38490853658536583	0.5076219512195121	0.6486280487804879	0.43597560975609756	0.3391768292682927
communication studies and psychology	0.1875	0.0625	0.75	0.5	0.34375	0.03125
communication studies and spanish	0.46875	0.84375	0.84375	0.625	0.5	0.5
communication, culture and organizations	0.09375	0.21875	0.4375	0.46875	0.53125	0.59375
communication, environmental studies	0.46875	0.6875	0.65625	0.78125	0.5	0.34375
communication, history minor, social science	0.40625	0.46875	0.53125	0.71875	0.375	0.65625
communication, media, marketing	0.09375	0.5	0.75	0.5625	0.75	0.71875
communication-leadership	0.53125	0.78125	0.5	0.71875	0.4375	0.46875
communication/ psychology	0.78125	0.84375	0.96875	0.96875	0.5625	0.90625
communication/adm ldshp	0.15625	0.53125	0.1875	0.59375	0.0	0.0625
communication/education	0.0625	0.25	0.84375	0.75	0.28125	0.09375
communication/public affairs	0.40625	0.21875	0.40625	0.65625	0.78125	0.4375
communication/rhetorical studies	0.0	0.0	0.1875	0.75	0.375	0.0625
communication/spirituality	0.125	0.65625	0.59375	0.53125	0.09375	0.03125
communication:media	0.09375	0.3125	0.46875	0.625	0.21875	0.3125
communicational sciences	0.03125	0.46875	0.5625	0.46875	0.3125	0.40625
communications	0.19201312910284463	0.40775437636761486	0.569406455142232	0.59429704595186	0.39681345733041573	0.2780361050328228
communications & electronics engineering	0.03125	0.5	0.25	0.90625	0.34375	0.65625
communications & public relations	0.15625	0.71875	0.65625	0.59375	0.3125	0.15625
communications & rhetoric	0.34375	0.78125	0.75	0.84375	0.375	0.4375
communications / creative industries	0.03125	0.75	0.59375	0.8125	0.4375	0.21875
communications / religious studies	0.375	0.28125	0.40625	0.21875	0.40625	0.09375
communications and broadcasting	0.0625	0.203125	0.34375	0.453125	0.171875	0.140625
communications and human resources management	0.15625	0.78125	0.34375	0.59375	0.4375	0.46875
communications and marketing	0.34375	0.65625	0.640625	0.671875	0.546875	0.328125
communications and mass media studies	0.40625	0.46875	0.75	0.4375	0.125	0.40625
communications and media	0.0859375	0.1875	0.515625	0.6171875	0.3828125	0.1875
communications and psychology	0.234375	0.140625	0.40625	0.484375	0.484375	0.171875
communications and public administration	0.03125	0.0	0.375	0.46875	0.25	0.0
communications and spanish	0.09375	0.34375	0.90625	0.75	0.40625	0.34375
communications business	0.34375	0.3125	0.625	0.59375	0.5	0.46875
communications engineering	0.21875	0.21875	0.6875	0.4375	0.3125	0.25
communications management	0.03125	0.09375	0.59375	0.28125	0.5625	0.28125
communications media	0.125	0.0625	0.65625	0.59375	0.5	0.15625
communications public relations	0.0625	0.21875	0.375	0.96875	0.625	0.1875
communications science	0.09375	0.34375	0.375	0.625	0.34375	0.5625
communications studies	0.25	0.546875	0.390625	0.75	0.53125	0.421875
communications, economics	0.0	0.625	0.78125	0.9375	0.71875	0.28125
communications, education	0.125	0.46875	0.5625	0.625	0.1875	0.25
communications, psychology	0.0	0.5625	0.84375	0.90625	0.125	0.09375
communications, public relations	0.03125	0.59375	0.9375	0.375	0.59375	0.09375
communications, spanish	0.09375	0.6875	0.78125	0.8125	0.1875	0.0625
communications/english	0.5	0.65625	0.8125	0.59375	0.625	0.21875
communications/journalism	0.1875	0.84375	0.34375	0.875	0.5625	0.28125
communications/psychology	0.125	0.25	0.3125	0.53125	0.21875	0.1875
communications/sociology	0.3125	0.75	0.75	0.59375	0.25	0.125
communicative disorders	0.125	0.25	0.28125	0.5104166666666666	0.23958333333333334	0.2604166666666667
communicative sciences and disorders	0.25	0.5729166666666666	0.4895833333333333	0.8854166666666666	0.6458333333333334	0.5520833333333334
communicaton design	0.09375	0.21875	0.75	0.21875	0.28125	0.25
communicatons	0.1875	0.625	0.78125	0.84375	0.625	0.46875
communiction - spanish	0.1875	0.34375	0.6875	0.75	0.4375	0.1875
communictions	0.0	0.0	0.34375	0.15625	0.09375	0.15625
communincations	0.375	0.65625	0.46875	0.6875	0.59375	0.4375
community	0.09375	0.125	0.09375	0.59375	0.1875	0.0
community & international development	0.375	0.5625	0.34375	0.875	0.1875	0.4375
community college - network administration di	0.59375	0.71875	0.53125	0.34375	0.0625	0.875
community college med tech	0.46875	0.84375	0.34375	0.4375	0.21875	0.65625
community counseling	0.15625	0.859375	0.5	0.796875	0.453125	0.28125
community development	0.4107142857142857	0.5580357142857143	0.6026785714285714	0.7901785714285714	0.4732142857142857	0.45535714285714285
community development and social work	0.625	0.96875	1.0	1.0	0.96875	1.0
community entrepreneurship	0.3125	0.59375	0.1875	0.34375	0.4375	0.3125
community health	0.14182692307692307	0.5216346153846154	0.3894230769230769	0.6682692307692307	0.35096153846153844	0.31971153846153844
community health education	0.13541666666666666	0.5208333333333334	0.2708333333333333	0.625	0.34375	0.23958333333333334
community health services	0.5625	0.4375	0.21875	0.90625	0.46875	0.5625
community planning	0.125	0.0	0.21875	0.40625	0.375	0.28125
community services	0.203125	0.5	0.390625	0.734375	0.4375	0.328125
community studies	0.203125	0.6875	0.71875	0.609375	0.34375	0.359375
community support worker	0.96875	1.0	0.84375	0.9375	0.34375	0.375
community trauma counseling	0.03125	0.03125	0.03125	0.75	0.0	0.125
commwerce	0.40625	0.5625	0.25	0.375	0.1875	0.40625
comnerve	0.3125	0.40625	0.34375	0.4375	0.3125	0.375
comp sci	0.4453125	0.3515625	0.3984375	0.5390625	0.3828125	0.5234375
comp sci and math	0.71875	0.0625	0.09375	0.65625	0.34375	0.6875
comp science	0.625	0.84375	0.6875	0.65625	0.53125	0.46875
comp. sci.	0.375	0.5625	0.3125	0.46875	0.21875	0.09375
company administration	0.25	0.0	0.125	0.8125	0.6875	0.875
comparative literature	0.2526041666666667	0.578125	0.6484375	0.6041666666666666	0.3541666666666667	0.17447916666666666
comparative literature and culture	0.5625	0.75	0.8125	0.5	0.1875	0.5
comparative literest	0.375	0.5625	0.5625	0.65625	0.5	0.5625
comparative politics	0.3125	0.34375	0.90625	0.5625	0.03125	0.0
comparative religion	0.125	0.8125	0.09375	0.375	0.125	0.40625
complementary and alternative healthcare	0.09375	0.53125	0.59375	0.6875	0.25	0.4375
compters	0.28125	0.53125	0.625	0.09375	0.125	0.09375
compuer engineering	0.3125	0.15625	0.5	0.53125	0.4375	0.4375
compuer science	0.6875	0.25	0.1875	0.40625	0.5	0.6875
compuring	0.28125	0.4375	0.71875	0.40625	0.5	0.3125
computacional engineering	0.40625	0.125	0.625	0.59375	0.28125	0.375
computational finance	0.21875	0.6875	0.5	0.625	0.34375	0.90625
computational mathematics	0.15625	0.21875	0.0625	0.46875	0.21875	0.46875
compute sciene	0.65625	0.96875	0.40625	0.5	0.1875	0.5625
computer	0.4166666666666667	0.48055555555555557	0.42986111111111114	0.5604166666666667	0.40069444444444446	0.4166666666666667
computer   engineering	0.40625	0.34375	0.71875	0.78125	0.71875	0.5625
computer  science	0.3333333333333333	0.5729166666666666	0.3020833333333333	0.3958333333333333	0.3125	0.3854166666666667
computer aided drafting	0.28125	0.09375	0.15625	0.375	0.0625	0.28125
computer and information systems	0.3125	0.375	0.375	0.53125	0.3125	0.4375
computer and management information systems	0.78125	0.65625	0.71875	0.625	0.59375	0.84375
computer and political science	0.21875	0.46875	0.59375	0.6875	0.8125	0.78125
computer animation	0.21875	0.28125	0.625	0.65625	0.0625	0.3125
computer animation, science	0.5	0.84375	0.5	0.4375	0.0625	0.59375
computer animation/game design	0.34375	0.125	0.5625	0.03125	0.0625	0.75
computer application	0.3984375	0.4296875	0.5078125	0.6640625	0.49609375	0.56640625
computer applications	0.703125	0.65625	0.6875	0.859375	0.59375	0.546875
computer art	0.265625	0.546875	0.609375	0.484375	0.390625	0.28125
computer art animation	0.1875	0.5	0.8125	0.375	0.21875	0.25
computer arts	0.125	0.75	0.875	0.1875	0.15625	0.34375
computer drafting	1.0	0.25	0.71875	0.5	0.5625	0.5
computer emgineering	0.125	0.1875	0.25	0.3125	0.0625	0.34375
computer engeering	0.34375	0.84375	0.875	0.75	0.4375	0.375
computer engenering	0.09375	0.59375	0.5625	0.71875	0.375	0.0625
computer engineer	0.39488636363636365	0.4289772727272727	0.5482954545454546	0.6590909090909091	0.3721590909090909	0.4715909090909091
computer engineerig	0.15625	0.78125	0.59375	0.5	0.0	0.1875
computer engineerin	0.0625	0.5625	0.375	0.28125	0.09375	0.0
computer engineering	0.3932926829268293	0.5080030487804879	0.4948551829268293	0.5245807926829268	0.3870045731707317	0.4024390243902439
computer engineering and applied mathematics	0.375	1.0	0.5	0.75	0.5	0.6875
computer engineering bs, cognitive psychology	0.75	0.84375	0.40625	0.71875	0.25	0.46875
computer engineering cognitive science drama	0.5	0.84375	0.6875	0.46875	0.25	0.0625
computer engineering, law	0.34375	0.78125	0.65625	0.46875	0.375	0.21875
computer engineering, psychology	0.46875	0.96875	0.3125	0.34375	0.25	0.125
computer engineerong	0.125	0.0625	0.0625	0.15625	0.125	0.1875
computer enginering	0.25	0.6875	0.75	0.5625	0.5625	0.125
computer enginnering	0.4375	0.46875	0.84375	0.6875	0.78125	0.59375
computer for communication	0.34375	0.78125	0.6875	0.8125	0.5	0.21875
computer forensics	0.75	0.71875	0.6875	0.75	0.71875	0.75
computer games technology	0.375	0.71875	0.71875	0.375	0.53125	0.5
computer graphic	0.53125	0.53125	0.59375	0.3125	0.6875	0.53125
computer graphic and animation	0.25	0.5625	0.46875	0.0625	0.09375	0.15625
computer info systems	0.46875	0.125	0.625	0.375	0.375	0.28125
computer information	0.875	0.890625	0.953125	0.96875	0.875	0.8125
computer information science	0.4375	0.4375	0.6875	0.5625	0.59375	0.75
computer information science/business managem	0.71875	0.96875	0.25	0.5625	0.25	0.25
computer information system	0.2708333333333333	0.3854166666666667	0.4166666666666667	0.5416666666666666	0.5104166666666666	0.5104166666666666
computer information systems	0.439453125	0.603515625	0.53125	0.548828125	0.328125	0.484375
computer information systems and marketing	0.0625	0.25	0.4375	0.5625	0.46875	0.375
computer information technology	0.23958333333333334	0.3333333333333333	0.3229166666666667	0.2916666666666667	0.2708333333333333	0.6145833333333334
computer informations systems	0.8125	0.84375	0.75	0.78125	0.625	0.9375
computer network	0.6145833333333334	0.53125	0.46875	0.6354166666666666	0.5729166666666666	0.65625
computer network and security	0.6875	0.375	0.21875	0.28125	0.71875	0.71875
computer network engineering	0.5	0.34375	0.21875	0.5625	0.53125	0.46875
computer network operations	0.75	0.125	0.25	1.0	0.625	0.875
computer network technology	0.609375	0.609375	0.5	0.546875	0.4375	0.609375
computer networking	0.4630681818181818	0.39204545454545453	0.42329545454545453	0.4630681818181818	0.4034090909090909	0.45170454545454547
computer networking and security	1.0	1.0	0.875	0.71875	0.59375	0.53125
computer networking systems	0.21875	0.25	0.0	0.46875	0.1875	0.53125
computer networks & cybersecurity	0.28125	0.34375	0.6875	0.875	0.5	0.65625
computer networks and cyber security	0.46875	0.875	0.71875	0.71875	0.28125	0.15625
computer networks and cybersecurity	0.48125	0.63125	0.50625	0.80625	0.425	0.475
computer programing	0.5	0.375	0.875	0.6875	0.4375	0.875
computer programming	0.375	0.4427083333333333	0.4114583333333333	0.4166666666666667	0.359375	0.4635416666666667
computer repair	0.5625	0.6875	0.5625	0.4375	0.375	0.78125
computer science	0.36104082321187586	0.5382506747638327	0.47790148448043185	0.4876012145748988	0.3511724021592443	0.4292341430499325
computer science & engineering	0.75	0.75	0.84375	0.875	0.65625	0.40625
computer science & math	0.96875	0.46875	0.5	0.375	0.46875	0.5
computer science & mathematics	0.5	0.71875	0.59375	0.09375	0.125	0.28125
computer science (+ human factors in aviation	0.25	0.5	0.6875	0.0625	0.21875	0.15625
computer science (bioinformatics)	0.625	0.15625	0.71875	0.375	0.40625	0.46875
computer science (software engineering)	0.53125	0.5625	0.625	0.609375	0.40625	0.46875
computer science / math	0.53125	0.40625	0.25	0.125	0.0	0.65625
computer science and animation	0.21875	0.6875	0.625	0.4375	0.4375	0.28125
computer science and applied maths	0.40625	0.6875	0.28125	0.6875	0.09375	0.28125
computer science and art	0.0	0.15625	0.0	0.125	0.0	0.09375
computer science and electronics engineering	0.59375	0.1875	0.40625	0.4375	0.375	0.375
computer science and engineering	0.4140625	0.47265625	0.51953125	0.6015625	0.4375	0.5234375
computer science and entrepreneurship	0.1875	0.4375	0.5	0.96875	0.9375	0.875
computer science and information engineering	0.1875	0.59375	0.4375	0.25	0.25	0.53125
computer science and management science	0.3125	0.84375	0.78125	0.84375	0.34375	0.4375
computer science and math	0.1875	0.6875	0.5625	0.625	0.4375	0.5
computer science and mathematics	0.125	0.59375	0.25	0.84375	0.1875	0.28125
computer science and philosophy	0.34375	0.21875	0.46875	0.375	0.09375	0.78125
computer science and psychology	0.359375	0.703125	0.78125	0.953125	0.640625	0.765625
computer science bachelor	0.75	0.15625	0.71875	0.46875	0.125	0.875
computer science business administration (dou	0.375	0.90625	0.59375	0.78125	0.21875	0.25
computer science engineering	0.365625	0.5609375	0.5640625	0.6609375	0.446875	0.4734375
computer science eningeering	0.8125	0.5625	0.84375	0.71875	0.6875	0.5
computer science psychology	0.03125	0.375	0.0	0.71875	0.3125	0.34375
computer science, business	0.625	0.6875	0.34375	0.3125	0.375	0.8125
computer science, education	0.1875	0.71875	0.875	0.59375	0.3125	0.1875
computer science, latin american studies	0.21875	0.8125	0.71875	0.78125	0.375	0.34375
computer science, management	0.53125	0.53125	0.25	0.25	0.28125	0.4375
computer science, mathematics	0.6875	0.96875	0.5	0.625	0.21875	0.625
computer science, psychology	0.3125	0.34375	0.25	0.5625	0.3125	0.25
computer science.	0.28125	0.9375	0.65625	0.6875	0.25	0.25
computer sciences	0.5397727272727273	0.5596590909090909	0.4431818181818182	0.46875	0.3693181818181818	0.5142045454545454
computer sciense	0.59375	0.609375	0.390625	0.328125	0.265625	0.375
computer scinence	0.5625	0.5	0.25	0.40625	0.21875	0.375
computer security	0.40625	0.15625	0.375	0.71875	0.03125	0.15625
computer security/criminal justice	0.46875	0.34375	0.4375	0.5	0.28125	0.375
computer sience	0.25	0.625	0.4375	0.59375	0.5	0.5
computer siences	0.3125	0.75	0.5625	0.75	0.28125	0.15625
computer software engineer	0.09375	0.46875	0.71875	0.1875	0.375	0.1875
computer software engineering	0.25	0.40625	0.5	0.46875	0.46875	0.25
computer studies	0.2625	0.40625	0.51875	0.44375	0.275	0.3625
computer support	0.53125	0.46875	0.53125	0.5625	0.59375	0.6875
computer system engineering	0.125	0.28125	0.59375	0.6875	0.40625	0.5625
computer systems	0.35625	0.66875	0.43125	0.4125	0.2625	0.425
computer systems engineering	0.625	0.21875	0.25	0.78125	0.65625	0.71875
computer systems technology	0.21875	0.5625	0.375	0.875	0.25	0.25
computer tech	0.8125	0.78125	0.53125	0.65625	0.53125	0.59375
computer technology	0.621875	0.5625	0.53125	0.65625	0.49375	0.640625
computer technology engineering	0.46875	0.96875	0.59375	0.34375	0.03125	0.625
computer technology/programming	0.625	0.6875	0.75	0.4375	0.1875	0.21875
computer/network security	0.90625	0.3125	0.15625	0.28125	0.28125	0.65625
computerengineering	0.40625	0.53125	0.6875	0.6875	0.5625	0.40625
computers	0.33125	0.43645833333333334	0.4947916666666667	0.5291666666666667	0.38229166666666664	0.40625
computers & accounts	0.46875	0.625	0.34375	0.5	0.5	0.28125
computers & management	0.15625	0.0	0.5625	0.4375	0.34375	0.15625
computers and management	0.40625	0.1875	0.59375	0.96875	0.5625	0.59375
computers sciences and information systems	0.21875	0.8125	0.71875	0.65625	0.28125	0.375
computers, religion	0.3125	0.625	0.0	0.59375	0.625	0.84375
computerscience/applied lingustics	0.375	0.90625	0.59375	0.8125	0.25	0.34375
computeur	0.3125	0.4375	0.5625	0.65625	0.53125	0.53125
computin	0.0	0.40625	0.4375	0.0	0.0	0.0
computing	0.42527173913043476	0.546875	0.47690217391304346	0.405570652173913	0.327445652173913	0.40828804347826086
computing & operations research	0.53125	0.40625	0.375	0.5625	0.25	0.4375
computing it	0.71875	0.40625	0.5625	0.875	0.28125	0.46875
computing science	0.59375	0.4765625	0.34375	0.5546875	0.3828125	0.578125
computing(games development)	0.34375	0.5625	0.40625	0.1875	0.21875	0.4375
coms	0.0	0.0	0.25	0.625	0.0625	0.34375
comsci	0.21875	0.3125	0.71875	0.84375	0.5625	0.46875
comunication	0.1423611111111111	0.4375	0.5381944444444444	0.4895833333333333	0.3611111111111111	0.13194444444444445
comunications	0.25	0.328125	0.625	0.78125	0.640625	0.453125
comunicaçao	0.65625	0.8125	0.90625	0.90625	0.46875	0.09375
comuter science	0.609375	0.359375	0.15625	0.65625	0.421875	0.5
comércio exterior	0.1875	0.75	0.59375	0.40625	0.0	0.25
conflict	0.1875	0.59375	0.46875	0.1875	0.09375	0.09375
conflict management	0.03125	1.0	0.5625	0.96875	0.4375	0.3125
conseling	0.375	0.25	0.21875	0.4375	0.46875	0.375
conselling	0.125	0.21875	0.28125	0.78125	0.375	0.0
conservation	0.109375	0.53125	0.640625	0.765625	0.390625	0.359375
conservation and restoration	0.3125	0.375	0.34375	0.25	0.5	0.59375
conservation and wildlife management	0.71875	0.71875	0.25	0.1875	0.09375	0.53125
conservation biology and ecology	0.28125	0.9375	0.5625	0.59375	0.34375	0.46875
construction	0.45982142857142855	0.46205357142857145	0.3794642857142857	0.4888392857142857	0.41517857142857145	0.43526785714285715
construction engineering	0.328125	0.5625	0.421875	0.53125	0.328125	0.203125
construction management	0.43478260869565216	0.4171195652173913	0.34782608695652173	0.45652173913043476	0.37907608695652173	0.3233695652173913
construction management an criminal justice	0.5625	0.09375	0.15625	0.28125	0.28125	0.375
construction manager	0.40625	0.125	0.0625	0.15625	0.21875	0.5625
construction managerment	0.78125	0.59375	0.21875	0.28125	0.25	0.75
construction mangement	0.8125	0.46875	0.1875	0.84375	0.5	0.6875
construction project  management	0.3125	0.375	0.0625	0.5625	0.3125	0.375
construction project management	0.3125	0.75	0.59375	0.6875	0.53125	0.4375
construction science	0.453125	0.546875	0.125	0.59375	0.703125	0.34375
construction supervision	0.65625	0.46875	0.84375	0.84375	0.75	0.5
consumer and applied science, design	0.5	0.40625	0.3125	0.65625	0.25	0.40625
consumer and applied sciences	0.0625	0.46875	0.78125	0.5625	0.65625	0.09375
consumer and family science	0.375	0.09375	0.0625	0.3125	0.4375	0.65625
consumer apparel and retail studies	0.0	0.0625	0.40625	0.65625	0.5	0.1875
consumer electronics	0.46875	0.5	0.53125	0.46875	0.125	0.09375
consumer services	0.09375	0.34375	0.28125	0.34375	0.4375	0.3125
contabilidade	0.1875	0.28125	0.25625	0.375	0.375	0.61875
contemporary art / education	0.125	0.25	0.90625	0.5	0.4375	0.03125
contemporary studies	0.0	0.03125	0.09375	0.59375	0.15625	0.09375
contemporary studies, technical sceneography	0.65625	0.75	0.65625	0.71875	0.28125	0.6875
contemporary theatre	0.28125	0.8125	0.75	0.78125	0.21875	0.4375
content course	0.34375	0.5104166666666666	0.7395833333333334	0.6979166666666666	0.4791666666666667	0.40625
content course,elementary education	0.03125	0.46875	0.375	0.53125	0.3125	0.25
content coursec, elementary education	0.125	0.53125	0.453125	0.5625	0.359375	0.4375
contractual law	0.46875	0.71875	0.4375	0.46875	0.34375	0.3125
control and automation engineering	0.53125	0.65625	0.53125	0.53125	0.15625	0.25
control theory	0.53125	0.71875	0.65625	0.59375	0.34375	0.28125
cookery	0.3125	0.09375	0.1875	0.59375	0.125	0.09375
cooking	0.2604166666666667	0.40625	0.4583333333333333	0.5729166666666666	0.75	0.375
cooking and baking	0.34375	0.5	0.28125	0.5	0.25	0.28125
coputer networks and security	0.53125	0.5	0.40625	0.625	0.6875	0.8125
corporate admin	0.78125	0.59375	0.65625	0.96875	0.625	0.875
corporate communication	0.23958333333333334	0.375	0.34375	0.6458333333333334	0.40625	0.23958333333333334
corporate communications	0.2421875	0.359375	0.4921875	0.5234375	0.5	0.28125
corporate finance	0.34375	0.359375	0.4140625	0.5234375	0.59375	0.609375
corporate finance and accounting	0.0	0.28125	0.53125	0.59375	0.71875	0.3125
corrections and juvenile justice	0.46875	0.46875	0.4375	0.84375	0.65625	0.71875
corrections/legal	0.28125	0.6875	0.3125	0.6875	0.3125	0.25
cosmetology	0.1625	0.5375	0.56875	0.55	0.34375	0.2625
cosmology	0.34375	0.78125	0.78125	0.6875	0.40625	0.28125
cosmotology	0.09375	0.9375	0.53125	0.75	0.625	0.21875
costume design	0.1875	0.3125	0.5625	0.125	0.3125	0.25
costume for film and theatre	0.53125	0.5	0.53125	0.625	0.21875	0.53125
cota	0.0625	0.625	0.71875	0.9375	0.28125	0.125
counceling	0.03125	0.34375	0.28125	0.84375	0.15625	0.09375
councelling	0.125	0.5416666666666666	0.4583333333333333	0.78125	0.3958333333333333	0.2604166666666667
counselig	-0.0625	0.0625	0.09375	0.59375	0.09375	0.25
counselin	0.0	0.0	0.75	0.9375	0.625	0.15625
counseling	0.18346122778675283	0.45178715670436187	0.4732431340872375	0.7318760096930533	0.3379947495961228	0.27413166397415184
counseling  psychology	0.15625	0.34375	0.875	0.96875	0.6875	0.15625
counseling and architecture	0.5	0.125	0.5625	0.65625	0.5625	0.6875
counseling and guidance	0.0625	0.65625	0.5625	0.9375	0.15625	0.0
counseling and human relations	0.0	0.5625	0.59375	0.6875	0.625	0.25
counseling and human sercives	0.125	0.25	0.125	0.875	0.125	0.125
counseling and human services	0.0	0.0625	0.1875	0.84375	0.1875	0.0
counseling and psychology	0.140625	0.2109375	0.6953125	0.578125	0.3203125	0.2265625
counseling graduate student	0.40625	0.59375	0.75	0.90625	0.4375	0.34375
counseling masters	0.25	0.78125	0.75	0.71875	0.53125	0.40625
counseling masters degree	0.40625	1.0	0.84375	0.59375	0.28125	0.1875
counseling psychology	0.12152777777777778	0.4427083333333333	0.5052083333333334	0.6649305555555556	0.2534722222222222	0.1918402777777778
counseling studies	0.0	0.21875	0.0	0.75	0.15625	0.0625
counseling, music	0.375	0.59375	0.8125	0.96875	0.25	0.375
counseling, nursing	0.15625	0.4375	0.3125	0.96875	0.34375	0.1875
counseling, psychology, human resource manage	0.21875	0.59375	0.4375	0.71875	0.3125	0.53125
counseling,clinical mental health	0.125	0.1875	0.4375	0.65625	0.09375	0.4375
counseling/human services	0.0	0.625	0.375	0.84375	0.34375	0.40625
counseling/psychology	0.0	0.125	0.59375	0.8125	0.375	0.0
counseling/social work	0.25	0.4375	0.5625	0.78125	0.34375	0.09375
counseling; religious studies	0.28125	0.75	0.28125	0.8125	0.375	0.78125
counsellig	0.0	0.5625	0.65625	0.78125	0.71875	0.0625
counselling	0.18629807692307693	0.4282852564102564	0.45592948717948717	0.7283653846153846	0.3401442307692308	0.25560897435897434
counselling and psychology	0.25	0.625	0.5625	0.65625	0.34375	0.3125
counselling psychology	0.2125	0.2625	0.45625	0.775	0.25	0.175
counselling, coaching and mentoring	0.125	0.4375	0.125	0.75	0.09375	0.09375
counselor	0.22916666666666666	0.3333333333333333	0.5520833333333334	0.875	0.5625	0.3854166666666667
counselor education	0.05555555555555555	0.4652777777777778	0.5763888888888888	0.75	0.3159722222222222	0.18055555555555555
counsling/education	0.0	0.25	0.8125	0.8125	0.3125	0.15625
counter	0.5	0.4375	0.875	0.53125	0.6875	0.71875
counting	0.4791666666666667	0.4166666666666667	0.5625	0.5729166666666666	0.5104166666666666	0.4895833333333333
court reporting	0.5	0.625	0.34375	0.59375	0.1875	0.375
couseling	0.1875	0.203125	0.5234375	0.828125	0.3515625	0.4140625
couselling	0.25	0.53125	0.5625	0.5625	0.53125	0.59375
cousleling	0.28125	0.46875	0.1875	0.78125	0.28125	0.21875
cpa	0.3849431818181818	0.4460227272727273	0.53125	0.5568181818181818	0.5553977272727273	0.5127840909090909
craft	0.34375	0.90625	0.65625	0.65625	0.28125	0.34375
craft and material studies	0.125	0.21875	0.71875	0.5	0.21875	0.09375
craft science	0.28125	0.6875	0.46875	0.3125	0.25	0.3125
creative	0.28125	0.625	0.75	0.703125	0.46875	0.3125
creative advertising	0.46875	0.25	0.625	0.75	0.4375	0.125
creative and performing arts	0.40625	0.875	0.75	0.0625	0.0625	0.3125
creative arts	0.0	0.4375	0.78125	0.75	0.6875	0.15625
creative arts and teaching	0.03125	0.3125	0.875	0.65625	0.125	0.0
creative arts in therapy	0.25	0.46875	0.65625	0.71875	0.53125	0.28125
creative computing	0.5625	0.65625	0.34375	0.5	0.4375	0.40625
creative industries	0.1875	0.40625	0.875	0.65625	0.5	0.5625
creative media	0.1640625	0.3359375	0.5390625	0.375	0.3828125	0.171875
creative media & audio engineering	0.3125	0.53125	0.6875	0.5	0.53125	0.40625
creative media design	0.0	0.0	0.34375	0.28125	0.09375	0.0625
creative multimedia	0.15625	0.28125	0.46875	0.53125	0.375	0.3125
creative producing	0.28125	0.46875	0.34375	0.5625	0.65625	0.53125
creative writiing	0.0625	0.59375	0.78125	0.71875	0.0625	0.0
creative writing	0.19196428571428573	0.4877232142857143	0.6919642857142857	0.5647321428571429	0.23660714285714285	0.22767857142857142
creative writing, film	0.09375	0.5	0.75	0.875	0.59375	0.40625
creative writing, liberal arts, communication	0.09375	0.78125	0.6875	0.46875	0.09375	0.0
creative writing, poetry	0.53125	0.9375	0.90625	0.75	0.25	0.3125
creative writing, publishing, museum studies	0.15625	0.5	0.8125	0.5625	0.3125	0.09375
creative writing/english	0.375	0.5625	0.6875	0.5625	0.5625	0.78125
creativity	0.40625	0.5	0.75	0.75	0.53125	0.3125
crim justice	0.71875	0.625	0.15625	0.4375	0.46875	0.6875
crimial jusice	0.0	0.0	0.25	0.9375	0.8125	0.8125
crimial justice	0.59375	0.8125	0.78125	0.84375	0.90625	0.46875
criminal  justice	0.125	0.3125	0.21875	0.9375	0.1875	0.03125
criminal behavior	0.5	0.46875	0.8125	0.625	0.4375	0.46875
criminal jusice	0.15625	0.78125	0.0625	0.75	0.40625	0.59375
criminal jusitce	0.59375	0.625	0.53125	0.46875	0.4375	0.53125
criminal justce	0.28125	0.625	0.9375	0.96875	0.4375	0.15625
criminal justice	0.27462705761316875	0.4565972222222222	0.39467592592592593	0.6543852880658436	0.38445216049382713	0.39274691358024694
criminal justice & fire protection	0.6875	0.625	0.21875	0.6875	0.34375	0.34375
criminal justice & psychology	0.6875	0.65625	0.09375	0.59375	0.3125	0.78125
criminal justice / counseling	0.0	0.09375	0.28125	0.5625	0.40625	0.3125
criminal justice / sociology	0.1875	0.15625	0.0	0.90625	0.125	0.15625
criminal justice administration	0.03125	0.53125	0.09375	0.53125	0.28125	0.21875
criminal justice and  nursing	0.46875	0.8125	0.5625	0.9375	0.65625	0.5625
criminal justice and biblical studies	0.46875	0.21875	0.9375	0.90625	0.8125	0.34375
criminal justice and education	0.21875	0.5	0.125	0.8125	0.21875	0.125
criminal justice and human services	0.28125	0.5625	0.375	0.65625	0.40625	0.59375
criminal justice and human services/counselin	0.0	0.40625	0.28125	0.78125	0.4375	0.40625
criminal justice and legal studies	0.59375	0.5	0.28125	0.6875	0.625	0.40625
criminal justice and mental health counseling	0.0625	0.5625	0.5625	0.6875	0.46875	0.3125
criminal justice and psychologhy	0.0625	0.875	0.03125	0.71875	0.28125	0.40625
criminal justice and psychology	0.2	0.6375	0.35625	0.7875	0.49375	0.3125
criminal justice and public administration	0.34375	0.53125	0.1875	0.78125	0.53125	0.6875
criminal justice mental health	0.46875	0.375	0.21875	0.5625	0.5	0.25
criminal justice minor in psychology	0.21875	0.96875	0.34375	0.6875	0.40625	0.21875
criminal justice pre law	0.25	0.25	0.15625	0.5625	0.40625	0.59375
criminal justice psychology	0.1875	0.6875	0.15625	0.6875	0.1875	0.25
criminal justice studies	0.3125	0.8125	0.75	0.875	0.375	0.40625
criminal justice, and business	0.9375	1.0	1.0	1.0	1.0	0.96875
criminal justice, business, counseling	0.0625	0.375	0.6875	1.0	0.5625	1.0
criminal justice, forensic science, psycholog	0.09375	0.6875	0.09375	0.65625	0.375	0.5
criminal justice, minor in psychology	0.125	0.8125	0.0625	0.28125	0.15625	0.5
criminal justice, occupational therapy assita	0.25	0.40625	0.59375	0.8125	0.53125	0.59375
criminal justice, psychology	0.25	0.8125	0.21875	0.59375	0.1875	0.34375
criminal justice/ human services	0.625	0.875	0.34375	0.59375	0.84375	0.75
criminal justice/ sociology	0.1875	0.625	0.84375	0.84375	0.3125	0.375
criminal justice/counseling	0.0	0.0625	0.03125	0.59375	0.0	0.0
criminal justice/criminology	0.0	0.25	0.625	1.0	0.6875	0.1875
criminal justice/forensic psychology	0.078125	0.359375	0.25	0.734375	0.140625	0.6875
criminal justice/human services	0.03125	0.03125	0.09375	0.625	0.3125	0.5
criminal justice/paralegal	0.25	0.53125	0.8125	0.8125	0.53125	0.4375
criminal justice/psy	0.0625	0.71875	0.09375	0.625	0.375	0.5
criminal justice/psychology	0.046875	0.46875	0.09375	0.625	0.21875	0.1875
criminal justicr	0.15625	0.25	0.15625	0.625	0.25	0.3125
criminal law	0.0	0.5	0.65625	0.59375	0.21875	0.15625
criminal law sciences	0.09375	0.1875	0.125	0.125	0.125	0.09375
criminal law/interpreting	0.34375	0.875	0.46875	0.8125	0.3125	0.15625
criminal psychology	0.3854166666666667	0.6041666666666666	0.6145833333333334	0.8125	0.4479166666666667	0.28125
criminal science	0.3125	0.78125	0.65625	0.84375	0.59375	0.375
criminalistics	0.2708333333333333	0.6875	0.75	0.6458333333333334	0.5104166666666666	0.2604166666666667
criminaljustice	0.4375	0.6875	0.75	0.65625	0.375	0.46875
criminalogy	0.28125	0.25	0.1875	0.5	0.5	0.5
criminalogy and criminal justice	0.0625	0.3125	0.5	0.1875	0.1875	0.5625
criminalology	0.59375	0.5625	0.71875	0.34375	0.46875	0.1875
criminlogy	0.09375	0.5	0.78125	0.875	0.4375	0.375
criminology	0.24047619047619048	0.46458333333333335	0.4139880952380952	0.6229166666666667	0.37589285714285714	0.3300595238095238
criminology & psychology	0.125	0.09375	0.0625	0.78125	0.28125	0.5
criminology and criminal justice	0.21875	0.3854166666666667	0.3333333333333333	0.71875	0.3541666666666667	0.2916666666666667
criminology and psychology	0.25	0.4375	0.375	0.703125	0.453125	0.15625
criminology psychology joint major	0.21875	0.15625	0.1875	0.6875	0.28125	0.5
criminology/business	0.0	0.21875	0.25	0.25	0.625	0.5625
criminology/criminal justice	0.265625	0.5	0.578125	0.703125	0.359375	0.359375
criminology/politics	0.03125	0.46875	0.4375	0.46875	0.40625	0.15625
criminology/psychology	0.125	0.4375	0.25	0.65625	0.53125	0.125
criminooloty	0.0	0.21875	0.125	0.40625	0.0	0.0
crimonology	0.125	0.28125	0.09375	0.46875	0.15625	0.25
crimonology & psychology	0.03125	0.96875	0.875	0.6875	0.5	0.28125
crj	0.15625	0.84375	0.625	0.96875	0.6875	0.4375
crminal justice	0.3125	0.40625	0.59375	0.84375	0.65625	0.78125
crminology	0.0625	0.75	0.65625	0.625	0.4375	0.0625
crminology&psychology	0.0	0.3125	0.25	0.53125	0.53125	0.0
cross cultural studies	0.125	0.65625	0.625	0.5	0.3125	0.34375
cs	0.365625	0.646875	0.50625	0.4375	0.31875	0.409375
csd	0.15625	0.125	0.09375	0.65625	0.6875	0.6875
cse	0.65625	0.5625	0.6875	0.65625	0.6875	0.71875
csim	0.625	0.5	0.625	0.625	0.875	0.71875
culianry	0.15625	0.21875	0.0625	0.5625	0.28125	0.28125
culinary	0.24702380952380953	0.3869047619047619	0.5014880952380952	0.6101190476190477	0.48214285714285715	0.4330357142857143
culinary art	0.21875	0.65625	0.0625	0.625	0.40625	0.25
culinary arts	0.328125	0.4973958333333333	0.4778645833333333	0.5546875	0.3763020833333333	0.3763020833333333
culinary arts/hospitality management	0.4375	0.5	0.625	0.6875	0.59375	0.15625
culinary management	0.6875	0.75	0.3125	0.5625	0.875	0.8125
culinary science	0.5	0.375	0.71875	0.6875	0.5625	0.46875
culinary skills	0.1875	0.71875	0.03125	0.84375	0.15625	0.4375
culinary, psychology	0.5625	0.40625	0.90625	0.96875	0.5625	0.4375
cultural  heritage	0.21875	0.28125	0.40625	0.65625	0.21875	0.40625
cultural anthropology	0.23125	0.503125	0.578125	0.5	0.25	0.171875
cultural foundations of education	0.15625	0.34375	0.65625	0.75	0.4375	0.21875
cultural geography	0.0625	0.875	0.71875	0.71875	0.0	0.25
cultural goeography	0.1875	0.28125	0.5625	0.5625	0.3125	0.15625
cultural heritage	0.21875	0.28125	0.65625	0.46875	0.421875	0.234375
cultural management	0.23958333333333334	0.5416666666666666	0.6458333333333334	0.5104166666666666	0.2916666666666667	0.16666666666666666
cultural sciences	0.125	0.40625	0.40625	0.6875	0.5	0.5
cultural studies	0.29829545454545453	0.5625	0.7073863636363636	0.5823863636363636	0.3409090909090909	0.2840909090909091
cultural studies, education	0.28125	0.53125	0.65625	0.78125	0.28125	0.25
cultural study and economy	0.09375	0.03125	0.125	0.5625	0.375	0.0
culture	0.0	0.375	0.78125	0.5625	0.46875	0.0
culture & media	0.8125	0.8125	0.875	0.53125	0.09375	0.53125
culture and communication	0.34375	0.5	0.6875	0.71875	0.46875	0.625
culture management	0.1875	0.46875	0.7083333333333334	0.4479166666666667	0.1875	0.23958333333333334
culture studies	0.23958333333333334	0.5416666666666666	0.5989583333333334	0.4895833333333333	0.3333333333333333	0.21875
culture, design	0.5625	0.625	0.75	0.6875	0.46875	0.28125
culture, science, and technology	0.40625	0.65625	0.53125	0.4375	0.53125	0.53125
culutre	0.15625	0.53125	0.6875	0.625	0.5625	0.21875
cumputer engineering	0.53125	0.390625	0.421875	0.78125	0.25	0.4375
curating	0.34375	0.59375	0.75	0.75	0.40625	0.03125
curator	0.21875	0.375	0.125	0.0625	0.1875	0.4375
curatorship	0.1875	0.65625	0.78125	0.65625	0.25	0.21875
currently psychology	0.0625	0.46875	0.65625	0.78125	0.625	0.34375
curriculum and instruction	0.09375	0.0625	0.0	0.84375	0.21875	0.46875
customer service management	0.25	0.40625	0.5625	0.71875	0.1875	0.4375
cyber crime	0.28125	0.9375	0.5	0.875	0.3125	0.6875
cyber it	0.8125	0.96875	0.71875	0.96875	0.4375	1.0
cyber security	0.49074074074074076	0.5405092592592593	0.4548611111111111	0.5520833333333334	0.4236111111111111	0.5497685185185185
cybernetics	0.3645833333333333	0.8125	0.5729166666666666	0.6041666666666666	0.3020833333333333	0.19791666666666666
cybersecurity	0.4375	0.5517241379310345	0.44396551724137934	0.5818965517241379	0.39762931034482757	0.5635775862068966
cybersecurity management	0.5625	0.53125	0.5	0.5625	0.5625	0.875
d	0.0	0.0	0.0	0.0	0.0	0.0
d.m.s.	0.03125	0.4375	0.3125	0.40625	0.1875	0.21875
dance	0.1572265625	0.5107421875	0.6494140625	0.6376953125	0.3076171875	0.1630859375
dance & psychology	0.34375	0.59375	0.625	0.4375	0.5625	0.1875
dance academy	0.1875	0.71875	0.875	0.75	0.125	0.09375
dance and business	0.28125	0.40625	0.75	0.65625	0.375	0.46875
dance and education	0.34375	0.875	0.25	0.0	-0.03125	0.28125
dance education	0.09375	0.5	0.15625	0.65625	0.375	0.53125
dance major	0.0625	0.1875	0.15625	0.4375	0.4375	0.4375
dance movement therapy	0.0	0.71875	0.75	1.0	0.5625	0.0
dance therapy	0.125	0.40625	0.625	0.78125	0.21875	0.09375
dance, clinical rehabilitation counseling	0.15625	0.46875	0.65625	0.65625	0.3125	0.0
dance, criminal justice	0.5625	0.75	0.9375	0.78125	0.625	0.375
dance, psycho	0.3125	0.53125	0.59375	0.6875	0.3125	0.125
danish and social sciences	0.21875	0.71875	0.625	0.5625	0.375	0.0
data analysis	0.71875	0.3125	0.3125	0.59375	0.53125	0.53125
data analytics	0.34375	0.21875	0.15625	0.78125	0.78125	0.78125
data base administration	0.46875	0.8125	0.59375	0.6875	0.59375	0.71875
data management	0.0625	0.4375	0.15625	0.5	0.0	0.5625
data processing	0.5625	0.25	0.59375	0.46875	0.15625	0.65625
data science	0.3125	0.21875	0.28125	0.3125	0.25	0.625
dd	0.4375	0.34375	0.375	0.4375	0.46875	0.625
deaf education	0.25	0.6875	0.375	0.96875	0.46875	0.1875
deasign	0.59375	0.6875	0.65625	0.46875	0.25	0.34375
death	0.0	0.0	0.0	1.0	0.0	0.0
decision science	0.265625	0.296875	0.359375	0.34375	0.359375	0.640625
degree public relations	0.15625	0.15625	0.09375	0.6875	0.1875	0.125
deign technology	0.0	0.0	0.0	0.0	0.0	0.0
demography	0.171875	0.765625	0.59375	0.515625	0.34375	0.59375
dental	0.2760416666666667	0.5729166666666666	0.40625	0.5052083333333334	0.3958333333333333	0.3020833333333333
dental assistant	0.1953125	0.4609375	0.265625	0.53125	0.203125	0.15625
dental assistanting	0.03125	0.46875	0.1875	0.625	0.125	0.53125
dental assisting	0.25	0.53125	0.4921875	0.5234375	0.453125	0.296875
dental assitant	0.0	0.78125	0.375	0.875	0.25	0.25
dental hygiene	0.278125	0.58125	0.4125	0.6125	0.325	0.43125
dental medicine	0.34375	0.53125	0.265625	0.359375	0.5	0.28125
dental medicine, dentistry	0.34375	0.65625	0.46875	0.875	0.46875	0.21875
dental school	0.15625	0.46875	0.46875	0.28125	0.21875	0.0625
dental surgery	0.5625	0.8125	0.6875	0.65625	0.34375	0.1875
dental techics	0.25	0.84375	0.90625	0.46875	0.25	0.21875
dental technology	0.3125	0.71875	0.65625	0.21875	0.03125	0.21875
dentist	0.4322916666666667	0.5625	0.4895833333333333	0.78125	0.4739583333333333	0.4895833333333333
dentistery	0.1875	0.21875	0.4375	0.71875	0.40625	0.125
dentistri	0.375	0.8125	0.4375	0.25	0.375	0.0625
dentistry	0.3159722222222222	0.6354166666666666	0.4722222222222222	0.55	0.4375	0.38680555555555557
department of history	0.34375	0.71875	0.84375	0.9375	0.59375	0.78125
depth psychology and design	0.03125	0.875	0.625	0.65625	0.3125	0.21875
derecho	0.265625	0.734375	0.59375	0.703125	0.375	0.53125
dermatologist	0.40625	0.84375	0.75	0.8125	0.78125	0.75
desenho	0.59375	0.65625	0.46875	0.75	0.5625	0.59375
desiel tech	0.34375	0.0	0.0	0.0	0.21875	0.0
design	0.30147879464285715	0.5260881696428571	0.5997488839285714	0.5129743303571429	0.3832310267857143	0.25125558035714285
design & innovation	0.28125	0.53125	0.4375	0.1875	0.28125	0.28125
design & media	0.34375	0.53125	0.71875	0.5	0.4375	0.375
design & technology	0.125	0.375	0.1875	0.34375	0.0625	0.0
design + business	0.34375	0.25	0.53125	0.59375	0.53125	0.3125
design and business	0.03125	0.3125	0.6875	0.71875	0.5	0.34375
design and environmental analysis	0.4375	0.9375	0.4375	0.5	0.4375	0.09375
design and mba	0.1875	0.8125	0.90625	0.28125	0.53125	0.21875
design and media management	0.125	0.46875	0.75	0.59375	0.375	0.1875
design and merchandising	0.5	0.53125	0.4375	0.6875	0.625	0.46875
design and sociology	0.21875	0.84375	0.78125	0.5	0.40625	0.1875
design and technology	0.40625	0.625	0.75	0.5	0.4375	0.40625
design art	0.375	0.40625	0.5625	0.59375	0.46875	0.53125
design but i quitted	0.34375	0.25	0.625	0.375	0.46875	0.40625
design curating and writing	0.28125	0.53125	0.46875	0.09375	0.3125	0.125
design engineering	0.4479166666666667	0.65625	0.4479166666666667	0.4895833333333333	0.28125	0.1875
design industrial	0.84375	0.96875	0.9375	0.6875	0.4375	0.28125
design interior landscape	0.4375	0.5	0.625	0.53125	0.5625	0.15625
design management	0.29375	0.4375	0.625	0.5	0.225	0.13125
design of products	0.4375	0.6875	0.75	0.71875	0.5625	0.4375
design science	0.1875	0.03125	0.90625	0.03125	0.0	0.0
design technology	0.265625	0.546875	0.640625	0.296875	0.328125	0.234375
design techonlogy	0.15625	0.625	0.3125	0.65625	0.21875	0.0625
design | media arts	0.0625	0.09375	0.5625	0.375	0.125	0.03125
design, architecture, english, law	0.59375	0.34375	0.90625	0.625	0.65625	0.1875
design, business, innovation	0.5	0.375	0.15625	0.1875	0.25	0.25
design, product design	0.40625	0.5	0.625	0.59375	0.5	0.5
design/art	0.5	0.4375	0.75	0.65625	0.625	0.34375
designer	0.4166666666666667	0.5833333333333334	0.671875	0.5677083333333334	0.5052083333333334	0.3333333333333333
designer and management	0.15625	0.0625	0.3125	0.5	0.34375	0.3125
desktop publishing	0.34375	0.3125	0.1875	0.03125	0.0	0.5625
deu	0.0	0.0	0.0	0.0	0.0	0.0
development	0.19270833333333334	0.4010416666666667	0.5104166666666666	0.703125	0.421875	0.203125
development communication	0.25	0.5625	0.671875	0.71875	0.484375	0.265625
development managrment	0.3125	0.5625	0.375	0.65625	0.59375	0.65625
development planning	0.21875	0.53125	0.53125	0.90625	0.5625	0.4375
development studies	0.39732142857142855	0.5223214285714286	0.5714285714285714	0.6473214285714286	0.39732142857142855	0.41964285714285715
developmental biology & human pathology	0.25	0.8125	0.40625	0.71875	0.34375	0.46875
developmental biology + politics	0.03125	0.5625	0.65625	0.53125	0.21875	0.0
developmental disabilities	0.125	0.4375	0.15625	0.75	0.28125	0.40625
developmental psychology	0.1875	0.46875	0.109375	0.46875	0.125	0.265625
developmental studies	0.15625	0.34375	0.5	0.9375	0.6875	0.78125
diesel mechanic	0.75	0.625	0.28125	0.09375	0.0625	0.34375
diesel mechanics	0.65625	0.4375	0.125	0.5	0.5	0.5625
diesel services	0.46875	0.34375	0.59375	0.53125	0.3125	0.21875
diesel tech	0.9375	0.625	0.71875	0.96875	0.625	0.5
diesel technology	0.515625	0.625	0.1875	0.703125	0.3125	0.3125
diet	0.3125	0.59375	0.34375	0.46875	0.34375	0.6875
dietetic	0.3125	0.1875	0.1875	0.59375	0.71875	0.625
dietetic technology	0.0	0.8125	0.25	0.65625	0.15625	0.1875
dietetics	0.2372159090909091	0.6164772727272727	0.390625	0.7116477272727273	0.3210227272727273	0.33948863636363635
dietetics & psychology	0.28125	0.65625	0.5625	0.9375	0.5	0.53125
dietics	0.125	0.6875	0.21875	0.34375	0.15625	0.375
dietitian	0.21875	0.6875	0.65625	0.53125	0.71875	0.59375
digital art	0.25	0.6015625	0.5546875	0.5546875	0.3984375	0.3125
digital arts	0.3125	0.875	0.71875	0.5	0.34375	0.40625
digital concept development	0.3125	0.75	0.75	0.59375	0.625	0.625
digital culture (graphic information technolo	0.5625	0.21875	0.4375	0.71875	0.4375	0.625
digital design/web technology	0.0	0.0	0.40625	0.125	0.0	0.40625
digital humanities and biology	0.53125	0.5625	0.5	0.34375	0.0	0.15625
digital marketing	0.328125	0.45703125	0.58203125	0.5546875	0.46875	0.4609375
digital media	0.23161764705882354	0.41360294117647056	0.5294117647058824	0.4742647058823529	0.3290441176470588	0.26838235294117646
digital media & web technology	0.09375	0.34375	0.5625	0.375	0.0	0.125
digital media and communications	0.46875	0.5	0.625	0.75	0.6875	0.65625
digital media and web technology	0.09375	0.25	0.34375	0.59375	0.078125	0.03125
digital media arts, biology education	0.1875	0.8125	0.875	0.65625	0.34375	0.28125
digital media design	0.375	0.46875	0.75	0.625	0.75	0.3125
digital media production	0.5	0.46875	0.84375	0.46875	0.25	0.5
digital technology and culture	0.25	0.625	0.59375	0.65625	0.3125	0.53125
diploma	0.8125	0.5625	0.625	0.875	0.71875	0.671875
diploma eee	0.71875	0.90625	0.53125	0.75	0.625	0.71875
diploma entreprenuership and ict	0.5	0.75	0.8125	1.0	0.875	0.9375
diploma in computer science  and engineering	0.375	0.25	0.5	0.625	0.4375	0.71875
diploma in science	0.28125	1.0	0.1875	0.75	0.09375	0.40625
diplomacy	0.296875	0.6875	0.765625	0.515625	0.625	0.203125
diplomacy and military studies	0.28125	0.65625	0.875	0.75	0.4375	0.6875
directing	0.3125	0.625	0.96875	0.40625	0.40625	0.03125
director	0.15625	0.75	0.90625	0.625	0.5	0.46875
direito	0.19921875	0.37109375	0.36328125	0.6953125	0.38671875	0.30859375
direito e psicologia	0.0	0.125	0.0625	0.5625	0.21875	0.8125
disabilities services	0.15625	0.40625	0.09375	0.78125	0.28125	0.375
disability studies	0.125	0.4375	0.53125	1.0	0.34375	0.0625
disaster & emergency management	0.0	0.625	0.71875	0.5	0.25	0.125
diverse acadmic knowlage	0.0	0.375	0.25	0.125	0.125	0.25
diversity studies	0.15625	0.8125	0.46875	0.78125	0.53125	0.53125
divinity	0.15625	0.4140625	0.4375	0.703125	0.421875	0.2265625
dnp	0.09375	0.875	0.5625	0.75	0.46875	0.375
do not know	0.09375	0.0625	0.375	0.59375	0.65625	0.25
doctor	0.3229166666666667	0.6875	0.453125	0.7447916666666666	0.3177083333333333	0.2864583333333333
doctor of pharmacy	0.15625	0.4375	0.125	0.4375	0.34375	0.21875
doctorate of nursing practice	0.0	0.96875	0.53125	0.75	0.09375	0.0
documentary photography	0.125	0.75	0.5625	0.53125	0.375	0.0
dogs	0.125	0.5	0.125	0.0	0.0	0.0
dont know	0.25	0.34375	0.4375	0.6875	0.625	0.6875
dota	-0.25	-0.09375	-0.25	-0.25	-0.25	-0.25
double major	0.03125	0.5625	0.90625	0.9375	0.53125	0.625
double major - accounting, finance	0.1875	0.65625	0.28125	0.28125	0.28125	0.28125
double major in public policy / theatre arts	0.0	0.0625	0.59375	0.5625	0.65625	0.125
double major: kinesiology & psychology	0.03125	0.71875	0.5	0.96875	0.34375	0.25
drafting	0.578125	0.609375	0.4609375	0.3515625	0.2890625	0.3203125
drafting and design	0.71875	0.46875	0.21875	0.3125	0.0	0.34375
drafting technology	0.375	0.421875	0.515625	0.6875	0.4375	0.46875
drafting, construction management	0.6875	0.6875	0.5	0.6875	0.5625	1.0
drama	0.19288793103448276	0.4547413793103448	0.7370689655172413	0.5765086206896551	0.2984913793103448	0.16702586206896552
drama & theatre studies, mdrdama in creative	0.28125	0.21875	0.34375	0.65625	0.0625	0.4375
drama and english	0.375	0.59375	0.9375	0.84375	0.4375	0.3125
drama and theatre arts	0.15625	0.6875	0.65625	0.71875	0.34375	0.21875
drama and theatre practice	0.5625	0.90625	0.75	0.5625	0.34375	0.71875
drama in education/psychology	0.0	0.375	0.53125	0.84375	0.5	0.15625
drama psychology social work	0.25	0.90625	0.875	0.6875	0.1875	0.0
dramatic arts	0.328125	0.71875	0.8125	0.640625	0.171875	0.234375
dramaturgy	0.1875	0.4375	0.875	0.625	0.25	0.25
dramka	0.125	0.25	0.84375	0.53125	0.1875	0.3125
drawing and painting	0.25	0.59375	0.5	0.625	0.03125	0.0
drawing/printmaking	0.59375	0.71875	0.5625	0.59375	0.1875	0.34375
drept	0.15625	0.375	0.25	0.6875	0.625	0.78125
drugs biotechnology (chemistry)	0.34375	0.71875	0.09375	0.375	0.28125	0.6875
drumset performance	0.03125	0.21875	0.5625	0.3125	0.34375	0.03125
dual degrees: psychology and english	0.09375	0.59375	0.21875	0.34375	0.09375	0.3125
dual major in engineering and psychology	0.53125	0.46875	0.53125	0.65625	0.15625	0.46875
dutch	0.09375	0.03125	0.65625	0.40625	0.0625	0.03125
dutch linguistics	0.03125	0.6875	0.53125	0.46875	0.1875	0.21875
e	0.5625	0.515625	0.25	0.46875	0.421875	0.46875
e business	0.0625	0.46875	0.40625	0.53125	0.53125	0.15625
e-commece	0.4375	0.21875	0.3125	0.4375	0.375	0.71875
e-commerce	0.34375	0.3645833333333333	0.3125	0.4583333333333333	0.5833333333333334	0.4791666666666667
e-governance	0.625	1.0	0.9375	0.9375	0.8125	1.0
e-logistics and technology management	0.5	0.75	0.46875	0.5625	0.40625	0.59375
early  childhood	0.15625	0.375	0.34375	0.875	0.5625	0.5
early chidlhood	0.09375	0.09375	0.03125	1.0	0.25	0.65625
early childhood	0.18303571428571427	0.375	0.4955357142857143	0.7366071428571429	0.39732142857142855	0.2924107142857143
early childhood associates	0.8125	0.59375	0.78125	0.6875	0.53125	0.90625
early childhood development	0.0625	0.15625	0.09375	1.0	0.4375	0.3125
early childhood ed	0.1875	0.4375	0.25	0.875	0.90625	0.84375
early childhood ed.	0.03125	0.0	0.0625	0.40625	0.0	0.21875
early childhood edu	0.15625	0.0625	0.15625	0.59375	0.15625	0.1875
early childhood education	0.20982142857142858	0.4211309523809524	0.5218253968253969	0.751984126984127	0.3948412698412698	0.31398809523809523
early childhood eduction	0.71875	1.0	0.9375	0.90625	0.875	0.71875
early childhood pedagogics	0.0	0.1875	0.21875	0.78125	0.1875	0.25
early childhood special education	0.09375	0.375	0.125	0.71875	0.53125	0.59375
early childhood special education & psycholog	0.03125	0.28125	0.5625	0.8125	0.40625	0.15625
early childhood studies	0.1875	0.421875	0.359375	0.609375	0.46875	0.296875
early childhood teaching	0.5	0.3125	0.75	0.65625	0.21875	0.75
early childhoodadministration	0.0625	0.15625	0.125	0.71875	0.3125	0.5625
early chilhood education	0.21875	0.1875	0.59375	0.65625	0.625	0.40625
early education	0.09375	0.40625	0.125	0.65625	0.34375	0.28125
early years education	0.171875	0.5	0.546875	0.703125	0.375	0.359375
earth science	0.34375	0.7366071428571429	0.3482142857142857	0.5133928571428571	0.26785714285714285	0.2544642857142857
earth sciences	0.53125	0.7083333333333334	0.375	0.40625	0.23958333333333334	0.6354166666666666
earth sciences/secondary ed	0.09375	0.75	0.5625	0.5625	0.15625	0.03125
east asian art history	0.1875	0.65625	0.0625	0.0625	0.21875	0.28125
east asian language and literature	0.0625	0.21875	0.6875	0.78125	0.59375	0.0625
east asian languages and cultures	0.0625	0.46875	0.46875	0.65625	0.28125	0.03125
east asian studies	0.0625	0.109375	0.421875	0.59375	0.234375	0.03125
east asian studies, politics	0.53125	0.78125	0.84375	0.5625	0.59375	0.5
ec	0.21875	0.40625	0.25	0.3125	0.125	0.1875
ece	0.2604166666666667	0.4479166666666667	0.65625	0.8541666666666666	0.78125	0.6041666666666666
ece engineering	0.375	0.25	0.71875	0.78125	0.625	0.09375
ece teaching	0.25	0.6875	0.1875	0.5625	0.4375	0.4375
ecnoomics	0.21875	0.25	0.25	0.46875	0.40625	0.4375
eco	0.21875	0.71875	0.65625	0.375	0.6875	0.34375
ecological economics	0.03125	0.78125	0.96875	0.25	0.21875	0.0
ecological science	0.65625	0.75	0.8125	0.5	0.34375	0.125
ecology	0.4	0.7890625	0.61875	0.4984375	0.240625	0.284375
ecology and conservation	0.03125	0.90625	0.46875	0.625	0.34375	0.28125
ecology and evolutionary biology	0.15625	0.65625	0.6875	0.84375	0.3125	0.3125
ecomnomic	0.28125	0.21875	0.625	0.75	0.59375	0.4375
ecomomics	0.4375	0.75	0.625	0.625	0.6875	0.28125
ecomomy	0.3125	0.3125	0.3125	0.34375	0.59375	0.6875
ecomonics	0.59375	0.34375	0.34375	0.6875	0.65625	0.84375
econ	0.31919642857142855	0.43973214285714285	0.5	0.5111607142857143	0.4375	0.39285714285714285
econ/ politics	0.40625	0.71875	0.71875	0.8125	0.28125	0.1875
econ/physics	0.46875	0.65625	0.78125	0.75	0.375	0.34375
econimic	0.4375	0.21875	0.21875	0.65625	0.625	0.75
econimics	0.265625	0.359375	0.3125	0.625	0.515625	0.46875
econimics - history	0.21875	0.875	0.65625	0.46875	0.15625	0.09375
econmie	0.0625	0.03125	0.25	0.1875	0.4375	0.09375
economcs	0.5625	0.84375	0.90625	0.84375	0.3125	0.21875
econometris and statistics	0.125	0.625	0.5625	0.65625	0.4375	0.34375
econometry	0.25	0.375	0.34375	0.53125	0.46875	0.25
economi	0.2708333333333333	0.3125	0.3229166666666667	0.59375	0.5520833333333334	0.4791666666666667
economia	0.4270833333333333	0.17708333333333334	0.3125	0.5729166666666666	0.59375	0.5833333333333334
economic	0.3599137931034483	0.4956896551724138	0.5366379310344828	0.5668103448275862	0.4375	0.4191810344827586
economic & finance	0.34375	0.5625	0.8125	0.71875	0.53125	0.1875
economic accounting	0.46875	0.4375	0.78125	0.625	0.4375	0.46875
economic and finance	0.65625	0.5	0.5	0.53125	0.59375	0.375
economic and financial analysics/ mathematics	0.5625	0.875	0.40625	0.4375	0.28125	0.59375
economic business	0.375	0.34375	0.59375	0.6875	0.65625	0.40625
economic engineer	0.09375	0.125	0.0	0.125	0.40625	0.28125
economic geography	0.125	0.3125	0.71875	0.625	0.28125	0.0625
economic history	0.171875	0.4609375	0.46875	0.5	0.3984375	0.125
economic sustainability	0.875	0.78125	0.34375	0.78125	0.5625	0.625
economicics	0.59375	0.71875	0.3125	0.5	0.375	0.25
economics	0.3091923925027563	0.494659592061742	0.4886990077177508	0.533558434399118	0.43777563395810365	0.4092475192943771
economics & accounting	0.8125	0.53125	0.8125	0.96875	0.9375	0.9375
economics & business administration (finance	0.40625	0.15625	0.6875	0.53125	0.625	0.53125
economics & history	0.3125	0.9375	0.90625	0.59375	0.5625	0.03125
economics & management	0.34375	0.625	0.5625	0.75	0.78125	0.5
economics & math	0.0625	0.15625	0.3125	0.28125	0.25	0.15625
economics & political science	0.09375	0.625	0.53125	1.0	0.9375	0.78125
economics & psychology	0.625	0.6875	0.6875	0.40625	0.5625	0.5
economics & sociology	0.03125	0.4375	0.40625	0.40625	0.15625	0.53125
economics + finance	0.09375	0.0625	0.15625	0.375	0.46875	0.5
economics / business administration	0.3125	0.71875	0.84375	0.65625	0.8125	0.9375
economics and accounting	0.34375	0.5	0.71875	0.78125	0.71875	0.53125
economics and business	0.0625	0.34375	0.234375	0.5625	0.5	0.28125
economics and business administration	0.109375	0.3125	0.6875	0.40625	0.390625	0.203125
economics and demography	0.1875	0.1875	0.71875	0.5	0.5625	0.40625
economics and english	0.34375	0.375	0.21875	0.359375	0.25	0.71875
economics and finance	0.3515625	0.4765625	0.6328125	0.61328125	0.56640625	0.48828125
economics and geography	0.46875	0.53125	0.375	0.34375	0.34375	0.4375
economics and history	0.09375	0.40625	0.09375	0.71875	0.1875	0.53125
economics and informatics	0.59375	0.5625	0.78125	0.59375	0.84375	0.5625
economics and international business	0.0	0.0	0.0	0.34375	0.5	0.28125
economics and international development	0.28125	0.15625	0.46875	0.84375	0.375	0.21875
economics and management	0.421875	0.5	0.484375	0.375	0.40625	0.515625
economics and mathematical science	0.53125	0.5	0.6875	0.46875	0.25	0.46875
economics and mathematics	0.125	0.6041666666666666	0.6354166666666666	0.4270833333333333	0.5520833333333334	0.3854166666666667
economics and political science	0.109375	0.390625	0.578125	0.5625	0.421875	0.25
economics and public administration	0.0	0.21875	0.75	0.84375	0.65625	0.75
economics law	0.59375	0.71875	0.5625	0.75	0.375	0.375
economics maths	0.375	0.34375	0.5625	0.5	0.375	0.59375
economics politics	0.25	0.0625	0.40625	0.625	0.4375	0.71875
economics psychology literature	0.5625	0.78125	0.71875	0.15625	0.4375	0.5
economics statistics	0.5	0.5625	0.5625	0.78125	0.5625	0.75
economics, advertising	0.25	0.6875	0.625	0.21875	0.46875	0.15625
economics, finance, statistics	0.21875	0.625	0.1875	0.25	0.15625	0.5
economics, geography	0.125	0.75	0.21875	0.5	0.34375	0.25
economics, information systems	0.25	0.5	0.375	0.53125	0.4375	0.34375
economics, law	0.21875	0.59375	0.484375	0.53125	0.53125	0.25
economics, maths, statistics	0.1875	0.09375	0.46875	0.5	0.6875	0.625
economics, minor in geography	0.4375	1.0	0.90625	0.78125	0.25	0.4375
economics, philosophy	0.140625	0.359375	0.40625	0.21875	0.484375	0.3125
economics, photography, mba	0.1875	0.71875	0.75	0.40625	0.34375	0.0
economics, political science	0.390625	0.484375	0.640625	0.421875	0.375	0.375
economics, politics and law	0.375	0.46875	0.71875	0.71875	0.59375	0.5625
economics, psychology	0.28125	0.875	0.59375	0.5	0.25	0.125
economics, social science	0.0	0.4375	0.25	0.21875	0.125	0.03125
economics, social work	0.25	0.0625	0.21875	0.75	0.1875	0.5
economics, sociology and cultural analysis	0.0	0.34375	0.3125	0.40625	0.28125	0.5625
economics, spanish	0.0	0.25	0.0625	0.3125	0.25	0.40625
economics, statistics	0.0	0.46875	0.15625	0.40625	0.09375	0.21875
economics, theology	0.03125	0.28125	0.125	0.40625	0.09375	0.25
economics,finance,psychology,philosophy	0.46875	0.8125	0.5625	0.78125	0.5	0.59375
economics,mathematics	0.0	0.6875	0.1875	0.4375	0.03125	0.09375
economics/ japanese	0.28125	0.21875	0.3125	0.53125	0.5	0.0625
economics/computer science	0.46875	0.71875	0.78125	0.65625	0.6875	0.3125
economics/education	0.15625	0.0	0.1875	0.75	0.53125	0.5
economics/engineering	0.03125	0.4375	0.21875	0.34375	0.40625	0.1875
economics/literature	0.0	0.71875	0.59375	0.34375	0.21875	0.0625
economics/poliics	0.125	0.21875	0.625	0.65625	0.5625	0.28125
economicxs	0.0	0.875	0.5	0.625	0.09375	0.0
economis	0.328125	0.34375	0.453125	0.40625	0.5	0.328125
economist	0.30078125	0.390625	0.49609375	0.6328125	0.62890625	0.4921875
economists, english	0.0625	0.0625	0.34375	0.03125	0.125	0.15625
economocs	0.59375	0.46875	0.5	0.5625	0.6875	0.59375
economy	0.30879934210526316	0.509046052631579	0.4740953947368421	0.576891447368421	0.5386513157894737	0.4535361842105263
economy and business	0.6875	0.53125	0.59375	0.4375	0.5	0.5
economy and civil engineering	0.3125	0.71875	0.65625	0.59375	0.40625	0.40625
economy and psychology	0.125	0.21875	0.3125	0.40625	0.21875	0.03125
economy, french	0.34375	0.46875	0.53125	0.28125	0.71875	0.40625
economy, lawyer	0.0625	0.0625	0.75	0.8125	0.6875	0.25
economy, psychology	0.0625	0.546875	0.578125	0.59375	0.296875	0.234375
econonmics, psychology	0.0625	0.65625	0.4375	0.4375	0.0	0.03125
econs	0.28125	0.578125	0.359375	0.609375	0.53125	0.359375
económicos	0.28125	0.71875	0.78125	0.78125	0.34375	0.15625
ed	0.46875	0.75	0.59375	0.71875	0.5	0.4375
ed psychology	0.125	0.46875	0.4375	0.59375	0.3125	0.53125
editing/literature	0.21875	0.75	0.8125	0.5	0.1875	0.15625
edu	0.0	0.0	0.375	0.75	0.75	1.0
edu ztion	0.09375	0.21875	0.21875	0.28125	0.15625	0.09375
eduacation	0.21875	0.40625	0.59375	0.8125	0.3125	0.40625
eduation	0.0625	0.21875	0.375	0.75	0.375	0.203125
educacional science	0.65625	0.8125	0.59375	0.78125	0.53125	0.5625
educaiton	0.40625	0.125	0.0625	0.75	0.78125	0.625
educatin	0.125	0.625	0.5625	0.59375	0.5625	0.15625
educatiom	0.09375	0.3125	0.65625	0.9375	0.75	0.0625
education	0.22603833865814696	0.45229632587859425	0.4753194888178914	0.6745607028753994	0.37925319488817893	0.32486022364217254
education & psychology	0.09375	0.75	0.734375	0.890625	0.421875	0.1875
education & urban studies ba - teaching engli	0.3125	0.625	0.625	0.78125	0.34375	0.09375
education (economy)	0.375	0.71875	0.375	0.875	0.6875	0.71875
education (english)	0.0625	0.71875	0.625	0.75	0.1875	0.28125
education (exercise science concentration)	0.5	0.8125	0.5625	0.75	0.53125	0.375
education (mandarin)	0.53125	0.53125	0.5625	0.71875	0.59375	0.4375
education (secondary teaching)	0.09375	0.625	0.84375	0.9375	0.625	0.21875
education - other	0.09375	0.78125	0.84375	0.71875	0.4375	0.125
education / counseling	0.40625	0.78125	0.59375	0.90625	0.4375	0.03125
education / english	0.0	0.375	0.375	0.84375	0.53125	0.75
education / library science	0.1875	0.75	0.15625	0.34375	0.25	0.03125
education / psychology	0.125	0.96875	0.625	0.90625	0.78125	0.5
education 9-12	0.53125	0.21875	0.3125	0.4375	0.59375	0.84375
education admin.	0.125	0.75	0.875	0.9375	0.84375	0.0
education administration	0.546875	0.25	0.234375	0.671875	0.546875	0.515625
education and agricultural economics	0.375	0.1875	0.0625	0.4375	0.40625	0.78125
education and commerce	0.0	0.46875	0.625	0.5625	0.5	0.15625
education and counseling	0.234375	0.21875	0.40625	0.796875	0.28125	0.265625
education and food and nutritional science	0.125	0.375	0.625	0.78125	0.3125	0.40625
education and linguistics	0.0	0.40625	0.1875	0.6875	0.125	0.09375
education and nursing	0.3125	0.71875	0.59375	0.625	0.28125	0.21875
education and psychology	0.2125	0.36875	0.53125	0.75625	0.375	0.225
education and religion	0.0625	0.21875	0.4375	1.0	0.46875	0.34375
education and training	0.90625	0.71875	0.6875	1.0	0.71875	0.96875
education art	0.5	0.46875	0.75	0.78125	0.6875	0.3125
education assistant	0.21875	0.34375	0.5625	0.65625	0.125	0.28125
education biology	0.375	1.0	0.84375	1.0	0.21875	0.1875
education business training	0.09375	0.15625	0.5	0.65625	0.3125	0.5625
education counseling	0.0625	0.03125	0.46875	0.71875	0.40625	0.3125
education early childhood	0.03125	0.125	0.125	0.84375	0.40625	0.375
education filipino major	0.125	0.28125	0.75	0.75	0.375	0.4375
education human services	0.3125	0.5	0.8125	0.90625	0.4375	0.65625
education in biology	0.34375	0.875	0.4375	0.65625	0.53125	0.328125
education in health and physical	0.09375	0.40625	0.59375	0.96875	0.25	0.15625
education in music	0.28125	0.03125	0.4375	0.5	0.28125	0.25
education in physical and health	0.625	0.9375	1.0	1.0	0.75	0.6875
education in science mathematic	0.1875	0.40625	0.34375	0.6875	0.28125	0.46875
education leadership	0.25	0.53125	0.4583333333333333	0.65625	0.25	0.3229166666666667
education major in mapeh	0.5625	0.5625	0.8125	0.875	0.5	0.375
education majoring english	0.4375	0.46875	0.53125	0.84375	0.5625	0.5
education mathematics	0.140625	0.3125	0.59375	0.890625	0.53125	0.421875
education of adult and human resources	0.1875	0.03125	0.4375	0.75	0.5	0.375
education of biology	0.375	0.96875	0.53125	0.90625	0.71875	0.40625
education of hearing impaired	0.15625	0.59375	0.5	0.5625	0.3125	0.25
education psychology	0.25	0.34375	0.65625	0.875	0.4375	0.09375
education science	0.375	0.3125	0.625	0.6875	0.5	0.625
education science physics	0.5	0.3125	0.3125	0.5	0.21875	0.375
education sciences	0.234375	0.5	0.765625	0.75	0.28125	0.140625
education sociology	0.5	0.875	0.65625	0.90625	0.75	0.28125
education studies	0.46875	0.609375	0.765625	0.703125	0.609375	0.40625
education technology	0.0	0.59375	0.375	0.875	0.09375	0.1875
education, counseling	0.28125	0.5625	0.40625	0.90625	0.34375	0.28125
education, foreign language	0.0	0.21875	0.59375	0.6875	0.53125	0.25
education, french	0.0	0.09375	0.3125	0.78125	0.28125	0.0
education, linguistics	0.15625	0.25	0.3125	0.71875	0.375	0.8125
education, maths, psychology	0.28125	0.625	0.34375	1.0	0.5625	0.84375
education, mba	0.09375	0.15625	0.21875	0.5625	0.6875	0.84375
education, nursing	0.171875	0.65625	0.78125	0.8125	0.25	0.109375
education, philosophy	0.3125	0.84375	0.46875	0.625	0.5	0.375
education, psychology	0.0625	0.28125	0.296875	0.703125	0.34375	0.515625
education, school counseling	0.28125	0.5625	0.78125	0.71875	0.1875	0.21875
education, sociology	0.25	0.59375	0.8125	0.875	0.59375	0.0625
education, spanish	0.1875	0.90625	0.40625	0.6875	0.125	0.3125
education,pyschology and sociology	0.0	0.09375	0.0	0.84375	0.09375	0.125
education-sociology	0.28125	0.78125	0.5	0.84375	0.1875	0.375
education/ english	0.15625	0.34375	0.21875	0.3125	0.4375	0.15625
education/ english lit/ sp. ed.	0.09375	0.75	0.8125	0.53125	0.21875	0.1875
education/ human services	0.0	0.0625	0.8125	0.75	0.46875	0.40625
education/communication disorders and science	0.0	0.34375	0.0625	0.84375	0.3125	0.3125
education/counseling	0.28125	0.75	0.5	0.734375	0.28125	0.1875
education/counselling	0.15625	0.59375	0.625	0.59375	0.4375	0.375
education/english	0.09375	0.375	0.625	0.53125	0.25	0.34375
education/english/school counseling	0.3125	0.65625	0.875	0.9375	0.4375	0.15625
education/french	0.25	0.3125	0.71875	0.6875	0.59375	0.71875
education/history	0.15625	0.21875	0.28125	0.78125	0.3125	0.15625
education/humanities	0.3125	0.25	0.59375	0.5625	0.1875	0.03125
education/political science	0.0625	0.0625	0.5625	0.71875	0.625	0.09375
education/psychology	0.0625	0.15625	0.25	0.5	0.25	0.125
education/social work	0.125	0.59375	0.65625	0.6875	0.40625	0.125
educationa	0.3125	0.46875	0.78125	0.75	0.625	0.46875
educational	0.5104166666666666	0.5520833333333334	0.4895833333333333	0.7604166666666666	0.3541666666666667	0.5833333333333334
educational administration	0.09375	0.3125	0.5	0.71875	0.59375	0.40625
educational counseling	0.140625	0.265625	0.09375	0.609375	0.453125	0.5
educational leadership	0.2881944444444444	0.3472222222222222	0.4652777777777778	0.5902777777777778	0.375	0.3368055555555556
educational psy	0.03125	0.0625	0.21875	0.6875	0.34375	0.34375
educational psychology	0.1546875	0.5359375	0.509375	0.65	0.2796875	0.24375
educational psychology & counseling	0.46875	0.59375	0.6875	0.875	0.5	0.25
educational psychology & human behavior	0.46875	0.5625	0.5	0.59375	0.28125	0.625
educational pyschology	0.03125	0.5625	0.71875	0.8125	0.71875	0.15625
educational research	0.21875	0.375	0.5	0.71875	0.625	0.59375
educational science	0.07291666666666667	0.5833333333333334	0.5729166666666666	0.4479166666666667	0.09375	0.03125
educational science and german language and l	0.375	0.59375	0.46875	0.65625	0.59375	0.59375
educational sciences	0.0625	0.15625	0.16666666666666666	0.8125	0.4895833333333333	0.22916666666666666
educational studies	0.18125	0.42291666666666666	0.4375	0.7375	0.42916666666666664	0.41458333333333336
educational technology	0.125	0.453125	0.734375	0.765625	0.59375	0.09375
educationall technology & curriculum	0.25	0.6875	0.5625	0.25	0.1875	0.53125
educationi	0.0	0.28125	0.59375	0.71875	0.40625	0.21875
educationin biology	0.109375	0.59375	0.25	0.703125	0.109375	0.15625
educatioonio	0.03125	0.28125	0.28125	0.53125	0.28125	0.125
educaton	0.1875	0.625	0.609375	0.65625	0.390625	0.421875
educação	0.25	0.6875	0.5	0.6875	0.0	-0.03125
educação física	0.5	0.46875	0.34375	0.6875	0.53125	0.78125
eduction	0.4791666666666667	0.53125	0.2708333333333333	0.6770833333333334	0.25	0.3958333333333333
ee	0.28125	0.40625	0.4270833333333333	0.4270833333333333	0.28125	0.2708333333333333
eecs	0.0	0.5625	0.46875	0.40625	0.15625	0.09375
eee	0.21875	0.59375	0.34375	0.625	0.3125	0.71875
eenglish	0.53125	0.5	0.5625	0.40625	0.40625	0.625
eet	0.59375	0.71875	0.53125	0.5	0.5	0.46875
egineering	0.0625	0.34375	0.46875	0.65625	0.5	0.65625
eglish	0.09375	0.625	0.78125	0.84375	0.6875	0.46875
egyptian archaeology	0.15625	0.8125	0.59375	0.21875	0.0	0.0
ekonomija	0.3125	0.78125	0.40625	0.5625	0.625	0.5625
elctrical engineering	0.5625	0.65625	0.53125	0.71875	0.5	0.625
elder-care administration	0.375	0.34375	0.09375	0.84375	0.6875	0.6875
elec eng	0.5833333333333334	0.6354166666666666	0.4583333333333333	0.625	0.5208333333333334	0.4583333333333333
electical engineering	0.71875	0.703125	0.296875	0.515625	0.28125	0.453125
electical power engineering	0.6875	0.03125	0.375	0.5	0.90625	0.6875
electircal engineering	0.34375	0.5	0.3125	0.53125	0.5625	0.21875
elective studies	0.03125	0.59375	0.71875	0.71875	0.09375	0.03125
electonics	0.75	0.5	0.53125	0.46875	0.40625	0.40625
electrial engineering	0.34375	0.3125	0.375	0.75	0.4375	0.96875
electric and electronic engineering	0.25	0.03125	0.15625	0.3125	0.0	0.1875
electric engineering	0.4270833333333333	0.3958333333333333	0.4270833333333333	0.3072916666666667	0.3020833333333333	0.3802083333333333
electric media & journalism	0.125	0.40625	0.625	0.71875	0.46875	0.28125
electricaal and electronics	0.84375	0.59375	0.46875	0.78125	0.53125	0.71875
electrical	0.5178571428571429	0.5513392857142857	0.49330357142857145	0.6049107142857143	0.3861607142857143	0.45982142857142855
electrical & computer engineering	0.46875	0.5	0.34375	0.21875	0.0	0.21875
electrical & computer systems engineering	0.875	0.625	0.3125	0.78125	0.71875	0.75
electrical & electronics engineering	0.6875	0.59375	0.65625	0.71875	0.6875	0.8125
electrical & mechanical engineering	0.15625	0.59375	0.28125	0.25	0.25	0.09375
electrical and computer engineering	0.5625	0.4921875	0.296875	0.5	0.3671875	0.546875
electrical and electrics engineering	0.09375	0.59375	0.875	0.8125	0.28125	0.1875
electrical and electronic engineering	0.484375	0.765625	0.640625	0.609375	0.4375	0.4375
electrical and electronic engineering (power	0.5	0.46875	0.25	0.15625	0.15625	0.5
electrical and electronics	0.5625	0.3125	0.375	0.125	0.5	0.71875
electrical and electronics engineering	0.4548611111111111	0.5381944444444444	0.6215277777777778	0.7222222222222222	0.3993055555555556	0.5833333333333334
electrical electronic engineering	0.546875	0.296875	0.484375	0.765625	0.5	0.34375
electrical electronics engineer	0.78125	0.90625	0.59375	0.6875	0.46875	0.65625
electrical electronics engineering	0.4375	0.65625	0.46875	0.5	0.46875	0.65625
electrical eng	0.15625	0.375	0.25	0.40625	0.4375	0.46875
electrical eng.	0.53125	0.375	0.4375	0.46875	0.3125	0.625
electrical engeneer	0.5	0.71875	0.5625	0.1875	0.5	0.53125
electrical engeneering	0.375	0.5625	0.4375	0.8125	0.5	0.375
electrical engg.	0.5	0.46875	0.78125	0.6875	0.4375	0.625
electrical engineeering	0.59375	-0.03125	0.0	0.25	0.125	0.40625
electrical engineer	0.4635416666666667	0.53125	0.2552083333333333	0.4322916666666667	0.3125	0.3958333333333333
electrical engineering	0.45979683195592286	0.5473484848484849	0.45824724517906334	0.5481232782369146	0.4038395316804408	0.4493801652892562
electrical engineering / management	0.46875	0.71875	0.4375	0.71875	0.46875	0.25
electrical engineering and computer science	0.34375	0.46875	0.28125	0.53125	0.46875	0.0625
electrical engineering followed by business	0.5625	0.4375	0.65625	0.65625	0.59375	0.59375
electrical engineering technology	0.34375	0.625	0.28125	0.359375	0.453125	0.640625
electrical engineering, business	0.4375	0.4791666666666667	0.6875	0.53125	0.5416666666666666	0.6458333333333334
electrical engineering, mba	0.625	0.53125	0.6875	0.6875	0.5	0.46875
electrical engineering, mechanical engineerin	1.0	1.0	0.125	0.0	0.25	0.5
electrical engineering, psychology	0.15625	0.78125	0.75	0.84375	0.3125	0.125
electrical enginering	0.6666666666666666	0.6979166666666666	0.53125	0.6145833333333334	0.59375	0.59375
electrical enginerring	0.59375	0.59375	0.3125	0.6875	0.5	0.59375
electrical enginnering	0.3125	0.59375	0.71875	0.65625	0.5	0.125
electrical maintenance	0.46875	0.453125	0.28125	0.375	0.453125	0.390625
electrical power engineering	0.53125	0.59375	0.53125	0.515625	0.421875	0.46875
electrical-electronic engineering	0.8020833333333334	0.375	0.34375	0.7916666666666666	0.5625	0.6979166666666666
electrical/computer engineering	0.59375	0.71875	0.71875	0.28125	0.28125	0.40625
electrical/electronic engineering	0.75	0.625	0.53125	0.5	0.53125	0.875
electrician	0.296875	0.265625	0.046875	0.515625	0.375	0.484375
electromechanical engineering	0.84375	0.8125	0.625	0.5625	0.5625	0.34375
electromechanical technology	0.65625	0.78125	0.59375	0.40625	0.34375	0.625
electronic	0.59375	0.44375	0.40625	0.48125	0.46875	0.53125
electronic and communication engineering	0.3645833333333333	0.3541666666666667	0.5625	0.6666666666666666	0.40625	0.4791666666666667
electronic and telecommunication	0.03125	0.28125	0.25	0.1875	0.25	0.03125
electronic and telecommunication engineering	0.46875	0.40625	0.59375	0.40625	0.375	0.375
electronic computer engineering	0.71875	0.4375	0.4375	0.5	0.65625	0.84375
electronic computer systems engineering	0.4375	0.78125	0.3125	0.3125	0.625	0.71875
electronic engineeering	0.71875	0.625	0.5	0.9375	0.9375	0.84375
electronic engineer	0.3515625	0.3828125	0.578125	0.671875	0.609375	0.28125
electronic engineerig	0.59375	0.5625	0.5	0.59375	0.5	0.53125
electronic engineerin	0.4375	0.96875	0.6875	0.8125	0.09375	0.25
electronic engineering	0.5045289855072463	0.5760869565217391	0.4773550724637681	0.5285326086956522	0.3759057971014493	0.447463768115942
electronic enginnering	0.53125	0.4375	0.40625	0.5625	0.6875	0.6875
electronic media	0.171875	0.359375	0.671875	0.65625	0.4375	0.171875
electronic media production	0.3125	0.90625	0.8125	0.40625	0.21875	0.125
electronic n telecommunication engineering	0.28125	0.4375	0.28125	0.90625	0.53125	0.78125
electronic system engineering	0.53125	0.5078125	0.5625	0.578125	0.4921875	0.3359375
electronic systems engineering	0.8125	0.65625	0.375	0.59375	0.40625	0.5625
electronic systems technology	0.78125	0.75	0.375	0.65625	0.21875	0.1875
electronic technician	0.875	0.5	0.6875	0.875	0.6875	0.4375
electronical engineering	0.21875	0.78125	0.65625	0.21875	0.3125	0.25
electronicengineering	0.25	0.5625	0.46875	0.34375	0.15625	0.28125
electronics	0.4670608108108108	0.5050675675675675	0.5059121621621622	0.5658783783783784	0.4248310810810811	0.4484797297297297
electronics & c0mmunication	0.875	0.4375	0.53125	0.90625	0.90625	0.96875
electronics & comm engg	0.59375	0.59375	0.9375	0.9375	0.8125	0.8125
electronics & communication	0.9375	0.71875	0.875	1.0	0.84375	0.875
electronics & communication engineering	0.25	0.5234375	0.421875	0.546875	0.359375	0.484375
electronics & communications	0.15625	0.40625	0.625	0.75	0.53125	0.5625
electronics & telecom engineering	0.53125	0.6875	0.875	0.90625	0.375	0.90625
electronics and communication	0.640625	0.4296875	0.5390625	0.671875	0.4921875	0.546875
electronics and communication engg	0.75	0.78125	0.71875	0.84375	0.9375	0.75
electronics and communication engineering	0.4510416666666667	0.5375	0.5395833333333333	0.6302083333333334	0.5229166666666667	0.5541666666666667
electronics and communication engliah	0.5625	0.0	0.25	0.28125	0.28125	0.375
electronics and communications	0.28125	0.5	0.4375	0.625	0.375	0.34375
electronics and communications engineering	0.4375	0.46875	0.609375	0.6875	0.5625	0.671875
electronics and electrical engineering	0.3125	0.5	0.71875	0.71875	0.5625	0.5
electronics and hr management	0.09375	0.25	0.75	0.75	0.46875	0.25
electronics and information	0.15625	0.5625	0.0625	0.09375	0.0625	0.125
electronics and instrumentation engineering	0.6171875	0.375	0.578125	0.7578125	0.5234375	0.4375
electronics and maths	0.59375	0.34375	0.59375	0.84375	0.78125	0.65625
electronics and telecommunication	0.8125	0.90625	0.59375	0.65625	0.21875	0.40625
electronics and telecommunication engineer in	0.5	0.59375	0.65625	0.875	0.6875	0.5
electronics and telecommunication engineering	0.5520833333333334	0.2604166666666667	0.5	0.5625	0.4479166666666667	0.59375
electronics and telecommunications	0.34375	0.4375	0.71875	0.8125	0.46875	0.375
electronics engeneering	0.609375	0.609375	0.453125	0.484375	0.40625	0.46875
electronics engineering	0.4525862068965517	0.4692887931034483	0.5	0.5457974137931034	0.4326508620689655	0.4832974137931034
electronics enginering	0.59375	0.5625	0.53125	0.703125	0.640625	0.703125
electronics enginnering	0.59375	0.625	0.53125	0.78125	0.6875	0.75
electronics management	0.28125	0.15625	0.40625	0.6875	0.46875	0.1875
electronics technician	0.78125	0.28125	0.21875	0.65625	0.3125	0.5625
electronics technology	0.5729166666666666	0.65625	0.4427083333333333	0.4479166666666667	0.3541666666666667	0.4427083333333333
electronics, computer and communications engi	0.0	0.09375	0.375	0.125	0.0625	0.0
electronics/computers	-0.0625	0.375	0.03125	0.53125	0.1875	-0.03125
electronique	0.625	0.1875	0.0625	0.75	0.6875	0.3125
elecyrical engineering	0.5	0.4375	0.6875	0.78125	0.46875	0.3125
elektrikal	0.5	0.125	0.40625	0.5	0.375	0.5
elelctrical engineering	0.09375	0.21875	0.21875	0.09375	0.09375	0.0625
elem. ed	0.0	0.5625	0.65625	0.8125	0.1875	0.3125
elem. ed./art ed.	0.5	0.46875	0.71875	0.8125	0.09375	0.75
elementary ed	0.041666666666666664	0.46875	0.25	0.5520833333333334	0.20833333333333334	0.041666666666666664
elementary edu	0.25	1.0	0.84375	0.65625	0.625	0.1875
elementary eduation	0.0	0.3125	0.0625	0.875	0.125	0.15625
elementary education	0.17001488095238096	0.4010416666666667	0.46837797619047616	0.6949404761904762	0.32068452380952384	0.26674107142857145
elementary education and psychology	0.28125	0.40625	0.5625	0.78125	0.4375	0.25
elementary education/special education	0.0	0.0625	0.125	0.625	0.375	0.1875
elementary education; wellness program manage	0.40625	0.6875	0.3125	0.90625	0.34375	0.40625
elementary school teacher	0.0	0.0	0.5	0.8125	0.3125	0.21875
elementry education	0.09375	0.5625	0.28125	0.625	0.25	0.125
eletric engineering	0.125	0.78125	0.359375	0.65625	0.140625	0.28125
eletrical engineering	0.515625	0.25	0.671875	0.328125	0.484375	0.578125
eletrical engineering technology	0.34375	1.0	0.65625	0.625	0.1875	0.375
eletronic	0.625	0.6875	0.28125	0.40625	0.40625	0.3125
eletronics engineering technology	0.59375	0.96875	0.6875	0.59375	0.53125	0.65625
emergency management	0.4479166666666667	0.7395833333333334	0.6458333333333334	0.59375	0.5520833333333334	0.3541666666666667
emergency management and homeland security	0.25	0.5625	0.75	0.125	0.4375	0.0
emergency medical services	0.46875	0.78125	0.5625	0.59375	0.21875	0.1875
emergency services	0.1875	0.5	0.375	0.5625	0.28125	0.15625
emergency telecommunications	0.3125	0.4375	0.125	0.21875	0.15625	0.0625
emergnecy managment	0.34375	0.25	0.5625	0.9375	0.46875	0.125
emgineering	0.71875	0.9375	0.84375	0.875	0.78125	1.0
employmen counsellor	0.09375	0.15625	0.21875	0.71875	0.125	0.34375
empresas	0.75	0.53125	0.5	0.78125	0.8125	0.96875
emt	0.4375	0.84375	0.09375	0.4375	0.03125	0.0625
energy	0.5	0.90625	0.59375	0.625	0.8125	0.1875
energy engineering	0.4166666666666667	0.7291666666666666	0.7708333333333334	0.5833333333333334	0.40625	0.40625
energy management	0.53125	0.4375	0.21875	0.71875	0.6875	0.625
energy systems engineering	0.5	0.53125	0.59375	0.84375	0.34375	0.21875
eng	0.59375	0.65625	0.0625	0.46875	0.4375	0.625
eng. ambiental	0.25	0.75	0.0	0.375	0.1875	0.3125
engeneering	0.3645833333333333	0.6145833333333334	0.53125	0.5833333333333334	0.5833333333333334	0.2708333333333333
engenharia	0.53125	0.65625	0.65625	0.71875	0.59375	0.59375
engenharia civil	0.1875	0.15625	0.28125	0.65625	0.3125	0.65625
engenharia eletrica	0.40625	0.375	0.3125	0.375	0.4375	0.6875
engenharia mecatronica	0.6875	0.6875	0.53125	0.875	0.75	0.59375
engenharia química	0.53125	0.71875	0.53125	0.6875	0.6875	0.53125
engeniring	0.625	0.4375	0.53125	0.65625	0.71875	0.90625
engg	0.375	0.9375	0.75	0.4375	0.4375	0.5
engg,mba	0.34375	0.625	0.65625	0.75	0.65625	0.3125
enghish	0.3125	0.1875	0.25	0.5	0.78125	0.625
engilsh & japanese	0.375	0.625	0.71875	0.28125	0.5	0.53125
engin	0.375	0.75	0.5	0.5625	0.8125	0.875
engineeging	0.25	0.53125	0.4375	0.53125	0.5625	0.34375
engineer	0.40789473684210525	0.42269736842105265	0.4243421052631579	0.4621710526315789	0.46875	0.4868421052631579
engineer/admins	0.6875	0.59375	0.59375	0.53125	0.46875	0.65625
engineerig	0.34375	0.40625	0.84375	0.875	0.21875	0.75
engineerign	0.28125	0.34375	0.125	0.5	0.53125	0.21875
engineerimg	0.75	0.09375	0.28125	0.25	0.03125	0.21875
engineerin	0.25	0.4375	0.46875	0.71875	0.59375	0.3125
engineering	0.4552752293577982	0.5450933813892529	0.48333060288335516	0.5581995412844036	0.4287762123197903	0.4289400393184797
engineering & human resources	0.375	0.4375	0.625	0.75	0.53125	0.28125
engineering & mba	0.0	0.65625	0.375	0.5	0.4375	0.3125
engineering (biomedical)	0.65625	0.375	0.5	0.6875	0.21875	0.4375
engineering (bs), mba, and psychology (phd)	0.0625	0.75	0.65625	0.5625	0.09375	0.125
engineering (computer), psychology-current	0.375	0.78125	0.65625	0.46875	0.28125	0.21875
engineering (electronics)	0.5625	0.71875	0.625	0.65625	0.59375	0.71875
engineering and business	0.23958333333333334	0.4166666666666667	0.5625	0.40625	0.4270833333333333	0.2604166666666667
engineering and computer science	0.65625	0.484375	0.6875	0.578125	0.5625	0.53125
engineering and history	0.3125	0.4375	0.3125	0.375	0.375	0.3125
engineering and law	0.71875	0.40625	0.125	0.34375	0.34375	0.03125
engineering and management	0.2916666666666667	0.7395833333333334	0.5208333333333334	0.5625	0.3854166666666667	0.4375
engineering and strategic studies	0.53125	0.84375	0.40625	0.8125	0.65625	0.59375
engineering and technology	0.34375	0.90625	0.625	0.625	0.34375	0.3125
engineering business and management	0.34375	0.25	0.78125	0.40625	0.6875	0.4375
engineering cs	0.15625	0.34375	0.71875	0.90625	0.6875	0.53125
engineering cybernetics	0.15625	0.5625	0.46875	0.4375	0.25	0.25
engineering electronics	0.5	0.9375	0.5625	0.4375	0.0	0.125
engineering electronics & telecommunications	0.75	0.90625	0.5625	0.84375	1.0	0.4375
engineering eletric	0.53125	0.34375	0.0625	0.84375	0.40625	0.34375
engineering graphics	0.0625	0.75	0.5	0.71875	0.40625	0.09375
engineering in comp science	0.53125	0.25	0.625	0.8125	0.53125	0.625
engineering in electronics	0.40625	0.5625	0.90625	0.90625	0.625	0.1875
engineering in it	0.625	0.375	0.625	0.78125	0.75	0.375
engineering in telecommunications	0.15625	0.5625	0.125	0.5	0.21875	0.15625
engineering management	0.03125	0.265625	0.046875	0.171875	0.03125	0.0625
engineering mechanical technology	0.4375	0.0	0.0	0.0625	0.03125	0.125
engineering physics	0.5625	0.03125	0.21875	0.53125	0.46875	0.4375
engineering science	0.5208333333333334	0.5208333333333334	0.4375	0.5208333333333334	0.4583333333333333	0.375
engineering systems	1.0	0.625	0.5	0.53125	0.3125	0.53125
engineering tech	0.4375	0.5625	0.65625	0.6875	0.46875	0.3125
engineering technology	0.5078125	0.6015625	0.5703125	0.4765625	0.4609375	0.359375
engineering technology in medical electronics	0.4375	0.90625	0.46875	0.875	0.65625	0.5
engineering then journalism	0.1875	0.5625	0.71875	0.6875	0.34375	0.4375
engineering, and psychology. double degree	0.15625	0.125	0.15625	0.3125	0.0625	0.03125
engineering, business	0.5	0.21875	0.375	0.375	0.4375	0.75
engineering, criminal justice	0.625	0.65625	0.34375	0.3125	0.25	0.28125
engineering, economics	0.21875	0.6875	0.515625	0.5625	0.125	0.15625
engineering, english	0.34375	0.6875	0.75	0.28125	0.0625	0.1875
engineering, finance, business etc	0.65625	0.6875	0.1875	0.375	0.5625	0.40625
engineering, general	0.5	0.71875	0.40625	0.53125	0.0625	0.0625
engineering, management	0.4375	0.875	0.625	0.8125	0.28125	0.40625
engineering, mathematics	0.25	0.75	0.75	0.5	0.53125	0.25
engineering, mba, phd in business	0.125	0.71875	0.46875	0.59375	0.34375	0.15625
engineering, medicine	0.0	0.8125	0.6875	0.625	0.1875	0.09375
engineering, psychology	0.625	0.609375	0.484375	0.640625	0.5	0.515625
engineering, social work	0.3125	0.5	0.5625	0.375	0.21875	0.40625
engineering-architecture	0.75	0.6875	0.71875	0.84375	0.3125	0.4375
engineering/interdisciplinary studies	0.125	0.40625	0.65625	0.46875	0.21875	0.03125
engineering/school counseling	0.15625	0.5	0.21875	0.875	0.28125	0.375
engineers	0.84375	0.625	0.78125	0.875	0.625	0.75
engineerting	0.5625	0.71875	0.375	0.8125	0.34375	0.40625
enginering	0.5208333333333334	0.4166666666666667	0.46875	0.6979166666666666	0.5520833333333334	0.625
enginerring	0.5625	0.5	0.1875	0.28125	0.25	0.59375
enginneering	0.21875	0.515625	0.578125	0.65625	0.265625	0.265625
enginnering	0.84375	0.625	0.59375	0.71875	0.8125	0.8125
enginnering of system	0.59375	0.875	0.84375	0.65625	0.59375	0.9375
engish	0.46875	0.7291666666666666	0.6458333333333334	0.65625	0.5729166666666666	0.375
engish anf russian	0.1875	0.3125	0.625	0.78125	0.4375	0.125
engkish	0.125	0.375	0.5625	0.40625	0.375	0.375
engliah	0.46875	0.53125	0.71875	0.6875	0.75	0.375
englidh	0.03125	0.03125	0.5	0.34375	0.140625	0.125
engligh	0.0	0.4375	0.8125	0.65625	0.5	0.03125
englis	0.03125	0.375	0.546875	0.734375	0.21875	0.046875
englisg	0.1875	0.25	0.15625	0.59375	0.09375	0.6875
english	0.2368317610062893	0.4962808417997097	0.5998881228834059	0.603697992259313	0.3679698838896952	0.3020984518626028
english  literacy	0.28125	0.6875	0.6875	0.53125	0.40625	0.125
english & comparative literature	0.0625	0.28125	0.4375	0.71875	0.25	0.21875
english & czech teaching	0.40625	0.15625	0.53125	0.21875	0.25	0.5
english & education	0.1484375	0.3984375	0.6953125	0.6328125	0.421875	0.2890625
english & english lit	0.21875	0.625	0.65625	0.40625	0.25	0.3125
english & fine art	0.25	0.8125	0.71875	0.5625	0.1875	0.09375
english & geography (double major)	-0.25	-0.25	-0.25	-0.125	-0.25	-0.25
english & history	0.3125	0.78125	0.75	0.515625	0.328125	0.421875
english & math	0.25	0.8125	0.71875	0.65625	0.625	0.40625
english & philosophy	0.15625	0.8125	0.90625	0.75	0.375	0.28125
english & psychology	0.0625	0.140625	0.3125	0.484375	0.125	0.03125
english & public relations	0.03125	0.46875	0.8125	0.53125	0.53125	0.3125
english & sociology	0.34375	0.71875	0.625	0.53125	0.375	0.34375
english (literature)	0.34375	0.75	0.84375	0.625	0.09375	0.0
english (secondary education)	0.15625	0.53125	0.78125	0.84375	0.34375	0.28125
english (writing), computer science	0.25	0.46875	0.46875	0.28125	0.4375	0.25
english + history	0.28125	0.625	0.53125	0.71875	0.5625	0.40625
english + linguistics	0.65625	0.34375	0.4375	0.21875	0.3125	0.34375
english - creative writing concentration	0.0625	0.34375	0.65625	0.5	0.21875	0.125
english - focus on film and media, anthropolo	0.5625	0.53125	0.875	0.9375	0.59375	0.4375
english - journalism	0.0	0.1875	0.6875	0.25	0.40625	0.0
english / applied linguistics/ instructional	0.0625	0.34375	0.75	0.84375	0.5625	0.375
english / communications	0.125	0.75	0.625	0.5625	0.4375	0.4375
english / religious studies	0.40625	0.5625	0.8125	0.8125	0.0625	0.03125
english and american literature	0.0	0.0	0.1875	0.5625	0.03125	0.0
english and american studies	0.15625	0.78125	0.875	0.625	0.4375	0.25
english and anthropology	0.125	0.75	0.5	0.71875	0.15625	0.125
english and art	0.03125	0.28125	0.375	0.65625	0.15625	0.0
english and art history	0.0	0.5	0.53125	0.34375	0.5	0.15625
english and bible	0.34375	0.875	0.8125	0.9375	0.3125	0.53125
english and biology	0.390625	0.75	0.671875	0.40625	0.109375	0.34375
english and business	0.375	0.5	0.671875	0.609375	0.453125	0.296875
english and chinese	0.40625	0.4375	0.75	0.6875	0.53125	0.34375
english and communication	0.0625	0.65625	0.59375	0.65625	0.0625	0.53125
english and communications	0.0625	0.90625	0.15625	0.46875	0.46875	0.5625
english and computer science	0.15625	0.28125	0.65625	0.59375	0.0625	0.25
english and counseling	0.421875	0.484375	0.5	0.671875	0.40625	0.234375
english and dance	0.0	0.0	0.6875	0.5	0.53125	0.09375
english and drama	0.375	0.71875	0.640625	0.5	0.375	0.421875
english and dutch language and literature	0.25	0.90625	0.96875	0.84375	0.5	0.0
english and economics	0.15625	0.25	0.734375	0.5	0.21875	0.25
english and education	0.18055555555555555	0.4965277777777778	0.6597222222222222	0.75	0.2534722222222222	0.11458333333333333
english and engineering	0.71875	0.71875	0.40625	0.9375	0.65625	0.53125
english and feminist studies	0.34375	0.5625	0.78125	0.78125	0.40625	0.15625
english and french	0.171875	0.4765625	0.6640625	0.6640625	0.328125	0.359375
english and french literature, secondary educ	0.0625	0.5	0.71875	0.6875	0.40625	0.15625
english and gender studies	0.09375	0.65625	0.1875	0.71875	0.25	0.34375
english and german	0.15104166666666666	0.3697916666666667	0.375	0.5885416666666666	0.359375	0.18229166666666666
english and history	0.1875	0.36160714285714285	0.6294642857142857	0.6339285714285714	0.48660714285714285	0.24553571428571427
english and history of art	0.46875	0.75	0.6875	0.5625	0.3125	0.4375
english and histroy	0.3125	0.28125	0.90625	0.8125	0.78125	0.59375
english and humanities	0.0	0.46875	0.65625	0.625	0.1875	0.03125
english and journalism	0.25	0.71875	0.75	0.4375	0.3125	0.34375
english and latin	0.4375	0.65625	0.71875	0.6875	0.375	0.28125
english and law	0.21875	0.53125	0.5625	0.53125	0.40625	0.34375
english and library science	0.125	0.0	0.375	0.0	0.5	0.125
english and literature	0.15625	0.1875	0.4791666666666667	0.4791666666666667	0.3854166666666667	0.20833333333333334
english and management	0.0	0.09375	0.28125	0.625	0.53125	0.0
english and music	0.15625	0.75	0.75	0.9375	0.0625	0.0
english and music history	0.25	0.25	0.53125	0.5	0.46875	0.40625
english and philosophy	0.22395833333333334	0.484375	0.640625	0.5989583333333334	0.3177083333333333	0.15104166666666666
english and political science	0.25	0.6875	0.65625	0.6875	0.59375	0.40625
english and polsci	0.59375	0.90625	0.625	0.78125	0.59375	0.5
english and psychology	0.1590909090909091	0.4772727272727273	0.5426136363636364	0.6960227272727273	0.2727272727272727	0.2840909090909091
english and publishing	0.0	0.21875	0.5625	0.46875	0.1875	0.0625
english and religion	0.0	0.25	0.28125	0.34375	0.21875	0.0
english and secondary education	0.0	0.25	0.5625	0.6875	0.390625	0.0625
english and sociology	0.59375	0.28125	0.59375	0.1875	0.0625	0.59375
english and spanish	0.203125	0.515625	0.625	0.5	0.34375	0.234375
english and theatre	0.0625	0.375	0.71875	0.625	0.65625	0.1875
english and writing studies	0.28125	0.375	0.6875	0.375	0.3125	0.46875
english as a second language	0.34375	0.515625	0.71875	0.71875	0.59375	0.421875
english as second language	0.0625	0.4375	0.75	0.75	0.3125	0.0625
english ba and mba	0.34375	0.625	0.75	0.59375	0.3125	0.28125
english biology political science	0.5	0.90625	0.90625	0.59375	0.40625	0.25
english classics and library science	0.0625	0.9375	0.84375	0.40625	0.0	0.0625
english communications	0.03125	0.1875	0.59375	0.6875	0.5	0.09375
english drama	0.0625	0.53125	0.78125	0.90625	0.125	0.0
english education	0.20963541666666666	0.44140625	0.5481770833333334	0.6848958333333334	0.3567708333333333	0.23567708333333334
english education and counseling	0.09375	0.25	0.90625	0.8125	0.625	0.0
english education drama	0.0625	0.75	0.8125	0.75	0.53125	0.21875
english history of art	0.15625	0.75	0.65625	0.625	0.46875	0.375
english humanities	0.0	0.0625	0.03125	0.5	0.0625	0.0625
english is	0.15625	0.4375	0.25	0.375	0.21875	0.375
english language	0.2881944444444444	0.4340277777777778	0.5034722222222222	0.5138888888888888	0.4305555555555556	0.3055555555555556
english language & literature	0.0625	0.0	0.0	0.6875	0.3125	0.3125
english language & litrerature	0.09375	0.125	0.625	0.65625	0.375	0.21875
english language and literature	0.08333333333333333	0.17708333333333334	0.3125	0.46875	0.4583333333333333	0.53125
english language and methods in teaching	0.25	0.46875	0.84375	0.875	0.40625	0.4375
english language studies	0.09375	0.8125	0.53125	0.59375	0.625	0.03125
english language teaching	0.2890625	0.21875	0.5859375	0.703125	0.4609375	0.2421875
english linguistics	0.3125	0.28125	0.5625	0.46875	0.6875	0.6875
english lit	0.25	0.6822916666666666	0.6848958333333334	0.53125	0.25	0.21614583333333334
english lit & math	0.03125	0.59375	0.65625	0.78125	0.28125	0.0
english lit and zoology	0.0	0.6875	0.59375	0.65625	0.0625	0.0
english lit.	0.46875	0.6875	0.96875	0.71875	0.21875	0.15625
english lit/secondary education	0.125	0.5625	0.625	0.53125	0.15625	0.21875
english literature	0.23258928571428572	0.48035714285714287	0.6517857142857143	0.6401785714285714	0.37901785714285713	0.26785714285714285
english literature and history	0.09375	0.3125	0.28125	0.53125	0.3125	0.03125
english literature and linguistics	0.09375	0.75	0.84375	0.75	0.09375	0.0625
english literature and philosophy	0.3125	0.40625	0.71875	0.78125	0.28125	0.0625
english literature and zoology	0.03125	0.71875	0.6875	0.75	0.15625	0.0625
english literature computer science	0.0	0.0	0.28125	0.0625	0.0625	0.0
english literature, minor business	0.0	0.0625	0.1875	0.625	0.0625	0.125
english literature/ education	0.03125	0.4375	0.65625	0.5625	0.46875	0.03125
english major	0.40625	0.40625	0.78125	0.6875	0.71875	0.59375
english philology	0.140625	0.59375	0.5625	0.4375	0.375	0.234375
english philology, photography	0.40625	0.8125	0.8125	0.78125	0.21875	0.71875
english psychology geography	0.28125	0.71875	0.71875	0.8125	0.53125	0.03125
english rhet	0.625	0.8125	0.25	0.59375	0.25	0.71875
english secondary education	0.53125	0.34375	0.96875	0.9375	0.28125	0.25
english studies	0.1875	0.4140625	0.5234375	0.5625	0.2890625	0.25
english teacher	1.0	1.0	1.0	1.0	1.0	1.0
english teaching	0.296875	0.15625	0.53125	0.53125	0.28125	0.59375
english teaching program	0.25	0.65625	0.3125	0.40625	0.53125	0.5625
english theater	0.03125	0.46875	0.90625	0.34375	0.25	0.03125
english theatre	0.03125	0.375	0.875	0.375	0.09375	0.0
english translation	0.515625	0.640625	0.78125	0.546875	0.421875	0.203125
english with creative writing	0.0	0.1875	0.5	0.5	0.0	0.0
english writing	0.0390625	0.484375	0.6015625	0.5703125	0.3515625	0.1328125
english(toursim)	0.21875	0.125	0.65625	0.90625	0.46875	0.1875
english,  art history	0.015625	0.390625	0.59375	0.359375	0.125	0.0
english, advertising, graphic design	0.65625	0.65625	0.46875	0.5	0.21875	0.28125
english, art history	0.25	0.09375	0.84375	0.5625	0.8125	0.40625
english, business	0.59375	0.5625	0.8125	0.8125	0.625	0.53125
english, business administration	0.5	0.625	0.53125	0.5	0.625	0.59375
english, communication	0.0	0.125	0.5	0.40625	0.21875	0.0
english, computing, journalism	0.0	0.75	0.75	0.46875	0.25	0.09375
english, counseling	0.0625	0.21875	0.578125	0.640625	0.4375	0.328125
english, economics	0.40625	0.53125	0.53125	0.5	0.3125	0.5625
english, education	0.1125	0.625	0.58125	0.6625	0.21875	0.2
english, education, anthropology	0.46875	0.78125	0.78125	0.8125	0.5	0.65625
english, education, psychology	0.0625	0.5	0.59375	0.59375	0.375	0.125
english, educational psychology	0.28125	0.59375	0.8125	0.5625	0.5625	0.40625
english, film	0.0625	0.4375	0.8125	0.71875	0.25	0.125
english, french as a foreign teacher, math, c	0.5625	0.6875	0.71875	0.53125	0.59375	0.5
english, german	0.140625	0.5625	0.359375	0.625	0.359375	0.171875
english, health science, education	0.21875	0.59375	0.5	0.4375	0.59375	0.0
english, history	0.109375	0.53125	0.78125	0.703125	0.46875	0.09375
english, history (double major)	0.03125	0.59375	0.71875	0.75	0.15625	0.0
english, history of art	0.03125	0.28125	0.5625	0.5625	0.46875	0.28125
english, history, and legal administration	0.15625	0.59375	0.625	0.71875	0.65625	0.4375
english, history, law	0.3125	0.78125	0.875	0.75	0.53125	0.09375
english, history, psychology, education	0.125	0.84375	0.5625	0.40625	0.15625	0.15625
english, history, religion	0.09375	0.15625	0.625	0.46875	0.09375	0.09375
english, human nutrition	0.0	0.46875	0.03125	0.5	0.15625	0.3125
english, ihpst	0.4375	0.53125	0.53125	0.5	0.46875	0.1875
english, informatics	0.53125	0.875	0.9375	0.6875	0.4375	0.65625
english, law	0.40625	0.9375	0.4375	0.78125	0.46875	0.75
english, law, history, psychology	0.25	0.4375	0.46875	0.75	0.6875	0.46875
english, legal studies	0.09375	0.53125	0.25	0.125	0.0625	0.125
english, library science	0.46875	0.25	0.375	0.28125	0.0	0.0625
english, literature	0.15625	0.46875	0.46875	0.5625	0.40625	0.34375
english, m.education	0.09375	0.375	0.40625	0.78125	0.625	0.125
english, math	0.4375	0.375	0.71875	0.75	0.21875	0.0625
english, mba	0.0	0.75	0.59375	0.625	0.4375	0.09375
english, mhc	0.09375	0.1875	0.6875	0.84375	0.59375	0.1875
english, music	0.203125	0.375	0.859375	0.625	0.421875	0.265625
english, nursing	0.15625	0.6875	0.59375	0.6875	0.25	0.4375
english, polish	0.0	0.0	0.0	0.0	0.0	0.0
english, political science	0.125	0.40625	0.65625	0.53125	0.5	0.21875
english, political science, history	0.375	0.625	0.5	0.875	0.8125	0.6875
english, professional writing	0.0	0.71875	0.78125	0.5	0.5625	0.28125
english, psychologu	0.25	0.375	0.5625	0.59375	0.75	0.46875
english, psychology	0.08984375	0.45703125	0.6640625	0.6953125	0.28125	0.11328125
english, psychology, clinical social work	0.0625	0.75	0.75	0.71875	0.5	0.25
english, pyschology, education, urdu, islamia	0.0	0.09375	0.4375	0.1875	0.0625	0.15625
english, russian, linguistics	0.0	0.78125	0.5	0.84375	0.40625	0.0
english, sociology	0.0	0.53125	0.625	0.84375	0.40625	0.34375
english, theater, teaching	0.4375	0.53125	0.84375	0.5625	0.40625	0.03125
english, theatre, education	0.0	0.0	0.125	0.3125	0.25	0.0
english, then nursing (2 bachelors)	0.59375	0.625	0.8125	0.34375	0.25	0.46875
english, theology	0.21875	0.65625	0.53125	0.65625	0.15625	0.15625
english, writing	0.09375	0.375	0.71875	0.5625	0.46875	0.0625
english,psychology	0.3125	0.875	0.875	0.71875	0.5	0.25
english,teaching	0.03125	0.15625	0.71875	0.5	0.625	0.125
english-creative writing	0.0	0.78125	0.875	0.8125	0.40625	0.0625
english-journalism	0.03125	0.59375	0.59375	0.65625	0.15625	0.1875
english/ counseling	0.0625	0.78125	0.8125	0.84375	0.09375	0.0
english/ history	0.0	0.625	0.6875	0.8125	0.59375	0.21875
english/african american studies	0.125	0.15625	0.1875	0.53125	0.59375	0.15625
english/business	0.125	0.71875	0.5	0.46875	0.1875	0.84375
english/communication	0.3125	0.78125	0.6875	0.71875	0.40625	0.203125
english/counseling	0.265625	0.4375	0.71875	0.90625	0.515625	0.328125
english/drama	0.28125	0.53125	0.5625	0.375	0.40625	0.25
english/economics	0.1875	0.25	0.5	0.5625	0.625	0.5625
english/education	0.21875	0.65625	0.75	0.8645833333333334	0.3645833333333333	0.14583333333333334
english/education/library science	0.4375	0.71875	0.78125	0.59375	0.25	0.53125
english/fine arts	0.34375	0.34375	0.8125	0.65625	0.03125	0.0
english/french	0.0	0.0	0.28125	0.71875	0.34375	0.03125
english/history	0.4453125	0.6953125	0.609375	0.65625	0.4453125	0.5078125
english/i.t	0.15625	0.34375	0.5	0.4375	0.15625	0.03125
english/library/education/counseling	0.15625	0.71875	0.59375	0.90625	0.40625	0.8125
english/marketing	0.4375	0.75	0.5625	0.59375	0.78125	0.34375
english/mass communications	0.0625	0.34375	0.78125	0.6875	0.21875	0.0
english/mortuary science	0.46875	0.59375	0.6875	0.6875	0.59375	0.40625
english/philosophy	0.40625	0.625	0.703125	0.671875	0.171875	0.296875
english/poli sci	0.125	0.71875	0.59375	0.5625	0.5	0.34375
english/psych	0.53125	0.65625	0.625	0.5	0.34375	0.78125
english/psychology	0.03125	0.359375	0.65625	0.578125	0.4375	0.03125
english/psychology/art	0.21875	0.625	0.78125	0.625	0.0	0.0
english/speech language pathology	0.15625	0.625	0.28125	0.71875	0.125	0.25
english: creative writing	0.375	0.5	0.84375	0.5625	0.3125	0.1875
english; french	0.34375	0.5	0.65625	0.71875	0.1875	0.0
english; profesional writing; secondary educa	0.25	0.6875	0.34375	0.71875	0.46875	0.5625
english; sociology	0.03125	0.65625	0.65625	0.921875	0.390625	0.1875
english; spanish	0.15625	0.09375	0.15625	0.34375	0.03125	0.75
english; speech language pathology	0.34375	0.53125	0.78125	0.71875	0.71875	0.28125
english; theater	0.0625	0.21875	0.78125	0.84375	0.53125	0.25
english; written translation	0.5	0.84375	0.6875	0.4375	0.28125	0.40625
englsh	0.125	0.625	0.75	0.71875	0.3125	0.375
englsh, education	0.375	0.875	0.4375	0.5625	0.21875	0.375
englsih	0.0625	0.09375	0.34375	0.5625	0.3125	0.28125
englush	0.375	0.75	1.0	0.84375	0.5	0.0625
engrr.	0.4375	0.21875	0.4375	0.6875	0.34375	0.375
enigneering	0.375	0.65625	0.625	0.625	0.25	0.375
enineering	0.5	0.6875	0.71875	0.3125	0.21875	0.3125
enlish and communications	0.1875	0.625	0.59375	0.34375	0.53125	0.1875
enterpreneurship	0.3125	0.59375	0.9375	0.875	0.65625	0.6875
enterprise development	0.71875	0.9375	0.9375	0.6875	0.5	0.625
entertainment industry studies	0.1875	0.3125	0.71875	0.5625	0.3125	0.0625
entertainment management	0.265625	0.3125	0.671875	0.625	0.484375	0.53125
entomology	0.125	0.75	0.4375	0.34375	0.03125	0.15625
entrepreneur	0.3125	0.0625	0.09375	0.40625	0.96875	0.3125
entrepreneurer	0.21875	0.46875	0.75	1.0	0.5	0.25
entrepreneurial management	0.0625	0.5625	0.3125	0.40625	0.65625	0.84375
entrepreneurship	0.3628472222222222	0.5885416666666666	0.6145833333333334	0.6944444444444444	0.5364583333333334	0.3697916666666667
entrepreneurship and tourism	0.34375	0.4375	0.71875	0.96875	0.8125	0.6875
entrepreneurship/marketing	0.125	0.53125	0.625	0.625	0.65625	0.375
entreprenuership	0.125	0.0	0.6875	0.875	0.75	0.75
entreprenurship	0.0625	0.0	0.4375	0.3125	0.625	0.0
entrpreneureal management	0.25	0.59375	0.5	0.625	0.21875	0.3125
env mgmt; public policy	0.46875	0.6875	0.5	0.34375	0.15625	0.15625
env science	0.25	0.71875	0.5625	0.53125	0.34375	0.3125
env. studies	0.1875	0.5625	0.34375	0.6875	0.125	0.03125
envi studies	0.09375	0.71875	0.5	0.625	0.125	0.15625
enviei mentira engineering	0.0	0.03125	0.03125	0.0	0.0	0.1875
enviornmental design	0.34375	0.71875	0.78125	0.59375	0.53125	0.4375
enviornmental health	0.0625	0.5625	0.375	0.0625	0.0	0.0625
envireoment	0.15625	0.65625	0.53125	0.6875	0.375	0.4375
enviroment	0.3125	0.59375	0.125	0.28125	0.15625	0.34375
enviromnental engineering	0.21875	0.8125	0.3125	0.5	0.28125	0.375
environment	0.27708333333333335	0.5854166666666667	0.59375	0.5875	0.35	0.28125
environment and development	0.296875	0.46875	0.46875	0.625	0.46875	0.4375
environment biology and microbiology	0.28125	0.75	0.40625	0.75	0.4375	0.125
environment science	0.09375	0.4375	0.3125	0.53125	0.5	0.5
environment studies	0.1875	0.5	0.84375	0.625	0.375	0.0
environmental	0.32421875	0.59375	0.421875	0.62890625	0.38671875	0.30078125
environmental and occupational health and saf	0.8125	0.78125	0.75	0.78125	0.71875	0.5
environmental biology	0.24553571428571427	0.7232142857142857	0.5714285714285714	0.6428571428571429	0.39285714285714285	0.36607142857142855
environmental conservation	0.3515625	0.703125	0.359375	0.484375	0.21875	0.1796875
environmental conservation studies	0.3125	0.78125	0.46875	0.71875	0.15625	0.4375
environmental conservation studiesp	0.5625	1.0	0.5625	0.8125	0.375	0.4375
environmental design	0.40625	0.40625	0.5625	0.40625	0.59375	0.4375
environmental earth science	0.3125	0.71875	0.90625	0.5625	0.3125	0.0625
environmental economics	0.40625	0.65625	0.59375	0.4375	0.125	0.3125
environmental education	0.28125	0.75	0.4479166666666667	0.6458333333333334	0.3125	0.3020833333333333
environmental engineering	0.36328125	0.65	0.49921875	0.521875	0.33203125	0.3296875
environmental enginnering	0.59375	0.3125	0.1875	0.28125	0.3125	0.375
environmental health	0.328125	0.703125	0.5390625	0.640625	0.21875	0.3203125
environmental horticulture	0.375	0.90625	0.84375	0.59375	0.0625	0.0
environmental management	0.322265625	0.544921875	0.42578125	0.4921875	0.3203125	0.3984375
environmental managment	0.75	0.34375	0.125	0.71875	0.5625	0.65625
environmental planning	0.328125	0.8125	0.609375	0.578125	0.4375	0.546875
environmental policy	0.09375	0.46875	0.5	0.59375	0.34375	0.28125
environmental policy and outdoors leadership	0.25	0.65625	0.5	0.4375	0.5625	0.4375
environmental policy and psychology	0.0	0.78125	0.65625	0.8125	0.09375	0.03125
environmental politics	0.25	0.65625	0.5	0.21875	0.0	0.1875
environmental resource management	0.21875	0.5	0.125	0.40625	0.3125	0.6875
environmental science	0.35546875	0.7103794642857143	0.5627790178571429	0.5806361607142857	0.3404017857142857	0.32645089285714285
environmental science & arts	0.0625	0.5	0.6875	0.625	0.375	0.28125
environmental science and english	0.625	0.75	0.65625	0.875	0.75	0.96875
environmental science/earth science	0.1875	0.5625	0.0625	0.375	0.0	0.0
environmental science/engineering	0.75	0.71875	0.1875	0.4375	0.15625	0.5
environmental sciences	0.2552083333333333	0.6354166666666666	0.5677083333333334	0.5182291666666666	0.24479166666666666	0.2916666666666667
environmental studdies	0.0	0.78125	0.28125	0.28125	0.0	0.0
environmental studies	0.25675675675675674	0.6596283783783784	0.5008445945945946	0.5430743243243243	0.30996621621621623	0.3564189189189189
environmental studies and another degree in c	0.15625	0.59375	0.8125	0.4375	0.0625	0.0625
environmental sustainability	0.1875	0.53125	0.46875	0.5625	0.65625	0.5
environmental technology	0.28125	0.65625	0.5208333333333334	0.34375	0.25	0.20833333333333334
epidemiology	0.30859375	0.6875	0.453125	0.52734375	0.23828125	0.3671875
epistemology	0.25	0.84375	0.65625	0.59375	0.1875	0.1875
equine business mgt	0.0	0.5625	0.75	0.78125	0.3125	0.125
equine management, criminal justice	0.40625	0.40625	0.21875	0.375	0.125	0.125
equine studies	0.4375	0.90625	0.5625	0.625	0.15625	0.5
equity and diversity	0.0625	0.25	0.375	0.6875	0.03125	0.09375
ergonomics	0.390625	0.5	0.359375	0.546875	0.28125	0.359375
esl	0.25	0.75	0.5	0.65625	0.40625	0.125
esl management	0.0625	0.03125	0.4375	0.8125	0.40625	0.1875
estate management	0.390625	0.40625	0.515625	0.78125	0.671875	0.578125
esthetician	0.3125	0.71875	0.75	0.59375	0.4375	0.28125
esthetics	0.15625	0.59375	0.71875	0.90625	0.46875	0.34375
esucation	0.0	0.78125	0.75	0.46875	0.1875	0.25
et	0.5	0.6875	0.59375	0.5625	0.25	0.4375
eterinary medicine	0.625	0.6875	0.09375	0.1875	0.09375	0.21875
ethic studies	0.375	0.59375	0.5	0.625	0.40625	0.3125
ethics	0.09375	0.78125	0.78125	0.59375	0.375	0.21875
ethics and human behavior	0.34375	0.78125	0.625	0.65625	0.34375	0.5625
ethnic studies	0.17708333333333334	0.4583333333333333	0.4166666666666667	0.5833333333333334	0.3020833333333333	0.2916666666666667
ethnology	0.28125	0.671875	0.203125	0.234375	0.21875	0.21875
ethnomusicology	0.0	0.03125	0.875	0.4375	0.125	0.09375
ethology	0.40625	0.78125	0.84375	0.53125	0.25	0.59375
ethology -marine mammals	0.34375	0.875	0.8125	0.53125	0.375	0.125
eudcation	0.234375	0.21875	0.71875	0.890625	0.65625	0.515625
european business administration	0.4375	0.5625	0.71875	0.78125	0.625	0.0625
european business studies	0.28125	0.28125	0.40625	0.46875	0.125	0.84375
european cooperation	0.28125	0.96875	0.75	0.71875	0.34375	0.40625
european history	0.28125	0.5	0.6666666666666666	0.5833333333333334	0.4375	0.21875
european politics	0.21875	0.375	0.3125	0.6875	0.375	0.34375
european studies	0.125	0.32421875	0.3984375	0.6484375	0.375	0.19140625
event	0.4791666666666667	0.65625	0.6875	0.625	0.6979166666666666	0.4895833333333333
event management	0.23660714285714285	0.3125	0.59375	0.6339285714285714	0.59375	0.5178571428571429
event managemnet	0.3125	0.71875	0.8125	0.53125	0.4375	0.4375
event mnagement	0.15625	0.28125	0.8125	0.71875	0.53125	0.09375
events	0.046875	0.53125	0.765625	0.65625	0.5	0.125
events management	0.2875	0.55	0.675	0.60625	0.575	0.2625
everything	0.21875	0.46875	0.359375	0.1875	0.34375	0.046875
evolutionary anthropology	0.15625	0.5	0.15625	0.40625	0.09375	0.375
evolutionary biology	0.71875	0.90625	0.59375	0.46875	0.375	0.46875
evonomics	0.0	0.1875	0.21875	0.21875	0.09375	0.59375
ex phys	0.53125	0.46875	0.15625	0.6875	0.25	0.3125
excecutive bachelor of management	0.46875	0.6875	0.28125	0.53125	0.5	0.6875
excercise and sports science	0.03125	0.8125	0.28125	0.6875	0.09375	0.15625
executive leadership	0.34375	0.59375	0.65625	0.90625	0.90625	0.46875
executive secretary	0.09375	0.15625	0.625	0.59375	0.28125	0.21875
exercise	0.09375	0.59375	0.65625	0.71875	0.3125	0.46875
exercise  science	0.0625	0.21875	0.0625	0.65625	0.0625	0.125
exercise and movement science	0.53125	0.65625	0.9375	0.9375	0.75	0.34375
exercise and nutrition science	0.15625	0.71875	0.375	0.84375	0.25	0.28125
exercise and sport	0.4375	0.90625	0.28125	0.71875	0.5625	0.5625
exercise and wellness	0.84375	0.71875	0.28125	0.75	0.4375	0.28125
exercise biology	0.53125	0.625	0.5	0.625	0.09375	0.125
exercise medicine	0.375	0.78125	0.40625	0.46875	0.1875	0.40625
exercise physiology	0.25	0.53125	0.515625	0.70703125	0.45703125	0.27734375
exercise science	0.22128378378378377	0.596706081081081	0.3716216216216216	0.6368243243243243	0.2947635135135135	0.2360641891891892
exercise science & biology & psychology	0.0625	0.71875	0.40625	0.96875	0.125	0.3125
exercise science & nuclear engineering	0.40625	0.65625	0.34375	0.59375	0.25	0.1875
exercise science / kinesiotherapy	0.4375	0.625	0.59375	0.96875	0.25	0.40625
exercise science and kinesiology	0.53125	0.75	0.5625	0.5	0.40625	0.3125
exercise science and outdoor recreation	0.21875	0.125	0.03125	0.15625	0.1875	0.125
exercise science and sport studies	0.375	0.5625	0.625	0.46875	0.28125	0.375
exercise science/ psychology	0.625	0.75	0.6875	0.875	0.53125	0.65625
exercise sport science	0.6875	0.65625	0.40625	0.71875	0.46875	0.375
exercise sports science	0.14583333333333334	0.6979166666666666	0.11458333333333333	0.9375	0.4270833333333333	0.25
exercise therapy and business	0.28125	0.40625	0.46875	0.75	0.46875	0.4375
exersice science	0.25	0.78125	0.5	0.9375	0.4375	0.09375
experimental psychology	0.16666666666666666	0.75	0.53125	0.4895833333333333	0.17708333333333334	0.28125
experimental psychology and neuroscience	0.25	0.96875	0.65625	0.84375	0.59375	0.4375
exploratory	0.34375	0.625	0.28125	0.8125	0.21875	0.1875
explosives engineering	0.4375	0.65625	0.375	0.28125	0.21875	0.3125
external economics	0.140625	0.5	0.546875	0.78125	0.484375	0.25
facilities management	0.6875	0.1875	0.1875	0.375	0.46875	0.53125
faculty of commerce business administration	0.53125	0.546875	0.4375	0.65625	0.65625	0.453125
family	0.1875	0.78125	0.6875	0.75	0.5	0.1875
family & child studies	0.0625	0.46875	0.25	0.875	0.09375	0.0625
family & consumer sciences	0.0625	0.125	0.21875	0.9375	0.75	0.34375
family & consumer sciences education	0.21875	0.25	0.5	0.8125	0.65625	0.3125
family & human development	0.34375	0.4375	0.25	0.96875	0.75	0.96875
family and child sciences	0.078125	0.40625	0.4140625	0.71875	0.3828125	0.25
family and church education	0.03125	0.125	0.625	0.53125	0.28125	0.0625
family and community services	0.03125	0.3125	0.1875	1.0	0.5625	0.65625
family and consumer science	0.19791666666666666	0.125	0.3125	0.7708333333333334	0.375	0.23958333333333334
family and consumer science education	0.453125	0.390625	0.5	0.65625	0.5	0.1875
family and consumer sciences	0.3645833333333333	0.4427083333333333	0.4270833333333333	0.6822916666666666	0.46875	0.5052083333333334
family and consumer sciences education	0.0625	0.28125	0.65625	0.8125	0.1875	0.0625
family and human development	0.225	0.5125	0.675	0.8625	0.5125	0.44375
family and human services	0.0	0.1875	0.125	0.84375	0.0	0.0
family consumer science	0.09375	0.14583333333333334	0.5416666666666666	0.7083333333333334	0.3854166666666667	0.5
family ecology	0.0625	0.28125	0.46875	0.5625	0.25	0.0
family education	0.34375	0.5	0.53125	0.65625	0.4375	0.375
family life	0.125	0.0625	0.375	0.65625	0.65625	0.96875
family life education	0.1875	0.15625	0.1875	0.78125	0.21875	0.0
family resource management	0.375	0.90625	0.71875	0.65625	0.28125	0.09375
family science	0.359375	0.53125	0.5520833333333334	0.7760416666666666	0.4739583333333333	0.3854166666666667
family services	0.109375	0.46875	0.28125	0.78125	0.25	0.140625
family studies	0.15885416666666666	0.3111979166666667	0.3828125	0.7200520833333334	0.3111979166666667	0.31640625
family studies and communications	0.125	0.15625	0.78125	0.90625	0.375	0.40625
family studies and human development	0.046875	0.359375	0.40625	0.625	0.203125	0.265625
family studies and human services	0.0	0.4375	0.40625	0.6875	0.15625	0.0
family studies; clinical mental health counse	0.8125	0.15625	0.375	0.875	0.34375	0.34375
family, youth, and community sciences	0.3125	0.515625	0.5	0.75	0.46875	0.375
farm equipment	0.53125	0.53125	0.5	0.5625	0.6875	0.40625
fashiom merchandising	0.25	0.46875	0.4375	0.375	0.40625	0.3125
fashion	0.17875	0.3625	0.5675	0.5825	0.485	0.275
fashion & textile management	0.03125	0.09375	0.53125	0.46875	0.625	0.25
fashion and spanish	0.09375	0.375	0.5	0.75	0.53125	0.1875
fashion and textile management	0.21875	0.375	0.625	0.59375	0.65625	0.75
fashion apparel	0.0	-0.03125	0.75	0.125	0.375	0.0
fashion design	0.23958333333333334	0.4699074074074074	0.6099537037037037	0.5578703703703703	0.39814814814814814	0.2824074074074074
fashion design & merchandise	0.0	0.34375	0.4375	0.40625	0.4375	0.0
fashion design and marketing	0.4375	0.5	0.34375	0.4375	0.59375	0.5
fashion designing	0.625	0.4375	0.78125	0.9375	0.9375	0.75
fashion management	0.3125	0.59375	0.4375	0.328125	0.125	0.125
fashion merchandising	0.18526785714285715	0.2890625	0.41517857142857145	0.5334821428571429	0.5122767857142857	0.39620535714285715
fashion merchandising and design	-0.03125	0.5	0.59375	0.78125	0.59375	0.59375
fashion merchandising and retail	0.28125	0.1875	0.4375	0.5625	0.59375	0.53125
fashion merchandising.	0.5	0.5	0.5	0.5	0.5	0.5
fashion merchandisng	0.46875	0.5	0.625	0.875	0.53125	0.5625
fashion merchandisong	0.0625	0.15625	0.28125	0.15625	0.65625	0.0625
fashion merchandsing	0.125	0.1875	0.21875	0.53125	0.8125	0.6875
fashion technology	0.09375	1.0	0.6875	0.59375	0.21875	0.40625
fashion textile management	0.34375	0.6875	0.78125	0.78125	0.4375	0.25
fashion textiles	0.625	0.5625	0.5625	0.59375	0.5	0.375
fashion&merchandising	0.0	0.0	0.25	0.625	0.53125	0.0625
fashion, business	0.28125	0.34375	0.375	0.3125	0.3125	0.625
fermentation scient	0.4375	0.8125	0.6875	0.34375	0.4375	0.5625
fetac 6 + 5	0.5	0.0625	0.71875	0.71875	0.46875	0.28125
ffhhff	0.40625	0.5625	0.3125	0.46875	0.21875	0.21875
fianace	0.15625	0.25	0.234375	0.546875	0.5	0.359375
fibre art	0.09375	0.5625	0.4375	0.4375	0.34375	0.34375
fiction writing	0.28125	0.71875	0.625	0.3125	0.1875	0.125
filipino	0.36607142857142855	0.5044642857142857	0.6629464285714286	0.7790178571428571	0.5133928571428571	0.46205357142857145
filipino education	0.125	0.0	0.28125	0.75	0.0	0.0
filipino major	0.375	0.40625	0.6875	0.78125	0.53125	0.6875
film	0.2298259493670886	0.4584651898734177	0.716376582278481	0.49604430379746833	0.31645569620253167	0.19778481012658228
film & drama	0.0625	0.125	0.28125	0.8125	0.0	0.21875
film & theatre	0.09375	0.09375	0.71875	0.3125	0.0625	0.0
film & tv	0.21875	0.375	0.5416666666666666	0.5	0.3854166666666667	0.2708333333333333
film & video	0.15625	0.46875	0.25	0.40625	0.15625	0.0625
film &tv/ business	0.0625	0.21875	0.46875	0.4375	0.5625	0.09375
film / tv	0.0	0.625	0.78125	0.34375	0.03125	0.03125
film and american studies	0.4375	0.3125	0.625	0.5625	0.53125	0.40625
film and business	0.125	0.875	0.65625	0.71875	0.40625	0.03125
film and digital media	0.25	0.546875	0.765625	0.5625	0.296875	0.171875
film and language	0.3125	0.75	0.84375	0.65625	0.125	0.09375
film and media arts	0.09375	0.71875	0.875	0.53125	0.40625	0.5625
film and new media	0.21875	0.90625	0.6875	0.375	0.4375	0.3125
film and psychoiogy	0.5625	0.71875	0.75	0.53125	0.28125	0.40625
film and television	0.359375	0.59375	0.875	0.6875	0.390625	0.109375
film and theatre	0.21875	0.6875	0.9375	0.4375	0.09375	0.03125
film and tv	0.09375	0.3541666666666667	0.5520833333333334	0.3125	0.13541666666666666	0.22916666666666666
film and video	0.3958333333333333	0.75	0.5833333333333334	0.5104166666666666	0.3958333333333333	0.5625
film and video editing	0.15625	0.8125	0.90625	0.625	0.34375	0.125
film and video production	0.1875	0.875	0.625	0.59375	0.25	0.15625
film and video studies	0.375	0.5	0.40625	0.40625	0.09375	0.65625
film art	0.65625	0.84375	0.96875	0.546875	0.390625	0.421875
film dan televisi	0.3125	0.625	0.625	0.8125	0.46875	0.46875
film directing	0.40625	0.71875	0.875	0.5625	0.3125	0.21875
film direction	0.453125	0.640625	0.59375	0.375	0.28125	0.25
film director	0.40625	0.8125	0.71875	0.6875	0.40625	0.09375
film producing	0.0	0.5625	0.875	0.46875	0.28125	0.0625
film production	0.21614583333333334	0.296875	0.7473958333333334	0.5859375	0.3229166666666667	0.1953125
film scoring	0.0	0.25	0.71875	0.4375	0.0	0.0
film studies	0.23214285714285715	0.5491071428571429	0.59375	0.38839285714285715	0.3794642857142857	0.2767857142857143
film studies/creative writing	0.0625	0.59375	0.875	0.84375	0.28125	0.09375
film theory	0.25	0.34375	0.5	0.90625	0.5	0.65625
film&literature	0.4375	0.53125	0.875	0.75	0.46875	0.25
film&literature / psychology	0.03125	0.375	0.78125	0.71875	0.0	0.09375
film, journalism	0.09375	0.53125	0.9375	0.65625	0.15625	0.0
film/ advertising	0.09375	0.46875	0.875	0.75	0.625	0.21875
film/television	0.21875	0.390625	0.75	0.875	0.328125	0.21875
film/tv production	0.1875	0.375	0.90625	0.1875	0.0625	0.59375
film/video production	0.625	0.65625	0.90625	0.40625	0.3125	0.3125
filmmaking	0.3125	0.59375	0.5520833333333334	0.3697916666666667	0.265625	0.3489583333333333
films,video,photographic arts	0.53125	0.875	0.75	0.5625	0.3125	0.0
filology	0.3125	0.71875	0.75	0.71875	0.40625	0.375
finacial management	0.78125	0.6875	0.8125	0.90625	0.84375	0.84375
finacne	-0.03125	0.09375	0.3125	0.4375	0.21875	0.59375
financal	0.640625	0.765625	0.65625	0.75	0.734375	0.6875
finance	0.3245481927710843	0.4657917383820998	0.45691695352839934	0.5476549053356282	0.4974720309810671	0.48165877796901896
finance & accounting	0.265625	0.390625	0.5546875	0.65625	0.53125	0.328125
finance & econometrics	0.1875	0.0625	0.59375	0.53125	0.59375	0.59375
finance & economics	0.375	0.734375	0.8125	0.5625	0.390625	0.234375
finance & leadership	0.09375	0.1875	0.625	0.625	0.8125	0.34375
finance & marketing	0.40625	0.4895833333333333	0.5104166666666666	0.6979166666666666	0.5208333333333334	0.4791666666666667
finance / history	0.375	0.375	0.34375	0.46875	0.625	0.3125
finance and accounting	0.33035714285714285	0.6071428571428571	0.5848214285714286	0.6116071428571429	0.39285714285714285	0.375
finance and audit	0.1875	0.4375	0.90625	0.4375	0.40625	0.09375
finance and banking	0.140625	0.359375	0.4375	0.46875	0.234375	0.4375
finance and economics	0.2916666666666667	0.40625	0.375	0.6041666666666666	0.4427083333333333	0.4322916666666667
finance and investment	0.296875	0.546875	0.546875	0.59375	0.484375	0.640625
finance and marketing	0.375	0.34375	0.30625	0.55	0.5625	0.58125
finance and psychology	0.140625	0.578125	0.703125	0.359375	0.25	0.421875
finance and sales	0.03125	0.1875	0.0625	0.53125	0.34375	0.34375
finance and trade	0.28125	0.71875	0.78125	0.59375	0.75	0.6875
finance company	0.5625	0.65625	0.34375	0.6875	0.25	0.4375
finance economics	0.03125	0.25	0.15625	0.0	0.28125	0.09375
finance, acconting	0.46875	0.84375	0.5	0.59375	0.65625	0.15625
finance, accounting & management	0.375	0.90625	0.6875	0.5625	0.9375	0.875
finance, business administration	0.59375	0.15625	0.21875	0.625	0.90625	0.90625
finance, business law, economics	0.09375	0.625	0.3125	0.5	0.53125	0.625
finance, economics	0.46875	0.53125	0.515625	0.421875	0.515625	0.484375
finance, economics, business administration	0.75	0.875	0.28125	0.28125	0.125	0.6875
finance, hrm, chinese	0.125	0.375	0.375	0.34375	0.4375	0.71875
finance, human resource management	0.6875	0.84375	0.3125	0.6875	0.34375	0.0625
finance, software engineering	0.21875	0.5625	0.53125	0.5	0.15625	0.34375
finance. engineering	0.84375	0.96875	0.625	0.75	0.78125	0.71875
finance/hr	0.25	0.125	0.28125	0.625	0.4375	0.625
finance/political science	0.09375	0.3125	0.125	0.46875	0.75	0.75
finance; international business	0.1875	0.78125	0.3125	0.5625	0.1875	0.21875
finances	0.71875	0.46875	0.0	0.1875	0.09375	0.59375
financial	0.453125	0.8125	0.65625	0.640625	0.609375	0.484375
financial accounting	0.84375	0.65625	0.53125	0.84375	0.78125	0.59375
financial analysis	0.46875	0.875	0.125	0.75	0.71875	0.625
financial consulting	0.34375	0.625	0.625	0.4375	0.46875	0.40625
financial counseling and planning	0.5	0.25	0.0	0.375	0.15625	0.96875
financial economics	0.34375	0.609375	0.4375	0.546875	0.625	0.53125
financial engineering	0.40625	0.453125	0.515625	0.65625	0.484375	0.578125
financial manage	0.25	0.5625	0.65625	0.78125	0.84375	0.375
financial management	0.31009615384615385	0.4326923076923077	0.5889423076923077	0.65625	0.5721153846153846	0.49038461538461536
financial planning	0.2734375	0.4296875	0.2890625	0.6640625	0.421875	0.53125
financial servcies	0.25	0.4375	0.6875	0.53125	0.375	0.34375
financial services	0.1875	0.359375	0.59375	0.703125	0.578125	0.484375
financial technology	0.15625	0.59375	0.4375	0.5625	0.71875	0.40625
financials	0.03125	0.125	0.25	0.40625	0.09375	0.40625
financial£¬medical	0.3125	0.375	0.59375	0.53125	0.78125	0.84375
finanice	0.125	0.5	0.5625	0.75	0.75	0.875
fine and applied arts	0.15625	0.34375	0.40625	0.3125	0.4375	0.375
fine art	0.33429276315789475	0.5649671052631579	0.6435032894736842	0.5526315789473685	0.28824013157894735	0.23478618421052633
fine art (painting, drawing)	0.28125	0.1875	0.59375	0.40625	0.5625	0.40625
fine art + communication	0.21875	0.875	0.875	0.75	0.5	0.125
fine art / philosophy	0.0625	0.90625	0.84375	0.5	0.1875	0.09375
fine art and education	0.25	0.71875	0.65625	0.78125	0.28125	0.5
fine art in interior design	0.25	0.375	0.3125	0.71875	0.09375	0.34375
fine art painting, biology	0.375	0.71875	0.84375	0.34375	0.25	0.125
fine art photography	0.25	0.5	0.59375	0.453125	0.296875	0.296875
fine art, education	0.0625	0.03125	0.03125	0.4375	0.09375	0.125
fine art, linguistics	0.03125	0.75	0.21875	0.71875	0.0	0.0625
fine art/design, computer science minor	0.34375	0.71875	0.71875	0.65625	0.46875	0.21875
fine article	0.09375	0.875	0.84375	0.9375	0.21875	0.125
fine arts	0.26631944444444444	0.5177083333333333	0.625	0.5333333333333333	0.2986111111111111	0.22743055555555555
fine arts & communication studies	0.09375	0.21875	0.34375	0.21875	0.15625	0.125
fine arts (painting)	0.15625	0.40625	0.28125	0.1875	0.09375	0.0625
fine arts and design	0.125	0.75	0.96875	0.59375	0.28125	0.125
fine arts, art therapy, psychology, some nurs	0.25	0.40625	0.84375	0.4375	0.09375	0.125
fine arts, dietetics and nutrition	0.3125	0.875	0.28125	0.6875	0.09375	0.28125
fine arts, sculpture	0.53125	0.78125	0.46875	0.125	0.03125	0.21875
fine rt  nd itt	0.5	0.375	0.6875	0.59375	0.40625	0.65625
finearts, psychology	0.3125	0.3125	0.28125	0.46875	0.28125	0.28125
finnance	0.03125	0.71875	0.40625	0.625	0.5	0.53125
finnish	0.28125	0.265625	0.640625	0.65625	0.5	0.296875
fire science	0.2916666666666667	0.21875	0.2604166666666667	0.5104166666666666	0.375	0.1875
fire science/paramedicine	0.3125	0.75	0.78125	0.53125	0.15625	0.03125
first peoples studies	0.21875	0.28125	0.3125	0.625	0.46875	0.40625
fisheries	0.1875	0.9375	0.8125	0.75	0.53125	0.625
fisheries and wildlife	0.25	0.875	0.03125	0.625	0.21875	0.59375
fisica	0.40625	0.46875	0.125	0.4375	0.28125	0.5625
fitness	0.40625	0.40625	0.96875	0.21875	0.5625	0.65625
fitness and personal training & business fina	0.375	0.625	0.875	0.8125	0.65625	0.25
flight attendant	0.53125	0.5	0.84375	0.84375	0.625	0.875
floral design	0.5	0.375	0.75	0.75	0.25	0.875
floristic	0.59375	0.90625	0.6875	0.9375	0.65625	0.59375
folklore	0.3125	0.4296875	0.671875	0.5703125	0.375	0.234375
folkore	0.0625	0.15625	0.5	0.78125	0.28125	0.375
food	0.53125	0.3125	0.5	0.59375	0.625	0.71875
food & beverage management	0.65625	0.8125	0.65625	0.90625	0.8125	0.71875
food and clothing	0.3125	0.28125	0.0	0.125	0.09375	0.21875
food and nutrition	0.3229166666666667	0.5729166666666666	0.2604166666666667	0.5729166666666666	0.3645833333333333	0.4375
food engineering	0.24375	0.68125	0.2875	0.5375	0.5375	0.375
food hygiene	0.375	0.8125	0.875	0.90625	0.5625	0.28125
food safety	0.0	0.75	0.40625	0.28125	0.03125	0.21875
food science	0.36693548387096775	0.5766129032258065	0.45463709677419356	0.625	0.4425403225806452	0.36189516129032256
food science & nutrition	0.03125	0.59375	0.21875	0.4375	0.0625	0.21875
food science and nutrition	0.375	0.5625	0.4453125	0.484375	0.3203125	0.4296875
food science and technology	0.375	0.796875	0.59375	0.453125	0.34375	0.5
food service management	0.0	0.125	0.34375	0.5625	0.21875	0.0
food since	0.34375	0.8125	0.375	0.5625	0.4375	0.53125
food tech	0.15625	0.53125	0.46875	0.6875	0.6875	0.40625
food technology	0.36875	0.6171875	0.50625	0.64375	0.4546875	0.4203125
food technology product development	0.4375	0.25	0.40625	0.46875	0.53125	0.6875
foods and nutrition	0.25	0.421875	0.546875	0.40625	0.09375	0.328125
foodservice	0.15625	0.46875	0.6875	0.46875	0.5625	0.40625
foodservice management	0.0	0.75	0.625	0.0	0.125	0.125
foreign affairs	0.40625	0.546875	0.453125	0.609375	0.375	0.421875
foreign language	0.109375	0.4322916666666667	0.5416666666666666	0.5520833333333334	0.328125	0.11979166666666667
foreign language and literature	0.34375	0.96875	0.96875	0.9375	0.3125	0.15625
foreign language education	0.34375	0.25	0.3125	0.25	0.3125	0.3125
foreign language studies	0.6875	0.65625	0.40625	0.46875	0.4375	0.8125
foreign languages	0.22697368421052633	0.5082236842105263	0.5542763157894737	0.6101973684210527	0.4276315789473684	0.3355263157894737
foreign languages (german)	0.0	0.34375	0.6875	0.875	0.5625	0.15625
foreign languages and linguistic	0.15625	0.609375	0.84375	0.890625	0.71875	0.5625
foreign languages and literatures	0.1875	0.375	0.65625	0.8125	0.5	0.15625
foreign languages and management	0.15625	0.15625	0.46875	0.75	0.40625	0.125
foreign languages international business	0.53125	0.59375	0.65625	0.46875	0.40625	0.25
foreign relations	0.25	0.21875	0.3125	0.875	0.34375	0.03125
foreign service	0.3125	0.546875	0.578125	0.75	0.546875	0.546875
foreign service and international politics	0.4375	0.59375	0.6875	0.75	0.75	0.21875
foreign trade	0.078125	0.421875	0.390625	0.65625	0.265625	0.21875
foreing languages	0.03125	0.375	0.75	0.25	0.4375	0.1875
foreinsic science	0.28125	0.28125	0.53125	0.53125	0.625	0.625
forenic mental health counseling	0.375	0.59375	0.53125	0.65625	0.5	0.5625
forensic	0.59375	0.75	0.78125	0.8541666666666666	0.5104166666666666	0.65625
forensic & counseling psychology	0.3125	0.71875	0.5625	0.65625	0.375	0.375
forensic and counseling psychology	0.375	0.8125	0.65625	0.59375	0.25	0.28125
forensic biology	0.625	0.9375	0.4375	0.1875	0.03125	0.59375
forensic investigation	0.0625	0.4375	0.5625	0.875	0.625	0.125
forensic psychology	0.21180555555555555	0.5555555555555556	0.36921296296296297	0.6435185185185185	0.3148148148148148	0.31712962962962965
forensic science	0.43990384615384615	0.7331730769230769	0.5	0.5336538461538461	0.37259615384615385	0.41586538461538464
forensic science/criminal justice	0.0	0.53125	0.375	0.8125	0.15625	0.0
forensics	0.3039772727272727	0.71875	0.4772727272727273	0.5823863636363636	0.375	0.4460227272727273
foresnic science	0.0625	0.6875	0.21875	0.25	0.0625	0.03125
forest and rangeland management	0.375	0.3125	0.4375	0.625	0.3125	0.125
forest engineering	0.1875	0.84375	0.59375	0.3125	0.46875	0.21875
forestry	0.25390625	0.60546875	0.49609375	0.453125	0.240234375	0.318359375
forestry science	0.0625	0.71875	0.5625	0.84375	0.375	0.0625
foundation diploma	0.09375	0.03125	0.09375	0.5625	0.125	0.4375
foundation in agriculture science	0.21875	0.6875	0.5	0.6875	0.5	0.34375
foundation in science and technlogy	0.375	0.84375	0.25	0.71875	0.25	0.5
franch	0.15625	0.40625	0.71875	0.65625	0.6875	0.09375
french	0.22313084112149534	0.490946261682243	0.5572429906542056	0.5835280373831776	0.37061915887850466	0.31863317757009346
french & german	0.3125	0.203125	0.078125	0.3125	0.140625	0.46875
french & information systems	0.28125	0.53125	0.53125	0.53125	0.53125	0.71875
french & linguistics	0.0	0.0625	0.3125	0.4375	0.3125	0.0625
french & spanish	0.34375	0.84375	0.96875	0.71875	0.25	0.3125
french and business	0.15625	0.34375	0.625	0.71875	0.53125	0.453125
french and business studies	0.3125	0.71875	0.5	0.59375	0.40625	0.3125
french and drama	0.375	0.4375	0.9375	0.78125	0.71875	0.46875
french and education	0.40625	0.65625	0.625	0.75	0.03125	0.125
french and german	0.19791666666666666	0.5104166666666666	0.53125	0.5	0.3020833333333333	0.1875
french and italian	0.234375	0.40625	0.515625	0.578125	0.6875	0.625
french and law	0.3125	0.6875	0.78125	0.8125	0.4375	0.15625
french and philosophy	0.0	0.46875	0.4375	0.625	0.15625	0.0
french and politics	0.125	0.40625	0.78125	0.28125	0.21875	0.0
french and russian	0.0625	0.3125	0.375	0.375	0.3125	0.125
french education	0.15625	0.75	0.75	0.9375	0.25	0.84375
french english	0.46875	0.84375	0.8125	0.625	0.3125	0.3125
french language	0.1875	0.1875	0.78125	0.375	0.40625	0.15625
french language and international studies	0.0	0.625	0.75	0.71875	0.4375	0.75
french literature	0.390625	0.453125	0.7734375	0.671875	0.3515625	0.4453125
french litterature	0.0	0.34375	0.59375	0.5625	0.28125	0.0
french studies	0.125	0.4375	0.46875	0.4583333333333333	0.25	0.3125
french teaching	0.0625	0.0	0.125	0.375	0.21875	0.375
french, biology	0.53125	0.625	0.875	0.59375	0.65625	0.5625
french, civil engineering	0.40625	0.71875	0.5	0.3125	0.15625	0.15625
french, education, political science	0.25	0.625	0.59375	0.5	0.34375	0.375
french, english, linguistics	0.25	0.71875	0.75	0.53125	0.5	0.125
french, german	0.09375	0.25	0.78125	0.59375	0.3125	0.375
french, global mgmt, education	0.15625	0.3125	0.59375	0.6875	0.40625	0.4375
french, linguistics, & health sciences	0.625	0.59375	0.65625	0.90625	0.25	0.4375
fruit science	0.25	0.5625	0.28125	0.875	0.25	0.125
fuclty of commerce	0.625	0.8125	0.6875	0.75	0.625	0.625
fuel engineering & nursing	0.34375	0.46875	0.75	0.40625	0.09375	0.0
funeral management and embalming	0.21875	0.125	0.0	0.5625	0.21875	0.5625
funeral service	0.15625	0.75	0.25	0.75	0.09375	0.0
furniture design	0.515625	0.515625	0.5	0.40625	0.375	0.265625
furniture engineering	0.53125	0.53125	0.5625	0.53125	0.6875	0.65625
física e psicologia	0.25	0.21875	0.5	0.21875	0.09375	0.0
game design	0.296875	0.65625	0.609375	0.546875	0.390625	0.3203125
game design and development	0.453125	0.734375	0.84375	0.390625	0.640625	0.265625
game designing	0.0	0.0	0.25	0.34375	0.09375	0.0
game development	0.375	0.84375	0.84375	0.03125	0.34375	0.78125
game programming	0.375	0.75	0.4375	0.375	0.09375	0.25
games programming	0.53125	0.796875	0.578125	0.359375	0.21875	0.46875
geiunfornatics	0.15625	0.03125	0.15625	0.65625	0.25	0.15625
gen	0.046875	0.53125	0.453125	0.53125	0.171875	0.5
gen ed	0.46875	0.71875	0.71875	0.6875	0.5	0.3125
gen eds	0.1875	0.59375	0.59375	0.46875	0.3125	0.34375
gen studies	0.34375	0.875	0.78125	0.65625	0.40625	0.28125
gender	0.0625	0.25	0.71875	0.53125	0.1875	0.0625
gender and diversity	0.46875	0.59375	0.6875	0.71875	0.1875	0.46875
gender studies	0.09375	0.5520833333333334	0.625	0.5833333333333334	0.4375	0.28125
general	0.3	0.55625	0.5479166666666667	0.5885416666666666	0.3541666666666667	0.40729166666666666
general aa	0.125	0.296875	0.546875	0.546875	0.546875	0.375
general and elementary education	0.09375	0.40625	0.75	0.71875	0.46875	0.25
general arts	0.09375	0.125	0.21875	0.65625	0.375	0.3125
general bachelor of arts	0.46875	0.375	0.4375	0.71875	0.625	0.15625
general business	0.234375	0.390625	0.515625	0.71875	0.5833333333333334	0.453125
general business and management	0.625	0.46875	0.59375	0.9375	0.8125	0.71875
general cirriculum	0.15625	0.5625	0.21875	0.75	0.375	0.1875
general college	0.0625	0.25	0.28125	0.34375	0.3125	0.28125
general computer science	0.125	0.21875	0.5	0.5	0.25	0.59375
general degree	0.53125	0.84375	0.90625	0.6875	0.4375	0.0625
general ed/general studies communication opti	0.28125	0.34375	0.4375	0.3125	0.28125	0.53125
general edjucation	0.34375	0.5	0.375	0.375	0.25	0.3125
general education	0.2109375	0.5140625	0.4484375	0.6390625	0.2671875	0.2921875
general eduction	0.5	0.71875	0.84375	0.96875	0.90625	0.78125
general humanities	0.0	0.46875	0.34375	0.4375	0.125	0.0625
general humanities/ liberal arts	0.5	0.5	0.3125	0.09375	0.0625	0.5
general linguistics	0.375	1.0	0.90625	1.0	0.34375	0.65625
general management	0.3125	0.3958333333333333	0.3958333333333333	0.3854166666666667	0.40625	0.4479166666666667
general medicine	0.09375	0.625	0.09375	0.25	0.0	0.0
general medicine, educational administration,	0.40625	0.90625	0.84375	0.90625	0.8125	0.5
general psychology	0.25	0.75	0.59375	0.71875	0.3125	0.3125
general rehabilitation	0.1875	0.40625	0.15625	0.625	0.4375	0.5625
general science	0.10416666666666667	0.5520833333333334	0.3125	0.59375	0.16666666666666666	0.2708333333333333
general statistics	0.1875	0.28125	0.25	0.21875	0.15625	0.75
general studies	0.2999526515151515	0.506155303030303	0.45857007575757575	0.6160037878787878	0.3932291666666667	0.42021780303030304
general studies - associates	0.21875	0.40625	0.40625	0.09375	0.03125	0.0
general studies / phyisolgy	0.5625	0.6875	0.21875	0.4375	0.5	0.40625
general studies and science	0.34375	0.59375	0.96875	0.8125	0.46875	0.25
general studies, human development	0.03125	0.0	0.0625	0.3125	0.0	0.125
general studies, lpn, business	0.25	0.625	0.25	0.71875	0.71875	0.78125
general studies, masters of teaching	0.09375	0.09375	0.375	0.6875	0.03125	0.0625
general studies/aa	0.21875	0.65625	0.78125	0.65625	0.4375	0.28125
general studies/higher education administrati	0.375	0.6875	0.59375	0.375	0.125	0.40625
general study	0.5625	0.46875	0.625	0.625	0.46875	0.46875
general, a.a.	0.625	0.625	0.84375	0.84375	0.59375	0.75
generalize	0.8125	0.84375	0.8125	0.875	0.9375	0.9375
genereal studies	0.65625	0.6875	0.28125	0.4375	0.46875	0.5
generic nursing	0.0625	0.8125	0.3125	0.9375	0.0	0.125
genetic	0.28125	0.71875	0.234375	0.453125	0.421875	0.28125
genetic engineering	0.296875	0.59375	0.5625	0.390625	0.453125	0.375
geneticist	0.3125	1.0	0.78125	0.1875	0.71875	0.21875
genetics	0.2922794117647059	0.7389705882352942	0.4963235294117647	0.5974264705882353	0.23529411764705882	0.33455882352941174
genetics and cell development	0.21875	0.875	0.3125	0.4375	0.125	0.21875
genetics-biology	0.15625	0.71875	0.8125	0.71875	0.59375	0.25
genetics/international business	0.40625	0.5	0.125	0.53125	0.375	0.875
geo informatics	0.375	0.125	0.15625	0.3125	0.625	0.625
geochemistry	0.609375	0.65625	0.3125	0.375	0.34375	0.515625
geodesy	0.359375	0.796875	0.609375	0.234375	0.109375	0.359375
geodetic engineering	0.25	0.28125	0.8125	0.625	0.5625	0.1875
geographer	0.21875	0.203125	0.453125	0.5625	0.359375	0.5
geographical information system	0.34375	0.6875	0.71875	0.625	0.40625	0.25
geographical sciences	0.21875	0.625	0.46875	0.75	0.25	0.1875
geography	0.30464743589743587	0.5692307692307692	0.4863782051282051	0.53125	0.3580128205128205	0.3193910256410256
geography & design	0.4375	0.34375	0.6875	0.59375	0.15625	0.21875
geography and economics	0.34375	0.84375	0.25	0.46875	0.3125	0.625
geography and eduation	0.40625	0.71875	0.625	0.59375	0.5	0.0625
geography and geology	0.125	0.4375	0.78125	0.84375	0.375	0.5625
geography and law	0.65625	0.6875	0.71875	0.375	0.65625	0.28125
geography and politics	0.03125	0.46875	0.40625	0.65625	0.40625	0.375
geography and sociology	0.59375	0.65625	0.84375	0.84375	0.75	0.625
geography and statistics	0.375	0.75	0.40625	0.65625	0.59375	0.59375
geography computer science education	0.75	0.75	0.59375	0.5625	0.15625	0.375
geography of tourism	0.25	0.75	0.5625	0.625	0.34375	0.1875
geography sociology	0.0625	0.5	0.8125	0.5625	0.3125	0.0
geography, french	0.09375	0.46875	0.65625	0.75	0.25	0.1875
geography/gis	0.5	0.5625	0.65625	0.46875	0.75	0.71875
geography/history studies	0.375	0.6875	0.5	0.5	0.03125	0.4375
geoinformatic	0.5	0.25	0.28125	0.6875	0.75	0.71875
geoinformatics	0.09375	0.21875	0.046875	0.53125	0.078125	0.25
geoinformation	0.2109375	0.1171875	0.203125	0.4765625	0.1796875	0.1171875
geolgy	0.6875	0.8125	0.5625	0.78125	0.4375	0.5625
geological engineering	0.5	0.7291666666666666	0.5416666666666666	0.4375	0.21875	0.3958333333333333
geological sciences	0.5	0.53125	0.125	0.4375	0.25	0.21875
geological sciences, geography	0.09375	0.90625	0.875	0.71875	0.09375	0.40625
geological sciencesbs, geography ba, anthropo	0.125	0.875	0.84375	0.625	0.25	0.5625
geologist	0.3125	0.90625	0.46875	0.6875	0.46875	0.28125
geology	0.3790650406504065	0.6610772357723578	0.4969512195121951	0.5177845528455285	0.3094512195121951	0.3412093495934959
geology and geography	0.65625	0.3125	0.46875	0.375	0.375	0.1875
geology, counseling	0.5625	0.96875	0.40625	0.625	0.375	0.5
geology, fashion business	0.0	0.28125	0.78125	0.59375	0.25	0.03125
geomatic engineering	0.8125	0.5625	0.34375	0.75	0.53125	0.9375
geomatics	0.125	0.71875	0.4375	0.53125	0.375	0.34375
geophysical engineering	0.46875	0.8125	0.90625	0.78125	0.15625	0.15625
geophysical sciences	0.09375	0.59375	0.46875	0.53125	0.3125	0.21875
geophysics	0.38636363636363635	0.6363636363636364	0.42045454545454547	0.4289772727272727	0.20454545454545456	0.32954545454545453
geophysics engineer	0.28125	0.40625	0.3125	0.28125	0.3125	0.78125
george mason university	0.34375	0.15625	0.4375	0.75	0.375	0.53125
georgraphy	0.46875	0.328125	0.390625	0.34375	0.125	0.609375
geoscience	0.4479166666666667	0.7916666666666666	0.59375	0.5104166666666666	0.3125	0.40625
geospatial information science	0.6875	0.46875	0.25	0.5	0.6875	0.78125
geospatial science and geology	0.5	0.59375	0.5625	0.34375	0.25	0.5625
geriatrics	0.25	0.5625	0.21875	0.6875	0.6875	0.71875
german	0.23397435897435898	0.5080128205128205	0.5753205128205128	0.5753205128205128	0.31490384615384615	0.28846153846153844
german l	0.40625	0.40625	0.625	0.78125	0.59375	0.40625
german lang and business	0.28125	0.4375	0.71875	0.5625	0.4375	0.375
german linguistics	0.375	0.5625	0.8125	0.78125	0.59375	0.40625
german literature	0.28125	0.6875	0.5625	0.75	0.53125	0.0625
german literature / medicine	0.265625	0.765625	0.6875	0.71875	0.578125	0.390625
german studies	0.4375	0.6354166666666666	0.5520833333333334	0.71875	0.3645833333333333	0.4583333333333333
german studies, graphic design	0.125	0.4375	0.4375	0.3125	0.21875	0.34375
german, education	0.59375	0.28125	0.59375	0.34375	0.125	0.1875
german, educational science	0.1875	0.0	0.6875	0.84375	0.71875	0.1875
germanistik	0.375	0.59375	0.40625	0.8125	0.75	0.6875
gerontology	0.36160714285714285	0.45089285714285715	0.39285714285714285	0.5089285714285714	0.2857142857142857	0.45089285714285715
gerontoloy/art	0.46875	0.96875	0.65625	0.625	0.0625	0.59375
gestão	0.3541666666666667	0.3958333333333333	0.3645833333333333	0.5416666666666666	0.5104166666666666	0.3541666666666667
gestão de marketing e vendas	0.5	0.375	0.46875	0.875	0.65625	0.46875
gis	0.65625	0.5625	0.328125	0.53125	0.328125	0.484375
glassmaking	0.125	0.71875	0.625	0.3125	0.0625	0.0
global affairs	0.2109375	0.5546875	0.6640625	0.5859375	0.4375	0.2265625
global and international studies	0.65625	0.90625	0.65625	0.6875	0.625	0.5
global business	0.328125	0.53125	0.640625	0.703125	0.65625	0.484375
global business administration	0.40625	0.4375	0.65625	0.75	0.78125	0.71875
global bussiness	0.40625	0.59375	0.40625	0.625	0.625	0.59375
global china studies	0.0	0.5	0.625	0.375	0.75	0.1875
global creative industries	0.28125	0.34375	0.65625	0.6875	0.625	0.53125
global development	0.359375	0.625	0.546875	0.5	0.15625	0.109375
global health	0.40625	0.6875	0.75	0.78125	0.5625	0.375
global innovation management	0.1875	0.28125	0.84375	0.71875	0.65625	0.21875
global logistics	0.40625	0.5	0.59375	0.90625	0.71875	0.75
global logistics management	0.21875	0.5	0.53125	0.6875	0.25	0.625
global luxury management	0.5	0.65625	0.765625	0.53125	0.765625	0.421875
global political economy	0.0	0.78125	0.3125	0.59375	0.03125	0.15625
global studies	0.2109375	0.4921875	0.5625	0.609375	0.328125	0.3125
global studies, public health and management	0.03125	0.0625	0.40625	0.875	0.1875	0.1875
global supply chain mangement	0.28125	0.1875	0.875	0.75	0.46875	0.15625
gold engineering	0.09375	0.3125	0.5625	0.6875	0.09375	0.15625
golf	0.59375	0.71875	0.34375	0.75	0.84375	0.75
good	0.09375	0.09375	0.125	0.5625	0.5	0.34375
government	0.21153846153846154	0.47115384615384615	0.4495192307692308	0.5721153846153846	0.4182692307692308	0.23317307692307693
government & french	0.28125	0.28125	0.875	0.4375	0.53125	0.5625
government / history	0.03125	0.40625	0.34375	0.8125	0.125	0.28125
government and german (double major)	0.0625	0.4375	0.78125	0.71875	0.53125	0.15625
government and international relations	0.46875	0.40625	0.15625	0.375	0.3125	0.75
government and journalism	0.15625	0.90625	0.5625	0.625	0.3125	0.125
government and psychology	0.03125	0.375	0.34375	0.4375	0.59375	0.15625
government services	0.125	0.5	0.6875	1.0	0.9375	0.96875
government, social work & business	0.15625	0.25	0.6875	0.78125	0.1875	0.34375
government/ sociology	0.125	0.0	0.3125	0.59375	0.34375	0.1875
government/intl affairs	0.4375	0.5625	0.75	0.75	0.5625	0.65625
graduate school in clinical mental health cou	0.125	0.375	0.71875	0.84375	0.40625	0.0625
grahic design	0.03125	0.625	0.28125	0.21875	0.15625	0.0
graphic	0.08333333333333333	0.1875	0.40625	0.3958333333333333	0.19791666666666666	0.28125
graphic & web design	0.15625	0.46875	0.71875	0.3125	0.25	0.03125
graphic art	0.0	0.6875	0.59375	0.375	0.21875	0.46875
graphic arts	0.4140625	0.546875	0.765625	0.546875	0.40625	0.359375
graphic arts & aa degree	0.5625	0.65625	0.78125	0.96875	0.5625	0.46875
graphic arts management	0.84375	0.71875	0.375	0.625	0.375	0.40625
graphic communication	0.03125	0.21875	0.71875	0.84375	0.34375	0.34375
graphic communications	0.125	0.22916666666666666	0.6666666666666666	0.5833333333333334	0.4375	0.375
graphic deisgn	0.46875	0.46875	0.46875	0.53125	0.3125	0.25
graphic design	0.273853550295858	0.4900147928994083	0.612241124260355	0.5478920118343196	0.34356508875739644	0.2636834319526627
graphic design and marketing	0.125	0.125	0.5	0.65625	0.5	0.5625
graphic design fine art	0.375	0.71875	0.78125	0.6875	0.6875	0.0
graphic design, business administration	0.21875	0.625	0.6875	0.78125	0.21875	0.0
graphic design, photography	0.09375	0.28125	0.9375	0.96875	0.59375	0.0625
graphic design/marketing	0.28125	0.34375	0.75	0.625	0.125	0.09375
graphic design/photography minor, special edu	0.375	0.6875	0.75	0.84375	0.5	0.375
graphic designer	0.22916666666666666	0.5	0.5416666666666666	0.65625	0.3958333333333333	0.2604166666666667
graphical communication	0.3125	0.625	0.46875	0.3125	0.3125	0.4375
graphics	0.265625	0.484375	0.484375	0.5078125	0.265625	0.3359375
graphics and multimedia	0.53125	0.4375	0.9375	1.0	0.375	0.5625
graphics and multimedia software	0.21875	0.09375	0.53125	0.78125	0.65625	0.65625
graphics design	0.59375	0.28125	0.8125	0.34375	0.4375	0.28125
graphics engineering and design	0.0	0.84375	0.90625	0.125	0.125	0.0
greek	0.3125	0.375	0.734375	0.5	0.734375	0.140625
greek and roman studies	0.125	0.3125	0.34375	0.75	0.15625	0.59375
greek language and culture	0.3125	0.53125	0.46875	0.4375	0.375	0.21875
gregorian chant	0.5	0.53125	0.78125	0.625	0.53125	0.46875
guidance	0.1875	0.46875	0.515625	0.734375	0.609375	0.5
guidance & counselling	0.65625	0.6875	0.765625	0.8125	0.78125	0.8125
guidance and counceling	0.53125	0.25	0.78125	0.6875	0.6875	0.875
guidance and counseling	0.3482142857142857	0.5267857142857143	0.5803571428571429	0.8883928571428571	0.5892857142857143	0.5267857142857143
guidance and counselling	0.34375	0.53125	0.5133928571428571	0.8928571428571429	0.3794642857142857	0.4330357142857143
guidance and psychological counselling	0.34375	0.4375	0.46875	0.71875	0.375	0.1875
guidance and psyhological counseling	0.4375	1.0	0.9375	0.9375	0.78125	0.40625
guidance counceling	0.25	0.75	0.71875	0.75	0.3125	0.40625
guidance counciling	0.0	0.0625	0.3125	0.75	0.25	0.0
guidance counseling	0.5625	0.59375	0.65625	0.90625	0.75	0.625
guidance counselling	0.125	0.5625	0.15625	0.53125	0.34375	0.125
guidance counselor	0.03125	0.40625	0.625	0.59375	0.5	0.59375
guidance, counselling and careers	0.15625	0.28125	0.625	0.6875	0.46875	0.0
guide and counselling	0.0625	0.28125	0.5625	0.8125	0.21875	0.15625
guide counseling	0.125	0.71875	0.46875	0.9375	0.25	0.25
guidence and counselling	0.0625	0.71875	0.65625	0.75	0.5	0.15625
guiidence and counselling	0.3125	0.4375	0.53125	0.75	0.5	0.28125
gymnastics	0.125	0.125	0.1875	1.0	0.78125	0.25
génie civil	0.6875	0.78125	1.0	0.90625	0.6875	0.6875
génie énergétique	0.5	0.375	0.15625	0.5625	0.125	0.21875
hair design	0.03125	0.46875	0.125	0.8125	0.1875	0.125
hairstyles	0.4375	0.5	0.78125	0.8125	0.75	0.46875
happy	0.5	0.65625	0.5	0.625	0.625	0.5
hardware engineering	0.328125	0.5	0.671875	0.65625	0.484375	0.265625
harvard	0.53125	1.0	1.0	1.0	0.875	0.5625
hawaiian language	0.15625	0.4375	0.0	0.46875	0.0	0.5
hca	0.21875	0.21875	0.15625	0.78125	0.625	0.84375
hdfs	0.375	0.0	0.125	0.75	0.0625	0.59375
health	0.2532051282051282	0.6141826923076923	0.4375	0.6394230769230769	0.33653846153846156	0.3092948717948718
health & exercise science	0.3125	0.6875	0.125	0.8125	0.34375	0.03125
health & exercise science/psychology	0.1875	0.3125	0.03125	0.65625	0.34375	0.1875
health & medical administrative services	0.375	0.625	0.5	0.59375	0.5625	0.46875
health & safety	0.1875	0.6875	0.375	0.625	0.0	0.0625
health & wellness	0.3125	0.84375	0.84375	0.75	0.03125	0.21875
health admin	0.453125	0.3125	0.28125	0.359375	0.34375	0.484375
health administration	0.1701388888888889	0.5277777777777778	0.3402777777777778	0.6597222222222222	0.4236111111111111	0.4895833333333333
health administration, gereontology	0.3125	0.8125	0.59375	0.65625	0.1875	0.375
health administrative services	0.5625	0.1875	0.40625	0.65625	0.8125	0.625
health alliance	0.03125	0.59375	0.90625	0.875	0.65625	0.625
health and biology	0.4375	0.8125	0.84375	0.59375	0.375	0.28125
health and community studies	0.40625	0.25	0.21875	0.6875	0.59375	0.59375
health and exercise physiology	0.5	0.84375	0.59375	0.65625	0.5	0.375
health and exercise science	0.1796875	0.6328125	0.4375	0.8359375	0.3046875	0.1640625
health and fitness	0.2890625	0.6953125	0.5703125	0.734375	0.515625	0.5703125
health and fitness / english	0.375	0.46875	0.1875	0.375	0.0625	0.0
health and fitness management	0.25	1.0	0.46875	0.9375	0.25	0.3125
health and human performance	0.046875	0.640625	0.390625	0.703125	0.28125	0.140625
health and human science	0.5	0.875	0.5	0.8125	0.28125	0.0625
health and human services	0.25	0.8125	0.1875	0.8125	0.5	0.53125
health and physcial edu	0.0625	0.53125	0.34375	0.9375	0.46875	0.28125
health and physical ed	0.1875	0.78125	0.125	0.75	0.46875	0.09375
health and physical education	0.6875	0.71875	0.375	0.84375	0.78125	0.46875
health and recreagtion	0.5	0.34375	0.625	0.90625	0.4375	0.34375
health and safety	0.609375	0.84375	0.484375	0.6875	0.296875	0.21875
health and science	0.0625	0.625	0.0	0.53125	0.0	0.0
health and social care	0.40625	0.5	0.65625	0.625	0.21875	0.375
health and wellness	0.05803571428571429	0.39285714285714285	0.16517857142857142	0.7232142857142857	0.20535714285714285	0.12053571428571429
health behavior	0.28125	0.4375	0.59375	0.40625	0.15625	0.0
health care	0.2924107142857143	0.5200892857142857	0.390625	0.6986607142857143	0.40401785714285715	0.40625
health care - medical assistant	0.4375	0.3125	0.25	0.53125	0.5625	0.6875
health care administration	0.1846590909090909	0.6193181818181818	0.4034090909090909	0.65625	0.26136363636363635	0.34375
health care administration/psychology	0.0	0.75	0.625	0.84375	0.4375	0.4375
health care adminstration	0.0	0.375	0.0	0.6875	0.125	0.6875
health care and science	0.25	1.0	0.84375	0.84375	0.625	0.34375
health care management	0.3368055555555556	0.5590277777777778	0.2152777777777778	0.5902777777777778	0.3125	0.6736111111111112
health care studies	0.171875	0.640625	0.28125	0.828125	0.484375	0.546875
health economics	0.0625	0.96875	0.15625	0.4375	0.4375	0.53125
health education	0.12053571428571429	0.48660714285714285	0.25892857142857145	0.6294642857142857	0.23214285714285715	0.3125
health exercise science	0.03125	0.625	0.75	0.6875	0.15625	0.03125
health ib=nformatics	0.25	0.21875	0.0	0.65625	0.09375	0.59375
health informatics	0.0	0.53125	0.0625	0.34375	0.125	0.28125
health information	0.125	0.28125	0.1875	0.515625	0.15625	0.4375
health information management	0.28125	0.575	0.64375	0.7375	0.56875	0.5375
health information management technology	0.0	0.09375	0.1875	0.125	0.0	0.0
health information managment	0.1875	0.34375	0.28125	0.5625	0.5	0.4375
health information systems	0.0625	0.625	0.78125	0.71875	0.03125	0.125
health information technologh	0.5625	0.25	0.0625	0.875	0.34375	0.625
health it	0.4375	0.875	0.4375	0.125	0.03125	0.28125
health manage,ment	0.1875	0.59375	0.625	0.5625	0.4375	0.25
health management	0.421875	0.6796875	0.71875	0.7421875	0.390625	0.4609375
health nutrition	0.59375	0.8125	0.53125	0.75	0.5	0.5625
health occupations	0.0625	0.875	0.34375	0.59375	0.125	0.28125
health physics	0.71875	0.46875	0.71875	0.625	0.59375	0.4375
health planning & administration	0.3125	0.53125	0.3125	0.4375	0.625	0.59375
health policy	0.15625	0.71875	0.34375	0.6875	0.328125	0.171875
health policy administration	0.0	0.34375	0.21875	0.75	0.25	0.125
health policy studies	0.0	0.1875	0.5625	0.53125	0.40625	0.5625
health promotion	0.203125	0.4453125	0.33984375	0.59765625	0.359375	0.359375
health promotion & disease prevention	0.125	0.8125	0.3125	0.90625	0.4375	0.75
health promotion and education	0.125	0.28125	0.21875	0.4375	0.21875	0.5
health promotion and euducation	0.15625	0.53125	0.34375	0.90625	0.125	0.1875
health promotion, psychology	0.4375	0.65625	0.71875	0.875	0.4375	0.40625
health promotions	0.21875	0.5625	0.3125	0.6875	0.25	0.46875
health records and information technology	-0.03125	0.4375	0.09375	0.15625	0.3125	0.65625
health scienc	0.5	0.46875	0.65625	0.75	0.65625	0.4375
health science	0.2111111111111111	0.5958333333333333	0.38229166666666664	0.6013888888888889	0.34305555555555556	0.30625
health science (bsc), then chemistry and toxi	0.1875	0.6875	0.28125	0.53125	0.3125	0.1875
health science occupational therapy	0.4375	0.71875	0.75	0.6875	0.25	0.21875
health science studies	0.0	0.59375	0.625	0.84375	0.0	0.0
health science, business, hr, marketing	0.3125	0.53125	0.5	0.6875	0.5625	0.34375
health science- midwifery	0.5	0.96875	0.84375	0.5	0.125	0.375
health science/ community health education	0.09375	0.59375	0.6875	0.6875	0.25	0.34375
health sciences	0.19236111111111112	0.6	0.39861111111111114	0.6402777777777777	0.30833333333333335	0.3145833333333333
health sciene	0.0625	0.6875	0.0	0.375	0.21875	0.0
health service management	0.1796875	0.46875	0.3828125	0.8359375	0.6875	0.5390625
health services	0.2708333333333333	0.4479166666666667	0.453125	0.78125	0.4635416666666667	0.4322916666666667
health services admin	0.125	0.5625	0.125	0.28125	0.15625	0.71875
health services administration	0.34375	0.65625	0.65625	0.75	0.375	0.375
health services management	0.3697916666666667	0.5833333333333334	0.3854166666666667	0.7083333333333334	0.4375	0.53125
health studies	0.23660714285714285	0.6026785714285714	0.36830357142857145	0.7388392857142857	0.29017857142857145	0.38169642857142855
health studies and psycholgy	0.28125	0.65625	0.40625	0.71875	0.25	0.0625
health studies variants	0.40625	0.71875	0.25	0.34375	0.21875	0.125
health technology	0.46875	0.59375	0.21875	0.6875	0.71875	0.84375
health technology and management	0.125	0.1875	0.59375	0.21875	0.4375	0.09375
health, leisure, fitness studies	0.84375	0.8125	0.6875	0.9375	0.875	0.8125
healthcare	0.3125	0.5625	0.4605263157894737	0.6332236842105263	0.36348684210526316	0.43585526315789475
healthcare admin	0.4375	0.65625	0.40625	0.5625	0.53125	0.65625
healthcare administration	0.2866847826086957	0.6100543478260869	0.421195652173913	0.7255434782608695	0.49728260869565216	0.5760869565217391
healthcare administrative	0.34375	0.90625	0.34375	0.75	0.40625	0.6875
healthcare administrator	0.3125	0.6875	0.59375	0.6875	0.375	0.59375
healthcare management	0.19602272727272727	0.45170454545454547	0.3494318181818182	0.7017045454545454	0.59375	0.5852272727272727
healthcare management and policy	0.3125	0.625	0.5625	0.75	0.40625	0.28125
healthcare managment	0.71875	0.875	0.46875	0.8125	0.21875	0.15625
healthcare mangement	0.625	0.46875	0.53125	0.875	0.46875	0.75
healthcare mgmt	0.25	0.59375	0.21875	0.46875	0.46875	0.6875
healthcare professional	0.0625	0.84375	0.78125	0.375	0.03125	0.15625
healthcare science	0.0	0.125	0.25	0.59375	0.15625	0.6875
healthcare services	0.25	0.4375	0.5625	1.0	0.6875	0.75
healthcare studies	0.21875	0.875	0.8125	0.6875	0.46875	0.09375
healthy	0.1875	0.40625	0.0	0.59375	0.125	0.3125
healyh & safety	0.78125	0.65625	0.59375	0.84375	0.53125	0.375
hearing science	0.3125	0.46875	0.375	0.5	0.34375	0.5
heath science	0.40625	0.34375	0.6875	0.734375	0.625	0.609375
heath sciences	0.75	0.8125	0.65625	0.75	0.40625	0.65625
heath service adminstration	0.15625	0.21875	0.53125	0.875	0.6875	0.5625
heating power	0.3125	0.25	0.3125	0.1875	0.40625	0.75
heistory	0.84375	0.71875	0.71875	0.71875	0.78125	0.75
herbal medicine	0.0625	0.875	0.625	0.46875	0.234375	0.0
heritage management	0.125	0.65625	0.375	0.375	0.4375	0.28125
heritage protection and restauration	0.3125	0.65625	0.71875	0.75	0.34375	0.03125
higher diploma in coaching pyschology	0.125	0.21875	0.59375	0.75	0.09375	0.21875
higher ed admin	0.1875	0.46875	0.75	0.640625	0.328125	0.203125
higher ed administration	0.21875	0.375	0.28125	0.1875	0.71875	0.71875
higher educatin	0.125	0.125	0.34375	0.8125	0.59375	0.28125
higher education	0.2109375	0.4192708333333333	0.4739583333333333	0.6328125	0.4088541666666667	0.3671875
higher education adm	0.125	0.6875	0.53125	0.53125	0.59375	0.46875
higher education admin	0.21875	0.375	0.65625	0.4375	0.625	0.34375
higher education administration	0.1875	0.5416666666666666	0.6041666666666666	0.6458333333333334	0.46875	0.16666666666666666
higher education counseling and student affai	0.0625	0.0	0.0	0.53125	0.25	0.34375
higher education leadership	0.15625	0.546875	0.546875	0.65625	0.421875	0.265625
higher education/student personel	0.15625	0.03125	0.28125	0.65625	0.25	0.9375
himan service/counseling	0.4375	0.59375	0.25	0.6875	0.59375	0.6875
hindi	0.3125	0.3125	0.5	0.75	0.5	0.75
hispanic studies	0.13541666666666666	0.4791666666666667	0.4479166666666667	0.5625	0.20833333333333334	0.3229166666666667
hispanic studies & political science	0.5	0.15625	0.65625	0.53125	0.1875	0.875
historic conservation	0.28125	0.59375	0.59375	0.59375	0.125	0.09375
historic preservation	0.1875	0.59375	0.375	0.28125	0.375	0.5625
historic preservation / dance	0.03125	0.1875	0.515625	0.546875	0.125	0.0
historic preservation and city planning	0.40625	0.53125	0.34375	0.84375	0.65625	0.625
historical and political studi	0.0625	0.125	0.4375	0.8125	0.4375	0.0
historical anthropology	0.34375	0.4375	0.6875	0.6875	0.28125	0.28125
historu	0.21875	0.0625	0.28125	0.59375	0.65625	0.40625
history	0.2479029605263158	0.510485197368421	0.5422697368421052	0.5683799342105263	0.3338404605263158	0.2800164473684211
history & anthropology	0.0	0.3125	0.78125	0.0	0.21875	0.0
history & archaeology	0.25	0.71875	0.65625	0.78125	0.3125	0.1875
history & english	0.21875	0.625	0.8125	0.59375	0.46875	0.34375
history & politics	0.28125	0.75	0.6875	0.71875	0.28125	0.28125
history & pyschology	0.0625	0.53125	0.34375	0.4375	0.25	0.09375
history & sociology	0.28125	0.40625	0.46875	0.59375	0.40625	0.59375
history & visual arts	0.03125	0.6875	0.03125	0.65625	0.0	0.09375
history &,english	0.0625	0.15625	0.125	0.65625	0.34375	0.6875
history (for education)	0.5625	0.75	0.65625	0.625	0.25	0.34375
history ,psychology	0.34375	0.375	0.53125	0.4375	0.59375	0.21875
history / economics	0.375	0.28125	0.65625	0.6875	0.59375	0.375
history / library science	0.1875	0.625	0.5625	0.46875	0.34375	0.28125
history / political science	0.34375	0.65625	0.71875	0.625	0.40625	0.53125
history / sociology / student development	0.28125	0.59375	0.78125	0.5	0.125	0.28125
history / teaching	0.0	0.59375	0.4375	0.625	0.5625	0.34375
history and accounting	0.28125	0.65625	0.5625	0.15625	0.3125	0.5
history and biology	0.375	0.53125	0.59375	0.6875	0.40625	0.28125
history and creative writing	0.40625	0.375	0.59375	0.71875	0.46875	0.34375
history and design	0.375	0.46875	0.71875	0.6875	0.46875	0.6875
history and education	0.53125	0.53125	0.34375	0.71875	0.5	0.59375
history and english literature	0.21875	0.3125	0.4375	0.65625	0.34375	0.28125
history and french	0.046875	0.109375	0.5	0.515625	0.40625	0.328125
history and government	0.0625	0.65625	0.53125	0.53125	0.40625	0.5625
history and international studies	0.375	0.875	0.21875	0.84375	0.46875	0.53125
history and languages	0.15625	0.625	0.84375	0.75	0.4375	0.28125
history and philosophy	0.03125	0.1875	0.609375	0.4375	0.3125	0.328125
history and physics	0.65625	0.9375	0.28125	0.625	0.28125	0.40625
history and political science	0.03125	0.08333333333333333	0.4375	0.625	0.34375	0.17708333333333334
history and politics	0.015625	0.78125	0.5625	0.484375	0.28125	0.09375
history and psychology	0.3125	0.5625	0.40625	0.46875	0.4375	0.4375
history and secondary education	0.1875	0.625	0.78125	0.9375	0.375	0.03125
history and sociology	0.171875	0.171875	0.46875	0.5625	0.34375	0.28125
history and studio art	0.0625	0.3125	0.5625	0.34375	0.09375	0.0
history and then accounting	0.0625	0.1875	0.6875	0.5	0.28125	0.15625
history and theology	0.3125	0.8125	0.40625	0.4375	0.28125	0.1875
history and women studies	0.375	0.5625	0.625	0.90625	0.4375	0.3125
history ba	0.6875	0.390625	0.25	0.75	0.5625	0.421875
history economics	0.1875	0.0	0.03125	0.25	0.40625	0.5
history education	0.390625	0.328125	0.546875	0.71875	0.4375	0.5625
history english	0.125	0.53125	0.5625	0.9375	0.375	0.21875
history first degree, psychology second	0.59375	0.84375	0.75	0.9375	0.71875	0.53125
history for education	0.0	0.0	0.1875	0.5625	0.0	0.0
history of art	0.23177083333333334	0.5598958333333334	0.6744791666666666	0.5885416666666666	0.4088541666666667	0.23697916666666666
history of art and architecture	0.21875	0.75	0.5	0.03125	0.21875	0.5
history of art, architecture & design	0.28125	0.6875	0.59375	0.4375	0.375	0.125
history of arts	0.0625	0.375	0.625	0.375	0.125	0.125
history of arts & law	0.3125	0.6875	0.71875	0.5	0.5625	0.375
history or literature or psychology or	0.21875	0.5625	0.5	0.46875	0.0	0.0625
history secondary education; special educatio	0.0625	0.21875	0.5625	0.875	0.21875	0.375
history with archaeology	0.25	0.90625	0.5	0.40625	0.28125	0.75
history with secondary education	0.03125	0.1875	0.15625	0.625	0.0625	0.3125
history with secondary education certificatio	0.59375	0.46875	0.53125	0.90625	0.5625	0.59375
history, advertising/public relations	0.15625	0.53125	0.625	0.28125	0.1875	0.25
history, anthropology	0.1875	0.40625	0.6875	0.5625	0.15625	0.25
history, business	0.09375	0.34375	0.3125	0.65625	0.53125	0.65625
history, coaching	0.0	0.0	0.0	0.0625	0.0	0.0
history, education	0.15625	0.65625	0.46875	0.78125	0.46875	0.53125
history, geography	0.34375	0.71875	0.9375	0.8125	0.25	0.3125
history, library and information science, arc	0.53125	0.40625	0.75	0.78125	0.71875	0.5
history, occupational health, health and safe	0.46875	0.5	0.625	0.65625	0.25	0.0
history, philosophy	0.25	0.359375	0.53125	0.5625	0.34375	0.34375
history, political science, biology	0.03125	0.75	0.34375	0.375	0.28125	0.0625
history, psychology, education	0.6875	0.59375	0.21875	0.75	0.5625	0.3125
history, russian, biology	0.46875	0.84375	0.4375	0.625	0.53125	0.5
history, spanish	0.3125	0.71875	0.796875	0.828125	0.328125	0.171875
history, studio art	0.15625	0.0	0.28125	0.125	0.0625	0.25
history, tesol	0.03125	0.46875	0.5625	0.53125	0.4375	0.15625
history, theatre studies	0.0	0.25	0.8125	0.59375	0.28125	0.03125
history, theatre, film	0.28125	0.78125	0.90625	0.34375	0.25	0.25
history,sociology	0.3125	0.71875	0.5625	0.65625	0.5	0.65625
history-education	0.34375	0.75	0.0625	0.59375	0.15625	0.53125
history-political science	0.15625	0.25	0.3125	0.4375	0.09375	0.5
history/anthropology	0.0	0.5	0.75	0.78125	0.21875	0.125
history/archaeology	0.15625	0.34375	0.5	0.59375	0.28125	0.46875
history/arts	0.0625	0.0625	1.0	0.5	0.0	0.6875
history/communications	0.1875	0.65625	0.84375	0.5625	0.15625	0.21875
history/criminology	0.203125	0.5	0.515625	0.65625	0.21875	0.421875
history/education	0.3854166666666667	0.53125	0.4791666666666667	0.6145833333333334	0.3958333333333333	0.25
history/english	0.375	0.1875	0.71875	0.84375	0.5625	0.59375
history/law	0.5625	0.4375	0.28125	0.625	0.4375	0.0625
history/philosophy	0.6875	0.4375	0.09375	0.34375	0.03125	0.75
history/spanish	0.5625	0.625	0.59375	0.84375	0.09375	0.5625
history/visual art	0.15625	0.875	0.53125	0.625	0.15625	0.0
history; african-american studies	0.0	0.90625	0.6875	0.90625	0.46875	0.1875
history; public policy and administration	0.40625	0.625	0.71875	0.53125	0.34375	0.40625
historyczne of art	0.0	0.53125	0.6875	0.46875	0.1875	0.0
histoy	0.21875	0.8125	0.78125	0.8125	0.34375	0.0625
histroy	0.53125	0.46875	0.5	0.59375	0.53125	0.59375
história	0.171875	0.078125	0.171875	0.421875	0.0625	0.046875
hisyory	0.6875	0.96875	0.6875	0.65625	0.625	0.5625
hit	0.19791666666666666	0.5	0.3854166666666667	0.53125	0.375	0.6145833333333334
hm	0.71875	0.75	0.78125	0.78125	0.71875	0.71875
hman resource management	0.1875	0.125	0.75	0.90625	0.875	0.8125
hod	0.5	1.0	0.78125	1.0	0.5	0.5
holistic counseling	0.0625	0.59375	0.65625	0.65625	0.09375	0.03125
holistic health	0.15625	0.5625	0.34375	0.96875	0.28125	0.21875
holistic medicine	0.3125	0.71875	0.375	0.75	0.03125	0.125
home economics	0.38392857142857145	0.41517857142857145	0.3794642857142857	0.6607142857142857	0.4017857142857143	0.5223214285714286
homeland security	0.3020833333333333	0.5520833333333334	0.3229166666666667	0.5729166666666666	0.3541666666666667	0.2916666666666667
homeland seriitiy	0.59375	0.5625	0.625	0.5	0.65625	0.625
homescience	0.53125	0.65625	0.71875	0.75	0.6875	0.53125
honors college (humanities)	0.34375	0.46875	0.71875	0.71875	0.09375	0.25
honours psych	0.09375	0.65625	0.21875	0.5625	0.34375	0.6875
horticlture	0.3125	0.71875	0.65625	0.34375	0.125	0.28125
horticultural science	0.34375	0.875	0.625	0.46875	0.21875	0.25
horticulture	0.3778409090909091	0.6661931818181818	0.5198863636363636	0.53125	0.3068181818181818	0.3224431818181818
horticulture, fine art	0.09375	0.25	0.25	0.09375	0.125	0.09375
horticulture/communications	0.09375	0.59375	0.34375	0.46875	0.5625	0.53125
horticulure	0.59375	0.75	0.84375	0.5625	0.75	0.3125
hospital administration	0.15625	0.09375	0.0	0.53125	0.53125	0.65625
hospital reimbursement and coding	0.1875	0.46875	0.0	0.5625	0.1875	0.46875
hospitaliity	0.375	0.875	0.84375	0.5625	0.1875	0.625
hospitality	0.36241883116883117	0.4090909090909091	0.5004058441558441	0.5836038961038961	0.5397727272727273	0.455762987012987
hospitality & tourism management	0.53125	0.4375	0.4375	0.84375	0.5625	0.6875
hospitality administration	0.4166666666666667	0.3125	0.5729166666666666	0.5833333333333334	0.5520833333333334	0.4583333333333333
hospitality and tourism	0.171875	0.171875	0.265625	0.46875	0.25	0.125
hospitality and tourism management	0.15625	0.0625	0.34375	0.3333333333333333	0.4895833333333333	0.375
hospitality industry	0.21875	0.3125	0.53125	0.71875	0.53125	0.1875
hospitality management	0.3053728070175439	0.40789473684210525	0.48026315789473684	0.6458333333333334	0.5679824561403509	0.4780701754385965
hospitality management/ culinary art	0.65625	0.34375	0.4375	0.4375	0.71875	0.65625
hospitality managment	0.0	0.6875	0.125	0.03125	0.09375	0.0
hospitality&tourism mgmt	0.5	0.125	0.9375	0.96875	0.875	0.75
host	0.125	0.5	0.09375	0.6875	0.3125	0.34375
hotel	0.4375	0.5	0.5	0.65625	0.15625	0.5
hotel & resort management	0.34375	0.25	0.375	0.9375	0.96875	0.90625
hotel & restaurant management	0.78125	0.90625	0.9375	0.78125	0.9375	0.78125
hotel administration	0.3515625	0.34375	0.3125	0.609375	0.4296875	0.3515625
hotel and restaurant management	0.4930555555555556	0.5729166666666666	0.5972222222222222	0.7083333333333334	0.5	0.5104166666666666
hotel and resturant management	0.1875	0.4375	0.625	0.5	0.625	0.4375
hotel and tourism managament	0.4375	0.875	0.625	0.75	0.46875	0.5
hotel and tourism management	0.25	1.0	0.8125	0.65625	0.59375	0.28125
hotel business	0.1875	0.40625	0.5	0.3125	0.5	0.375
hotel management	0.26145833333333335	0.4708333333333333	0.47291666666666665	0.5677083333333334	0.44479166666666664	0.3645833333333333
hotel managment	0.22916666666666666	0.4270833333333333	0.40625	0.5	0.6145833333333334	0.375
hotel mgmt	0.25	0.6875	0.34375	0.25	0.3125	0.21875
hotel mgt	0.0	0.625	0.5625	0.65625	0.28125	0.0625
hotel operations	0.375	0.375	0.4375	0.71875	0.625	0.34375
hotel restaurant management	0.0625	0.59375	0.34375	0.75	0.4375	0.6875
hotel restaurant mgmt	0.28125	0.4375	0.53125	0.5	0.5625	0.40625
hotel/restaurant administration	0.1875	0.53125	0.5625	0.875	0.5	0.40625
hotel/restaurant mgmt	0.15625	0.3125	0.375	0.625	0.5625	0.4375
hotels	0.46875	0.28125	0.28125	0.53125	0.71875	0.875
hr	0.2494877049180328	0.42827868852459017	0.45901639344262296	0.6214139344262295	0.48719262295081966	0.3867827868852459
hr administration	0.5	0.78125	0.59375	0.65625	0.5625	0.78125
hr and marketing	0.1875	0.75	0.671875	0.625	0.59375	0.171875
hr management	0.3020833333333333	0.4548611111111111	0.5	0.7083333333333334	0.5104166666666666	0.5104166666666666
hr management and finance	0.5625	0.65625	0.875	0.375	0.34375	0.25
hr/ir	0.3125	0.21875	0.21875	0.4375	0.28125	0.28125
hrd	0.4375	0.5625	0.4375	0.8125	0.53125	0.625
hrd / od	0.28125	0.34375	0.53125	0.59375	0.625	0.5625
hrm	0.3269230769230769	0.4362980769230769	0.6081730769230769	0.6935096153846154	0.5432692307692307	0.5120192307692307
hrwd	0.328125	0.21875	0.3125	0.671875	0.453125	0.625
hsa	0.03125	0.5625	0.34375	0.875	0.53125	0.15625
hsp	0.34375	0.34375	0.75	0.65625	0.5625	0.65625
htm	0.46875	0.875	0.5625	0.625	0.25	0.25
huamn development and family studies	0.0	0.5	0.5625	0.78125	0.21875	0.28125
humaities	0.1875	0.3125	0.84375	0.59375	0.71875	0.40625
human  resource management	0.25	0.375	0.0	0.96875	0.46875	0.53125
human  resources	0.0	0.625	0.3125	0.78125	0.3125	0.34375
human  services	0.15625	0.46875	0.5625	0.8125	0.0625	0.28125
human & organizational development	0.28125	0.6875	0.625	0.71875	0.46875	0.5
human and  social services	0.0	0.4375	0.46875	0.875	0.8125	0.78125
human and health sciences	0.1875	0.40625	0.78125	0.71875	0.625	0.21875
human and organizational development	0.125	0.5	0.03125	0.625	0.53125	0.8125
human and social services	0.052083333333333336	0.40625	0.3229166666666667	0.7708333333333334	0.20833333333333334	0.3854166666666667
human biology	0.3671875	0.734375	0.44921875	0.6640625	0.39453125	0.21484375
human biology and history	0.625	0.78125	0.71875	0.71875	0.40625	0.40625
human capital management	0.3125	0.53125	0.3125	0.21875	0.40625	0.21875
human centered design & engineering	0.0625	0.4375	0.75	0.40625	0.46875	0.15625
human communication	0.15625	0.40625	0.90625	0.78125	0.625	0.34375
human computer interaction and design	0.21875	0.875	0.6875	0.5	0.40625	0.34375
human design engineering	0.09375	0.21875	0.21875	0.1875	0.3125	0.0625
human develoopment	0.375	0.59375	0.65625	0.75	0.46875	0.28125
human development	0.166044776119403	0.41091417910447764	0.40205223880597013	0.7252798507462687	0.3269589552238806	0.23041044776119404
human development & family science	0.15625	0.421875	0.46875	0.734375	0.421875	0.28125
human development & family studies	0.125	0.53125	0.5078125	0.6015625	0.2890625	0.34375
human development & psych services	0.0	0.1875	0.625	0.65625	0.1875	0.125
human development & spanish	0.375	0.40625	0.15625	0.6875	0.4375	0.6875
human development and family relations	0.3125	0.8125	0.5625	0.84375	0.09375	0.28125
human development and family science	0.015625	0.296875	0.328125	0.734375	0.484375	0.140625
human development and family studies	0.18055555555555555	0.4409722222222222	0.4166666666666667	0.734375	0.2986111111111111	0.1875
human development and family studies, social	0.21875	0.34375	0.09375	1.0	0.5	0.40625
human development and family study	0.0	0.0	0.0	0.625	0.0625	0.03125
human development and psychology	0.0	0.1875	0.0625	0.46875	0.125	0.03125
human development family studies	0.375	0.375	0.53125	0.78125	0.375	0.5625
human development/ family studies	0.15625	0.71875	0.71875	0.71875	0.4375	0.125
human development/family planning	0.0	0.0	0.0	0.8125	0.0	0.0
human develpment	0.0	0.21875	0.03125	0.84375	0.65625	0.21875
human devlopment	0.25	0.71875	0.3125	0.8125	0.21875	0.21875
human ecology	0.21428571428571427	0.375	0.5401785714285714	0.7008928571428571	0.4732142857142857	0.2767857142857143
human ecology and education	0.15625	0.6875	0.28125	0.71875	0.6875	0.3125
human education	0.0625	0.15625	0.21875	0.59375	0.375	0.09375
human environmental sciences	0.0	0.5625	0.15625	0.5	0.09375	0.21875
human factors engineering	0.25	0.40625	0.0625	0.25	0.5625	0.46875
human family development	0.0	0.0625	0.09375	0.6875	0.21875	0.03125
human genetics	0.71875	0.9375	0.6875	0.71875	0.25	0.59375
human geography	0.22321428571428573	0.5089285714285714	0.48214285714285715	0.49107142857142855	0.32589285714285715	0.33035714285714285
human health & plant science	0.40625	0.84375	0.75	0.84375	0.71875	0.5625
human intelligence operations	0.9375	0.875	0.75	0.90625	0.78125	0.71875
human interaction	0.4375	0.71875	0.6875	0.5625	0.34375	0.3125
human justice	0.34375	0.53125	0.40625	0.65625	0.8125	0.71875
human kinetics	0.052083333333333336	0.65625	0.5	0.5520833333333334	0.10416666666666667	0.10416666666666667
human life science	0.28125	0.796875	0.53125	0.359375	0.078125	0.078125
human medicine	0.21875	0.71875	0.5625	0.75	0.15625	0.1875
human medicine and electrical engineering	0.625	0.5625	0.21875	0.1875	0.125	0.25
human motivation and behavior	0.4375	0.375	0.8125	0.78125	0.71875	0.25
human movement	0.140625	0.515625	0.53125	0.59375	0.265625	0.328125
human nutrition	0.21875	0.5416666666666666	0.5416666666666666	0.625	0.3854166666666667	0.3645833333333333
human physiology	0.15625	0.53125	0.3854166666666667	0.6875	0.21875	0.22916666666666666
human physiology, physician assistant studies	0.46875	0.8125	0.28125	0.40625	0.0625	0.125
human psychology	0.40625	0.4375	0.5	0.46875	0.53125	0.40625
human recources	0.375	0.53125	0.84375	0.5625	0.65625	0.125
human recourse management	0.3125	0.71875	0.71875	0.84375	0.59375	0.0625
human relation and business	0.0	0.40625	0.5	0.3125	0.28125	0.0
human relations	0.15625	0.3411458333333333	0.5338541666666666	0.5833333333333334	0.4348958333333333	0.3958333333333333
human relatios	0.125	0.875	0.3125	0.6875	0.25	0.21875
human resouce development	0.0	0.4375	0.6875	0.875	0.96875	1.0
human resouce management	0.3125	0.4375	0.3125	0.875	0.96875	1.0
human resouces	0.28125	0.6979166666666666	0.4895833333333333	0.7291666666666666	0.6666666666666666	0.5625
human resoucre	0.625	0.5	0.65625	0.5625	0.625	0.71875
human resource	0.32211538461538464	0.40192307692307694	0.46153846153846156	0.6826923076923077	0.5307692307692308	0.5302884615384615
human resource development	0.3020833333333333	0.42410714285714285	0.4538690476190476	0.7202380952380952	0.5729166666666666	0.6011904761904762
human resource development management	0.0625	0.21875	0.5	0.65625	0.1875	0.5
human resource management	0.2749208860759494	0.4189082278481013	0.5118670886075949	0.6736550632911392	0.5150316455696202	0.4837816455696203
human resource management & environmental sci	0.34375	0.5625	0.46875	0.9375	0.5625	0.78125
human resource management and psychology	0.34375	0.53125	0.3125	0.71875	0.21875	0.3125
human resource management, french	0.28125	0.21875	0.53125	0.625	0.34375	0.625
human resource manager	0.09375	0.21875	0.5	0.625	0.1875	0.5
human resource managment	0.2708333333333333	0.2708333333333333	0.3229166666666667	0.84375	0.6666666666666666	0.6145833333333334
human resource manger	0.25	0.8125	0.1875	1.0	0.875	1.0
human resource mgmt	0.625	0.375	0.4375	0.71875	0.46875	0.90625
human resources	0.22770182291666666	0.39013671875	0.4597981770833333	0.6461588541666666	0.46142578125	0.4462890625
human resources & career management	0.03125	0.28125	0.59375	0.8125	0.25	0.125
human resources & management/leadership	0.125	0.0625	0.03125	0.65625	0.71875	0.625
human resources & personnel management	0.375	0.53125	0.5703125	0.515625	0.671875	0.5078125
human resources and healthcare administration	0.0	0.21875	0.03125	0.28125	0.53125	0.34375
human resources and training	0.15625	0.09375	0.34375	0.5	0.59375	0.59375
human resources development	0.32589285714285715	0.4107142857142857	0.5535714285714286	0.6473214285714286	0.41517857142857145	0.39732142857142855
human resources management	0.23579545454545456	0.4024621212121212	0.5170454545454546	0.6732954545454546	0.5018939393939394	0.4346590909090909
human resources managment	0.0625	0.875	0.8125	0.75	0.375	0.0
human resources/business administration	0.5	0.78125	0.78125	0.84375	0.8125	0.84375
human resourcing	0.1875	0.59375	0.78125	0.90625	0.65625	0.53125
human resourcse	0.0	0.15625	0.34375	0.875	0.28125	0.1875
human resoures	0.1875	0.1875	0.15625	0.5625	0.40625	0.375
human resourse	0.6875	0.375	0.875	1.0	0.59375	1.0
human resourses	0.15	0.71875	0.6375	0.73125	0.525	0.34375
human respurces	0.21875	0.5	0.625	0.6875	0.625	0.5625
human rights	0.3541666666666667	0.5520833333333334	0.5416666666666666	0.6041666666666666	0.21875	0.25
human rrsource development	0.21875	0.0	0.40625	0.75	0.65625	0.78125
human science	0.2375	0.4875	0.4125	0.61875	0.35	0.25
human sciences	0.23660714285714285	0.45982142857142855	0.5133928571428571	0.6875	0.4419642857142857	0.38392857142857145
human service	0.3020833333333333	0.3567708333333333	0.3854166666666667	0.7005208333333334	0.3802083333333333	0.4791666666666667
human service & counseling	0.0	0.0625	0.28125	0.75	0.15625	0.3125
human service counseling	0.1875	0.46875	0.4375	0.640625	0.453125	0.390625
human service counseling/life coaching	0.09375	0.0625	0.15625	0.65625	0.3125	0.3125
human service/counseling	0.34375	0.59375	0.34375	0.78125	0.53125	0.6875
human services	0.20335365853658535	0.4277439024390244	0.41341463414634144	0.7516768292682927	0.3696646341463415	0.3591463414634146
human services and addictions	0.0	0.0	0.09375	0.5	0.0	0.0
human services and counseling	0.2552083333333333	0.3958333333333333	0.4739583333333333	0.6145833333333334	0.296875	0.296875
human services and media communication	0.0	0.09375	0.90625	0.96875	0.71875	0.59375
human services and psychology	0.375	0.78125	0.75	0.84375	0.5	0.53125
human services and rehabilitation	0.4375	0.6875	0.59375	0.71875	0.65625	0.53125
human services and rehabilitation studies	0.3125	0.25	0.0625	0.6875	0.1875	0.21875
human services and sociology	0.03125	0.0625	0.4375	0.8125	0.46875	0.1875
human services and special education	0.0625	0.1875	0.28125	0.84375	0.71875	0.78125
human services anf couseling	0.1875	0.21875	0.34375	0.5	0.4375	0.34375
human services counseling	0.09375	0.15625	0.46875	0.71875	0.3125	0.1875
human services, public health	0.875	0.75	0.78125	0.5	0.0625	0.15625
human services, sociology	0.125	0.4375	0.0	0.5	0.40625	0.71875
human services/counseling	0.21875	0.71875	0.3125	0.78125	0.5625	0.3125
human services/family studies	0.0625	0.3125	0.625	0.875	0.28125	0.03125
human services/psychology	0.21875	0.59375	0.65625	0.78125	0.53125	0.28125
human social services	0.40625	0.359375	0.421875	0.875	0.65625	0.5
human studies	0.234375	0.578125	0.515625	0.5625	0.265625	0.359375
human-computer interaction	0.1875	0.28125	0.5	0.5	0.25	0.125
humanaties	0.0	0.34375	0.59375	0.6875	0.28125	0.21875
humanistic	0.5	0.4375	0.5	0.71875	0.6875	0.53125
humanistic studies	0.375	0.625	0.8125	0.375	0.5625	0.125
humanites	0.375	0.5	0.59375	0.65625	0.15625	0.0625
humanities	0.23647388059701493	0.5298507462686567	0.5746268656716418	0.621268656716418	0.39598880597014924	0.2737873134328358
humanities and education	0.3125	0.6875	0.75	0.5	0.28125	0.4375
humanities and english	0.21875	0.34375	0.84375	0.65625	0.6875	0.25
humanities and psychotherapy	0.0	0.125	0.6875	0.90625	0.09375	0.09375
humanities and society	0.21875	0.375	0.21875	0.625	0.3125	0.3125
humanities history	0.59375	0.75	0.65625	0.59375	0.53125	0.25
humanities, sociology	0.21875	0.125	0.53125	0.6875	0.4375	0.6875
humanities.	0.125	0.34375	0.640625	0.5625	0.71875	0.3125
humanities/nonprofit management	0.28125	0.71875	0.75	0.625	0.5	0.3125
humanity	0.1875	0.65625	0.46875	0.59375	0.84375	0.21875
humanity  and social sciences	0.1875	0.5625	0.84375	0.8125	0.5	0.09375
huminity	0.71875	0.4375	0.53125	0.59375	0.53125	0.6875
humn resource	0.21875	0.65625	0.34375	0.71875	0.40625	0.65625
humran resources	0.0	0.03125	0.0625	0.71875	0.40625	0.375
hungarian language and literature	0.375	0.8125	0.875	0.625	0.3125	0.1875
hungarian, psychology	0.265625	1.0	0.90625	0.796875	0.0	0.21875
hvac	0.84375	0.59375	0.515625	0.671875	0.65625	0.8125
hydrobiology	0.40625	0.75	0.21875	0.25	0.53125	0.125
hydrocarbon	0.03125	0.03125	0.125	0.34375	0.1875	0.15625
i hate jews and nazis	1.0	1.0	1.0	1.0	1.0	1.0
i t	0.5	0.3125	0.0	0.46875	0.375	0.21875
i used to attended accounting	0.5625	0.375	0.625	0.53125	0.9375	0.4375
i-o psychology	0.40625	0.59375	0.34375	0.59375	0.59375	0.5
i.t	0.49375	0.43125	0.7	0.68125	0.4875	0.6375
i.t.	0.46875	0.15625	0.59375	0.453125	0.234375	0.671875
i.t/business	0.25	0.34375	0.15625	0.8125	0.34375	0.21875
i/o psych	0.40625	0.40625	0.53125	0.59375	0.375	0.625
i/o psychology	0.309375	0.609375	0.575	0.640625	0.525	0.3875
i/o psychology and community counseling m.a.	0.0	0.0	0.15625	0.34375	0.0625	0.03125
ib and marketing	0.5625	0.4375	0.40625	0.78125	0.84375	0.625
ibm	0.25	0.125	0.4375	0.46875	0.4375	0.4375
ict	0.40625	0.5138888888888888	0.5868055555555556	0.6875	0.53125	0.4791666666666667
ict field	0.34375	0.28125	0.4375	0.6875	0.375	0.75
idk	0.4270833333333333	0.5	0.3333333333333333	0.3333333333333333	0.19791666666666666	0.17708333333333334
ids	0.0	0.28125	0.28125	0.5	0.28125	0.0
idst	0.34375	0.25	0.6875	0.75	0.40625	0.375
ifsm	0.28125	0.09375	0.0625	0.78125	0.6875	0.53125
iktisat	0.3125	0.5	0.5	0.28125	0.8125	0.8125
illustration	0.271875	0.5515625	0.7390625	0.5125	0.2734375	0.1578125
illustration/art	0.15625	0.625	0.875	0.5	0.15625	0.03125
ilmu komunikasi	0.3229166666666667	0.4375	0.71875	0.8020833333333334	0.6875	0.6354166666666666
ilr	-0.03125	0.0	0.34375	0.59375	0.59375	0.78125
imformation management	0.5	0.625	0.5	0.46875	0.5	0.59375
immunobiology and psychology	0.3125	0.875	0.625	0.8125	0.4375	0.375
immunology	0.1625	0.775	0.35625	0.46875	0.3625	0.36875
inclusiveness	0.8125	0.53125	0.78125	0.59375	0.34375	0.625
indian philosophy, buddhism	0.625	0.53125	0.75	0.3125	0.6875	0.65625
individual & family studies	0.5	0.25	0.375	0.375	0.40625	0.75
individual and family studies	0.5625	0.75	0.65625	0.78125	0.40625	0.3125
individual studies	0.0625	0.4375	0.6875	0.8125	0.375	0.15625
individualized studies	0.0	0.140625	0.140625	0.609375	0.171875	0.21875
indonesian literature	0.34375	0.4375	0.71875	0.90625	0.5	0.625
industerial engineering	0.09375	0.28125	0.5	0.78125	0.65625	0.0625
industical technology	0.40625	0.5	0.5	0.53125	0.5	0.125
industrail and organizational psychology	0.28125	0.53125	0.5	0.875	0.59375	0.21875
industrial	0.21875	0.3125	0.625	0.734375	0.578125	0.21875
industrial  engineering	0.75	0.296875	0.125	0.59375	0.734375	0.9375
industrial & organizational psychology	0.09375	0.625	0.8125	0.78125	0.59375	0.28125
industrial and labor relations	0.15625	0.421875	0.453125	0.5	0.328125	0.171875
industrial and organisational psychology	0.5625	0.59375	0.59375	0.25	0.125	0.1875
industrial and organizational psychology	0.03125	0.59375	0.40625	0.75	0.59375	0.1875
industrial arts and technology management/ en	0.5	0.8125	0.6875	0.625	0.125	0.34375
industrial arts education	0.6875	0.40625	0.59375	0.53125	0.1875	0.03125
industrial biotechnology	0.3125	0.9375	0.9375	0.75	0.25	0.59375
industrial chemistry	0.140625	0.265625	0.265625	0.34375	0.171875	0.125
industrial chemistry (science)	0.25	0.5625	0.5	0.59375	0.875	0.59375
industrial design	0.35890151515151514	0.5625	0.5890151515151515	0.4564393939393939	0.33428030303030304	0.21117424242424243
industrial design, small business	0.34375	0.28125	0.625	0.1875	0.5625	0.21875
industrial designer	0.75	0.71875	0.5	0.375	0.46875	0.46875
industrial distribution	0.65625	0.75	0.40625	0.5625	0.5	0.375
industrial education	0.46875	0.46875	0.375	0.5	0.53125	0.15625
industrial electronics	0.4375	0.1875	0.3125	0.4375	0.375	0.28125
industrial electronics technician	0.5	0.21875	0.78125	0.53125	0.28125	0.375
industrial engineer	0.5625	0.578125	0.5625	0.71875	0.484375	0.515625
industrial engineering	0.35526315789473684	0.5101973684210527	0.43914473684210525	0.49967105263157896	0.44703947368421054	0.44802631578947366
industrial engineering and engineering manage	0.5625	0.6875	0.59375	0.6875	0.75	0.59375
industrial engineering and management	0.421875	0.71875	0.671875	0.640625	0.53125	0.40625
industrial engineering, business	0.46875	0.4375	0.625	0.6875	0.65625	0.34375
industrial engineering, psycology, cit	0.78125	0.8125	0.65625	0.625	0.40625	0.78125
industrial engineering; area studies	0.375	0.59375	0.625	0.3125	0.46875	0.25
industrial hygiene and safety engineering	0.5	0.5	0.375	0.1875	0.40625	0.4375
industrial instrumentation	0.53125	0.5	0.5	0.375	0.15625	0.28125
industrial managament	0.1875	0.625	0.78125	0.65625	0.75	0.625
industrial management	0.3125	0.2125	0.275	0.45625	0.35625	0.46875
industrial organizational psychology	0.175	0.59375	0.33125	0.7125	0.4125	0.36875
industrial psychlogy, human resource manageme	0.21875	0.59375	0.1875	0.84375	0.625	0.25
industrial psychology	0.15625	0.390625	0.5	0.6171875	0.409375	0.4046875
industrial psychology and human resource mana	0.375	0.0625	0.75	1.0	0.8125	0.875
industrial relations	0.3203125	0.5390625	0.484375	0.671875	0.296875	0.4140625
industrial relations and labor studies	0.5	0.5	0.4375	0.625	0.59375	0.6875
industrial sociology and organizational psych	0.125	0.125	0.40625	0.9375	0.65625	0.28125
industrial technology	0.8125	0.4375	0.46875	0.78125	0.46875	0.375
industrila and electrical engineering	0.3125	0.75	0.59375	0.46875	0.53125	0.53125
industry design	0.53125	0.53125	0.3125	0.375	0.46875	0.53125
infant and child development	0.09375	0.5	0.4375	0.9375	0.5	0.53125
infectious disease epidemiology	0.15625	0.84375	0.59375	0.5625	0.125	0.15625
infermation systems	0.375	0.53125	0.59375	0.46875	0.4375	0.40625
info management	0.1875	0.34375	0.625	0.5625	0.1875	0.0
info tech	0.53125	0.484375	0.4375	0.671875	0.484375	0.6875
info techc	0.34375	0.34375	0.5625	0.46875	0.53125	0.40625
infomation management	0.90625	0.15625	0.1875	0.625	0.6875	0.96875
infomation tecgnology	0.46875	0.4375	0.71875	0.6875	0.46875	0.5
infomation technologies	0.6875	0.28125	0.09375	0.21875	0.3125	0.25
informal education	0.34375	0.21875	0.21875	0.375	0.40625	0.21875
informatic	0.28125	0.03125	0.21875	0.78125	0.375	0.6875
informatic engineering	0.3375	0.48125	0.45	0.575	0.475	0.375
informatics	0.4140625	0.6119791666666666	0.40625	0.5130208333333334	0.3802083333333333	0.4973958333333333
informatics engineering	0.3125	0.734375	0.515625	0.484375	0.359375	0.546875
information	0.4166666666666667	0.65625	0.6666666666666666	0.6458333333333334	0.3541666666666667	0.3958333333333333
information & communications technology (ict)	0.6875	0.75	0.53125	0.34375	0.46875	0.78125
information & communications technology (it)	0.71875	0.71875	0.4375	0.28125	0.25	0.65625
information & technology	0.125	0.125	0.21875	0.5625	0.15625	0.1875
information and communication	0.0625	0.125	0.375	1.0	0.5	0.125
information and communication technology	0.6875	0.78125	0.53125	0.71875	0.625	0.78125
information assurance	0.59375	0.6875	0.78125	0.65625	0.5625	0.5
information cience	0.5625	0.03125	0.28125	0.46875	0.53125	0.15625
information communication	0.0625	0.78125	0.84375	0.8125	0.1875	0.0
information communication and technology	0.1875	0.21875	0.21875	0.1875	0.3125	0.03125
information computer systems	0.40625	0.78125	0.5625	0.625	0.34375	0.3125
information engineering	0.3046875	0.3203125	0.3515625	0.5390625	0.359375	0.6953125
information engineering & media	0.25	0.53125	0.28125	0.375	0.34375	0.4375
information maagement	0.4375	0.3125	0.5625	0.21875	0.09375	0.59375
information management	0.390625	0.4670138888888889	0.5329861111111112	0.5833333333333334	0.46875	0.4861111111111111
information management system	0.6875	0.5625	0.9375	0.9375	0.75	0.875
information science	0.2942708333333333	0.6197916666666666	0.5494791666666666	0.5286458333333334	0.2890625	0.2890625
information science engineering	0.4375	0.6875	0.875	0.90625	0.3125	0.40625
information securitty	0.3125	0.15625	0.21875	0.21875	0.34375	0.59375
information security	0.4140625	0.671875	0.4765625	0.4375	0.3203125	0.515625
information studied	0.15625	0.4375	0.1875	0.65625	0.375	0.40625
information studies	0.12053571428571429	0.35267857142857145	0.25	0.40625	0.16964285714285715	0.29910714285714285
information system	0.3897058823529412	0.4834558823529412	0.5827205882352942	0.6286764705882353	0.5404411764705882	0.49264705882352944
information system engineering	0.375	0.375	0.21875	0.4375	0.46875	0.375
information system management	0.28125	0.34375	0.25	0.34375	0.375	0.3125
information system security	0.15625	0.15625	0.03125	0.03125	0.09375	0.34375
information system technology	0.28125	0.71875	0.625	0.4375	0.40625	0.4375
information systems	0.3967013888888889	0.5225694444444444	0.4262152777777778	0.5086805555555556	0.3828125	0.4817708333333333
information systems & communications	0.375	0.875	0.9375	0.46875	0.53125	0.03125
information systems & computer science	0.625	0.375	0.65625	0.75	0.5625	0.1875
information systems - software	0.5625	0.71875	0.71875	0.8125	0.53125	0.5625
information systems / supply management in we	0.15625	0.5	0.5625	0.46875	0.4375	0.4375
information systems and economics	0.5	0.5625	0.1875	0.46875	0.78125	0.34375
information systems and technologies	0.4375	0.8125	0.6875	0.3125	0.0625	0.1875
information systems and technology	0.0	0.0625	0.5625	0.625	0.3125	0.6875
information systems and technology management	0.40625	0.84375	0.53125	0.875	0.625	0.3125
information systems management	0.34375	0.390625	0.390625	0.47265625	0.37109375	0.32421875
information systems technology	0.15625	0.625	0.71875	0.125	0.125	0.03125
information systems, marketing	0.28125	0.59375	0.75	0.6875	0.5625	0.5
information tchnology	0.71875	0.40625	0.375	0.53125	0.375	0.96875
information tech	0.5208333333333334	0.4479166666666667	0.4270833333333333	0.53125	0.3020833333333333	0.53125
information techenology	0.5	0.8125	0.78125	0.6875	0.96875	0.75
information technologies	0.34375	0.3854166666666667	0.5208333333333334	0.4895833333333333	0.28125	0.2916666666666667
information technology	0.3922050561797753	0.49736657303370785	0.4476825842696629	0.5688202247191011	0.41889044943820225	0.49350421348314605
information technology & marketing	0.1875	0.625	0.75	0.375	0.46875	0.375
information technology - ebusiness	0.53125	0.625	0.71875	0.71875	0.84375	0.71875
information technology - network engineering	0.625	0.5	0.625	0.9375	0.34375	0.8125
information technology entrepreneurship	0.40625	0.78125	0.78125	0.5	0.09375	0.375
information technology management	0.59375	0.5625	0.5625	0.8125	0.6875	0.6875
information technology mgmt	0.375	0.3125	0.65625	0.625	0.65625	0.40625
information tecnology	0.390625	0.34375	0.203125	0.375	0.359375	0.6875
information tehcnology	0.625	0.875	0.84375	0.8125	0.625	0.8125
information tehnology	0.53125	0.5625	0.46875	0.65625	0.6875	0.84375
informational technology	0.40625	0.4375	0.40625	0.34375	0.5625	0.5
informationmanagement	0.15625	0.59375	0.78125	0.75	0.4375	0.0625
infornmation technology	0.6875	0.40625	0.21875	0.5	0.6875	0.71875
infotech	0.78125	0.9375	0.34375	0.40625	0.53125	0.90625
infrastructure management	0.53125	0.3125	0.75	0.65625	0.625	0.5
infromation systems management	0.21875	0.0625	0.15625	0.28125	0.375	0.46875
ingles	0.5	0.625	0.625	0.6875	0.5	0.46875
innovation	0.4166666666666667	0.5104166666666666	0.6145833333333334	0.59375	0.4166666666666667	0.23958333333333334
innovation management	0.28125	0.40625	0.71875	0.390625	0.46875	0.015625
inormation systems	0.5	0.09375	0.1875	0.53125	0.34375	0.71875
institute kitchen services	0.65625	0.875	0.65625	0.625	0.28125	0.6875
instructional desi	0.40625	0.5625	0.59375	0.6875	0.34375	0.5
instructional design	0.5	0.75	0.3125	0.71875	0.46875	0.34375
instructional leadership	0.40625	0.3125	0.375	0.8125	0.375	0.375
instructional technology	0.6041666666666666	0.5104166666666666	0.6666666666666666	0.5833333333333334	0.4791666666666667	0.3958333333333333
instrumentation	0.5	0.125	0.0	0.125	0.21875	0.5
instrumentation &  electronics	0.625	0.53125	0.46875	0.78125	0.5625	0.78125
instrumentation and electronics	0.3125	0.9375	0.625	0.4375	0.3125	0.375
instrumentation engineer	0.625	0.578125	0.71875	0.78125	0.75	0.625
instrumentation engineering	0.5	0.4895833333333333	0.5729166666666666	0.5260416666666666	0.53125	0.4947916666666667
instrumentation technology	0.75	0.71875	0.96875	0.8125	0.65625	0.6875
insurance	0.16666666666666666	0.375	0.4270833333333333	0.6458333333333334	0.3229166666666667	0.23958333333333334
int relations	0.0	0.1875	0.71875	0.4375	0.25	0.09375
integrated marketing comm	0.125	0.5625	0.6875	0.75	0.3125	0.0625
integrated marketing communications	0.0625	0.59375	0.875	0.46875	0.21875	0.0
integrated math & teaching english as a secon	0.28125	0.1875	0.15625	0.53125	0.34375	0.46875
integrated studies	0.25	0.625	0.90625	0.78125	0.4375	0.375
integrative arts w/ psych and business minor	0.25	0.40625	0.53125	0.46875	0.03125	0.1875
integrative physiology	0.25	0.8125	0.1875	0.65625	0.6875	0.96875
integrative studies	0.28125	0.71875	0.7708333333333334	0.8020833333333334	0.4270833333333333	0.20833333333333334
intelligence analysis	0.65625	0.78125	0.75	0.4375	0.4375	0.46875
intelligence operations	0.4375	0.625	0.6875	0.5625	0.15625	0.0625
intentional business & commercial law	0.4375	0.3125	0.5625	0.75	0.84375	0.84375
interaction design	0.28125	0.65625	0.46875	0.328125	0.40625	0.265625
interactive animation	0.53125	0.84375	0.5625	0.40625	0.125	0.09375
interactive media & game development	0.375	0.59375	0.6875	0.84375	0.59375	0.34375
interactive media design	0.15625	0.5	0.875	0.75	0.40625	0.09375
interactive media production	0.46875	0.4375	0.5625	0.46875	0.375	0.375
interactive multimedia design	0.25	0.625	0.375	0.4375	0.4375	0.625
intercultual communication	0.21875	0.3125	0.59375	0.6875	0.875	0.28125
intercultural management	0.15625	0.59375	0.59375	0.71875	0.28125	0.0
intercultural studies	0.28125	0.4140625	0.5546875	0.703125	0.3828125	0.1953125
intercultural studies, mlis	0.34375	0.03125	0.4375	0.84375	0.21875	0.21875
intercultural studies, then mlis	0.40625	0.0625	0.28125	0.84375	0.1875	0.125
interdiciplinary studies	0.46875	0.5625	0.46875	0.46875	0.3125	0.59375
interdis.	0.0	0.09375	0.4375	0.625	0.3125	0.125
interdiscipinary studies	0.1875	0.75	0.53125	0.8125	0.28125	0.09375
interdisciplenary	0.375	0.53125	0.71875	0.53125	0.5625	0.21875
interdisciplinary arts/psychology	0.03125	0.40625	0.71875	0.40625	0.21875	0.0625
interdisciplinary humanities	0.3854166666666667	0.5625	0.7291666666666666	0.8229166666666666	0.375	0.3333333333333333
interdisciplinary science	0.125	0.8125	0.84375	0.75	0.34375	0.375
interdisciplinary science studies	0.1875	0.75	0.9375	0.8125	0.59375	0.4375
interdisciplinary studies	0.17989864864864866	0.39864864864864863	0.40878378378378377	0.606418918918919	0.2626689189189189	0.29307432432432434
interdisciplinary studies and humanities	0.0	0.0625	0.375	0.25	0.0	0.0
interdisciplinary studies in mech. eng & soci	0.4375	0.5	0.15625	0.34375	0.1875	0.8125
interdiscplinary	0.15625	0.125	0.46875	0.65625	0.53125	0.53125
interdiscplinary studies	0.0	0.21875	0.28125	0.875	0.09375	0.03125
interdisiplanary studies	0.03125	0.4375	0.78125	0.75	0.59375	0.25
interdisiplinary studies	0.4375	0.65625	0.09375	0.34375	0.0625	0.125
interdisplincinary	0.1875	0.28125	0.28125	0.84375	0.375	-0.03125
intergrated design	0.71875	0.78125	0.8125	0.6875	0.65625	0.5625
intergrated leadership studies	0.0	0.0	0.1875	0.3125	0.1875	0.0
intergrative studies	0.40625	0.4375	0.28125	0.5625	0.34375	0.53125
interior architechture	0.0	0.0	0.5	0.25	0.4375	0.1875
interior architecture	0.35546875	0.57421875	0.58203125	0.6484375	0.40625	0.40625
interior architecture, art and design, phd in	0.0	0.25	0.71875	0.21875	0.28125	0.0625
interior architectures	0.25	0.46875	0.5	0.1875	0.0625	0.0
interior deesign	0.03125	0.28125	0.09375	0.84375	0.4375	0.46875
interior design	0.24069148936170212	0.3603723404255319	0.5797872340425532	0.48736702127659576	0.38231382978723405	0.29388297872340424
interior design; counseling	0.0625	0.0	0.09375	0.5625	0.0	0.3125
interior designer	0.5625	0.875	0.6875	0.5	0.3125	0.46875
intermediate	0.21875	0.09375	0.21875	0.46875	0.4375	0.625
internacional affairs	0.09375	0.5625	0.40625	0.6875	0.4375	0.0625
internacional bussines	0.5	0.3125	0.8125	0.9375	0.9375	0.5625
internacional relations	0.3854166666666667	0.5729166666666666	0.5416666666666666	0.6770833333333334	0.4375	0.4375
international affairs	0.19176136363636365	0.46875	0.5710227272727273	0.6619318181818182	0.4715909090909091	0.3053977272727273
international affairs & history	0.34375	0.46875	0.0625	0.5	0.21875	0.0625
international affairs,politial science	0.09375	0.25	0.4375	0.78125	0.34375	0.1875
international affairs/economics	0.5625	0.65625	0.90625	0.5	0.28125	0.375
international agriculture development	0.09375	0.15625	0.09375	0.59375	0.15625	0.09375
international business	0.27163461538461536	0.41346153846153844	0.4707532051282051	0.6125801282051282	0.5556891025641025	0.469150641025641
international business administration	0.1875	0.09375	0.3125	0.71875	0.46875	0.25
international business and communication	0.3125	0.96875	0.53125	0.5	0.5	0.34375
international business and economics	0.625	0.75	0.3125	0.6875	0.8125	0.984375
international business and eocnomics	0.4375	0.71875	0.21875	0.5625	0.84375	0.9375
international business and french	0.4375	0.90625	0.9375	0.84375	0.78125	0.25
international business and management	0.3333333333333333	0.6354166666666666	0.7083333333333334	0.6979166666666666	0.6875	0.3854166666666667
international business and managment	0.25	0.125	0.625	0.4375	0.625	0.46875
international business and marketing	0.5	0.59375	0.75	0.71875	0.8125	0.375
international business and organisation manag	0.40625	0.53125	0.53125	0.84375	0.40625	0.4375
international business economics	0.75	0.4375	0.59375	0.40625	0.46875	0.625
international business management	0.3671875	0.53125	0.5625	0.734375	0.625	0.3125
international business relations	0.28125	0.46875	0.46875	0.6875	0.5625	0.34375
international business studies	0.4375	0.5625	0.28125	0.53125	0.625	0.6875
international business, asian studies, psycho	0.1875	0.84375	0.5625	0.40625	0.40625	0.375
international business, linguistics	0.375	0.90625	0.75	0.65625	0.125	0.28125
international bussiness	0.40625	0.28125	0.65625	0.5	0.78125	0.53125
international commerce	0.265625	0.609375	0.65625	0.5625	0.5	0.28125
international communication	0.0625	0.4375	0.40625	0.3125	0.03125	0.1875
international communications	0.1875	0.375	0.1875	0.09375	0.28125	0.0
international cultural and business studies	0.28125	0.5625	0.75	0.46875	0.34375	0.25
international culture	0.40625	0.28125	0.375	0.34375	0.625	0.53125
international development	0.2764423076923077	0.5360576923076923	0.5072115384615384	0.6033653846153846	0.2764423076923077	0.2403846153846154
international development and globalization	0.0	0.53125	0.4375	0.90625	0.21875	0.0625
international development: globalisation	0.4375	0.53125	0.65625	0.53125	0.4375	0.4375
international economics	0.11875	0.44375	0.5625	0.63125	0.5375	0.3125
international education	0.0	0.0	0.21875	0.6875	0.0625	0.1875
international european relations/ innovation	0.40625	0.875	0.5	0.65625	0.5625	0.0625
international fashion marketing	0.03125	0.6875	0.9375	0.96875	0.71875	0.125
international finance	0.15625	0.484375	0.75	0.6875	0.4375	0.265625
international hospitality & tourism managemen	0.28125	0.1875	0.59375	0.5625	0.65625	0.625
international hospitality and service managem	0.03125	0.53125	0.71875	0.78125	0.59375	0.125
international hotel management	0.5	0.6875	0.6875	0.78125	0.5	0.59375
international journalism	0.4375	0.75	0.875	0.75	0.59375	0.5
international law	0.28125	0.4895833333333333	0.4166666666666667	0.4166666666666667	0.46875	0.28125
international logistics	0.40625	0.5625	0.71875	0.5625	0.71875	0.4375
international management	0.1875	0.4375	0.65625	0.53125	0.3125	0.125
international management with marketing	0.28125	0.3125	0.46875	0.46875	0.625	0.375
international marketing	0.5625	0.15625	0.6875	0.65625	0.90625	0.71875
international marketing and logistics	0.1875	0.40625	0.875	0.625	0.5	0.25
international politics	0.21875	0.36328125	0.390625	0.640625	0.34765625	0.21484375
international politics and anthropology	0.0	0.875	0.65625	0.40625	0.40625	0.09375
international politics and history	0.0	0.59375	0.8125	0.9375	0.375	0.03125
international reations	0.5	0.5	0.4375	0.65625	0.71875	0.53125
international relation	0.3046875	0.265625	0.6328125	0.453125	0.53125	0.453125
international relations	0.24249301675977653	0.4572276536312849	0.5139664804469274	0.5628491620111732	0.38355446927374304	0.27129888268156427
international relations (but i now study medi	0.34375	1.0	0.6875	0.5	0.3125	0.09375
international relations and diplomacy	0.25	0.875	0.640625	0.46875	0.328125	0.328125
international relations and education	0.1875	0.6875	0.4375	0.21875	0.5	0.15625
international relations and hispanic studies	0.03125	0.3125	0.375	0.84375	0.46875	0.4375
international relations and russian language	0.125	0.46875	0.5625	0.53125	0.25	0.15625
international relations, economics	0.25	0.46875	0.5625	0.46875	0.4375	0.40625
international relations, history	0.0	0.625	0.5	0.5	0.34375	0.0625
international relations, kinesiology	0.375	0.875	0.65625	0.625	0.09375	0.09375
international relations, mba	0.0625	0.09375	0.21875	0.125	0.21875	0.40625
international relations, spanish, public heal	0.1875	0.5	0.65625	0.65625	0.4375	0.34375
international relations/french	0.0	0.375	0.375	0.625	0.34375	0.25
international relationship	0.1875	0.875	0.90625	0.6875	0.625	0.21875
international relationships	0.46875	0.375	0.375	0.3125	0.3125	0.53125
international reletions	0.21875	0.78125	0.40625	0.53125	0.375	0.15625
international security	0.125	0.390625	0.453125	0.6875	0.59375	0.15625
international services	0.0	0.3125	0.40625	0.625	0.375	0.34375
international shipping and logistics	0.125	0.1875	0.15625	0.46875	0.5625	0.53125
international studies	0.24270833333333333	0.5145833333333333	0.5484375	0.5953125	0.3770833333333333	0.303125
international studies - peace studies	0.3125	0.1875	0.28125	0.78125	0.40625	0.21875
international studies-anthro and sociology	0.0	0.75	0.9375	0.75	0.03125	0.0
international studies; philosophy	0.4375	0.8125	0.90625	0.78125	0.34375	0.375
international tourism and hospitalisation man	0.59375	0.6875	0.4375	0.84375	0.65625	0.65625
international trade	0.296875	0.4140625	0.46875	0.6640625	0.3125	0.5078125
international travel and tourism management	0.1125	0.28125	0.275	0.6375	0.56875	0.43125
international travel and tourism managment	0.1875	0.15625	0.15625	0.59375	0.5625	0.53125
interntional relations	0.1875	0.25	0.5625	0.84375	0.5625	0.34375
interor design	0.0	0.28125	0.53125	0.59375	0.53125	0.09375
interpretation studies	0.46875	0.78125	0.71875	0.84375	0.1875	0.34375
interpreting	0.0625	0.6875	0.53125	0.9375	0.34375	0.28125
interpreting, sociology	0.34375	0.5	0.59375	0.40625	0.25	0.3125
interpreting, translating spanish-italian	0.15625	0.5	0.625	0.75	0.8125	0.46875
intetnational relation	0.40625	0.59375	0.84375	0.71875	0.625	0.3125
intl business	0.125	0.5	0.375	0.625	0.28125	0.1875
intl business /business administration	0.5	0.90625	0.71875	0.6875	0.4375	0.3125
intl business and trade	0.75	0.75	0.8125	0.8125	0.75	0.71875
intl relations	0.0	0.09375	0.625	0.0625	0.25	0.1875
intl relations & political science	0.0625	1.0	0.5	0.25	0.5	0.15625
inudstrial organizational psychology	0.5	0.84375	0.34375	0.40625	0.375	0.8125
invertebrate zoology	0.125	0.25	0.0625	0.6875	0.09375	0.0
investigating	0.28125	0.8125	0.40625	0.71875	0.25	0.3125
investigations	0.28125	0.40625	0.3125	0.59375	0.375	0.40625
investigative forensics	0.3333333333333333	0.8020833333333334	0.5104166666666666	0.8541666666666666	0.6041666666666666	0.4895833333333333
investment	0.3125	0.625	0.65625	0.4375	0.3125	0.21875
investment management	0.3125	0.59375	0.5625	0.53125	0.40625	0.28125
investment/finance	0.0625	0.25	0.21875	0.28125	0.34375	0.25
investments	0.1875	0.5625	0.3125	0.875	0.6875	0.6875
io	0.0	0.09375	0.0	0.5625	0.125	0.46875
io psych	0.03125	0.375	0.3125	0.21875	0.59375	0.09375
io psychology	0.0625	0.375	0.140625	0.484375	0.328125	0.390625
ir	0.2916666666666667	0.4010416666666667	0.5416666666666666	0.6041666666666666	0.2604166666666667	0.28125
irrigation engineering	0.875	0.78125	0.65625	0.71875	0.75	0.75
ise	0.28125	0.6875	0.75	0.6875	0.28125	0.0625
islamic banking	0.5	0.484375	0.609375	0.6875	0.546875	0.65625
islamic history	0.5	0.78125	0.59375	0.875	0.8125	0.6875
islamic jurisprudence	0.65625	0.59375	0.75	0.84375	0.5	0.53125
islamic law	0.0625	0.25	0.625	0.65625	0.0625	0.09375
islamic studies	0.59375	0.75	0.3125	0.34375	0.1875	0.40625
islamis studies	0.375	0.34375	0.40625	0.875	0.46875	0.53125
isom and communication studies	0.15625	0.28125	0.6875	0.34375	0.25	0.5625
it	0.41454475308641975	0.5287422839506173	0.5264274691358025	0.560570987654321	0.4359567901234568	0.4519675925925926
it & computing	0.4375	0.75	0.84375	0.625	0.46875	0.21875
it / computing	0.40625	0.34375	0.53125	0.75	0.5	0.5
it and business	0.23958333333333334	0.4375	0.3958333333333333	0.4583333333333333	0.3229166666666667	0.375
it and networking	0.5625	0.21875	0.0625	0.40625	0.21875	0.9375
it business finance	0.0625	0.25	0.34375	0.5625	0.5625	0.65625
it computing	0.84375	0.3125	0.25	0.78125	0.4375	0.875
it engineering	0.44140625	0.4765625	0.45703125	0.64453125	0.37890625	0.51953125
it engineering & management	0.0625	0.21875	0.4375	0.40625	0.40625	0.1875
it engineering, computer engineering branch	0.53125	0.59375	0.28125	0.03125	0.3125	0.65625
it engineerning	0.21875	0.75	0.3125	0.53125	0.28125	0.46875
it management	0.40625	0.42410714285714285	0.48214285714285715	0.6517857142857143	0.5133928571428571	0.5580357142857143
it mgmt	0.5625	0.9375	0.90625	0.8125	0.59375	0.25
it networking	0.515625	0.84375	0.65625	0.671875	0.296875	0.546875
it&#65292;finance, business	0.375	0.6875	0.34375	0.40625	0.46875	0.34375
it, business	0.34375	0.71875	0.5625	0.59375	0.78125	0.65625
it, counseling	0.0625	0.1875	0.46875	0.65625	0.3125	0.25
it, counselling	0.34375	0.25	0.09375	0.5625	0.5625	0.78125
it/business/psych	0.28125	0.40625	0.640625	0.578125	0.59375	0.578125
it/finance/business	0.125	0.6875	0.65625	0.65625	0.25	0.09375
it/software engineer	0.4375	0.34375	0.40625	0.125	0.3125	0.46875
italian	0.1171875	0.41796875	0.47265625	0.54296875	0.1796875	0.16015625
italian and english	0.3125	0.375	0.65625	0.875	0.09375	0.125
italian language	0.3359375	0.4375	0.5859375	0.5234375	0.4296875	0.34375
italian language and literature and ethnology	0.625	0.15625	0.78125	0.40625	0.34375	0.21875
its	0.46875	0.1875	0.15625	0.28125	0.25	0.0625
japanese	0.18933823529411764	0.43933823529411764	0.6185661764705882	0.6121323529411765	0.3795955882352941	0.25735294117647056
japanese culture and language	0.21875	0.46875	0.5	0.40625	0.3125	0.34375
japanese education	0.1875	0.0625	0.1875	0.78125	0.6875	0.4375
japanese history	0.1875	0.34375	0.4375	0.40625	0.59375	0.03125
japanese language	0.25	0.34375	0.78125	0.703125	0.546875	0.421875
japanese linguistics	0.65625	0.5	0.375	0.0	0.03125	0.4375
japanese literature	0.1875	0.1875	0.53125	0.59375	0.375	0.3125
japanese studies	0.3020833333333333	0.53125	0.4895833333333333	0.40625	0.13541666666666666	0.2708333333333333
japanese studies and international relations	0.28125	0.78125	0.15625	0.625	0.0625	0.28125
jazz music	0.5	0.3125	0.65625	0.5625	0.28125	0.15625
jd/mba	0.46875	0.5625	0.84375	0.65625	0.5625	0.5625
jewellery design	0.3125	0.5625	0.75	0.65625	0.125	0.1875
jewelry	0.53125	0.59375	0.78125	0.59375	0.15625	0.34375
jewelry technology	0.125	0.75	0.3125	0.59375	0.09375	0.09375
jornalism	0.1875	0.09375	0.71875	0.6875	0.375	0.1875
jounalism and communication	0.0625	0.125	0.75	0.75	0.6875	0.0
jounrnalism	0.28125	0.59375	0.4375	0.78125	0.375	0.5625
jour	0.15625	0.0625	0.4375	0.4375	0.5625	0.3125
journalism	0.20991161616161616	0.46696127946127947	0.6021675084175084	0.5808080808080808	0.36447811447811446	0.24894781144781145
journalism and communication	0.0	0.0625	0.09375	0.34375	0.0625	0.0
journalism and mass communication	0.13541666666666666	0.2604166666666667	0.5104166666666666	0.5208333333333334	0.28125	0.20833333333333334
journalism and political science	0.0	0.34375	0.40625	0.78125	0.5625	0.09375
journalism and pr	0.0	0.5625	0.6875	0.6875	0.21875	0.0
journalism and psychology	0.0	0.6875	0.53125	0.59375	0.0	0.0
journalism and psycology	0.15625	0.0	0.6875	0.59375	0.40625	0.09375
journalism and public relations	0.296875	0.46875	0.5625	0.875	0.578125	0.546875
journalism and social communication	0.21875	0.375	0.75	0.1875	0.46875	0.40625
journalism journal lists a	0.0	0.53125	0.9375	0.65625	0.4375	0.125
journalism, economics	0.21875	0.625	0.78125	0.65625	0.375	0.25
journalism, education	0.203125	0.640625	0.625	0.578125	0.34375	0.109375
journalism, french	0.3125	0.71875	0.78125	0.46875	0.125	0.0
journalism, informatuin systems, nursing	0.1875	0.6875	0.84375	0.375	0.4375	0.21875
journalism- public relations	0.21875	0.5625	0.25	0.84375	0.625	0.78125
journalism/advertising	0.1875	0.375	0.875	0.5625	0.5625	0.46875
journalism/education	0.125	0.3125	0.53125	0.53125	0.1875	0.25
journalism/international relations	0.03125	0.53125	0.71875	0.59375	0.3125	0.15625
journalism; ee; business	0.15625	0.28125	0.75	0.5	0.25	0.125
journalist	0.15625	0.3125	0.6875	0.4375	0.75	0.40625
journalsim	0.03125	0.21875	0.28125	0.59375	0.5625	0.0625
judaic studies	0.375	0.78125	0.25	0.65625	0.25	0.46875
juris doctor	0.015625	0.34375	0.234375	0.546875	0.265625	0.03125
jurisprudence	0.171875	0.46875	0.578125	0.546875	0.3125	0.203125
justice	0.21875	0.53125	0.3125	0.59375	0.453125	0.328125
justice & law	0.25	0.90625	0.46875	0.875	0.46875	0.21875
justice & policy studies	0.09375	0.40625	0.0	0.375	0.28125	0.5
justice administration	0.078125	0.265625	0.0625	0.4375	0.078125	0.015625
justice administration and crime management	0.5	0.75	0.96875	0.96875	0.53125	0.03125
justice studies	0.265625	0.4635416666666667	0.328125	0.6822916666666666	0.265625	0.3125
justice studies/ divinity	0.375	0.640625	0.84375	0.75	0.421875	0.234375
justice study	0.125	0.46875	0.59375	0.84375	0.375	0.25
kannada	0.390625	0.375	0.640625	0.671875	0.390625	0.578125
kineisiology	0.4375	0.46875	0.28125	0.34375	0.21875	0.1875
kineseology	0.28125	0.8125	0.375	0.8125	0.5	0.5
kinesiology	0.26975235849056606	0.5341981132075472	0.4165683962264151	0.6565448113207547	0.32547169811320753	0.2709316037735849
kinesiology & rehab science	0.4375	0.625	0.21875	0.90625	0.3125	0.1875
kinesiology and health	0.09375	0.21875	0.3125	0.34375	0.59375	0.4375
kinesiology/psychology	0.625	1.0	0.5625	0.8125	0.125	0.0
kinesiology; psychology	0.09375	0.125	0.125	0.6875	0.1875	0.03125
kinesiologyy	0.3125	0.375	0.71875	0.25	0.125	0.3125
kinesology	0.234375	0.5	0.203125	0.671875	0.359375	0.0625
kinh doanh xu&#7845;t nh&#7853;p kh&#7849;u	0.0625	0.0	0.125	0.875	0.78125	0.375
kinh t&#7871;	0.40625	0.5625	0.625	0.75	0.75	0.71875
kiswahili	0.25	0.25	0.375	0.8125	0.5	0.5625
kl	0.59375	0.5	0.59375	0.53125	0.59375	0.625
korean	0.28125	0.375	0.4895833333333333	0.3645833333333333	0.34375	0.3020833333333333
korean studies	0.21875	1.0	1.0	1.0	0.75	0.1875
l	0.109375	0.53125	0.65625	0.453125	0.171875	0.140625
laa	0.46875	0.53125	0.53125	0.53125	0.53125	0.34375
lab	0.34375	0.78125	0.46875	0.40625	0.25	0.09375
lab management	0.40625	0.90625	0.65625	0.625	0.625	0.90625
labor and employment relations	0.15625	0.33125	0.375	0.45625	0.475	0.28125
labor employment relation	0.28125	0.28125	0.59375	0.8125	0.625	0.625
labor history	0.40625	0.3125	0.78125	0.78125	0.375	0.03125
labor relations	0.015625	0.28125	0.453125	0.625	0.5	0.109375
labor studies	0.0	0.3125	0.09375	0.4375	0.125	0.34375
labor studies and employment relation	0.0	0.34375	0.375	0.5	0.40625	0.1875
laboratory science	0.0625	0.96875	0.09375	0.15625	0.0	0.0
laboratory sciences	0.1875	0.71875	0.15625	0.125	0.0	0.09375
labour sociology	0.25	0.625	0.78125	0.75	0.4375	0.15625
labour studies	0.0	0.21875	0.0625	0.28125	0.125	0.15625
lae	0.25	0.375	0.1875	0.765625	0.4375	0.078125
lah	0.28125	0.34375	0.4375	0.625	0.46875	0.375
land administration	0.25	0.6875	0.421875	0.5625	0.5625	0.65625
land development	0.34375	0.46875	0.3125	0.53125	0.375	0.65625
land economy	0.15625	0.46875	0.875	0.25	0.4375	0.1875
land management	0.0	0.21875	0.0	0.65625	0.0625	0.21875
land survey	0.125	0.0625	0.15625	0.34375	0.125	0.15625
land surveying, theology	0.125	0.65625	0.65625	0.71875	0.0625	0.15625
land use and accounting	0.25	0.71875	0.5	0.5625	0.375	0.625
landscape	0.09375	0.625	0.1015625	0.21875	0.109375	0.4765625
landscape architecture	0.41544117647058826	0.6084558823529411	0.6783088235294118	0.5919117647058824	0.3860294117647059	0.3805147058823529
landscape arquitecture	0.25	0.875	0.875	0.9375	0.71875	0.03125
landscape contracting	0.65625	0.84375	0.59375	0.40625	0.53125	0.375
landscape design	0.03125	0.625	0.65625	0.59375	0.28125	0.0625
landscaping	0.53125	0.6875	0.5	0.59375	0.53125	0.125
landscpae architecture	0.03125	0.5	0.21875	0.125	0.125	0.15625
language	0.3371710526315789	0.40131578947368424	0.4769736842105263	0.5740131578947368	0.4407894736842105	0.3651315789473684
language & literature	0.15625	0.5	0.21875	0.21875	0.21875	0.125
language and linguistics	0.0	0.125	0.8125	0.53125	0.0	0.0
language education	0.125	0.625	0.3125	0.40625	0.21875	0.40625
language for business	0.15625	0.6875	0.875	0.625	0.3125	0.3125
language patologist	0.28125	0.875	0.40625	0.9375	0.59375	0.3125
language studies	0.0	0.03125	0.5	0.375	0.53125	0.03125
language studies (english)	0.0625	0.34375	0.21875	0.21875	0.0625	0.0
language study	0.625	0.78125	0.65625	0.5	0.15625	0.125
language translation	0.625	1.0	0.9375	1.0	0.75	1.0
language, literature, communication, manageme	0.625	0.78125	0.5625	0.53125	0.15625	0.46875
languages	0.2599431818181818	0.5402462121212122	0.5767045454545454	0.5411931818181818	0.3802083333333333	0.2916666666666667
languages & communications	0.25	0.3125	0.40625	0.40625	0.21875	0.125
languages & linguistics	0.0	0.4375	0.9375	0.625	0.5	0.0625
languages and business relations	0.3125	0.3125	0.5	0.5	0.25	0.21875
languages and history	0.40625	0.375	0.8125	0.75	0.375	0.125
languages and law	0.09375	0.78125	0.8125	0.78125	0.40625	0.34375
languages and linguistics	0.40625	0.625	0.5625	0.53125	0.78125	0.46875
languages and literature	0.125	0.0	0.40625	0.71875	0.53125	0.46875
languages and literature - incomplete	0.5	0.15625	0.375	0.34375	0.28125	0.5
languages education	0.0	0.75	0.46875	0.3125	0.09375	0.40625
languages teacher	0.3125	0.6875	0.53125	0.8125	0.28125	0.15625
languages, ancient history	0.125	0.40625	0.5625	0.4375	0.09375	0.09375
languages, communication	0.0625	0.09375	0.6875	0.75	0.40625	0.1875
languages, literatura and cultures	0.0625	0.15625	0.90625	0.78125	0.59375	0.125
languages, religions	0.0	0.625	0.1875	0.59375	0.0	0.0
languages/linguistics	0.5625	0.75	0.78125	0.71875	0.4375	0.5625
latin	0.15625	0.4375	0.78125	0.5	0.28125	0.0625
latin american studies	0.19791666666666666	0.4895833333333333	0.5520833333333334	0.5729166666666666	0.375	0.3020833333333333
latin and french	0.28125	0.40625	0.65625	0.78125	0.3125	0.375
latin and greek	0.09375	0.96875	0.875	0.375	0.1875	0.3125
latino studies	0.4375	0.8125	0.65625	0.40625	0.21875	0.4375
law	0.25920092838196285	0.48565981432360744	0.5290533819628647	0.5573192970822282	0.4141246684350133	0.29629476127320953
law & art history	0.125	0.59375	0.40625	0.78125	0.28125	0.21875
law & chinese studies	0.03125	0.65625	0.4375	0.78125	0.375	0.75
law & french double hons	0.5625	0.65625	0.25	0.8125	0.34375	0.40625
law & hr	0.28125	0.25	0.59375	0.65625	0.53125	0.625
law & psychology	0.25	0.75	0.125	0.84375	0.09375	0.0625
law (english undergraduate degree)	0.1875	0.28125	0.65625	0.78125	0.34375	0.0625
law (jd)	0.125	0.4375	0.71875	0.6875	0.71875	0.09375
law / journalism	0.09375	0.1875	0.6875	0.625	0.40625	0.34375
law /english lit	0.125	0.65625	0.46875	0.5625	0.21875	0.5
law admin	0.0625	0.28125	0.09375	0.46875	0.4375	0.75
law an economy	0.15625	0.375	0.15625	0.4375	0.375	0.53125
law and accountancy	0.0625	0.28125	0.1875	0.9375	0.71875	0.375
law and art	0.03125	0.53125	0.75	0.65625	0.0625	0.03125
law and business	0.203125	0.421875	0.453125	0.53125	0.59375	0.453125
law and company secretary	0.125	0.40625	0.5	0.75	0.59375	0.09375
law and economuy	0.28125	0.5625	0.75	0.625	0.59375	0.28125
law and education	0.15625	0.34375	0.09375	0.90625	0.125	0.09375
law and english	0.09375	0.4895833333333333	0.6770833333333334	0.5729166666666666	0.3958333333333333	0.2604166666666667
law and finance	0.15625	0.5625	0.53125	0.40625	0.625	0.25
law and german	0.40625	0.34375	0.53125	0.6875	0.8125	0.4375
law and history	0.28125	0.59375	0.90625	0.625	0.15625	0.15625
law and international relations	0.53125	0.65625	0.65625	0.5	0.4375	0.40625
law and music	0.09375	0.625	0.625	0.3125	0.4375	0.125
law and politics	0.0625	0.15625	0.1875	0.25	0.21875	0.125
law and public policy	0.15625	0.84375	0.71875	0.8125	0.21875	0.375
law and social work	0.125	0.6875	0.0625	0.625	0.28125	0.34375
law and society	0.09375	0.75	0.21875	0.40625	0.375	0.6875
law enforcement	0.41517857142857145	0.5401785714285714	0.33035714285714285	0.44642857142857145	0.1875	0.22767857142857142
law llb	0.25	0.25	0.6875	0.625	0.25	0.25
law offce management	0.3125	0.5625	0.6875	0.71875	0.65625	0.59375
law school	0.328125	0.78125	0.734375	0.828125	0.40625	0.375
law, biomedics	0.5	0.9375	0.59375	0.09375	0.28125	0.0
law, computers, ece, bible, a&p	0.5625	0.9375	0.8125	0.96875	0.65625	0.59375
law, design	0.0625	0.3125	0.9375	0.1875	0.1875	0.0
law, economics, human resources	0.5	0.4375	0.125	0.53125	0.40625	0.875
law, history	0.03125	0.0625	0.40625	0.375	0.09375	0.125
law, international relations	0.3125	0.71875	0.625	0.21875	0.34375	0.25
law, mass communicy	0.0	0.8125	0.5625	0.46875	0.1875	0.03125
law, police academy	0.125	0.5625	0.28125	0.59375	0.46875	0.59375
law, politics, sociology	0.125	0.28125	0.6875	0.40625	0.46875	0.125
law, tesl	0.375	0.71875	0.75	0.71875	0.625	0.4375
law,civil engineering	0.875	0.875	0.8125	1.0	0.8125	0.9375
law/psychology	0.0	0.21875	0.5625	0.375	0.25	0.125
law/psychology (double degree)	0.1875	0.53125	0.625	0.5625	0.25	0.09375
law; veterinary medicine	0.34375	0.71875	0.46875	0.65625	0.34375	0.375
lawer	0.46875	0.375	0.4375	0.84375	0.625	0.25
laws	0.3125	0.5	0.59375	0.5625	0.4375	0.40625
lawyer	0.2265625	0.5234375	0.5625	0.6171875	0.4140625	0.28125
lay and management	0.25	0.25	0.21875	0.6875	0.21875	0.1875
leadership	0.2552083333333333	0.3958333333333333	0.42083333333333334	0.6166666666666667	0.41354166666666664	0.39375
leadership & management	0.375	0.5625	0.875	0.859375	0.71875	0.640625
leadership and management	0.15625	0.515625	0.4375	0.671875	0.53125	0.203125
leadership and ministry	0.0	-0.03125	0.5	0.5	0.34375	0.1875
leadership in student affairs in higher educa	0.0	0.28125	0.625	0.625	0.09375	0.0
leadership studies	0.15625	0.28125	0.6875	0.6875	0.6875	0.53125
leadership/management and counseling/educatio	0.0625	0.40625	0.78125	0.78125	0.65625	0.375
learning	0.09375	0.40625	0.53125	0.78125	0.375	0.0625
learning development	0.28125	0.4375	0.34375	0.84375	0.53125	0.375
learning to fix equations	0.625	0.625	0.40625	0.8125	0.59375	1.0
legal	0.2994791666666667	0.4479166666666667	0.4817708333333333	0.6015625	0.4505208333333333	0.4791666666666667
legal assistant technology	0.4375	0.53125	0.28125	0.6875	0.65625	0.71875
legal executive	0.46875	0.3125	0.28125	0.125	0.125	0.8125
legal management	0.1875	0.234375	0.296875	0.609375	0.328125	0.171875
legal secretary	0.0625	0.0	0.0625	0.78125	0.0625	0.8125
legal secretary diploma from business school	0.0625	0.375	0.625	0.8125	0.9375	0.59375
legal studies	0.25600961538461536	0.5216346153846154	0.5216346153846154	0.6442307692307693	0.3954326923076923	0.4699519230769231
legal studies and hr management	0.375	0.78125	0.71875	0.90625	0.78125	0.5625
legal studies, business	0.28125	0.375	0.8125	0.96875	0.875	0.6875
legal studies, psychology	0.0	0.1875	0.375	0.28125	0.34375	0.28125
legal studies/criminal justice	0.046875	0.53125	0.265625	0.890625	0.140625	0.53125
leisure	0.4375	0.546875	0.6875	0.9375	0.546875	0.25
leisure management	0.1875	0.5625	0.3125	0.53125	0.625	0.28125
leisure services	0.65625	0.5	0.21875	0.65625	0.5	1.0
leisure servicesw	0.09375	0.21875	0.375	0.625	0.21875	0.6875
ler	0.25	0.21875	0.65625	0.8125	0.625	0.6875
letras (português/inglês)	0.25	0.125	0.3125	0.46875	0.15625	0.1875
letters	0.25	0.2916666666666667	0.6770833333333334	0.8020833333333334	0.7395833333333334	0.3541666666666667
letters, arts, sciences	0.34375	0.65625	0.90625	0.5625	0.40625	0.21875
level 1 apprentice machinist	0.4375	0.40625	0.40625	0.53125	0.34375	0.34375
lib. arts	0.15625	0.8125	0.5	0.53125	0.375	0.4375
liber studies	0.125	0.3125	0.0	0.34375	0.1875	0.625
liberal	0.34375	0.9375	0.8125	0.375	0.40625	0.125
liberal art	0.2916666666666667	0.4791666666666667	0.5729166666666666	0.5729166666666666	0.4479166666666667	0.6666666666666666
liberal artd	0.21875	0.71875	0.5625	0.34375	0.15625	0.625
liberal arts	0.2572513812154696	0.4993093922651934	0.4889502762430939	0.5906422651933702	0.3335635359116022	0.31957872928176795
liberal arts & humanities	0.6875	0.46875	0.53125	0.5	0.375	0.15625
liberal arts & science	0.03125	0.625	0.5625	0.46875	0.15625	0.03125
liberal arts - marketing, communications, psy	0.375	0.78125	0.90625	0.40625	0.84375	0.75
liberal arts and psychology	0.15625	0.21875	0.6875	0.71875	0.34375	0.1875
liberal arts and science	0.0	0.5	0.46875	0.65625	0.09375	0.03125
liberal arts and sciences	0.28125	0.625	0.375	0.71875	0.53125	0.28125
liberal arts biology	0.3125	0.59375	0.5625	0.59375	0.5625	0.21875
liberal arts degree	0.0	0.28125	0.0	0.71875	0.0625	0.09375
liberal arts focus on psychology	0.21875	0.6875	0.65625	0.90625	0.34375	0.25
liberal arts music	0.0	0.0625	0.84375	0.90625	0.59375	0.21875
liberal arts psychology	0.125	0.46875	0.375	0.6875	0.40625	0.375
liberal arts to biology	0.0	0.5625	0.0625	0.53125	0.09375	0.34375
liberal arts,	0.3125	0.40625	0.28125	0.875	0.53125	0.78125
liberal arts, no major	0.625	0.84375	0.46875	0.90625	0.59375	0.6875
liberal arts, social work	0.1875	0.25	0.5625	0.90625	0.28125	0.3125
liberal arts/ political science	0.59375	0.25	0.53125	0.5625	0.53125	0.125
liberal arts/business	0.03125	0.15625	0.46875	0.6875	0.4375	0.3125
liberal arts/paralegal specialty	0.15625	0.5	0.21875	0.6875	0.28125	0.9375
liberal arts/psychology	0.34375	0.78125	0.53125	0.625	0.3125	0.625
liberal education	0.359375	0.59375	0.359375	0.25	0.171875	0.734375
liberal rts	0.40625	0.5	0.75	0.78125	0.3125	0.15625
liberal studie	0.0	0.46875	0.96875	0.625	0.28125	0.125
liberal studies	0.21875	0.445211038961039	0.43060064935064934	0.5864448051948052	0.3234577922077922	0.3133116883116883
liberal studies - elementary ed. credential	0.0625	0.46875	0.15625	0.59375	0.0625	0.0625
liberal studies and visual arts	0.65625	0.78125	0.78125	0.875	0.8125	0.75
liberal studies education	0.21875	0.3125	0.40625	0.625	0.4375	0.25
liberal studies multiple subjects and german	0.5	0.21875	0.40625	0.5625	0.09375	0.6875
liberal studies, concentration economics	0.5	0.40625	0.65625	0.84375	0.53125	0.4375
liberal studies/nursing	0.0	0.125	0.03125	0.3125	0.28125	0.0625
liberal studies/sociology	0.0	0.65625	0.5	0.59375	0.34375	0.09375
liberl arts	0.40625	0.5	0.46875	0.71875	0.25	0.21875
libralian science	0.21875	0.15625	0.75	0.5625	0.40625	0.1875
librarian	0.2916666666666667	0.5625	0.6458333333333334	0.7395833333333334	0.3854166666666667	0.3333333333333333
librarianship	0.1875	0.3854166666666667	0.4895833333333333	0.5260416666666666	0.3177083333333333	0.5416666666666666
library	0.625	0.609375	0.40625	0.65625	0.203125	0.421875
library & info science	0.125	0.21875	0.21875	0.1875	0.0625	0.46875
library & information science	0.28125	0.78125	0.875	0.71875	0.40625	0.28125
library and information management	0.21875	0.4375	0.453125	0.5625	0.578125	0.59375
library and information science	0.34375	0.7	0.6375	0.6375	0.35	0.375
library and information studies	0.171875	0.359375	0.546875	0.46875	0.328125	0.515625
library management	0.25	0.46875	0.75	0.734375	0.28125	0.234375
library sciencd	0.03125	0.6875	0.4375	0.46875	0.25	0.5
library science	0.2530241935483871	0.5	0.5655241935483871	0.5584677419354839	0.3024193548387097	0.39314516129032256
library science / history	0.1875	0.65625	0.65625	0.25	0.125	0.03125
library science fine arts	0.03125	0.40625	0.65625	0.71875	0.3125	0.40625
library science, theatre	0.53125	0.53125	0.71875	0.34375	0.03125	0.75
library sciences	0.5	0.75	0.5625	0.65625	0.09375	0.4375
library technition	0.375	0.78125	0.40625	0.25	0.59375	0.65625
library&info science	0.1875	0.75	0.6875	0.3125	0.0625	0.3125
library- and information science	0.125	0.375	0.4375	0.6875	0.6875	0.65625
library/information science	0.28125	0.4375	0.78125	0.5625	0.5	0.34375
licenciatura	0.0	0.1875	0.875	1.0	0.3125	0.25
life science	0.17708333333333334	0.6822916666666666	0.40625	0.7291666666666666	0.16145833333333334	0.17708333333333334
life science, finance	0.53125	0.5625	0.4375	0.3125	0.375	0.65625
life sciences	0.3409090909090909	0.7727272727272727	0.5568181818181818	0.6676136363636364	0.45454545454545453	0.29545454545454547
life sciences (environmental biology)	0.28125	0.78125	0.625	0.6875	0.34375	0.28125
lifelong learning	0.40625	0.625	0.75	0.875	0.53125	0.34375
lifescience	0.46875	0.59375	0.625	0.65625	0.5625	0.46875
lineman	0.6875	0.78125	0.6875	0.78125	0.53125	0.6875
linguistcs	0.3125	0.6875	0.4375	0.40625	0.0625	0.28125
linguistic	0.3125	0.5277777777777778	0.5833333333333334	0.5972222222222222	0.4548611111111111	0.3958333333333333
linguistics	0.2540260736196319	0.5763036809815951	0.5703604294478528	0.5740030674846626	0.3000383435582822	0.3134585889570552
linguistics & psychology	0.28125	0.4375	0.625	0.65625	0.3125	0.5625
linguistics and criminology	0.25	0.25	0.21875	0.625	0.3125	0.40625
linguistics and european studies	0.03125	0.125	0.6875	0.53125	0.09375	0.1875
linguistics and literature	0.1875	0.3125	0.59375	0.75	0.40625	0.0625
linguistics and semiology	0.125	0.4375	0.6875	0.71875	0.5	0.125
linguistics, asian studies, enlgish	0.34375	0.90625	0.875	0.71875	0.21875	0.71875
linguistics, education	0.0	0.1875	0.09375	0.65625	0.125	0.0625
linguistics, german	0.0625	0.53125	0.625	0.34375	0.0625	0.5
linguistics, information systems	0.1875	0.59375	0.90625	0.8125	0.25	0.125
linguistics, international affairs	0.21875	0.5625	0.28125	0.125	0.0	0.4375
linguistics, japanese	0.125	0.65625	0.5	0.15625	0.0	0.21875
linguistics, literature	0.34375	0.84375	0.5625	0.46875	0.28125	0.375
linguistique	0.75	0.5	0.65625	0.84375	0.65625	0.46875
linguistis	0.0	0.28125	0.15625	0.65625	0.15625	0.03125
linguistiscs	0.1875	0.53125	0.65625	0.59375	0.375	0.4375
lingusitic and education	0.125	0.34375	0.5	0.78125	0.0	0.0
lingusitics	0.03125	0.71875	0.6875	0.78125	0.0	0.125
literacy	0.28125	0.609375	0.671875	0.59375	0.296875	0.234375
literatura	0.109375	0.421875	0.390625	0.46875	0.109375	0.15625
literature	0.25229357798165136	0.5450114678899083	0.6293004587155964	0.6086582568807339	0.34030963302752293	0.24139908256880735
literature and critical theory	0.125	0.84375	0.65625	0.125	0.15625	0.0
literature and cultural studies	0.09375	0.625	0.75	0.90625	0.5625	0.0625
literature and culture	0.0625	0.6875	0.78125	0.8125	0.34375	0.28125
literature and environmental studies	0.1875	0.75	0.75	0.375	0.125	0.0
literature and piano	0.0625	0.65625	0.6875	0.5	0.34375	0.15625
literature and sociology	0.03125	0.28125	0.25	0.8125	0.125	0.03125
literature and writing	0.125	0.5625	0.75	0.0	0.125	0.0
literature, graphic design	0.0	0.03125	0.6875	0.4375	0.125	0.0625
literature, maths	0.40625	0.5	0.6875	0.8125	0.4375	0.53125
literature, medieval studies	0.53125	0.6875	0.875	0.53125	0.375	0.34375
literature.	0.375	0.625	0.78125	0.59375	0.84375	0.0
literature/ physics	0.15625	0.78125	0.5625	0.5625	0.28125	0.21875
literature/theatre	0.0	0.6875	0.34375	0.75	0.4375	0.03125
litraturture ethnic studies	0.4375	0.8125	0.8125	0.90625	0.4375	0.28125
litterature	0.20625	0.45	0.68125	0.51875	0.26875	0.15
living skill	0.0	0.3125	0.1875	0.96875	0.15625	0.25
logic	0.4375	0.21875	0.40625	0.25	0.21875	0.5625
logistic	0.34375	0.3984375	0.4765625	0.65625	0.6015625	0.515625
logistica	0.125	0.0625	0.28125	0.71875	0.46875	0.65625
logistics	0.43154761904761907	0.5029761904761905	0.4375	0.5982142857142857	0.5446428571428571	0.6101190476190477
logistics & supply chain management	0.71875	0.4375	0.625	0.53125	0.71875	0.75
logistics and supply chain	0.3125	0.84375	0.28125	0.71875	0.59375	0.65625
logistics and supply chain management	0.5520833333333334	0.21875	0.46875	0.6770833333333334	0.7916666666666666	0.6770833333333334
logistics management	0.546875	0.421875	0.34375	0.578125	0.640625	0.796875
logistics, transport and forwarding	0.15625	0.15625	0.1875	0.53125	0.375	0.34375
lol	0.25	0.25	0.28125	0.3125	0.34375	0.375
long-term health care administration	0.0625	0.40625	0.09375	0.84375	0.71875	0.4375
loss prevention	0.59375	0.53125	0.5	0.65625	0.71875	0.625
low	0.5	0.8125	0.75	0.40625	0.34375	0.3125
lpn	0.34375	0.6875	0.46875	0.90625	0.5	0.40625
luxury	0.09375	0.1875	0.421875	0.5	0.53125	0.171875
luxury management	0.90625	1.0	0.96875	0.78125	0.875	0.90625
m.a. counseling	0.09375	0.28125	0.5625	0.9375	0.75	0.0625
m.com	0.203125	0.28125	0.390625	0.609375	0.453125	0.5
m.d.	0.4375	0.5	0.46875	0.5625	0.53125	0.25
m.s. in clinical mental heath counseling	0.0	0.15625	0.5	0.625	0.0625	0.0625
m.sc. (master of business science)	0.6875	0.9375	0.4375	0.40625	0.65625	0.25
m.sc. proccess eng.	0.625	0.53125	0.46875	0.46875	0.34375	0.46875
m/a	0.15625	0.625	0.90625	0.78125	0.71875	0.21875
ma	0.40625	0.7604166666666666	0.2708333333333333	0.8020833333333334	0.53125	0.5104166666666666
ma clinical mental health counseling, med cul	0.09375	0.4375	0.375	0.53125	0.28125	0.5
ma human services	0.09375	0.875	0.5	0.84375	0.6875	0.03125
ma leadership	0.1875	0.5625	0.875	0.71875	0.625	0.0625
ma sociology	0.0	0.3125	0.0	0.5	0.125	0.625
machanical engineering	0.96875	0.75	0.34375	0.5	0.59375	0.46875
machine design	0.59375	0.1875	0.15625	0.5	0.34375	0.375
machine tool	0.53125	0.6875	0.34375	0.5625	0.15625	0.25
macroeconomics	0.0625	0.1875	0.71875	0.75	0.5	0.03125
magazine journalism	0.0	0.1875	0.6875	0.5	0.53125	0.03125
magement	0.0	0.0	0.5	0.53125	0.78125	0.40625
magh	0.15625	0.65625	0.6875	0.59375	0.0	0.1875
maharishi vedic science	0.0	0.46875	0.96875	0.40625	0.09375	0.0
maintenance engineering	0.78125	0.21875	0.4375	0.4375	0.34375	0.65625
major	0.140625	0.109375	0.4375	0.390625	0.609375	0.328125
make up artistry	0.46875	0.71875	0.5625	0.6875	0.84375	0.59375
malay language	1.0	1.0	0.9375	0.8125	0.5625	0.6875
malay language and literature	0.5	0.65625	0.15625	0.5625	0.3125	0.28125
malay language study	0.3125	0.28125	0.78125	0.625	0.53125	0.4375
malufacturing engineer	0.78125	0.59375	0.71875	0.75	0.8125	0.75
manaagement	0.34375	0.25	0.15625	0.625	0.5	0.75
manage	0.25	0.84375	0.71875	0.40625	0.375	0.5625
manageemnt	0.25	0.28125	0.5625	0.46875	0.34375	0.3125
managememnt	0.0	0.40625	0.3125	0.375	0.1875	0.0
managemen	0.34375	0.53125	0.28125	0.28125	0.21875	0.40625
management	0.32817263719512196	0.4536013719512195	0.506812118902439	0.6196169969512195	0.5066692073170732	0.4347846798780488
management & marketing	0.4375	0.21875	0.5625	0.53125	0.71875	0.5625
management & psychology	0.4375	0.53125	0.53125	0.59375	0.53125	0.46875
management - marketing	0.53125	0.78125	0.5	0.75	0.6875	0.65625
management /marketing	0.5625	0.65625	0.71875	0.5	0.5625	0.46875
management accounting	0.015625	0.328125	0.484375	0.59375	0.375	0.3125
management accounting - cima	0.625	0.71875	0.8125	0.90625	0.84375	0.5625
management and business	0.15625	0.65625	1.0	0.8125	0.875	0.5625
management and chinese	0.25	0.59375	0.40625	0.65625	0.5	0.3125
management and commercial law	0.53125	0.53125	0.71875	0.46875	0.46875	0.40625
management and economics	0.40625	0.65625	0.96875	0.65625	0.34375	0.21875
management and english	0.40625	0.53125	0.65625	0.6875	0.5	0.25
management and entrepreneurship	0.53125	0.53125	0.1875	0.5	0.65625	0.84375
management and finance	0.21875	0.625	0.6875	0.59375	0.5	0.3125
management and human relations	0.34375	0.25	0.28125	0.625	0.375	0.46875
management and leadership	0.19791666666666666	0.5520833333333334	0.4895833333333333	0.6354166666666666	0.71875	0.5104166666666666
management and marketing	0.28125	0.421875	0.84375	0.828125	0.640625	0.53125
management and organization	0.25	0.6875	0.78125	0.84375	0.78125	0.46875
management and organizational behavior	0.03125	0.59375	0.5625	0.8125	0.5	0.15625
management and organizational leadership	0.09375	0.0625	0.15625	0.53125	0.3125	0.46875
management and psychology	0.875	0.71875	0.46875	0.625	0.3125	0.625
management and strategic leadership	0.53125	0.1875	0.1875	0.5	0.71875	0.53125
management and supervision	0.25	0.90625	0.4375	0.34375	0.34375	0.53125
management business	0.609375	0.40625	0.5	0.40625	0.5	0.75
management consulting	0.0	0.6875	0.875	0.625	0.625	0.34375
management development	0.46875	0.53125	0.9375	0.8125	0.5625	0.4375
management economics	0.46875	0.25	0.46875	0.34375	0.46875	0.78125
management engineering	0.1875	0.23958333333333334	0.53125	0.53125	0.5833333333333334	0.4166666666666667
management imformation	0.65625	0.65625	0.53125	0.625	0.5625	0.5625
management in theatre and business administra	0.125	0.0625	0.9375	0.375	0.5625	0.21875
management info systems	0.25	0.09375	0.28125	0.375	0.40625	0.375
management information systems	0.2552083333333333	0.5538194444444444	0.5381944444444444	0.5347222222222222	0.40625	0.4027777777777778
management informations systems	0.40625	0.15625	0.71875	0.96875	0.8125	0.5
management infosys	0.65625	0.96875	1.0	0.78125	0.78125	0.8125
management marketing and technology	0.0	0.0	0.0	0.1875	0.4375	0.25
management mathematics	0.125	0.15625	0.78125	0.375	0.4375	0.375
management of communication	0.3125	0.25	0.59375	0.625	0.65625	0.53125
management of information systems	0.5	0.46875	0.40625	0.4375	0.5625	0.625
management of technology	0.359375	0.421875	0.375	0.40625	0.59375	0.578125
management of technology & innovation	0.15625	0.5625	0.25	0.375	0.3125	0.09375
management operations	0.65625	0.6875	0.4375	0.25	0.15625	0.28125
management science	0.359375	0.59375	0.4375	0.484375	0.296875	0.40625
management science and engineering	0.3125	0.4375	0.40625	0.65625	0.78125	0.65625
management sciences	0.359375	0.265625	0.5625	0.84375	0.59375	0.546875
management students	0.34375	0.4375	0.6875	0.8125	0.46875	0.46875
management studies	0.37259615384615385	0.5576923076923077	0.41586538461538464	0.71875	0.5528846153846154	0.5769230769230769
management studies (mba)	0.3125	0.6875	0.21875	0.5625	0.34375	0.6875
management studies and hr	0.25	0.09375	0.59375	0.90625	0.6875	0.90625
management technology	0.109375	0.078125	0.046875	0.59375	0.46875	0.953125
management, commerce	0.3125	0.4375	0.5625	0.5625	0.65625	0.3125
management, economics	0.3125	0.09375	0.59375	0.4375	0.59375	0.1875
management, finance	0.5625	0.5	0.53125	0.5	0.46875	0.3125
management, high education	0.4375	0.46875	0.5625	0.65625	0.53125	0.46875
management, inforation systems	0.46875	0.21875	0.09375	0.5	0.3125	0.3125
management-org psych	0.5	0.34375	0.4375	0.625	0.65625	0.40625
management. marketing	0.46875	0.375	0.9375	0.65625	0.96875	0.3125
management/ logistics	0.375	0.0625	0.03125	0.65625	0.1875	0.625
management/biology	0.296875	0.625	0.75	0.625	0.53125	0.5
management/supply chain	0.96875	0.53125	0.375	0.46875	0.1875	0.28125
managemeny	0.1875	0.484375	0.734375	0.703125	0.359375	0.296875
managemnt & leadership	0.25	0.0	0.15625	0.53125	0.59375	0.28125
managenemt	0.25	0.34375	0.5	0.625	0.3125	0.3125
managenent	0.375	0.65625	0.875	0.59375	0.59375	0.375
manager	0.546875	0.59375	0.53125	0.609375	0.71875	0.8125
manager process	0.15625	0.375	0.4375	0.53125	0.4375	0.65625
managerial sciences	0.46875	0.40625	0.625	0.65625	0.6875	0.6875
managing	0.21875	0.1875	0.59375	0.6875	0.28125	0.21875
managment	0.3494318181818182	0.5113636363636364	0.42045454545454547	0.5142045454545454	0.5539772727272727	0.48295454545454547
managment accounting	0.625	0.5625	0.5	0.6875	0.65625	0.59375
managment and leadership	0.0	0.21875	0.53125	0.75	0.59375	0.65625
managment, hr, psychology	0.1875	0.59375	0.5625	0.6875	0.3125	0.15625
mananagement	0.125	0.21875	0.375	0.53125	0.4375	0.5
maneger	0.625	0.78125	0.75	0.875	0.8125	0.84375
manegment	0.28125	0.25	0.34375	0.1875	0.5625	0.3125
mangement	0.3541666666666667	0.5833333333333334	0.6979166666666666	0.6770833333333334	0.65625	0.7291666666666666
mangment	0.3125	0.71875	0.40625	0.65625	0.5	0.53125
manufacturing	0.40625	0.65625	0.71875	0.84375	0.34375	0.65625
manufacturing engineering	0.5823863636363636	0.6335227272727273	0.5198863636363636	0.4971590909090909	0.4403409090909091	0.44886363636363635
manufacturing enginner	0.5	0.0	0.0625	0.28125	0.15625	0.25
manufacturing, accounting	0.6875	0.21875	0.34375	0.40625	0.65625	0.96875
maori	0.1875	0.5	0.625	0.375	0.28125	0.0625
maprh	0.21875	0.25	0.625	0.5	0.25	0.25
mareine engineerinh	0.5625	0.4375	0.375	0.625	0.5625	0.375
marine	0.53125	0.4583333333333333	0.4375	0.6458333333333334	0.5104166666666666	0.625
marine and environmental science	0.15625	0.8125	0.53125	0.875	0.53125	0.59375
marine biology	0.2864583333333333	0.7682291666666666	0.59375	0.5130208333333334	0.4036458333333333	0.3802083333333333
marine biology and library science	0.0	0.59375	0.5	0.71875	0.28125	0.21875
marine bioloy	0.40625	0.9375	0.53125	0.15625	0.09375	0.0625
marine engineering	0.51875	0.471875	0.421875	0.415625	0.425	0.4875
marine geography	0.75	0.71875	0.78125	0.375	0.40625	0.34375
marine offshore	0.546875	0.640625	0.46875	0.640625	0.359375	0.4375
marine science	0.34375	0.76953125	0.40234375	0.62109375	0.2890625	0.390625
marine sciences	0.09375	0.78125	0.9375	0.625	0.46875	0.09375
marine technology	0.625	0.6875	0.0	0.625	0.375	0.5
marine transprotation	0.78125	0.75	0.4375	0.9375	0.5625	0.78125
maritime	0.5546875	0.4453125	0.4765625	0.625	0.4453125	0.28125
maritime administration	0.34375	0.5	0.75	0.5	0.28125	0.15625
maritime archaeology	0.375	0.71875	0.25	0.53125	0.21875	0.125
maritime technology	0.34375	0.515625	0.3125	0.515625	0.46875	0.375
markerting	0.15625	0.625	0.875	0.65625	0.3125	0.1875
market administration	0.0625	0.28125	0.25	0.34375	0.3125	0.4375
marketers	0.34375	0.625	0.34375	0.6875	0.6875	0.84375
marketign and brand management	0.0625	0.65625	0.71875	0.0625	0.21875	0.125
marketing	0.25752492331288346	0.4171779141104294	0.5081959355828221	0.5656633435582822	0.4913726993865031	0.3462423312883436
marketing  // business analytiy	0.25	0.09375	0.53125	0.375	0.6875	0.5
marketing & advertising	0.125	0.0	0.875	0.875	0.5	0.21875
marketing & communications	0.21875	0.375	0.71875	0.75	0.625	0.1875
marketing & information systems	0.625	0.5	0.375	0.25	0.40625	0.25
marketing & management	0.390625	0.46875	0.578125	0.453125	0.5625	0.453125
marketing & sociology	0.3125	0.71875	0.53125	0.65625	0.4375	0.25
marketing (business administration)	0.125	0.53125	0.6875	0.65625	0.0625	0.0
marketing , mabagement	0.15625	0.28125	0.125	0.3125	0.5625	0.40625
marketing / accounting	0.46875	0.5625	0.34375	0.5	0.40625	0.625
marketing / international trade	0.0625	0.53125	0.53125	0.5	0.28125	0.1875
marketing analytics	0.15625	0.1875	0.65625	0.65625	0.40625	0.34375
marketing and business administration	0.484375	0.421875	0.34375	0.71875	0.453125	0.8125
marketing and chinese language	0.03125	0.34375	0.53125	0.75	0.1875	0.0
marketing and communication	0.0	0.6875	0.8125	0.84375	0.5	0.09375
marketing and communications	0.041666666666666664	0.125	0.4479166666666667	0.5625	0.5416666666666666	0.10416666666666667
marketing and design	0.0	0.28125	0.25	0.71875	0.53125	0.0625
marketing and entrepreneurship	0.0625	0.40625	0.5625	0.84375	0.875	0.1875
marketing and finance	0.375	0.90625	0.65625	0.65625	0.75	0.4375
marketing and hospitality	0.375	0.5625	0.5	0.65625	0.59375	0.40625
marketing and ibm	0.59375	0.40625	0.875	0.75	0.5	0.78125
marketing and international business	0.25	0.78125	0.625	0.375	0.375	0.625
marketing and international trade	0.453125	0.609375	0.671875	0.640625	0.640625	0.5
marketing and it	0.40625	0.65625	0.59375	0.6875	0.5	0.40625
marketing and journalism	0.28125	0.5	0.21875	0.53125	0.5	0.28125
marketing and management	0.20833333333333334	0.22916666666666666	0.46875	0.5416666666666666	0.5729166666666666	0.4479166666666667
marketing and nursing	0.0	0.34375	0.21875	0.53125	0.53125	0.375
marketing and psychology	0.265625	0.328125	0.46875	0.625	0.46875	0.328125
marketing and spanish	0.140625	0.453125	0.21875	0.71875	0.4375	0.390625
marketing and strategic planning	0.0	0.125	0.375	0.375	0.34375	0.125
marketing and systems mba	0.15625	0.46875	0.5	0.46875	0.34375	0.15625
marketing communications	0.10416666666666667	0.3333333333333333	0.5885416666666666	0.5104166666666666	0.5729166666666666	0.3020833333333333
marketing economics	0.34375	0.71875	0.84375	0.875	0.46875	0.625
marketing economics & finance	0.3125	0.71875	0.25	0.53125	0.40625	0.25
marketing education	0.1875	0.40625	0.375	0.6875	0.28125	0.3125
marketing management	0.29086538461538464	0.4831730769230769	0.5408653846153846	0.6850961538461539	0.5841346153846154	0.46634615384615385
marketing management, technical information	0.59375	0.65625	0.40625	0.9375	0.59375	0.65625
marketing research	0.0	0.0	0.0	0.40625	0.59375	0.40625
marketing then multidisciplinary	0.3125	0.53125	0.75	0.6875	0.5	0.40625
marketing, business	0.15625	0.5	0.875	0.90625	0.6875	0.5
marketing, business administration	0.0	0.59375	0.46875	0.65625	0.53125	0.25
marketing, chemistry	0.34375	0.625	0.78125	0.875	0.3125	0.40625
marketing, commercial law and education	0.15625	0.09375	0.625	0.65625	0.3125	0.34375
marketing, finance	0.0	0.84375	1.0	0.78125	0.5	0.1875
marketing, international business	0.8125	0.875	0.9375	0.9375	1.0	0.90625
marketing, management	0.28125	0.3125	0.875	0.703125	0.484375	0.328125
marketing, pshychology	0.40625	0.6875	0.78125	0.65625	0.625	0.34375
marketing, psychology	0.328125	0.4375	0.4375	0.515625	0.5	0.4375
marketing, seo	0.34375	0.15625	0.59375	0.09375	0.53125	0.21875
marketing,accounting	0.40625	0.6875	0.5625	0.625	0.5	0.53125
marketing-management	0.21875	0.03125	0.5625	0.75	0.5625	0.5
marketing/design	0.1875	0.40625	0.59375	0.5625	0.28125	0.09375
marketing/event planning	0.375	0.5625	0.5625	0.71875	0.625	0.65625
marketing/management	0.171875	0.265625	0.21875	0.71875	0.375	0.3125
marketing/psychology	0.0625	0.75	0.71875	0.875	0.71875	0.25
marketing/theater	0.0	0.0625	0.3125	0.6875	0.25	0.125
marketing; dance	0.09375	0.0625	0.25	0.53125	0.0	0.0
marketing; psychology	0.15625	0.71875	0.28125	0.59375	0.53125	0.09375
markeying	0.5625	0.46875	0.65625	0.40625	0.28125	0.6875
marking, management	0.0	0.09375	0.0625	0.34375	0.4375	0.0
marriage & family therapy	0.0	0.125	0.5	0.5625	0.0625	0.125
marriage and family studies	0.125	0.3854166666666667	0.6666666666666666	0.7083333333333334	0.23958333333333334	0.2708333333333333
marriage and family therapist	0.3125	0.125	0.5	0.9375	0.84375	0.84375
marriage and family therapy	0.23214285714285715	0.5178571428571429	0.5089285714285714	0.6607142857142857	0.32142857142857145	0.25
marriage couples family counselor	0.21875	0.78125	0.75	0.90625	0.5	0.40625
marriage therapy	0.09375	0.71875	0.6875	0.5625	0.15625	0.03125
marriage/family counseling	0.40625	0.75	0.9375	0.875	0.46875	0.4375
mass comm	0.17708333333333334	0.3958333333333333	0.8125	0.7291666666666666	0.3333333333333333	0.19791666666666666
mass communication	0.29450757575757575	0.5104166666666666	0.6439393939393939	0.6553030303030303	0.4422348484848485	0.32386363636363635
mass communications	0.2666015625	0.4267578125	0.5634765625	0.6279296875	0.4462890625	0.3076171875
mass communiction	0.21875	0.5625	0.5625	0.59375	0.625	0.65625
mass media	0.125	0.6328125	0.5625	0.703125	0.2578125	0.2890625
mass media & communication	0.65625	0.78125	0.9375	0.96875	0.75	0.625
mass media and communication	0.125	0.4375	0.625	0.6875	0.375	0.15625
mass media and communications	0.0625	0.40625	0.3125	0.75	0.5625	0.15625
mass media communications	0.71875	0.8125	0.59375	0.8125	0.78125	0.78125
mass media studies	0.46875	0.5	0.8125	0.6875	0.8125	0.25
massage	0.21875	0.4375	0.125	0.59375	0.4375	0.5625
massage therapy	0.28125	0.5703125	0.640625	0.6171875	0.2890625	0.2421875
massage therapy, anatomy	0.21875	0.59375	0.9375	0.3125	0.1875	0.15625
master education	0.21875	0.125	0.78125	0.78125	0.59375	0.75
master in bussiness administration	0.40625	0.71875	0.4375	0.5	0.5625	0.625
master in human resources	0.09375	0.25	0.03125	0.4375	0.15625	0.375
master in management	0.09375	0.8125	0.875	0.8125	0.28125	0.09375
master of art in leadership	0.4375	0.40625	0.34375	0.84375	0.46875	0.75
master of arts in counseling	0.0	0.375	0.46875	0.46875	0.15625	0.0
master of business administration	0.2916666666666667	0.3854166666666667	0.4583333333333333	0.65625	0.59375	0.4270833333333333
master of city planning	0.3125	0.9375	0.84375	0.6875	0.6875	0.8125
master of commerce	0.15625	0.1875	0.4375	0.75	0.5625	0.40625
master of science	0.4375	0.84375	0.65625	0.65625	0.75	0.4375
master of science geography	0.40625	0.84375	0.8125	0.59375	0.4375	0.375
master of social work	0.3125	0.65625	0.71875	0.21875	0.03125	0.40625
master school counseling	0.0	0.375	0.65625	0.875	0.34375	0.15625
master- education	0.0625	0.25	0.65625	0.59375	0.625	0.65625
masters	0.1875	0.375	0.1875	0.4375	0.5	0.40625
masters in business	0.625	0.8125	0.53125	0.96875	0.5625	0.90625
masters in business administration	0.28125	0.125	0.40625	0.78125	0.359375	0.703125
masters in counseling	0.25	0.875	0.78125	0.75	0.34375	0.0625
masters in public health	0.15625	0.65625	0.71875	0.8125	0.34375	0.28125
masters of science in communication,media	0.21875	0.4375	0.8125	0.875	0.5625	0.3125
masters of science in physician assistant stu	0.71875	0.5625	0.21875	0.375	0.03125	0.21875
masters sport management	0.125	0.125	0.5	0.59375	0.5625	0.625
material arts & design / textiles	0.0625	0.53125	0.5625	0.5625	0.34375	0.46875
material engineering	0.078125	0.40625	0.453125	0.34375	0.390625	0.5
material science	0.4027777777777778	0.5729166666666666	0.4548611111111111	0.4305555555555556	0.5208333333333334	0.4444444444444444
material science and engineering	0.46875	0.71875	0.71875	0.3125	0.3125	0.46875
materials engeneering	0.21875	0.0625	0.0	0.28125	0.21875	0.46875
materials engineering	0.48660714285714285	0.7142857142857143	0.5379464285714286	0.39955357142857145	0.328125	0.4642857142857143
materials physics	0.1875	0.5	0.3125	0.71875	0.09375	0.1875
materials science	0.484375	0.65234375	0.56640625	0.45703125	0.35546875	0.484375
materials science & engineering	0.59375	0.875	0.84375	0.65625	0.3125	0.34375
materials science and engineering	0.4791666666666667	0.5	0.3333333333333333	0.4375	0.3854166666666667	0.5833333333333334
math	0.2864583333333333	0.5149739583333334	0.4405381944444444	0.4811197916666667	0.3177083333333333	0.4405381944444444
math & management studies	0.1875	0.28125	0.09375	0.59375	0.71875	0.53125
math & teaching, working on ma in psychology	0.15625	0.65625	0.5625	0.53125	0.34375	0.15625
math and computer science	0.0	0.71875	0.5625	0.75	0.25	0.25
math and economic	0.0	0.1875	0.25	0.25	0.3125	0.125
math and economics	0.25	0.25	0.234375	0.703125	0.46875	0.1875
math and engineering	0.0	0.78125	0.71875	0.8125	0.5	0.15625
math and english	0.125	0.09375	0.15625	0.40625	0.21875	0.34375
math and physics	0.40625	0.84375	0.46875	0.59375	0.25	0.375
math and psychology	0.234375	0.484375	0.296875	0.421875	0.359375	0.546875
math and statistics	0.15625	0.71875	0.5	0.53125	0.125	0.25
math as;envi sci;comm bs &ms	0.03125	0.5625	0.4375	0.46875	0.3125	0.28125
math education	0.3169642857142857	0.5625	0.4732142857142857	0.6160714285714286	0.18303571428571427	0.6294642857142857
math for education	0.125	0.625	0.6875	0.75	0.09375	0.1875
math secondary ed, spanish, pursuing school c	0.03125	0.34375	0.09375	0.71875	0.0	0.09375
math, accounting	0.4375	0.65625	0.0625	0.78125	0.125	0.46875
math, computer science	0.46875	0.75	0.34375	0.34375	0.46875	0.90625
math, german	0.65625	0.375	0.21875	0.21875	0.25	0.84375
math, mba	0.3125	0.84375	0.71875	0.5	0.40625	0.3125
math, music	0.3125	0.15625	0.25	0.5	0.21875	0.65625
math, physics	0.40625	0.53125	0.46875	0.71875	0.3125	0.6875
math, sociology	0.21875	0.59375	0.40625	0.21875	0.21875	0.4375
math/chemistry	0.25	0.625	0.25	0.21875	0.28125	0.71875
math/mba	0.53125	0.625	0.53125	0.75	0.375	0.21875
math/physics	0.0	0.875	0.125	0.53125	0.125	0.03125
math/science	0.15625	0.796875	0.640625	0.96875	0.359375	0.0625
matheatic	0.96875	0.65625	0.53125	0.78125	0.53125	0.9375
mathemathic	0.4375	0.625	0.5	0.59375	0.5	0.59375
mathematic	0.44375	0.50625	0.425	0.51875	0.325	0.553125
mathematic and statistics	0.4375	0.53125	0.5	0.1875	0.03125	0.59375
mathematic teaching	0.46875	0.375	0.5625	0.71875	0.4375	0.40625
mathematical	0.34375	0.0	0.1875	0.84375	0.8125	0.8125
mathematical economics	0.21875	0.03125	0.0625	0.375	0.3125	0.53125
mathematical engineering	0.71875	0.875	0.6875	0.75	0.09375	0.28125
mathematical enineering	0.4375	0.75	0.0625	0.0	0.28125	0.8125
mathematical science	0.03125	0.09375	0.0625	0.625	0.0	0.15625
mathematical statistics	0.0	0.28125	0.25	0.09375	0.09375	0.09375
mathematics	0.32534620991253643	0.548378279883382	0.47130102040816324	0.5422740524781341	0.3624271137026239	0.4815051020408163
mathematics & economics	0.15625	0.53125	0.6875	0.46875	0.375	0.09375
mathematics and computer science	0.09375	0.75	0.4375	0.265625	0.21875	0.453125
mathematics and economics	0.125	0.53125	0.625	0.59375	0.75	0.09375
mathematics and educatioin	0.28125	0.28125	0.65625	0.65625	0.4375	0.3125
mathematics and education	0.4375	0.65625	0.6875	0.84375	0.5	0.4375
mathematics and history	0.0	0.375	0.25	0.875	0.40625	0.1875
mathematics and phylosophy	0.53125	0.84375	0.6875	0.40625	0.125	0.125
mathematics and physics	0.5625	0.5625	0.71875	0.375	0.15625	0.4375
mathematics and science	0.25	0.75	0.5625	0.71875	0.53125	0.375
mathematics economics	0.3125	0.59375	0.8125	0.40625	0.28125	0.21875
mathematics education	0.390625	0.453125	0.640625	0.8125	0.46875	0.234375
mathematics secondary education	0.46875	0.8125	0.59375	0.875	0.375	0.28125
mathematics teacher education	0.03125	0.25	0.09375	0.65625	0.5	0.75
mathematics, classical civilisation	0.4375	0.96875	0.46875	0.625	0.4375	0.59375
mathematics, economics	0.375	0.734375	0.484375	0.515625	0.5	0.546875
mathematics, educatin	0.46875	0.375	0.34375	0.84375	0.46875	0.25
mathematics, education, library science (3 de	0.5625	0.25	0.125	0.5625	0.1875	0.6875
mathematics, french	0.21875	0.75	0.265625	0.421875	0.3125	0.46875
mathematics, medicine	0.5	0.46875	0.25	0.46875	0.25	0.09375
mathematics, music	0.375	0.09375	0.4375	0.4375	0.25	0.78125
mathematics, philosophy	0.0625	0.5	0.6875	0.5	0.28125	0.0
mathematics, statistics	0.40625	0.71875	0.53125	0.8125	0.4375	0.59375
mathematics, statistics and finance	0.0625	0.09375	0.0	0.875	0.53125	0.78125
mathematics; education	0.03125	0.46875	0.5625	0.65625	0.3125	0.375
mathmatics	0.25	0.59375	0.84375	0.5625	0.28125	0.0625
mathmatics, physics, chemistry	0.59375	0.65625	0.53125	0.5	0.53125	0.46875
mathmativs	0.40625	0.4375	0.46875	0.65625	0.65625	0.5
maths	0.28125	0.5401785714285714	0.4649234693877551	0.4961734693877551	0.32971938775510207	0.38584183673469385
maths & physics (joint)	0.09375	0.53125	0.21875	0.46875	0.09375	0.1875
maths & psychology	0.21875	0.75	0.59375	0.59375	0.53125	0.125
maths and economics	0.59375	0.4375	0.3125	0.1875	0.4375	0.71875
maths and english	0.0	0.46875	0.03125	0.5625	0.0625	0.65625
maths and french	0.25	0.40625	0.5625	0.75	0.5625	0.5
maths and geography (double)	0.09375	0.03125	0.375	0.78125	0.46875	0.0
maths ans science	0.0	0.0625	0.65625	0.71875	0.90625	0.6875
maths computing	0.03125	0.0	0.03125	0.125	0.125	0.09375
maths, physics	0.6875	0.53125	0.375	0.625	0.53125	0.625
maths, physics, engineering	0.0	0.90625	0.25	0.59375	0.0625	0.3125
maths/information technology	0.28125	0.78125	0.25	0.375	0.3125	0.375
mba	0.33015046296296297	0.5205439814814815	0.4849537037037037	0.5503472222222222	0.4765625	0.42563657407407407
mba & working on mental health graduate degre	0.0	0.40625	0.40625	0.65625	0.21875	0.0625
mba - marketing	0.0625	0.25	0.4375	0.71875	0.0	0.03125
mba - marketing, operations	0.21875	0.375	0.46875	0.59375	0.375	0.4375
mba finance	0.4375	0.3125	0.28125	0.8125	0.40625	0.84375
mba finance and accounting	0.1875	0.25	0.5	0.84375	0.65625	0.3125
mba hr	0.59375	0.75	1.0	0.90625	0.25	0.1875
mba, counseling	0.15625	0.25	0.5625	0.65625	0.53125	0.125
mba, project management	0.125	0.21875	0.1875	0.46875	0.1875	0.625
mba, rehabilitation counseling	0.09375	0.78125	0.625	0.5	0.125	0.125
mba, sociology	0.5	0.625	0.5625	0.59375	0.84375	0.65625
mba- human resources	0.15625	0.15625	0.53125	0.5	0.28125	0.21875
mba-finance	0.1875	0.0	0.1875	0.125	0.4375	0.96875
mba/	0.3125	0.78125	0.8125	0.90625	0.6875	0.3125
mba/hrm	0.1875	0.25	0.1875	0.5	0.65625	0.6875
mba; m.a. human services	0.0625	0.125	0.0	0.3125	0.375	0.65625
mbbs	0.5	0.625	0.5	0.53125	0.21875	0.21875
md	0.0	0.75	0.59375	0.0	0.03125	0.0
md medicine	0.3125	0.3125	0.21875	0.5	0.40625	0.09375
md. ph	0.1875	0.625	0.875	0.03125	0.09375	0.21875
measurement	0.15625	0.375	0.40625	0.53125	0.28125	0.5
meat science	0.6875	0.9375	0.375	0.4375	0.125	0.3125
mec engineering	0.625	0.90625	0.5625	0.15625	0.03125	0.21875
mecanical engineering	0.71875	0.28125	0.40625	0.3125	0.625	0.46875
mecanical enginineering	0.59375	0.5	0.25	0.25	0.53125	0.625
mecathronics engineering	0.5625	0.5625	0.46875	0.59375	0.375	0.5625
mecatronics	0.34375	0.0	0.0	0.0625	0.0	0.1875
mech	0.65625	0.5625	0.625	0.78125	0.4375	0.59375
mech eng	0.359375	0.453125	0.515625	0.625	0.546875	0.53125
mech engineering	0.40625	0.6484375	0.34375	0.33203125	0.17578125	0.38671875
mech. engi.	0.4375	1.0	0.0	0.125	0.125	0.5625
mecha	0.8125	0.0	0.15625	0.40625	0.53125	0.65625
mechaical engineering	1.0	1.0	0.75	0.75	0.0	0.5
mechanic	0.75	0.90625	0.75	0.6875	0.78125	0.90625
mechanic engineer	0.84375	1.0	0.90625	0.9375	0.96875	0.65625
mechanica engineering	0.59375	0.59375	0.25	0.28125	0.09375	0.3125
mechanical	0.5608552631578947	0.4621710526315789	0.4473684210526316	0.6151315789473685	0.46875	0.4901315789473684
mechanical & electrical engineering	0.46875	0.6875	0.71875	0.59375	0.625	0.40625
mechanical & religious	0.34375	0.40625	0.1875	0.15625	0.40625	0.125
mechanical and electrical engineering	0.5	0.6875	0.75	0.375	0.28125	0.3125
mechanical and manufacturing engineering	0.5625	0.75	0.5625	0.65625	0.34375	0.40625
mechanical design	0.65625	0.59375	0.5	0.0625	0.0625	0.25
mechanical e.	0.59375	0.59375	0.71875	0.40625	0.5625	0.4375
mechanical egineering	0.5625	0.71875	0.6875	0.53125	0.5625	0.0
mechanical emgineering	0.34375	0.40625	0.875	0.6875	0.21875	0.375
mechanical eng	0.640625	0.25	0.234375	0.375	0.46875	0.375
mechanical enggineering	0.84375	0.40625	0.71875	0.96875	0.96875	0.84375
mechanical engineeering	0.375	0.5	0.5625	0.625	0.5625	0.09375
mechanical engineer	0.490625	0.671875	0.578125	0.5875	0.596875	0.3625
mechanical engineerin	0.9375	1.0	1.0	1.0	0.9375	1.0
mechanical engineering	0.5366276290630975	0.5430807839388145	0.48882648183556404	0.5306524856596558	0.41168738049713194	0.4585325047801147
mechanical engineering + finance & accounting	0.3125	0.625	0.5625	0.53125	0.65625	0.34375
mechanical engineering - industrial design	0.53125	0.625	0.5625	0.625	0.34375	0.25
mechanical engineering and applied mathematic	0.5	0.5	0.84375	0.46875	0.21875	0.15625
mechanical engineering and counseling	0.625	0.75	0.3125	0.71875	0.34375	0.46875
mechanical engineering and mba	0.71875	0.6875	0.6875	1.0	0.5625	0.6875
mechanical engineering technology	0.734375	0.46875	0.34375	0.578125	0.40625	0.59375
mechanical engineering, biological sciences	0.15625	0.375	0.34375	0.15625	0.09375	0.03125
mechanical engineering, forensic psychology	0.4375	0.53125	0.125	1.0	0.71875	0.96875
mechanical engineering, pg-mba, marketing	0.25	0.25	0.53125	0.75	0.65625	0.0625
mechanical engineering, psychology	0.0625	0.6875	0.71875	0.53125	0.1875	0.25
mechanical engineering.	0.46875	0.4375	0.5	0.9375	0.4375	0.5
mechanical engineering; international relatio	0.28125	0.65625	0.59375	0.6875	0.5625	0.5
mechanical engineerinh	1.0	0.96875	0.75	0.71875	0.65625	0.71875
mechanical engineriing	0.21875	0.0625	0.03125	0.15625	0.0625	0.53125
mechanical enginering	0.65625	0.4375	0.53125	0.75	0.65625	0.71875
mechanical enginerring	0.5	0.40625	0.34375	0.78125	0.5625	0.625
mechanical enginnering	0.53125	0.4375	0.40625	0.40625	0.34375	0.46875
mechanical ingeneering	0.25	0.5625	0.40625	0.21875	0.28125	0.4375
mechanical power plant	0.9375	0.0	0.0	0.0	0.53125	0.4375
mechanical+engineering	0.1875	0.59375	0.8125	0.625	0.28125	0.09375
mechanichal enginnering	0.5625	0.5	0.28125	0.40625	0.53125	0.53125
mechanicl engineering	0.03125	0.875	0.875	0.78125	0.4375	0.3125
mechanics	0.5625	0.5052083333333334	0.4479166666666667	0.3802083333333333	0.2916666666666667	0.4270833333333333
mechanics engineering	0.28125	0.40625	0.46875	0.53125	0.3125	0.25
mechaniscal engineering	0.1875	0.96875	0.8125	0.90625	0.53125	0.15625
mechanival engineering	0.6875	0.59375	0.5	0.71875	0.625	0.78125
mechatronic	1.0	1.0	0.96875	0.96875	1.0	0.9375
mechatronic engineer	0.625	0.375	0.46875	0.15625	0.375	0.5625
mechatronic engineering	0.4375	0.71875	0.6328125	0.6796875	0.546875	0.3828125
mechatronic systems engineering	0.59375	0.59375	0.5	0.78125	0.5625	0.4375
mechatronical engineer	0.15625	0.03125	0.375	0.09375	0.25	0.5
mechatronics	0.4453125	0.578125	0.6953125	0.5234375	0.421875	0.4453125
mechatronics engineer	0.90625	0.625	0.34375	0.625	0.375	0.625
mechatronics engineering	0.5	0.53125	0.390625	0.29296875	0.36328125	0.28125
mechnical engienner	0.59375	0.75	0.53125	0.40625	0.40625	0.375
mechnical engineering	0.390625	0.4296875	0.2578125	0.5234375	0.4375	0.46875
mechnics	0.1875	0.4375	0.34375	0.1875	0.0	0.1875
med rad sci	0.28125	0.78125	0.8125	0.65625	0.5	0.0625
med school	0.125	0.8125	0.0	0.1875	0.28125	0.09375
medcine	0.0	0.5	0.59375	0.65625	0.71875	0.0
medecine	0.59375	0.96875	0.578125	0.5	0.328125	0.453125
medi a arts	0.0	0.1875	0.5625	0.0	0.0625	0.0625
media	0.23336693548387097	0.4873991935483871	0.6602822580645161	0.5604838709677419	0.3634072580645161	0.21068548387096775
media & communications	0.34375	0.6875	0.84375	0.625	0.28125	0.21875
media and communications	0.2760416666666667	0.6614583333333334	0.7864583333333334	0.5885416666666666	0.4375	0.2552083333333333
media and design	0.34375	0.625	0.625	0.59375	0.4375	0.53125
media and english literature	0.0	0.09375	0.65625	0.46875	0.0	0.03125
media arts	0.265625	0.615625	0.703125	0.565625	0.271875	0.265625
media arts & animation	0.1875	0.1875	0.5	0.78125	0.6875	0.8125
media arts, communications and journalism	0.0	0.40625	0.5625	0.53125	0.0625	0.15625
media communication	0.0625	0.390625	0.796875	0.75	0.265625	0.0625
media communications	0.020833333333333332	0.2916666666666667	0.40625	0.4270833333333333	0.28125	0.09375
media culture	0.0	0.3125	0.4375	0.75	0.09375	0.125
media design	0.609375	0.703125	0.515625	0.34375	0.1875	0.28125
media management	0.2125	0.4125	0.68125	0.59375	0.475	0.2375
media practice & theory	0.0	0.25	0.9375	0.6875	0.1875	0.09375
media production	0.3046875	0.5390625	0.453125	0.46875	0.3359375	0.421875
media production photography	0.40625	0.875	0.875	0.59375	0.8125	0.09375
media production&communication	0.625	0.53125	0.5625	0.6875	0.4375	0.59375
media prtoduction	0.0625	0.75	0.875	0.46875	0.375	0.25
media science, teaching	0.1875	0.5	0.53125	0.65625	0.5	0.40625
media studies	0.21875	0.4364224137931034	0.6390086206896551	0.5625	0.36637931034482757	0.27155172413793105
media study	0.375	0.625	0.796875	0.75	0.578125	0.34375
media, communication & cultural studies	0.3125	0.21875	0.4375	0.5625	0.4375	0.4375
media/production	0.375	0.375	0.71875	0.71875	0.46875	0.4375
medial and science	0.15625	0.84375	0.5	1.0	0.46875	0.5
medic	0.5	1.0	0.125	1.0	0.1875	0.375
medical	0.38325471698113206	0.6751179245283019	0.4404481132075472	0.6367924528301887	0.4074292452830189	0.4386792452830189
medical ad asst	0.125	0.1875	0.0625	0.25	0.0625	0.0625
medical admin	0.59375	0.5625	0.125	0.8125	0.53125	0.84375
medical administration	0.03125	0.484375	0.296875	0.734375	0.46875	0.46875
medical administrative	0.125	0.1875	0.28125	0.8125	0.4375	0.59375
medical administrative assistant	0.3671875	0.390625	0.2578125	0.6640625	0.46875	0.71875
medical assisent	0.3125	0.84375	0.15625	0.65625	0.1875	0.5
medical assistant	0.22098214285714285	0.5714285714285714	0.3158482142857143	0.6529017857142857	0.38950892857142855	0.44642857142857145
medical assistanting	0.0	0.6875	0.0	0.1875	0.0625	0.1875
medical assisting	0.2109375	0.646484375	0.384765625	0.736328125	0.32421875	0.34375
medical billing	0.46875	0.46875	0.34375	0.6875	0.625	0.75
medical billing & coding	0.203125	0.46875	0.40625	0.609375	0.375	0.578125
medical billing and coding	0.375	0.5625	0.4375	0.25	0.359375	0.375
medical billing/coding	0.0625	0.5625	0.4375	0.8125	0.375	0.9375
medical biophysics	0.4375	0.8125	0.8125	0.6875	0.59375	0.5
medical coding	0.50625	0.65625	0.2625	0.54375	0.4	0.59375
medical doctor	0.4921875	0.8203125	0.609375	0.7265625	0.4453125	0.4140625
medical emphasis	0.40625	0.8125	0.71875	0.78125	0.1875	0.375
medical engineering	0.46875	0.25	0.4375	0.21875	0.53125	0.46875
medical field	0.140625	0.90625	0.5	0.65625	0.46875	0.265625
medical humanities	0.21875	0.3125	0.03125	0.84375	0.53125	0.6875
medical imaging	0.2578125	0.734375	0.3203125	0.5625	0.3125	0.2734375
medical information manage	0.65625	0.96875	0.09375	0.53125	0.625	0.65625
medical insurance billing	0.4375	0.46875	0.25	0.59375	0.53125	0.84375
medical lab	0.34375	0.75	0.4375	0.53125	0.34375	0.625
medical lab science	0.1875	0.90625	0.5625	0.5625	0.3125	0.1875
medical lab technician	0.53125	0.65625	0.34375	0.734375	0.25	0.34375
medical lab/pyschology	0.375	1.0	0.5625	0.78125	0.1875	0.25
medical laboratory biotechnology	0.46875	0.9375	0.6875	0.25	0.09375	0.0
medical laboratory science	0.234375	0.6770833333333334	0.359375	0.5104166666666666	0.08854166666666667	0.234375
medical laboratory technician	0.53125	0.4375	0.59375	0.5	0.46875	0.65625
medical laboratory technology	0.390625	0.734375	0.234375	0.375	0.25	0.5625
medical microbiologist gy	0.0	0.46875	0.0	0.4375	0.0	0.09375
medical microbiology	0.4375	0.71875	0.84375	0.625	0.53125	0.0625
medical microbiology and immunology	0.0625	0.84375	0.03125	0.15625	0.125	0.25
medical office	0.0625	0.375	0.0625	0.34375	0.125	0.0625
medical office administration	0.0625	0.65625	0.5625	0.625	0.40625	0.59375
medical office assistant	0.125	0.8125	0.25	0.40625	0.375	0.5625
medical offucr	0.15625	0.5	0.15625	0.53125	0.15625	0.3125
medical physics	0.359375	0.8125	0.453125	0.546875	0.453125	0.375
medical physiology	0.125	0.8125	0.875	0.90625	0.25	0.0
medical physiology, medicine	0.21875	0.78125	0.6875	0.40625	0.40625	0.28125
medical psychology	0.0	0.75	0.5625	0.71875	0.65625	0.15625
medical records	0.15625	0.59375	0.46875	0.5625	0.375	0.71875
medical reimbursement	0.15625	0.5625	0.125	0.59375	0.40625	0.71875
medical reimbursement and coding	0.5	0.375	0.03125	0.625	0.4375	0.8125
medical research	0.625	0.4375	0.5625	0.875	0.8125	0.6875
medical school	0.21875	0.6875	0.5	0.484375	0.265625	0.046875
medical science	0.3125	0.75	0.4895833333333333	0.6944444444444444	0.3680555555555556	0.2604166666666667
medical science mbbs	0.125	0.65625	0.46875	0.6875	0.625	0.65625
medical sciences	0.2875	0.58125	0.39375	0.6875	0.39375	0.48125
medical sciences and modern languages	0.28125	0.84375	0.4375	0.53125	0.0	0.125
medical studies	0.25	0.875	0.59375	0.375	0.5625	0.125
medical technologist	0.5	0.75	0.6875	0.65625	0.375	0.4375
medical technology	0.2692307692307692	0.6105769230769231	0.5336538461538461	0.5528846153846154	0.3293269230769231	0.31490384615384615
medical transcription	0.3125	0.875	0.25	0.8125	0.5	0.4375
medical, office	0.25	0.625	0.375	0.53125	0.34375	0.65625
medicen	0.125	0.53125	0.375	0.78125	0.5625	0.1875
medicin	0.53125	0.59375	0.75	0.65625	0.5	0.375
medicina	0.3125	0.34375	0.15625	0.25	0.3125	0.5
medicine	0.32484177215189874	0.6760284810126582	0.5298259493670886	0.5781645569620253	0.3430379746835443	0.3071993670886076
medicine and surgery	0.25	0.4375	0.546875	0.625	0.34375	0.3359375
medicine, economics	0.25	0.46875	0.34375	0.375	0.53125	0.375
medicine; mbbch	0.5625	0.28125	0.6875	0.59375	0.71875	0.5625
medicne	0.8125	0.53125	0.59375	0.34375	0.8125	0.65625
medidine	0.5	0.6875	0.4375	0.34375	0.5	0.84375
medieval languages	0.0	0.5625	0.71875	0.84375	0.25	0.03125
medieval studies	0.125	0.5625	0.9375	0.53125	0.21875	0.03125
medincine	0.375	0.84375	0.71875	0.75	0.25	0.25
menagment	0.15625	0.5625	0.5	0.59375	0.40625	0.15625
menstruar	0.125	0.375	0.0	0.125	0.21875	0.28125
mental	0.0	0.3125	0.15625	0.9375	0.5625	0.09375
mental health	0.15073529411764705	0.4522058823529412	0.5128676470588235	0.8014705882352942	0.3125	0.31066176470588236
mental health & spirituality	0.125	0.5	0.6875	0.6875	0.375	0.0625
mental health and human service	0.21875	0.71875	0.375	0.71875	0.1875	0.5625
mental health and human services	0.09375	0.03125	0.0	0.65625	0.0	0.125
mental health counseling	0.10869565217391304	0.4273097826086957	0.4422554347826087	0.7411684782608695	0.24116847826086957	0.23573369565217392
mental health counseling/psychology	0.0	0.5	0.75	1.0	0.375	0.09375
mental health counselor	0.2734375	0.671875	0.4453125	0.71875	0.34375	0.265625
mental health counseloring	0.40625	0.9375	0.4375	0.75	0.15625	0.3125
mental health nursing	0.1875	0.8229166666666666	0.6145833333333334	0.7916666666666666	0.375	0.3229166666666667
mental health science	0.125	0.59375	0.28125	1.0	0.15625	0.28125
mental health/sociology	0.1875	0.21875	0.3125	0.96875	0.4375	0.28125
mental philosophy	0.46875	0.71875	0.5	0.78125	0.625	0.5
merchandise marketing	0.0	0.09375	0.1875	0.40625	0.4375	0.21875
merchandising	0.0625	0.5	0.46875	0.875	0.65625	0.5
merchandising management	0.0	0.09375	0.09375	0.375	0.46875	0.65625
mesical doctor	0.3125	0.8125	0.84375	0.65625	0.6875	0.375
message	0.09375	0.0	0.21875	0.3125	0.125	0.0
metal work	0.875	0.875	0.78125	0.875	0.9375	0.9375
metallurgical engineering	0.6651785714285714	0.6517857142857143	0.6205357142857143	0.6919642857142857	0.53125	0.34375
metallurgy	0.0625	0.40625	0.21875	0.375	0.15625	0.125
metals technology	0.59375	0.6875	0.9375	0.84375	0.875	0.90625
meteorlogy	0.0	0.15625	0.15625	0.46875	0.0625	0.0625
meteorology	0.359375	0.6015625	0.53125	0.5390625	0.3828125	0.32421875
meteorology,  ocenography and geophysics	0.34375	0.40625	0.15625	0.46875	0.25	0.3125
mexican american studies	0.0	0.15625	0.71875	0.65625	0.21875	0.0
mfa in directing, theatre	0.59375	0.6875	0.96875	0.875	0.1875	0.1875
mft	0.0625	0.0625	0.125	0.875	0.28125	0.46875
mft and lpc	0.28125	0.59375	0.28125	0.6875	0.0625	0.0625
mgmt	0.5625	0.90625	0.96875	0.6875	0.59375	0.25
mgt & business	0.4375	0.03125	0.15625	0.34375	0.375	0.59375
mice	0.46875	0.9375	0.875	0.65625	0.59375	0.59375
micro	0.375	1.0	0.15625	0.46875	0.09375	0.0
micro/molecular biology	-0.03125	1.0	0.0	0.25	0.0	0.125
microb	0.375	0.6875	0.8125	0.9375	0.53125	0.125
microbiolgy	0.453125	0.734375	0.4375	0.515625	0.296875	0.296875
microbiollogy	0.0	0.9375	0.53125	0.53125	0.03125	0.0
microbiology	0.3626760563380282	0.758362676056338	0.5136443661971831	0.5774647887323944	0.34110915492957744	0.3595950704225352
microbiology & pathology	0.4375	0.6875	0.125	0.59375	0.3125	0.53125
microbiology (environmental psychology for ge	0.4375	0.875	0.0	0.25	0.15625	0.28125
microbiology and 3d art	0.40625	0.75	0.59375	0.0625	0.21875	0.3125
microbiology and nursing	0.21875	0.625	0.40625	0.1875	0.46875	0.46875
microbiology/russian	0.6875	0.96875	0.5625	0.6875	0.5	0.1875
microelectronics	0.25	0.53125	0.46875	0.90625	0.5	0.625
microelectronics and software engineering	0.0625	0.71875	0.21875	0.34375	0.0	0.0625
microfinance	0.34375	0.4375	0.5	0.5	0.65625	0.875
microtechnology	0.5625	0.65625	0.21875	0.75	0.21875	0.125
middle east studies	0.375	0.84375	0.59375	0.5	0.21875	0.03125
middle eastern studies	0.3125	0.84375	0.875	0.6875	0.40625	0.3125
midwife	0.0	0.21875	0.4375	0.46875	0.25	0.1875
midwifery	0.3072916666666667	0.7552083333333334	0.5729166666666666	0.71875	0.4947916666666667	0.390625
militar	0.1875	0.0625	0.28125	0.125	0.03125	0.21875
military	0.21875	0.625	0.4375	0.78125	0.25	0.59375
military history	0.375	0.625	0.53125	0.5	0.4375	0.03125
military intelligence	0.125	0.25	0.03125	0.46875	0.6875	0.03125
military sciences	0.5	0.875	0.84375	0.65625	0.40625	0.3125
mining engieering	0.0	0.03125	0.59375	0.59375	0.375	0.0
mining engineering	0.4519230769230769	0.5336538461538461	0.42788461538461536	0.4735576923076923	0.4567307692307692	0.4639423076923077
mining machinery engineering	0.25	0.59375	0.59375	0.5	0.3125	0.125
ministrial leadership	0.125	0.34375	0.59375	0.84375	0.6875	0.6875
ministry	0.21022727272727273	0.28125	0.45454545454545453	0.6136363636363636	0.33238636363636365	0.23011363636363635
mis	0.31971153846153844	0.4543269230769231	0.5216346153846154	0.5288461538461539	0.4495192307692308	0.4182692307692308
missions	0.375	0.25	0.9375	0.6875	0.28125	0.59375
mitchell college	0.03125	0.84375	0.03125	0.6875	0.0625	0.125
mkt	0.375	0.53125	0.46875	0.6875	0.5625	0.28125
mktg, hci	0.03125	0.9375	0.75	0.40625	0.34375	0.3125
mlis	0.0625	0.125	0.15625	0.4375	0.34375	0.53125
mls	0.4375	0.28125	0.1875	0.375	0.375	0.21875
model design	0.9375	0.625	0.59375	0.5625	0.53125	0.25
modern applied languages	0.1875	0.03125	0.34375	0.59375	0.65625	0.84375
modern european languages	0.3125	0.65625	0.65625	0.21875	0.34375	0.28125
modern lamguages	0.125	0.40625	0.65625	0.6875	0.59375	0.21875
modern lanaguages	0.46875	0.53125	0.59375	0.84375	0.28125	0.59375
modern language	0.0	0.5	0.90625	0.5625	0.28125	0.25
modern languages	0.25735294117647056	0.6911764705882353	0.6066176470588235	0.6029411764705882	0.30514705882352944	0.3069852941176471
modern languages & counselling	0.1875	0.5	0.6875	0.625	0.125	0.40625
modern languages and engineering	0.53125	0.5625	0.75	0.6875	0.34375	0.3125
modern languages and law	0.03125	0.21875	0.6875	0.375	0.34375	0.28125
modern languages, literatures	0.09375	0.5	0.65625	0.40625	0.0	0.0625
modern langugages	0.25	0.46875	0.65625	0.5625	0.625	0.28125
molecular and cell biology	0.71875	1.0	0.625	0.8125	0.375	0.34375
molecular biologgy	0.46875	0.9375	0.53125	0.65625	0.625	0.5625
molecular biology	0.3474264705882353	0.7647058823529411	0.42463235294117646	0.4577205882352941	0.28860294117647056	0.32536764705882354
molecular biology & genetics	0.375	1.0	0.5625	0.40625	0.4375	0.4375
molecular bioscience and biotechnology	0.1875	0.84375	0.59375	0.6875	0.25	0.25
molecular genetics	0.65625	0.59375	0.59375	0.78125	0.28125	0.25
molecular genetics, paramedicine	0.40625	0.34375	0.0625	0.25	0.125	0.1875
molecular, cellular and developmental biology	0.0	0.53125	0.53125	0.71875	0.15625	0.125
mortary science	0.0	0.09375	0.21875	0.3125	0.0	0.71875
mortuary	0.5625	0.5	0.5625	0.5625	0.625	0.625
mortuary science	0.3	0.53125	0.30625	0.45	0.225	0.4125
motion design	0.03125	0.0625	0.375	0.125	0.28125	0.0625
motion picture and television	0.34375	0.75	0.90625	0.71875	0.53125	0.25
motion picture arts	0.46875	0.28125	0.71875	0.625	0.4375	0.1875
motion pictures	0.28125	0.6875	0.75	0.5	0.125	0.0625
motivation	0.0	0.0	0.375	0.15625	0.28125	0.09375
movement science	0.3125	0.8125	0.28125	0.65625	0.5625	0.1875
moving image	0.4375	0.5	0.59375	0.59375	0.28125	0.53125
mpa	0.53125	0.53125	0.5625	0.53125	0.5	0.46875
mph	0.53125	0.6875	0.375	0.71875	0.3125	0.4375
mrketing	0.09375	0.21875	0.53125	0.40625	0.5	0.1875
ms bs	0.28125	0.625	0.53125	0.78125	0.46875	0.21875
ms clinical mental health counseling	0.03125	0.65625	0.5625	0.84375	0.46875	0.0
ms counseling	-0.03125	0.1875	0.15625	0.9375	0.1875	0.4375
ms mental health	0.25	0.34375	0.78125	0.90625	0.40625	0.40625
ms psychology	0.34375	0.8125	0.25	0.84375	0.4375	0.625
msc	0.109375	0.359375	0.296875	0.296875	0.171875	0.34375
msc general management	0.125	0.75	0.71875	0.0	0.5	0.5625
msc in innovation and entrepreneurship	0.1875	0.5	0.5625	0.71875	0.4375	0.21875
msn-fnp-c	0.34375	0.8125	0.84375	0.9375	0.4375	0.375
mss comm	0.125	0.09375	0.5625	0.71875	0.375	0.21875
msw	0.6875	0.59375	0.625	0.875	0.875	1.0
multi-media	0.28125	0.296875	0.71875	0.484375	0.40625	0.109375
multidisciplinary studies	0.125	0.46875	0.4895833333333333	0.6666666666666666	0.14583333333333334	0.3541666666666667
multimedia	0.4395833333333333	0.5916666666666667	0.60625	0.6020833333333333	0.44583333333333336	0.47291666666666665
multimedia & project management	0.3125	0.625	0.375	0.53125	0.34375	0.28125
multimedia and animation	0.1875	0.125	0.3125	0.8125	0.8125	0.8125
multimedia art	0.0625	0.25	0.5	0.8125	0.03125	0.125
multimedia design	0.1875	0.875	0.875	1.0	0.3125	0.4375
multimedia producer	0.5	0.65625	0.65625	0.65625	0.78125	0.46875
multimedia technology	0.28125	0.375	0.28125	0.21875	0.28125	0.4375
multiple	0.109375	0.515625	0.453125	0.5625	0.15625	0.25
museology	0.14583333333333334	0.5625	0.46875	0.5729166666666666	0.3229166666666667	0.19791666666666666
museum management	0.125	0.5	0.625	0.90625	0.75	0.28125
museum studies	0.359375	0.390625	0.453125	0.46875	0.453125	0.28125
music	0.23617160278745644	0.48682491289198604	0.6931620209059234	0.5875435540069687	0.2905052264808362	0.27831010452961674
music & education	0.1875	0.59375	0.8125	0.53125	0.0	0.125
music & library	0.46875	0.0625	0.21875	0.59375	0.0	0.8125
music / finance	0.1875	0.6875	0.875	0.3125	0.40625	0.65625
music afa	0.03125	0.4375	0.90625	0.71875	0.15625	0.21875
music and anthropology	0.28125	0.375	0.5625	0.625	0.28125	0.5
music and biblical studies	0.28125	0.28125	0.78125	0.84375	0.53125	0.03125
music and business	0.03125	0.59375	0.59375	0.0625	0.0	0.1875
music and counseling	0.03125	0.71875	0.90625	0.84375	0.3125	0.0625
music and dental hygiene	0.1875	0.53125	0.3125	0.5625	0.0625	0.125
music and education	0.328125	0.703125	0.765625	0.703125	0.421875	0.390625
music and electrical engineering	0.09375	0.75	0.75	0.5	0.15625	0.09375
music and english literature	0.0625	0.5	0.75	0.65625	0.09375	0.0
music and irish (joint major)	0.25	0.34375	0.84375	0.6875	0.0625	0.3125
music and library science	0.28125	0.125	0.84375	0.5625	0.46875	0.3125
music and teaching	0.15625	0.09375	0.59375	0.609375	0.4375	0.390625
music arts physical education health	0.78125	0.6875	0.9375	1.0	0.6875	0.6875
music business	0.1875	0.48046875	0.78125	0.6328125	0.34375	0.171875
music business and law	0.21875	0.40625	0.84375	0.625	0.5	0.40625
music composition	0.24107142857142858	0.39285714285714285	0.71875	0.47767857142857145	0.24553571428571427	0.2857142857142857
music composition and production	0.03125	0.5625	0.71875	0.25	0.125	0.09375
music ed	0.09375	0.6875	0.65625	0.65625	0.46875	0.28125
music education	0.2764945652173913	0.39402173913043476	0.6976902173913043	0.654891304347826	0.35122282608695654	0.31453804347826086
music education and clarinet performance	0.34375	0.1875	0.875	0.75	0.5	0.125
music educstion	0.0	0.0	0.75	0.59375	0.40625	0.0
music engineering	0.40625	0.53125	0.6875	0.65625	0.375	0.59375
music for undergrad. technical writing for ma	0.15625	0.46875	0.65625	0.34375	0.21875	0.21875
music history	0.03125	0.5625	0.625	0.46875	0.1875	0.0
music industry	0.325	0.475	0.73125	0.45	0.325	0.25
music industry and business	0.28125	0.375	0.6875	0.6875	0.65625	0.46875
music industry studies	0.421875	0.640625	0.75	0.640625	0.296875	0.171875
music management	0.15625	0.296875	0.703125	0.578125	0.390625	0.453125
music pedagogy	0.125	0.21875	0.3125	0.25	0.15625	0.375
music performance	0.15625	0.5	0.5729166666666666	0.4895833333333333	0.28125	0.22916666666666666
music performance and business management	0.375	0.625	0.8125	0.53125	0.53125	0.46875
music performance, composition	0.21875	0.875	0.84375	0.46875	0.28125	0.1875
music phd 1999 psychology phd 2015	0.46875	0.8125	0.75	0.4375	0.21875	0.53125
music philosophy	0.28125	0.25	0.3125	0.53125	0.4375	0.1875
music production	0.4140625	0.5703125	0.7421875	0.578125	0.359375	0.421875
music psychology	0.15625	0.71875	0.9375	0.875	0.5625	0.28125
music teacher	0.1875	0.21875	0.84375	0.75	0.59375	0.4375
music tech	0.21875	0.4375	0.65625	0.78125	0.53125	0.40625
music technology	0.475	0.43125	0.78125	0.43125	0.2875	0.375
music theater	0.15625	0.25	0.59375	0.375	0.125	0.4375
music theatre	0.40625	0.71875	0.90625	0.6875	0.3125	0.6875
music theatre performance	0.09375	0.625	0.90625	0.90625	0.34375	0.125
music theory	0.125	0.21875	0.625	0.59375	0.0625	0.125
music theory / music education	0.40625	0.71875	0.6875	0.59375	0.3125	0.46875
music therapy	0.19791666666666666	0.6302083333333334	0.78125	0.7447916666666666	0.24479166666666666	0.2552083333333333
music therapy, counseling	0.15625	0.03125	0.65625	0.84375	0.09375	0.0
music therapy, counseling psychology	0.0	0.0625	0.59375	0.59375	0.0625	0.0
music therapy, psychology	0.25	0.59375	0.71875	0.75	0.46875	0.25
music, biology	0.09375	0.6875	0.84375	0.8125	0.0	0.0625
music, business	0.13541666666666666	0.3854166666666667	0.7083333333333334	0.59375	0.3333333333333333	0.375
music, business, social sience	0.0	0.8125	0.6875	0.46875	0.0625	0.0
music, education	0.15625	0.53125	0.9375	0.65625	0.28125	0.0
music, elementary ed, counseling	0.0	0.59375	0.53125	0.78125	0.0625	0.0
music, english, library science	0.34375	0.71875	0.4375	0.3125	0.09375	0.125
music, linguistics, asian studies	0.0625	0.5625	0.78125	0.9375	0.4375	0.21875
music, psychology	0.15625	0.59375	0.59375	0.6875	0.3125	0.46875
music/ education	0.25	0.53125	0.9375	0.125	0.15625	0.0
music/education	0.78125	0.5625	0.9375	0.75	0.375	0.46875
music; counseling	0.0	0.09375	0.75	0.6875	0.5625	0.0625
musical theater	0.0	0.15625	0.8125	0.65625	0.53125	0.1875
musical theatre	0.23125	0.55	0.89375	0.63125	0.31875	0.09375
musicology	0.2375	0.3375	0.55625	0.4375	0.2	0.3125
musicology and later counseling	0.125	0.34375	0.6875	0.65625	0.25	0.15625
musicology and psychology (2 different degree	0.25	0.625	0.75	0.75	0.4375	0.25
mythology	0.5	0.71875	0.84375	0.78125	0.0	0.0
n. a.	0.15625	0.5625	0.46875	0.8125	0.34375	0.21875
nanochemistry	0.375	0.34375	0.65625	0.6875	0.8125	0.4375
nanotechnology	0.375	0.25	0.59375	0.34375	0.4375	0.5
narrative	0.6875	0.625	0.71875	0.53125	0.46875	0.625
narrative studies	0.09375	0.75	0.8125	0.53125	0.59375	0.15625
natural and human environments	0.375	0.625	0.25	0.46875	0.21875	0.59375
natural resource management	0.375	0.71875	0.375	0.3125	0.25	0.25
natural resources	0.5520833333333334	0.6770833333333334	0.7916666666666666	0.4583333333333333	0.20833333333333334	0.53125
natural resources mgmt	0.25	0.65625	0.53125	0.6875	0.5	0.1875
natural resources mgt	0.3125	0.375	0.71875	0.59375	0.3125	0.0625
natural science	0.1953125	0.7734375	0.328125	0.5625	0.234375	0.2109375
natural science with a focus in chemistry	0.28125	1.0	0.71875	0.5625	0.4375	0.5
natural sciences	0.25	0.7291666666666666	0.4791666666666667	0.5625	0.4375	0.3854166666666667
natural sciences + spanish	0.28125	0.9375	0.875	0.125	0.125	0.125
natural sciences/math and communications	0.0625	0.9375	0.46875	0.75	0.34375	0.09375
nature	0.0	0.0	0.0	0.0	0.09375	0.0625
naturopathic medicine	0.53125	0.375	0.3125	0.5	0.46875	0.53125
nautical	0.4375	0.625	0.375	0.3125	0.0	0.0
nautical science	0.5	0.6041666666666666	0.4270833333333333	0.3645833333333333	0.4791666666666667	0.21875
nautical studies	0.6875	0.875	0.6875	0.75	0.65625	0.625
naval achitecture	0.625	0.15625	0.15625	0.65625	0.4375	0.625
naval architect	0.4375	0.625	0.53125	0.59375	0.46875	0.3125
naval architecture	0.5625	0.5625	0.65625	0.609375	0.4375	0.453125
naval engineering	0.6875	0.25	0.5625	0.1875	0.25	0.375
neither	0.40625	0.84375	0.703125	0.703125	0.390625	0.296875
network and communications	0.6875	0.875	0.4375	0.53125	0.15625	0.21875
network engineer	0.40625	0.5	0.5	0.9375	0.53125	0.53125
network engineering	0.609375	0.671875	0.5546875	0.6171875	0.40625	0.6171875
network management	0.625	0.84375	0.6875	0.8125	0.625	0.78125
network systems administration	0.4375	0.625	0.65625	0.96875	0.8125	0.96875
network technology	0.5833333333333334	0.5520833333333334	0.5729166666666666	0.46875	0.46875	0.53125
networking	0.4	0.3625	0.50625	0.5625	0.33125	0.36875
networking and cybersecurity	0.75	0.53125	0.53125	0.90625	0.3125	0.96875
networking system	0.84375	0.46875	0.40625	0.6666666666666666	0.6354166666666666	0.6145833333333334
networking technology	0.21875	0.78125	0.3125	0.3125	0.0	0.625
networks admins	0.1875	0.375	0.625	0.375	0.625	0.6875
neuosciene and mass communications	0.0625	0.8125	0.8125	0.5625	0.40625	0.0625
neuro	0.28125	0.28125	0.5	0.5	0.53125	0.53125
neurobiology	0.3828125	0.8359375	0.421875	0.5234375	0.140625	0.3125
neurology	0.234375	0.765625	0.4375	0.6875	0.234375	0.203125
neuropsychology	0.21875	0.84375	0.703125	0.859375	0.21875	0.046875
neuroscience	0.24519230769230768	0.7650240384615384	0.49368990384615385	0.6391225961538461	0.23677884615384615	0.2737379807692308
neuroscience and psychology	0.03125	0.46875	0.0625	0.59375	0.3125	0.40625
neuroscience, human rights	0.09375	0.8125	0.65625	0.3125	0.34375	0.0625
neuroscience, medicine	0.65625	0.59375	0.5	0.53125	0.46875	0.3125
neuroscience, psychology	0.3125	0.78125	0.34375	0.65625	0.0	0.3125
neuroscience/ psyc	0.28125	0.84375	0.78125	0.875	0.1875	0.15625
neuroscience; psychology	0.4375	0.8125	0.9375	0.84375	0.59375	0.625
neurosciene	0.21875	0.8125	0.75	0.53125	0.375	0.21875
neuroscince	0.21875	0.75	0.8125	0.8125	0.3125	0.15625
neuuroscience	0.625	0.90625	0.6875	0.875	0.40625	0.5
new media arts	0.4375	0.96875	0.46875	0.0625	0.4375	0.46875
new media communications	0.09375	0.625	0.75	0.8125	0.625	0.53125
new media/communications	0.25	0.84375	0.5	0.6875	0.1875	0.1875
nice	0.5	0.625	0.625	0.5625	0.46875	0.75
nien	0.0	0.0	0.0	0.0	0.0	0.0
niursing	0.125	0.375	0.375	0.875	0.375	0.125
nne	0.21875	0.84375	0.71875	0.59375	0.375	0.21875
non	0.109375	0.40625	0.28125	0.75	0.65625	0.40625
non profit management	0.1875	0.1875	0.40625	0.65625	0.53125	0.53125
non-profit management  /hrm	0.15625	0.21875	0.0	0.90625	0.5625	0.21875
none of these	0.3125	0.5	0.09375	0.25	0.0	0.0
nonprofit leadership	0.15625	0.1875	0.40625	0.3125	0.34375	0.375
nonprofit management	0.03125	0.875	0.5	0.65625	0.28125	0.28125
nordic language and literature	0.3125	0.5625	0.65625	0.75	0.5625	0.34375
northeast	0.78125	0.28125	0.5625	0.46875	0.3125	0.4375
northeastern university	0.1875	0.46875	0.59375	0.84375	0.53125	0.5625
not known	0.03125	0.5625	0.1875	0.5	-0.03125	0.0
not sure	0.53125	0.0	0.5625	0.34375	0.78125	0.84375
not yet	0.09375	0.375	0.15625	0.40625	0.5	0.21875
nothing	0.59375	0.21875	0.09375	0.03125	0.125	0.125
nuclear chemistry	0.59375	0.34375	0.21875	0.59375	0.09375	0.1875
nuclear engineering	0.25	0.6428571428571429	0.42410714285714285	0.4017857142857143	0.29017857142857145	0.33035714285714285
nuclear medicine technology	0.20833333333333334	0.7916666666666666	0.14583333333333334	0.53125	0.15625	0.3229166666666667
nuclear science	0.90625	0.875	0.46875	0.125	0.0625	0.53125
nurding	0.25	0.96875	0.53125	0.75	0.46875	0.5
nureing	0.0	0.46875	0.4375	0.40625	0.09375	0.1875
nurse	0.49375	0.64375	0.60625	0.7375	0.48125	0.4375
nurse and mannager	0.46875	0.65625	0.71875	0.59375	0.6875	0.46875
nurse anesthesia	0.09375	0.6875	0.4375	0.5625	0.21875	0.0625
nurse practitioner	0.28125	0.8125	0.40625	0.6875	0.03125	0.3125
nurse school	0.125	0.96875	0.78125	0.03125	0.0	0.1875
nursimg	0.28125	0.3125	0.25	0.75	0.53125	0.65625
nursin	0.125	0.390625	0.0625	0.609375	0.5	0.296875
nursing	0.2383600237247924	0.6206628113879004	0.4210038552787663	0.6357132265717675	0.3338523131672598	0.3123517200474496
nursing & management	0.34375	0.59375	0.34375	0.71875	0.40625	0.4375
nursing & nurse management	0.03125	0.84375	0.375	0.59375	0.65625	0.53125
nursing & social work	0.53125	0.46875	0.21875	0.5625	0.375	0.5625
nursing and health sciences	0.375	0.875	0.65625	0.1875	0.3125	0.65625
nursing and midwifery	0.09375	0.46875	0.46875	0.59375	0.3125	0.09375
nursing and psychology	0.1484375	0.5546875	0.3203125	0.671875	0.28125	0.3359375
nursing science	0.13125	0.68125	0.5	0.7375	0.3	0.2375
nursing, behavioral science, geology	0.96875	1.0	0.71875	0.46875	0.84375	1.0
nursing, psychology	0.125	0.90625	0.3125	0.8125	0.34375	0.4375
nursing, teaching	0.21875	0.625	0.25	0.65625	0.34375	0.625
nursing-asn	0.09375	0.25	0.28125	0.65625	0.53125	0.46875
nursing-associates in applied sciences	0.15625	0.65625	0.84375	0.4375	0.21875	0.125
nursing/counseling	0.125	1.0	0.40625	0.875	0.09375	0.0625
nursing/general studies	0.125	0.5	0.65625	0.78125	0.40625	0.3125
nursing/psychology	0.1875	0.75	0.78125	0.71875	0.46875	0.40625
nursing/public health	0.0625	0.5	0.5	0.625	0.1875	0.0
nursing; education	0.34375	0.96875	0.75	0.59375	0.125	0.28125
nursing; health physics; graphics	0.5625	0.375	0.6875	0.15625	0.0625	0.28125
nursing; politics	0.25	0.5	0.625	0.6875	0.28125	0.375
nursinsg	0.0	0.59375	0.21875	0.5625	0.3125	0.3125
nursung	0.46875	0.8125	0.90625	0.6875	0.3125	0.15625
nusing	0.546875	0.671875	0.390625	0.90625	0.53125	0.609375
nutritiion	0.65625	0.9375	1.0	0.875	0.65625	0.71875
nutrition	0.19416666666666665	0.5470833333333334	0.38416666666666666	0.6016666666666667	0.30333333333333334	0.3229166666666667
nutrition & dietetics	0.53125	0.71875	0.5625	0.59375	0.15625	0.125
nutrition and dietetics	0.125	0.4921875	0.5859375	0.578125	0.3125	0.3359375
nutrition and food science	0.203125	0.59375	0.296875	0.578125	0.265625	0.328125
nutrition and health	0.0	0.25	0.6875	1.0	0.0625	0.0
nutrition and mental health counseling	0.0	0.40625	0.15625	0.625	0.125	0.0
nutrition and psychology	0.25	0.96875	0.28125	0.6875	0.53125	0.5625
nutrition foods and exercise	0.3125	0.46875	0.21875	0.53125	0.40625	0.5
nutrition management	0.15625	0.75	0.4375	0.53125	0.3125	0.34375
nutrition science	0.18125	0.825	0.625	0.7375	0.2	0.1625
nutrition sciences	0.40625	0.75	0.78125	0.6875	0.5	0.34375
nutrition, exercise, health science	0.28125	0.5625	0.1875	0.71875	0.1875	0.15625
nutrition, food science, psychology	0.25	0.53125	0.8125	0.9375	0.65625	0.40625
nutritional psychology	0.125	1.0	0.75	0.75	0.25	0.5
nutritional science	0.15625	0.46875	0.78125	0.375	0.125	0.03125
nutritional sciences	0.28125	0.5625	0.484375	0.671875	0.375	0.390625
nutritionist	0.5625	0.25	0.4375	0.8125	0.78125	0.75
não	0.125	0.4375	0.5	0.4375	0.3125	0.25
obgyn	0.25	0.25	0.375	0.9375	0.125	0.0
occunpation studies	0.25	0.625	0.15625	0.875	0.25	0.25
occuoational therapy	0.4375	0.4375	0.6875	0.3125	0.40625	0.65625
occupational health	0.5	0.59375	0.34375	0.625	0.453125	0.484375
occupational health & safety	0.125	0.6875	0.34375	0.375	0.1875	0.0625
occupational health and safety	0.09375	0.3125	0.28125	0.34375	0.375	0.71875
occupational psychology	0.1875	0.75	0.65625	0.8125	0.625	0.15625
occupational safety	0.8125	0.59375	0.125	0.625	0.25	0.25
occupational safety and health	0.55	0.6375	0.49375	0.59375	0.40625	0.36875
occupational safetyand health	0.375	0.09375	0.3125	0.6875	0.6875	0.75
occupational therapy	0.21446078431372548	0.5447303921568627	0.4577205882352941	0.6942401960784313	0.30943627450980393	0.22426470588235295
occupational therapy assistant	0.25	0.59375	0.5	0.96875	0.53125	0.03125
occupational therapy assisting	0.0	0.46875	0.71875	0.78125	0.125	0.0625
occupational therapy, psychology, rehabilitat	0.3125	0.59375	0.59375	0.6875	0.21875	0.59375
occupational therpay	0.0625	0.625	0.03125	0.46875	0.28125	0.25
occupational therspy	0.25	0.65625	0.40625	0.59375	0.03125	0.09375
occupational tjerapy	0.1875	0.375	0.3125	0.875	0.28125	0.09375
ocean engineering	0.4791666666666667	0.5520833333333334	0.4791666666666667	0.6354166666666666	0.46875	0.4479166666666667
ocean science	0.09375	0.875	0.5	0.46875	0.1875	0.125
oceanography	0.325	0.74375	0.25625	0.36875	0.1	0.3625
ocpt	0.125	0.78125	0.25	0.46875	0.125	0.21875
odontologia	0.4375	0.8125	0.78125	0.53125	0.3125	0.125
office	0.59375	0.34375	0.53125	0.28125	0.0625	0.03125
office admiistration	0.4375	0.75	0.375	0.40625	0.5	0.25
office admin, creative writing, social servic	0.0625	0.4375	0.40625	0.8125	0.3125	0.25
office administration	0.44375	0.54375	0.4125	0.66875	0.23125	0.48125
office administration and technology	0.25	0.34375	0.53125	0.3125	0.34375	0.5
office adminstration assistant	0.46875	0.3125	0.5	0.5625	0.3125	0.625
office automation	0.0625	0.15625	0.5625	0.53125	0.15625	0.09375
office management	0.19196428571428573	0.4375	0.27232142857142855	0.6160714285714286	0.4107142857142857	0.6741071428571429
offshore engineering	0.75	0.25	0.6875	0.8125	0.625	0.8125
oil and gas engineering	0.84375	0.53125	0.125	0.84375	0.65625	0.8125
oncology	0.0625	0.28125	0.375	0.59375	0.53125	0.0625
online education	0.15625	0.03125	0.1875	0.25	0.65625	0.4375
open	0.1875	0.5	0.28125	0.125	0.0	0.15625
operation and managing	0.34375	0.1875	0.75	0.71875	0.8125	0.71875
operation management	0.53125	0.40625	0.625	0.453125	0.65625	0.640625
operational research	0.46875	0.625	0.9375	0.46875	0.09375	0.09375
operations and accounting	0.25	0.1875	0.15625	1.0	0.9375	0.5625
operations management	0.6041666666666666	0.7222222222222222	0.75	0.6701388888888888	0.7118055555555556	0.6805555555555556
operations management and acounting	0.34375	0.28125	0.1875	1.0	0.71875	0.53125
operations management, marketing, psycho	0.5625	0.625	0.4375	0.75	0.375	0.40625
operations research	0.09375	0.65625	0.3125	0.65625	0.46875	0.8125
operations, management	0.4375	0.25	0.25	0.46875	0.28125	0.125
ophthalmic technician	0.09375	0.71875	0.71875	0.59375	0.125	0.78125
opticianry	0.59375	0.75	0.5625	0.4375	0.28125	0.8125
optometry	0.33653846153846156	0.6009615384615384	0.4375	0.5144230769230769	0.3605769230769231	0.4206730769230769
org dev	0.421875	0.734375	0.875	0.734375	0.5	0.125
org development	0.1875	0.46875	0.40625	0.46875	0.40625	0.34375
org leadership	0.0625	0.46875	0.34375	0.71875	0.21875	0.0625
org psych	0.15625	0.78125	0.5625	0.46875	0.21875	0.28125
org. leadership	0.15625	0.453125	0.28125	0.65625	0.4375	0.6875
organiational leadership	0.0	0.125	0.0	0.515625	0.109375	0.0625
organic chemistr0y	0.375	0.40625	0.65625	0.71875	0.53125	0.53125
organisation development	0.3125	0.59375	0.5625	0.53125	0.125	0.125
organisational behavior	0.125	0.21875	0.28125	0.4375	0.21875	0.28125
organisational behaviour	0.0625	0.78125	0.90625	0.78125	0.3125	0.375
organisational development	0.40625	0.765625	0.625	0.65625	0.46875	0.640625
organisational psychology	0.08333333333333333	0.17708333333333334	0.5520833333333334	0.5833333333333334	0.59375	0.25
organismal biology	0.65625	0.96875	0.5625	0.46875	0.09375	0.09375
organization development	0.09375	0.21875	0.4375	0.84375	0.46875	0.203125
organization psychology	0.0	0.28125	0.3125	0.5	0.09375	0.0625
organizational	0.1875	0.8125	0.46875	0.59375	0.46875	0.34375
organizational administration	0.25	0.4375	0.8125	0.875	0.1875	0.3125
organizational behavior	0.5	0.6875	0.53125	0.640625	0.40625	0.28125
organizational behaviour	0.125	0.28125	0.84375	0.78125	0.34375	0.0
organizational behaviour and labour relations	0.15625	0.28125	0.625	0.1875	0.21875	0.0
organizational communication	0.25	0.4166666666666667	0.4479166666666667	0.6875	0.6145833333333334	0.4895833333333333
organizational communications	0.59375	0.4375	0.28125	0.53125	0.3125	0.65625
organizational development	0.23660714285714285	0.41964285714285715	0.5401785714285714	0.5714285714285714	0.3169642857142857	0.28125
organizational development leadership and sup	0.75	0.75	0.65625	0.8125	0.78125	0.78125
organizational leadership	0.234375	0.44886363636363635	0.4872159090909091	0.6434659090909091	0.36079545454545453	0.3409090909090909
organizational leadership & educational couns	0.0625	0.125	0.65625	0.78125	0.6875	0.34375
organizational management	0.2727272727272727	0.41761363636363635	0.5284090909090909	0.6846590909090909	0.4460227272727273	0.5142045454545454
organizational management and ethics	0.53125	0.8125	0.4375	0.40625	0.5	0.375
organizational mgt	0.046875	0.390625	0.3125	0.8125	0.171875	0.203125
organizational psychology	0.1125	0.4125	0.45	0.675	0.35	0.28125
oriental cultures and languages	0.46875	0.8125	0.65625	0.59375	0.71875	0.46875
oriental languages	0.75	0.84375	0.90625	1.0	0.59375	0.6875
oriental medicine	0.390625	0.71875	0.640625	0.578125	0.25	0.171875
oriental studies	0.59375	0.71875	0.59375	0.78125	0.40625	0.34375
ornithological ecology/science education	0.15625	0.875	0.4375	0.6875	0.09375	0.15625
osteopathy	0.40625	0.78125	0.21875	0.78125	0.28125	0.28125
ot	0.21875	0.484375	0.453125	0.796875	0.265625	0.359375
ota	0.0	0.46875	0.21875	0.6875	0.34375	0.0
other	0.2916666666666667	0.6875	0.6197916666666666	0.7135416666666666	0.5625	0.453125
others	0.125	0.15625	0.0625	0.15625	0.375	0.125
otpic engineering	0.28125	0.125	0.46875	0.8125	0.71875	0.71875
outdoor and adventure learning	0.03125	0.0	0.65625	0.625	0.25	0.125
outdoor education	0.6979166666666666	0.7604166666666666	0.4791666666666667	0.6458333333333334	0.25	0.1875
outdoor product design and developement	0.25	0.46875	0.375	0.3125	0.21875	0.125
outdoor recreation business administration	0.15625	0.75	0.78125	0.875	0.6875	0.40625
p	0.0625	0.375	0.40625	0.59375	0.4375	0.21875
p.e	0.1875	0.3125	0.625	0.875	0.0	0.1875
padagogics	0.1875	0.5625	0.46875	0.375	0.5625	0.75
paedagogics	0.375	0.75	0.875	0.78125	0.5	0.1875
painting	0.234375	0.25	0.71875	0.328125	0.328125	0.09375
painting and printmaking and psychology	0.25	0.21875	0.15625	0.5	0.25	0.09375
painting, art history, filmmaking	0.34375	0.75	0.6875	0.5625	0.03125	0.0
painting/printmaking	0.125	0.5625	0.78125	0.71875	0.28125	0.03125
palaeontology	0.09375	0.84375	0.21875	0.0625	0.0625	0.46875
paralegal	0.26151315789473684	0.4506578947368421	0.4588815789473684	0.6825657894736842	0.4161184210526316	0.5526315789473685
paralegal studi4es	0.0625	0.5	0.1875	0.84375	0.40625	0.46875
paralegal studies	0.14488636363636365	0.45738636363636365	0.3721590909090909	0.5085227272727273	0.3806818181818182	0.5454545454545454
paralegal/ business management	0.09375	0.375	0.90625	0.71875	0.5	0.59375
paralegal/law	0.78125	0.53125	1.0	0.1875	0.0625	0.5
parallegalism	0.28125	0.59375	0.84375	0.9375	0.84375	0.875
paramedic	0.40625	0.6666666666666666	0.6145833333333334	0.6666666666666666	0.16666666666666666	0.15625
paramedic science	0.28125	0.875	0.65625	0.6875	0.1875	0.125
paramedicine	0.07291666666666667	0.4583333333333333	0.14583333333333334	0.7291666666666666	0.3020833333333333	0.23958333333333334
parasitology	0.4375	0.8125	0.65625	0.375	0.15625	0.125
parks & recreation management	0.4375	0.5	0.8125	1.0	0.875	0.65625
parks recreation and wildlife	0.4375	0.53125	0.0625	0.0	0.0625	0.0
parlegal	0.03125	0.75	0.34375	0.59375	0.28125	0.6875
pastoral ministries	0.28125	0.125	0.1875	0.625	0.3125	0.1875
pastoral ministry	0.25	0.34375	0.6875	0.71875	0.375	0.4375
pasychology, travel and tourism	0.3125	0.34375	0.90625	0.75	0.65625	0.21875
pathobiology	0.3125	0.625	0.21875	0.5625	0.28125	0.0625
pathology	0.2890625	0.609375	0.4765625	0.5078125	0.4765625	0.46875
pathology and laboratory medicine	0.3125	0.6875	0.25	0.25	0.0625	0.0
patisserie	0.0	0.5	0.375	0.5625	0.3125	0.125
pauchology	0.4375	0.5	0.53125	0.53125	0.4375	0.59375
paychology	0.4479166666666667	0.6666666666666666	0.46875	0.53125	0.5	0.53125
payxholofy	0.09375	0.65625	0.875	0.8125	0.4375	0.21875
pc support	0.25	0.59375	0.40625	0.1875	0.4375	0.53125
pdychology	0.171875	0.25	0.515625	0.796875	0.4375	0.125
pe	0.515625	0.484375	0.421875	0.359375	0.296875	0.453125
peace	0.34375	0.59375	0.46875	0.625	0.34375	0.4375
peace and conflict	0.21875	0.28125	0.4375	0.75	0.28125	0.40625
peace and conflict studies	0.14583333333333334	0.4479166666666667	0.6145833333333334	0.75	0.21875	0.16666666666666666
peace and global studies	0.25	0.78125	0.3125	0.78125	0.1875	0.1875
peace and justice	0.40625	0.75	0.65625	0.8125	0.8125	0.15625
peace studies	0.171875	0.515625	0.734375	0.78125	0.5	0.59375
peace studies, theology, spanish	0.125	0.125	0.78125	0.78125	0.46875	0.09375
pedagogia	0.125	0.25	0.3125	0.875	0.125	0.1875
pedagogical univercity	0.3125	0.28125	0.3125	0.46875	0.375	0.4375
pedagogics	0.15625	0.65625	0.75	0.59375	0.125	0.09375
pedagogics/journalism	0.3125	0.5	0.8125	0.6875	0.4375	0.125
pedagogiek	0.4375	0.5	0.40625	0.6875	0.34375	0.25
pedagogik	0.375	0.625	0.46875	0.8125	0.65625	0.125
pedagogue	0.34375	0.375	0.46875	0.625	0.5625	0.5
pedagogy	0.20416666666666666	0.40625	0.4979166666666667	0.6770833333333334	0.49583333333333335	0.26666666666666666
pedagogy, special education	0.1875	0.6875	0.65625	0.875	0.53125	0.4375
pedagogy, theatre	0.28125	0.34375	0.96875	0.53125	0.375	0.09375
pedagology	0.1875	0.09375	0.21875	0.0	0.34375	0.15625
pediatrician	0.21875	0.96875	0.46875	0.65625	0.21875	0.375
pediatrics	0.21875	0.53125	0.34375	0.5	0.09375	0.03125
performance	0.203125	0.53125	0.921875	0.515625	0.375	0.203125
performance arts	0.375	0.359375	0.640625	0.625	0.40625	0.328125
performance communication	0.21875	0.40625	0.875	0.375	0.46875	0.40625
performance music	0.0	0.46875	0.8125	0.65625	0.75	0.4375
performance production	0.5	0.46875	0.59375	0.5625	0.53125	0.5
performance studies	0.125	0.5	0.9375	0.8125	0.5625	0.46875
performing artd	0.09375	0.78125	0.90625	0.6875	0.65625	0.4375
performing arts	0.28125	0.4722222222222222	0.7013888888888888	0.5972222222222222	0.3715277777777778	0.3194444444444444
performing arts: acting	0.125	0.1875	0.9375	0.84375	0.65625	0.3125
personal elling	0.0625	0.09375	0.5625	0.4375	0.46875	0.15625
personel management	0.46875	0.3125	0.5	0.875	0.78125	1.0
personnal management	0.3125	0.375	0.5	0.71875	0.5625	0.625
petroleum	1.0	1.0	1.0	1.0	1.0	1.0
petroleum engineering	0.5825892857142857	0.5401785714285714	0.5424107142857143	0.6383928571428571	0.5870535714285714	0.6049107142857143
petroleum geoscience	0.5	0.8020833333333334	0.6354166666666666	0.6770833333333334	0.5416666666666666	0.4583333333333333
petroleum refining	0.4375	0.25	0.34375	0.625	0.375	0.59375
petroleum sciences	0.75	0.828125	0.4375	0.546875	0.5625	0.6875
peychology	0.1875	0.375	0.34375	0.625	0.1875	0.1875
pg in business administration	0.5	0.875	0.84375	0.9375	0.78125	0.59375
ph.d. psychology	0.40625	0.3125	0.375	0.34375	0.375	0.40625
phamercy	0.40625	0.84375	0.75	0.6875	0.5625	0.375
pharm	0.0	0.875	0.46875	0.1875	0.0	0.0
pharm/psych/bus	0.3125	0.75	0.59375	0.53125	0.65625	0.40625
pharmaceutic	0.28125	0.84375	0.6875	0.4375	0.46875	0.3125
pharmaceutical	0.578125	0.96875	0.875	0.671875	0.8125	0.578125
pharmaceutical chemistry	0.34375	0.75	0.625	0.71875	0.5	0.34375
pharmaceutical industry	0.40625	0.8125	0.59375	0.65625	0.53125	0.21875
pharmaceutical science	0.5625	0.9375	0.5	0.875	0.53125	0.6875
pharmaceutical sciences	0.32386363636363635	0.6931818181818182	0.4772727272727273	0.5482954545454546	0.45454545454545453	0.3494318181818182
pharmaceutical sciencies	0.6875	0.78125	0.125	0.5625	0.875	0.84375
pharmaceuticals	0.25	0.59375	0.40625	0.484375	0.5	0.546875
pharmaceutics	0.5	0.3125	0.28125	0.84375	0.90625	0.84375
pharmacist	0.29296875	0.6015625	0.44140625	0.53515625	0.4765625	0.375
pharmacology	0.3003472222222222	0.7552083333333334	0.5694444444444444	0.5868055555555556	0.3628472222222222	0.3003472222222222
pharmacology and psychology	0.15625	0.84375	0.4375	0.625	0.15625	0.3125
pharmacy	0.31875	0.6482758620689655	0.4853448275862069	0.6068965517241379	0.3935344827586207	0.3771551724137931
pharmacy practice/pschology	0.09375	0.5	0.375	0.84375	0.09375	0.3125
pharmacy tech	0.4375	0.78125	0.421875	0.78125	0.640625	0.484375
pharmacy technician	0.5625	0.6875	0.21875	0.84375	0.1875	0.6875
pharmacy technology	0.125	0.7291666666666666	0.1875	0.5416666666666666	0.2708333333333333	0.3854166666666667
pharmacy, microbiology	0.34375	0.9375	0.34375	0.5625	0.21875	0.25
pharmacysts	0.0625	0.46875	0.1875	0.03125	0.21875	0.1875
phd	0.40625	0.90625	0.84375	0.5625	0.5625	0.59375
phd behavioural anthropology	0.375	0.96875	0.90625	0.5	0.59375	0.21875
phd virology	0.0	0.875	0.1875	0.09375	0.1875	0.25
philanthropy	0.0	0.0625	0.5	0.90625	0.53125	0.0
philisohphy	0.0	0.09375	0.125	0.4375	0.0	0.0
philisophy	0.0	0.9375	0.5625	0.875	0.4375	0.0
philologist	0.03125	0.75	0.46875	0.15625	0.21875	0.0
philology	0.24278846153846154	0.5168269230769231	0.5408653846153846	0.5192307692307693	0.3004807692307692	0.25
philology, history	0.03125	0.625	0.53125	0.15625	0.21875	0.28125
philosopht	0.5	0.84375	0.75	0.59375	0.34375	0.0625
philosophy	0.26329419889502764	0.5728591160220995	0.5981526243093923	0.549896408839779	0.29169544198895025	0.27348066298342544
philosophy & political science	0.0	0.75	0.5	0.65625	0.25	0.0625
philosophy & psychology	0.34375	0.5	0.46875	0.65625	0.375	0.25
philosophy & religious studies	0.125	0.5	0.71875	0.59375	0.3125	0.15625
philosophy & sociology; it systems	0.3125	0.625	0.75	0.71875	0.21875	0.375
philosophy and art	0.3125	0.875	0.78125	0.40625	0.0625	0.09375
philosophy and conflict analysis and resoluti	0.0625	0.4375	0.78125	0.9375	0.71875	0.09375
philosophy and economics	0.25	0.78125	0.40625	0.65625	0.46875	0.5625
philosophy and english	0.078125	0.4375	0.4375	0.515625	0.078125	0.09375
philosophy and french	0.328125	0.5	0.671875	0.6875	0.3125	0.015625
philosophy and history	0.375	0.375	0.65625	0.53125	0.53125	0.3125
philosophy and information technology	0.0625	1.0	0.75	0.34375	0.25	0.21875
philosophy and international studies	0.4375	0.8125	0.90625	0.75	0.3125	0.375
philosophy and math	0.15625	0.59375	0.5625	0.46875	0.15625	0.53125
philosophy and mathematics	0.34375	0.6875	0.75	0.8125	0.40625	0.25
philosophy and music	0.0	0.46875	0.4375	0.71875	0.125	0.125
philosophy and physics	0.15625	0.375	0.5625	0.375	0.125	0.0
philosophy and political science	0.53125	0.5	0.625	0.46875	0.84375	0.9375
philosophy and politics	0.28125	0.75	0.5625	0.8125	0.34375	0.46875
philosophy and religion	0.53125	0.75	0.75	0.59375	0.46875	0.28125
philosophy and theology	0.28125	0.421875	0.21875	0.46875	0.140625	0.1875
philosophy history	0.5	0.875	0.8125	0.875	0.4375	0.4375
philosophy undergrad, education grad	0.125	0.40625	0.53125	0.5625	0.46875	0.09375
philosophy, acoustics, mba marketing	0.25	0.21875	0.53125	0.53125	0.25	0.0
philosophy, anthropology, business administra	0.0	0.28125	0.15625	0.40625	0.03125	0.0
philosophy, cultural studies	0.0	0.46875	0.625	0.75	0.3125	0.0
philosophy, international human rights	0.375	0.71875	0.8125	0.65625	0.5	0.625
philosophy, management	0.15625	0.15625	0.46875	0.4375	0.375	0.28125
philosophy, mass media arts	0.125	0.75	0.5	0.375	0.0	0.0625
philosophy, political science	0.0	0.5	0.625	0.5625	0.0	0.0
philosophy, politics and economics	1.0	0.0	1.0	1.0	1.0	0.90625
philosophy, politics, and law	0.59375	0.6875	0.3125	0.4375	0.3125	0.40625
philosophy, politics, ir	0.46875	0.5	0.625	0.46875	0.28125	0.0
philosophy, psychology, art, architecture	0.40625	0.8125	0.59375	0.15625	0.125	0.46875
philosophy, psychology, communications	0.09375	0.65625	0.6875	0.53125	0.25	0.09375
philosophy, psychology, criminal justice	0.0625	0.46875	0.78125	0.6875	0.375	0.28125
philosophy, psychology, linguistics	0.34375	0.875	0.53125	0.4375	0.0625	0.46875
philosophy, religion	0.40625	0.90625	0.875	0.71875	0.28125	0.21875
philosophy, translation	0.46875	0.71875	0.6875	0.78125	0.40625	0.25
philosophy/afr. am. studies	0.0	0.25	0.65625	0.84375	0.375	0.25
philosophy/business	0.625	0.625	0.34375	0.65625	0.625	0.125
philosophy/religion	0.4375	0.5625	0.9375	0.8125	0.5	0.5625
philosophy; computer science	0.375	0.75	0.375	0.5	0.34375	0.3125
philosopy	0.125	0.09375	0.53125	0.34375	0.125	0.25
philosphy	0.3645833333333333	0.6875	0.625	0.71875	0.53125	0.4375
philosphy & religion	0.3125	0.5	0.75	0.75	0.4375	0.03125
philsophy	0.171875	0.609375	0.671875	0.625	0.21875	0.265625
phiolosophy	0.0	0.0	0.09375	0.0	0.0	0.0
phisics engineering	0.15625	0.1875	0.03125	0.09375	0.15625	0.5625
phisioterapist	0.25	0.6875	0.6875	0.78125	0.625	0.46875
phisiotherapy	0.21875	0.5	0.25	0.6875	0.34375	0.125
phonographic production	0.0625	0.0	0.8125	0.53125	0.6875	0.53125
photagraphy	0.0	0.0	0.0	0.03125	0.0	0.0
photnics	0.53125	0.625	1.0	0.84375	0.625	0.5625
photographer	0.53125	0.84375	0.46875	0.5	0.375	0.125
photographic art	0.03125	0.375	0.15625	0.09375	0.0	0.0
photography	0.21707589285714285	0.52734375	0.6037946428571429	0.515625	0.32310267857142855	0.24274553571428573
photography, marine biology	0.3125	0.65625	0.6875	0.5625	0.21875	0.03125
photography/architecture	0.28125	0.09375	0.28125	0.25	0.21875	0.375
photogrpahy	0.03125	0.25	0.71875	0.34375	0.125	0.03125
photojournalism	0.28125	0.765625	0.578125	0.5625	0.546875	0.265625
phsychology	0.3125	0.59375	0.25	0.75	0.28125	0.4375
phsychology and theology	0.75	0.90625	0.78125	1.0	0.5625	0.4375
phsychology special ed	0.0625	0.25	0.375	0.40625	0.3125	0.0
phsycology	0.84375	0.78125	0.21875	0.8125	0.125	0.5
phy	0.25	0.03125	0.15625	0.46875	0.25	0.0625
phychology	0.30625	0.55625	0.55625	0.85	0.5625	0.55625
phycology	0.0	0.53125	0.84375	0.6875	0.53125	0.0625
phyical activity and sports studies	0.5625	0.8125	0.78125	0.59375	0.1875	0.21875
phyics	0.25	0.90625	0.5625	0.484375	0.25	0.734375
phyiscs/math	0.5625	0.90625	0.5625	0.53125	0.125	0.3125
phys ed	0.21875	0.71875	0.40625	0.71875	0.625	0.28125
physchology	0.25	0.46875	0.84375	0.75	0.5625	0.15625
physcology	0.40625	0.3125	0.40625	0.5625	0.5	0.625
physic	0.4875	0.54375	0.61875	0.50625	0.375	0.375
physic engineering	0.46875	0.40625	0.21875	0.28125	0.21875	0.4375
physical and health education	0.21875	0.703125	0.546875	0.671875	0.328125	0.125
physical chemistry	0.625	0.75	0.625	0.65625	0.5	0.78125
physical educacation	0.09375	0.71875	0.4375	0.5625	0.0625	0.0
physical educatioin	0.0625	0.5625	0.59375	0.8125	0.625	0.34375
physical education	0.2981770833333333	0.5130208333333334	0.4973958333333333	0.7272135416666666	0.4765625	0.3515625
physical education and sport	0.65625	0.90625	0.71875	0.40625	0.65625	0.6875
physical education and teaching	0.65625	0.75	0.65625	0.53125	0.3125	0.34375
physical education physical sience	0.90625	0.90625	0.125	0.8125	0.0625	0.09375
physical education, health & recreation	0.0625	0.25	0.84375	0.75	0.59375	0.125
physical geography	0.34375	0.515625	0.3125	0.34375	0.265625	0.453125
physical science	0.09375	0.4375	0.09375	0.1875	0.25	0.1875
physical sciences	0.4895833333333333	0.8020833333333334	0.53125	0.75	0.3958333333333333	0.53125
physical therapist	0.4375	0.375	0.1875	0.5625	0.15625	0.5625
physical therapist assistant	0.40625	0.4375	0.15625	0.5625	0.21875	0.53125
physical therapy	0.26328125	0.6640625	0.42265625	0.6203125	0.31953125	0.2875
physical therapy (dpt)	0.15625	0.34375	0.15625	0.625	0.09375	0.25
physical therapy and teaching	0.0	0.5625	0.3125	0.5625	0.40625	0.34375
physical therapy assistance	0.1875	0.375	0.28125	0.71875	0.4375	0.28125
physician assistant	0.28125	0.7291666666666666	0.5625	0.7604166666666666	0.40625	0.22916666666666666
physicist	0.34375	0.34375	0.9375	0.28125	0.09375	0.21875
physics	0.38178943452380953	0.6667596726190477	0.5030691964285714	0.47684151785714285	0.29482886904761907	0.37537202380952384
physics & spanish	0.0	0.5	0.625	0.84375	0.40625	0.09375
physics + mathematics	0.5	0.84375	0.5625	0.1875	0.15625	0.34375
physics and statistics, counselling	0.5	0.53125	0.15625	0.78125	0.46875	1.0
physics, engineering, politics and magic	0.40625	1.0	0.9375	0.9375	0.6875	0.53125
physics, law	0.75	0.96875	0.84375	0.65625	0.03125	0.125
physics, math	0.6875	0.65625	0.90625	0.53125	0.625	0.65625
physics, mba	0.28125	0.40625	0.375	0.6875	0.625	0.375
physics, philosophy	0.15625	0.71875	0.625	0.3125	0.0625	0.1875
physics, russian	0.4375	0.625	0.46875	0.625	0.46875	0.5
physics, then biological anthropology	0.09375	0.875	0.5625	0.6875	0.03125	0.53125
physics, then mba	0.21875	0.53125	0.65625	0.59375	0.3125	0.125
physics/linguistics	0.53125	0.5	0.46875	0.1875	0.3125	0.34375
physics/math	0.390625	0.78125	0.265625	0.546875	0.125	0.34375
physilology	0.65625	0.53125	0.28125	0.46875	0.375	0.46875
physio	0.078125	0.546875	0.328125	0.484375	0.0625	0.015625
physio therapy	0.09375	0.71875	0.375	0.75	0.28125	0.0625
physiological sciences	0.14583333333333334	0.4791666666666667	0.10416666666666667	0.8125	0.13541666666666666	0.1875
physiology	0.25721153846153844	0.6706730769230769	0.483974358974359	0.6065705128205128	0.358974358974359	0.31169871794871795
physiology and nursing	0.40625	0.9375	0.25	0.875	0.34375	0.65625
physiology and psychology	0.03125	0.6875	0.65625	0.90625	0.5	0.1875
physiology/psychology	0.5625	0.96875	0.15625	0.59375	0.1875	0.1875
physiotheapy	0.34375	0.34375	0.65625	1.0	0.8125	0.46875
physiotherapist	0.25	0.71875	0.265625	0.5625	0.46875	0.390625
physiotherapy	0.2734375	0.60546875	0.4986979166666667	0.6184895833333334	0.4166666666666667	0.2994791666666667
physiotherapy, physiology	0.34375	0.75	0.59375	0.84375	0.34375	0.34375
piano performance	0.0	0.5625	0.59375	0.78125	0.0	0.0
piano performance and finance	0.0625	0.53125	0.625	0.75	0.75	0.84375
pilot	0.4375	0.0625	0.0625	0.59375	0.375	0.375
planing	0.625	0.75	0.59375	0.84375	0.75	0.75
planning	0.25	0.5347222222222222	0.5034722222222222	0.46875	0.4131944444444444	0.3854166666666667
planning (community)	0.15625	0.71875	0.34375	0.28125	0.375	0.625
plant biology	0.3229166666666667	0.6145833333333334	0.22916666666666666	0.6145833333333334	0.3854166666666667	0.5520833333333334
plant genetics, breeding, biotechnology	0.53125	0.9375	0.84375	0.625	0.3125	0.375
plant operator(civil engineering)	0.65625	0.4375	0.4375	0.59375	0.40625	0.53125
plant science	0.22916666666666666	0.8125	0.375	0.4791666666666667	0.23958333333333334	0.3958333333333333
plant science & agronomy	0.21875	0.5	0.53125	0.28125	0.40625	0.25
plant science and genetics	0.34375	1.0	0.875	0.6875	0.46875	0.84375
plant science and technology	0.1875	0.78125	0.40625	0.9375	0.5	0.5625
plant science, genetics	0.3125	0.9375	0.75	0.6875	0.25	0.6875
plastic arts	0.34375	0.1875	0.65625	0.28125	0.28125	0.1875
podiatry	0.22916666666666666	0.6302083333333334	0.5885416666666666	0.5729166666666666	0.4583333333333333	0.28125
pol sci	0.25	0.71875	0.6875	0.8125	0.59375	0.03125
poli sci	0.23958333333333334	0.5625	0.53125	0.53125	0.375	0.3645833333333333
poli sci & communications	0.21875	0.5625	0.71875	0.90625	0.59375	0.3125
polical sciences	0.3125	0.65625	0.65625	0.5	0.4375	0.1875
police science	0.21875	0.53125	0.25	0.71875	0.0	0.03125
policing	0.15625	0.5	0.625	0.53125	0.3125	0.0
polictical science	0.0	0.09375	0.6875	0.59375	0.4375	0.0625
policy	0.2734375	0.6328125	0.5625	0.6484375	0.28125	0.2421875
policy analysis	0.0625	0.65625	0.8125	0.375	0.53125	0.0625
policy studies	0.4375	0.6875	0.4375	0.78125	0.625	0.46875
polish	0.0625	0.03125	0.4375	0.0	0.0	0.0
polish literature	0.71875	1.0	0.71875	0.53125	0.21875	0.46875
politcal science	0.1484375	0.3203125	0.453125	0.5	0.296875	0.21875
politcs, economics, japanese	0.1875	0.65625	0.875	0.65625	0.53125	0.34375
politial science/history/psychology/sociology	0.1875	0.65625	0.46875	0.84375	0.3125	0.21875
politic	0.28125	0.59375	0.5416666666666666	0.6354166666666666	0.2916666666666667	0.21875
politica science	0.09375	0.25	0.40625	0.3125	0.171875	0.171875
political	0.5208333333333334	0.53125	0.6354166666666666	0.8541666666666666	0.6458333333333334	0.5729166666666666
political and social sciences	0.140625	0.25	0.78125	0.40625	0.234375	0.21875
political ecology	0.6875	0.8125	0.5625	0.65625	0.25	0.28125
political economics	0.40625	0.65625	0.6875	0.6875	0.4375	0.34375
political economy	0.3169642857142857	0.4955357142857143	0.5357142857142857	0.45982142857142855	0.32589285714285715	0.19642857142857142
political philosophy	0.515625	0.609375	0.84375	0.546875	0.453125	0.296875
political philosophy / psychology	0.4375	0.84375	0.59375	0.5625	0.59375	0.5
political scence	0.53125	0.5625	0.4375	0.53125	0.53125	0.71875
political sci	0.40625	0.90625	0.875	0.625	0.09375	0.1875
political sci, history, business	0.625	0.59375	0.0625	0.6875	0.75	0.71875
political sciece	0.03125	0.6875	0.71875	0.5625	0.25	0.0625
political science	0.24350728155339807	0.49466019417475726	0.5088592233009709	0.5638956310679611	0.3653519417475728	0.30449029126213595
political science & english	0.21875	0.65625	0.6875	0.75	0.03125	0.09375
political science & history	0.328125	0.578125	0.8125	0.765625	0.3125	0.21875
political science /public administration	0.3125	0.4375	0.6875	1.0	0.6875	0.6875
political science and advertising	0.0	0.6875	0.78125	0.6875	0.71875	0.0
political science and criminal justice	0.5625	0.625	0.6875	0.53125	0.46875	0.78125
political science and economics	0.59375	0.90625	0.3125	0.40625	0.625	0.75
political science and education	0.3125	0.46875	0.59375	0.8125	0.46875	0.28125
political science and english	0.25	0.78125	0.71875	0.5625	0.25	0.21875
political science and government	0.0625	0.3125	0.9375	0.65625	0.40625	0.0625
political science and international relations	0.0625	0.5	0.75	0.65625	0.59375	0.0
political science and languages and music	0.1875	0.3125	0.625	0.59375	0.3125	0.09375
political science and management	0.40625	0.75	0.46875	0.5625	0.71875	0.5625
political science and mba	0.4375	0.5625	0.6875	0.75	0.65625	0.4375
political science and public administration	0.75	0.96875	0.78125	1.0	0.8125	0.875
political science and sociology	0.375	0.28125	0.28125	0.375	0.0	0.0
political science law	0.1875	0.4375	0.53125	0.65625	0.28125	0.28125
political science, asian studies	0.0	0.125	0.875	0.53125	0.3125	0.15625
political science, busines	0.5625	0.75	0.59375	0.4375	0.46875	0.53125
political science, communication	0.03125	0.59375	0.78125	0.34375	0.6875	0.21875
political science, economic, management	0.375	0.53125	0.65625	0.75	0.875	0.625
political science, history, web programming	0.46875	0.625	0.40625	0.53125	0.3125	0.5625
political science, legal studies, peace studi	0.5625	0.40625	0.71875	0.8125	0.40625	0.40625
political science, philosophy	0.15625	0.4375	0.59375	0.625	0.53125	0.4375
political science, sociology	0.10416666666666667	0.4375	0.4479166666666667	0.6979166666666666	0.4270833333333333	0.4166666666666667
political science, spanish	0.0	0.09375	0.3125	0.75	0.1875	0.0
political science/ dance	0.0	0.0625	0.625	0.53125	0.125	0.0625
political science/ public administration	0.0	0.0	0.46875	0.84375	0.625	0.34375
political science/law	0.4375	0.4375	0.46875	0.8125	0.65625	0.71875
political science;	0.0625	0.40625	0.5	0.46875	0.09375	0.1875
political science; history	0.0	0.5	0.3125	0.34375	0.25	0.46875
political sciences	0.2	0.61875	0.6770833333333334	0.6645833333333333	0.45	0.20833333333333334
political sciende	0.15625	0.15625	0.375	0.65625	0.625	0.78125
political scient	0.0625	0.75	0.6875	0.5625	0.0625	0.3125
political scince	0.21875	0.46875	0.53125	0.5	0.46875	0.28125
political studies	0.09375	0.140625	0.296875	0.46875	0.15625	0.171875
political studies, management	0.1875	0.5	0.6875	0.625	0.15625	0.03125
political sxience	0.0625	0.40625	0.46875	0.59375	0.4375	0.625
politicl science	0.125	0.4375	0.46875	0.8125	0.28125	0.375
politics	0.24336472602739725	0.4907962328767123	0.5291095890410958	0.5327482876712328	0.3585188356164384	0.2482876712328767
politics & business	0.5625	0.8125	0.78125	0.5625	0.53125	0.75
politics and criminology	0.0	0.5	0.40625	0.71875	0.03125	0.0
politics and history	0.203125	0.640625	0.640625	0.828125	0.546875	0.296875
politics and international relations	0.4375	0.65625	0.71875	0.53125	0.65625	0.4375
politics and international relations, marketi	0.34375	0.625	0.375	0.65625	0.75	0.75
politics and writing	0.09375	0.4375	0.15625	0.25	0.0	0.0
politics philosophy	0.1875	0.5	0.78125	0.65625	0.75	0.125
politics philosophy & economics	0.125	0.46875	0.625	0.75	0.6875	0.0625
politics philosophy and economics	0.041666666666666664	0.3125	0.3020833333333333	0.7291666666666666	0.3541666666666667	0.03125
politics, english history education	0.0	0.46875	0.5625	0.8125	0.09375	0.03125
politics, finance	0.5	0.59375	0.78125	0.46875	0.4375	0.1875
politics, philosophy and economics	0.5625	0.4375	0.75	0.9375	0.71875	0.5625
politics, philosophy, and economics	0.15625	0.28125	0.21875	0.46875	0.0	0.03125
politics, philosophy, economics	0.21875	0.59375	0.5	0.875	0.5	0.375
politics, philosophy, economics and law	0.0625	0.0625	0.28125	0.5	0.15625	0.03125
politology	0.4453125	0.4453125	0.625	0.6640625	0.640625	0.4375
poll sci	0.1875	0.78125	0.65625	0.78125	0.4375	0.3125
pols sci	0.125	0.65625	0.03125	0.6875	0.25	0.1875
polsci econ law chemeng	0.3125	0.96875	0.96875	0.78125	0.28125	0.03125
poltical science	0.015625	0.390625	0.46875	0.625	0.5	0.046875
poly sci	0.46875	0.84375	0.6875	0.6875	0.6875	0.28125
polymer engeenirng	0.59375	0.4375	0.625	0.5625	0.875	0.65625
polymer engineering	0.484375	0.84375	0.703125	0.46875	0.5	0.5
polymer technology	0.71875	0.59375	0.515625	0.71875	0.625	0.359375
polysomnography	0.46875	0.75	0.3125	0.5625	0.3125	0.375
poop	1.0	1.0	1.0	1.0	1.0	1.0
porgraming	1.0	1.0	1.0	1.0	1.0	1.0
portuguese	0.3333333333333333	0.375	0.3125	0.5729166666666666	0.3333333333333333	0.34375
portuguese and english	0.0625	0.421875	0.71875	0.734375	0.25	0.109375
portuguese and english lit	0.125	0.59375	0.59375	0.65625	0.5	0.125
portuguese culture and literature	0.15625	0.375	0.59375	0.84375	0.1875	0.1875
portuguese, psychology, education	0.15625	0.53125	0.15625	0.9375	0.46875	0.375
positive psychology	0.03125	0.625	0.703125	0.625	0.40625	0.125
poverty studies	0.0	0.28125	0.21875	0.6875	0.25	0.0
power electric engineer	0.25	0.65625	0.71875	0.875	0.5625	0.375
power electronics	0.09375	0.46875	0.78125	0.5625	0.25	0.3125
power engineering	0.46875	0.3125	0.25	0.40625	0.28125	0.46875
pr	0.19642857142857142	0.375	0.59375	0.65625	0.5	0.18303571428571427
pr and advertising	0.140625	0.453125	0.71875	0.59375	0.65625	0.3125
pr and corporate communication	0.4375	0.625	0.5625	0.375	0.78125	0.375
practical nursing	0.0625	0.21875	0.1875	0.46875	0.15625	0.15625
pre art therapy	0.5625	0.40625	0.78125	0.4375	0.21875	0.03125
pre dental hygiene	0.15625	0.21875	0.21875	0.46875	0.40625	0.4375
pre enginerering	0.375	0.46875	0.46875	0.6875	0.4375	0.375
pre law	0.1484375	0.1796875	0.296875	0.6640625	0.484375	0.4375
pre med	0.1736111111111111	0.5104166666666666	0.3611111111111111	0.40625	0.2152777777777778	0.19444444444444445
pre medical	0.390625	0.828125	0.25	0.84375	0.359375	0.546875
pre nursing	0.03125	0.53125	0.15625	0.90625	0.34375	0.25
pre primary studies	0.09375	0.5	0.21875	0.75	0.375	0.34375
pre vet	-0.03125	0.53125	0.90625	0.28125	0.0	0.0625
pre-biology	0.78125	0.6875	0.625	0.8125	0.8125	0.875
pre-health	0.5	0.6875	0.6875	0.96875	0.625	0.34375
pre-law	0.171875	0.3333333333333333	0.359375	0.6041666666666666	0.484375	0.3541666666666667
pre-med	0.14375	0.646875	0.490625	0.528125	0.246875	0.16875
pre-medicine	0.1796875	0.7421875	0.4140625	0.4453125	0.2578125	0.1875
pre-medicine psychology	0.125	0.875	0.375	0.625	0.1875	0.09375
pre-nursing	0.28125	0.59375	0.234375	0.640625	0.125	0.0625
pre-pharmacy	0.0625	0.75	0.40625	0.65625	0.34375	0.375
pre-physical therapy	0.5625	0.46875	0.65625	0.625	0.40625	0.15625
pre-seminary and linguistics	0.21875	0.78125	0.78125	0.8125	0.21875	0.125
pre-veterinary	0.0	0.46875	0.03125	0.03125	0.125	0.09375
prelaw	0.0	0.0	0.0625	0.53125	0.0	0.0
premed	0.5625	0.96875	0.71875	0.9375	0.625	0.5
prepharm	0.40625	0.78125	0.03125	0.40625	0.25	0.625
preschool education	0.40625	0.78125	0.78125	0.71875	0.4375	0.28125
preschool studies	0.28125	0.5625	0.53125	0.59375	0.46875	0.28125
prevention science	0.1875	0.28125	0.625	0.53125	0.59375	0.40625
primary ed	0.0	0.125	0.4375	0.4375	0.15625	0.0
primary education	0.3203125	0.59375	0.53125	0.8515625	0.578125	0.59375
primary teaching	0.0	0.375	0.234375	0.75	0.265625	0.234375
print journalism	0.0	0.21875	0.53125	0.6875	0.09375	0.0625
print packaging and graphics	0.5625	0.6875	0.6875	0.59375	0.375	0.375
printing	0.1875	0.40625	0.3125	0.1875	0.5	0.28125
printing management	0.0	0.8125	0.25	0.875	0.0	0.0625
prm	0.6875	0.5	0.46875	0.71875	0.6875	0.71875
process engineering	0.78125	0.09375	0.46875	0.5	0.21875	0.53125
processing animal products (food technology)	0.25	0.46875	0.125	0.0	0.15625	0.0625
processos gerencias	0.0625	0.15625	-0.03125	0.46875	0.53125	0.6875
procom	0.71875	0.59375	0.78125	0.65625	0.59375	0.40625
procurement	0.5375	0.4875	0.5875	0.83125	0.71875	0.86875
procuremnt	0.34375	0.46875	0.46875	0.78125	0.90625	0.6875
prod engg	0.1875	0.0	0.0625	0.0625	0.0625	0.1875
product design	0.34598214285714285	0.5736607142857143	0.6517857142857143	0.5290178571428571	0.34598214285714285	0.1875
product design engineering	0.109375	0.171875	0.375	0.28125	0.265625	0.40625
product development	0.3125	0.40625	0.515625	0.375	0.375	0.4375
production	0.4166666666666667	0.6145833333333334	0.6145833333333334	0.53125	0.5833333333333334	0.2708333333333333
production design	0.09375	0.40625	0.8125	0.40625	0.09375	0.03125
production engg	0.96875	0.78125	0.3125	0.6875	0.53125	0.625
production engineering	0.3125	0.3125	0.46875	0.5	0.7604166666666666	0.5208333333333334
production engineering and managment	0.34375	0.9375	0.375	0.53125	0.34375	0.34375
production manageent in fashion industry	0.09375	0.34375	0.90625	0.65625	0.59375	0.4375
production management	0.21875	0.21875	0.3854166666666667	0.4895833333333333	0.3333333333333333	0.34375
professional	0.25	0.03125	0.5	0.8125	0.59375	0.21875
professional bachelor	0.375	0.84375	0.5625	0.71875	0.28125	0.3125
professional clinical counseling	0.1875	0.90625	0.375	0.375	0.0	0.0625
professional communication	0.0625	0.28125	0.703125	0.53125	0.34375	0.109375
professional communications	0.1875	0.265625	0.734375	0.671875	0.5625	0.296875
professional counseling	0.109375	0.5390625	0.4921875	0.69921875	0.27734375	0.2109375
professional counselor	0.4375	0.90625	0.65625	0.875	0.25	0.125
professional education	0.5	0.59375	0.875	0.84375	0.53125	0.625
professional golf management	0.59375	0.5	0.46875	0.125	0.65625	0.5625
professional services	0.0625	0.1875	0.625	0.75	0.5	0.40625
professional studies	0.078125	0.515625	0.140625	0.578125	0.3125	0.46875
professional technical writing	0.21875	0.3125	0.3125	0.125	0.34375	0.15625
professor	0.09375	0.25	0.28125	0.8125	0.6875	0.125
professtional counseling	-0.25	-0.25	-0.25	-0.25	-0.25	-0.25
programing	0.625	0.5	0.6875	0.53125	0.71875	0.90625
programmer	0.21875	0.34375	0.5625	0.5	0.65625	0.53125
programming	0.4119318181818182	0.4147727272727273	0.4943181818181818	0.45738636363636365	0.3693181818181818	0.4659090909090909
programming software	0.09375	0.1875	0.4375	0.125	0.09375	0.03125
project leadership	0.28125	0.234375	0.578125	0.53125	0.171875	0.125
project management	0.4090909090909091	0.5340909090909091	0.5142045454545454	0.5681818181818182	0.4431818181818182	0.4375
project management (2nd), fine art (1st)	0.25	0.53125	0.625	0.5625	0.15625	0.34375
project managing	0.6875	0.90625	0.40625	0.28125	0.40625	0.3125
project managment	0.59375	0.5416666666666666	0.5104166666666666	0.625	0.5520833333333334	0.4895833333333333
project mgt	0.0	0.0	0.125	0.1875	0.125	0.125
property	0.3625	0.325	0.48125	0.51875	0.49375	0.35625
property management	0.4034090909090909	0.3039772727272727	0.4914772727272727	0.6619318181818182	0.6193181818181818	0.4375
proqramer,marketing manager	0.21875	0.25	0.5	0.46875	0.625	0.5
prosthetics and orthotics	0.5625	1.0	0.84375	0.90625	0.5	0.34375
protection of enviroment	0.25	0.71875	0.46875	0.5	0.3125	0.0625
psaychology	0.75	0.53125	0.125	0.625	0.5	0.65625
pscgology	0.03125	0.21875	0.0625	0.625	0.15625	0.03125
pschology	0.28958333333333336	0.54375	0.4583333333333333	0.7645833333333333	0.34375	0.38333333333333336
pschotherapy	0.125	0.375	0.28125	0.78125	0.21875	0.46875
pscychology	0.0	0.34375	0.5625	0.625	0.53125	0.40625
pscyh	0.28125	0.75	0.6875	0.65625	0.28125	0.21875
pscyhology	0.19791666666666666	0.59375	0.453125	0.625	0.21875	0.2604166666666667
pshchology	0.5	0.3125	0.3125	0.875	0.4375	0.71875
pshychology	0.296875	0.75	0.5	0.53125	0.296875	0.296875
pshychology, business	0.5625	0.90625	0.84375	0.9375	0.8125	0.875
pshycology	0.296875	0.484375	0.515625	0.5	0.421875	0.3125
psichiatry	0.1875	0.875	0.9375	0.96875	0.25	0.09375
psichology	0.4375	0.4791666666666667	0.5520833333333334	0.6666666666666666	0.46875	0.625
psicologia	0.1597222222222222	0.47337962962962965	0.49074074074074076	0.7013888888888888	0.3912037037037037	0.32175925925925924
psicologia cognitiv	0.125	0.5	0.40625	-0.09375	-0.03125	0.25
psicología	0.03125	0.25	0.1875	0.78125	0.5	0.3125
psikologi	0.6875	0.453125	0.765625	0.625	0.6875	0.703125
psikolojik dan&#305;&#351;manl&#305;k	0.0625	0.5625	0.75	1.0	0.0625	0.1875
pssychology	0.1875	0.15625	0.171875	0.671875	0.234375	0.328125
pstchology	0.25	0.78125	0.53125	0.78125	0.1875	0.1875
psuchology	0.14583333333333334	0.4166666666666667	0.6354166666666666	0.84375	0.4166666666666667	0.3229166666666667
psy	0.3169642857142857	0.6696428571428571	0.59375	0.7142857142857143	0.47767857142857145	0.32589285714285715
psy cv hology	0.125	0.6875	0.75	0.25	0.09375	0.125
psy hology	0.0	0.4375	0.4375	0.53125	0.46875	0.0
psy,pils,prelaw	0.59375	0.84375	0.71875	0.46875	0.625	0.65625
psy/eng	0.6875	0.625	0.90625	0.375	0.375	0.28125
psybhology	0.0625	0.28125	0.5625	0.78125	0.3125	0.03125
psyc	0.140625	0.4921875	0.50390625	0.53125	0.26171875	0.203125
psych	0.18541666666666667	0.5236111111111111	0.44583333333333336	0.6486111111111111	0.29305555555555557	0.26319444444444445
psych & religion	0.15625	0.6875	0.875	0.6875	0.1875	0.03125
psych & zoology	0.34375	1.0	0.59375	0.875	0.34375	0.5625
psych and biology	0.375	0.65625	0.25	0.8125	0.3125	0.25
psych and bus undergrad, management grad	0.3125	0.625	0.4375	0.75	0.3125	0.25
psych and criminal justice	0.21875	0.6875	0.65625	0.75	0.21875	0.125
psych and education	0.375	0.875	0.8125	0.75	0.4375	0.21875
psych and english	0.25	0.59375	0.5625	0.6875	0.4375	0.375
psych and teaching	0.03125	0.75	0.375	0.5625	0.40625	0.03125
psych, education	0.65625	0.5	0.78125	0.875	0.78125	0.125
psych/criminilogy and criminal justice	0.15625	0.8125	0.09375	0.15625	0.03125	0.53125
psych/occupational therapy	0.1875	0.84375	0.65625	0.84375	0.25	0.0625
psych/sociology	0.03125	0.15625	-0.03125	0.5625	0.0625	0.0
psych; religion	0.0625	0.5	0.59375	0.625	0.15625	0.1875
psychcology	0.15625	0.46875	0.3125	0.8125	0.5	0.34375
psychgology	0.0625	0.9375	0.15625	0.46875	0.375	0.53125
psychiatric rehab	0.25	0.59375	0.65625	0.1875	0.25	0.0625
psychiatry	0.0625	0.5	0.4375	0.734375	0.1875	0.0625
psychlogy	0.2421875	0.609375	0.6796875	0.828125	0.53125	0.34375
psycho	0.203125	0.265625	0.359375	0.21875	0.171875	0.265625
psycho;ogy	0.0	0.34375	0.375	0.625	0.40625	0.3125
psychobiology	0.25	0.28125	0.09375	0.71875	0.09375	0.125
psychobiology and mba	0.4375	0.90625	0.4375	0.78125	0.5	0.1875
psychobiology-forensic science	0.28125	0.84375	0.28125	0.6875	0.34375	0.53125
psychoeducation	0.28125	0.5625	0.65625	0.59375	0.375	0.09375
psychohlgy	0.8125	0.53125	0.625	0.90625	0.46875	0.46875
psycholdogy theology comm	0.09375	0.5625	0.5	0.5625	0.125	0.0
psycholgoy	0.125	0.5	0.6875	0.6875	0.46875	0.46875
psycholgy	0.24671052631578946	0.5740131578947368	0.48848684210526316	0.6776315789473685	0.34375	0.3092105263157895
psycholgy and exercise science	0.546875	0.9375	0.546875	0.96875	0.59375	0.65625
psycholgy and film	0.15625	0.625	0.625	0.75	0.125	0.21875
psycholgy, nursing	0.125	0.53125	0.21875	0.53125	0.0	0.125
psycholigy	0.21875	0.65625	0.71875	0.65625	0.0	0.0
psycholocy	0.1875	0.34375	0.3125	0.75	0.28125	0.25
psycholofy	0.21875	0.78125	0.234375	0.4375	0.140625	0.171875
psycholog	0.171875	0.5625	0.546875	0.59375	0.359375	0.171875
psychologgy	0.4375	0.71875	0.8125	1.0	0.71875	0.875
psychological and brain sciences	0.0	0.625	0.46875	0.3125	0.125	0.125
psychological guidance	0.09375	0.59375	0.71875	0.1875	0.0625	0.125
psychological science	0.5	0.8125	0.40625	0.75	0.625	0.59375
psychological sciences	0.09375	0.34375	0.375	0.5625	0.40625	0.09375
psychologie	0.14583333333333334	0.3333333333333333	0.16666666666666666	0.53125	0.1875	0.22916666666666666
psychologoy	0.0	0.1875	0.0625	0.5625	0.28125	0.1875
psychologu	0.125	0.5546875	0.5	0.796875	0.375	0.34375
psychology	0.20365373805508713	0.5287591343451378	0.4774662731871838	0.6756921023046656	0.34725969645868465	0.30552276559865094
psychology & animal welfare	0.375	0.875	0.40625	0.84375	0.34375	0.21875
psychology & anthropology (ug), psychology (p	0.5625	0.96875	0.46875	0.5	0.0625	0.4375
psychology & art	0.40625	0.640625	0.625	0.734375	0.4375	0.34375
psychology & biology	0.71875	0.78125	0.375	0.625	0.09375	0.21875
psychology & business	0.0	0.46875	0.53125	0.8125	0.34375	0.1875
psychology & childhood education	0.09375	0.125	0.40625	0.96875	0.625	0.5
psychology & communications	0.0	0.0	0.0	0.25	0.0	0.0
psychology & criminal justice	0.020833333333333332	0.21875	0.28125	0.5833333333333334	0.3020833333333333	0.10416666666666667
psychology & criminology	0.21875	0.1875	0.53125	0.875	0.28125	0.375
psychology & dance	0.21875	0.53125	0.65625	0.75	0.28125	0.21875
psychology & economics	0.40625	0.84375	0.8125	0.71875	0.46875	0.40625
psychology & english	0.041666666666666664	0.7083333333333334	0.8229166666666666	0.7604166666666666	0.1875	0.16666666666666666
psychology & french	0.03125	0.8125	0.59375	0.65625	0.28125	0.0625
psychology & health administration	0.0625	0.65625	0.625	0.71875	0.5	0.375
psychology & human resources	0.0625	0.5625	0.53125	0.71875	0.21875	0.65625
psychology & it	0.1875	0.625	0.5	0.5	0.1875	0.0
psychology & linguistics	0.3125	0.53125	0.65625	0.828125	0.453125	0.25
psychology & music	0.15625	0.625	0.75	0.8125	0.3125	0.25
psychology & neuroscience	0.46875	0.75	0.46875	0.875	0.09375	0.3125
psychology & philosophy	0.40625	0.9375	0.5625	0.8125	0.21875	0.3125
psychology & political science	0.25	0.84375	0.28125	0.46875	0.25	0.25
psychology & politics	0.0	0.34375	0.8125	0.65625	0.625	0.25
psychology & psychophysiology	0.53125	0.96875	0.75	0.53125	0.125	0.65625
psychology & rehab counseling	0.0	0.1875	0.25	0.46875	0.0625	0.59375
psychology & religious studies	0.09375	0.78125	0.9375	0.96875	0.5625	0.09375
psychology & sociology	0.046875	0.6875	0.421875	0.640625	0.53125	0.359375
psychology & sociology - dual	0.21875	0.8125	0.84375	0.4375	0.1875	0.1875
psychology & wmn gender studies	0.1875	0.75	0.53125	0.8125	0.15625	0.0625
psychology & women gender studies	0.3125	0.9375	0.75	1.0	0.0625	0.09375
psychology (counseling)	0.1875	0.53125	0.46875	0.53125	0.34375	0.4375
psychology (industrial)	0.03125	0.25	0.6875	0.65625	0.3125	0.15625
psychology (old major) general studies (new m	0.125	0.6875	0.90625	0.5625	0.5625	0.125
psychology + philosophy + anthropology	0.4375	0.46875	0.625	0.6875	0.34375	0.21875
psychology , zoology	0.28125	0.84375	0.625	0.6875	0.4375	0.5
psychology - counseling	0.140625	0.625	0.78125	0.734375	0.1875	0.046875
psychology - undergrad	0.25	0.78125	0.5	0.78125	0.21875	0.3125
psychology / art / business	0.0	0.5625	0.6875	0.28125	0.28125	0.0625
psychology / sociology	0.0	0.125	0.28125	0.90625	0.1875	0.0
psychology /forensics	0.46875	0.53125	0.5	0.46875	0.5	0.46875
psychology and anthropology	0.1875	0.90625	0.6875	0.625	0.0625	0.34375
psychology and architecture	0.625	0.4375	0.40625	0.75	0.59375	0.625
psychology and art	0.28125	0.375	0.578125	0.6875	0.359375	0.21875
psychology and arts/design	0.59375	0.75	0.8125	0.78125	0.28125	0.46875
psychology and b-k education	0.0	0.0	0.59375	0.90625	0.0	0.0
psychology and biology	0.14375	0.525	0.5	0.83125	0.48125	0.39375
psychology and biomedical sciences	0.0	0.46875	0.0	0.46875	0.0	0.0
psychology and botany	0.1875	0.875	0.6875	0.71875	0.3125	0.1875
psychology and business	0.11363636363636363	0.5511363636363636	0.3778409090909091	0.7244318181818182	0.59375	0.36079545454545453
psychology and business management	0.234375	0.578125	0.796875	0.734375	0.640625	0.390625
psychology and chemical dependency and addict	0.0	0.3125	0.65625	0.6875	0.71875	0.125
psychology and chemistry	0.375	0.515625	0.453125	0.515625	0.28125	0.078125
psychology and child & family services	0.0625	0.4375	0.34375	0.71875	0.5	0.71875
psychology and civil engineering	0.375	0.21875	0.375	0.8125	0.4375	0.46875
psychology and clothing, textiles, and design	0.09375	0.375	0.65625	0.6875	0.09375	0.0625
psychology and communication	0.65625	0.71875	0.734375	0.8125	0.625	0.5625
psychology and communications	0.19791666666666666	0.53125	0.4583333333333333	0.6458333333333334	0.6458333333333334	0.3958333333333333
psychology and computer science	0.28125	0.734375	0.53125	0.6875	0.265625	0.234375
psychology and comuputing	0.0625	0.75	0.875	0.625	0.21875	0.0
psychology and counseling	0.13671875	0.453125	0.38671875	0.671875	0.26171875	0.28515625
psychology and counselling	0.28125	0.5078125	0.6875	0.7890625	0.5390625	0.375
psychology and creative writing	0.0625	0.40625	0.71875	0.5	0.09375	0.0
psychology and criminal justice	0.14772727272727273	0.3977272727272727	0.32954545454545453	0.59375	0.2755681818181818	0.29261363636363635
psychology and criminology	0.171875	0.546875	0.34375	0.546875	0.253125	0.2
psychology and dance & choreography	0.09375	0.6875	0.65625	0.875	0.0625	0.125
psychology and dance education	0.03125	0.75	0.78125	0.90625	0.46875	0.3125
psychology and early childhood	0.375	0.96875	0.46875	0.78125	0.875	0.59375
psychology and economics	0.1171875	0.2578125	0.5	0.734375	0.5390625	0.3515625
psychology and education	0.23177083333333334	0.59375	0.5182291666666666	0.6901041666666666	0.3932291666666667	0.3307291666666667
psychology and educational	0.5	0.84375	0.75	1.0	0.78125	0.71875
psychology and elementary education	0.14583333333333334	0.5416666666666666	0.2604166666666667	0.8333333333333334	0.5104166666666666	0.2708333333333333
psychology and emergency management	0.40625	0.5625	0.5625	0.75	0.34375	0.125
psychology and engineering	0.0	0.5	0.78125	0.65625	0.25	0.0
psychology and english	0.1840277777777778	0.5659722222222222	0.5798611111111112	0.71875	0.3854166666666667	0.3333333333333333
psychology and english language and litera	0.25	0.84375	0.5625	0.4375	0.03125	0.34375
psychology and english lit	0.15625	0.5	0.78125	0.78125	0.65625	0.03125
psychology and english literature	0.09375	0.3229166666666667	0.7291666666666666	0.5208333333333334	0.14583333333333334	0.14583333333333334
psychology and exercise science	0.40625	0.625	0.40625	0.40625	0.3125	0.46875
psychology and finance double degree	0.125	0.40625	0.59375	0.6875	0.5625	0.34375
psychology and french	0.03125	0.53125	0.59375	0.875	0.3125	0.0625
psychology and gender studies	0.53125	0.46875	0.34375	0.53125	0.1875	0.5625
psychology and guidance counseling	0.0	0.25	0.6875	0.8125	0.0625	0.25
psychology and history	0.10416666666666667	0.6875	0.5625	0.65625	0.2708333333333333	0.125
psychology and hr	0.046875	0.296875	0.3125	0.640625	0.234375	0.203125
psychology and human services	0.03125	0.265625	0.265625	0.546875	0.3125	0.25
psychology and intl govt relations	0.0	0.84375	0.53125	0.625	0.59375	0.15625
psychology and kinesiology	0.1875	0.375	0.46875	0.625	0.375	0.4375
psychology and korean language	0.28125	0.4375	0.46875	0.71875	0.59375	0.28125
psychology and linguistics	0.140625	0.421875	0.578125	0.71875	0.328125	0.1875
psychology and management	0.015625	0.734375	0.5625	0.671875	0.34375	0.109375
psychology and marketing	0.15625	0.4375	0.71875	0.59375	0.3125	0.1875
psychology and media & communications	0.0	0.03125	0.40625	0.53125	0.3125	0.15625
psychology and medicine	0.34375	0.90625	0.59375	0.34375	0.0625	0.15625
psychology and molecular biology	0.15625	0.59375	0.1875	0.53125	0.40625	0.75
psychology and music	0.1625	0.625	0.6125	0.675	0.2375	0.13125
psychology and neuroscience	0.046875	0.59375	0.3125	0.4375	0.140625	0.203125
psychology and neuroscience & mental health	0.3125	0.5	1.0	0.8125	0.53125	0.4375
psychology and nursing	0.0	0.59375	0.03125	0.609375	0.0625	0.0625
psychology and nutrition	0.203125	0.21875	0.15625	0.609375	0.59375	0.25
psychology and p.e.	0.0625	0.71875	0.375	0.65625	0.46875	0.03125
psychology and philosophy	0.08333333333333333	0.7083333333333334	0.46875	0.65625	0.16666666666666666	0.28125
psychology and philosophy (double major)	0.25	0.4375	0.59375	0.625	0.28125	0.125
psychology and political science	0.15625	0.296875	0.3125	0.671875	0.484375	0.421875
psychology and pre med	0.21875	0.71875	0.40625	0.625	0.4375	0.375
psychology and public health	0.203125	0.53125	0.375	0.75	0.234375	0.40625
psychology and religious studies	0.140625	0.328125	0.703125	0.828125	0.515625	0.046875
psychology and science	0.0	0.5625	0.375	0.5	0.125	0.0625
psychology and social behavior	0.296875	0.53125	0.6875	0.78125	0.515625	0.5625
psychology and social work	0.10625	0.575	0.36875	0.69375	0.2625	0.16875
psychology and social work double major	0.28125	0.65625	0.9375	1.0	0.78125	0.25
psychology and sociology	0.23660714285714285	0.5461309523809523	0.49404761904761907	0.6369047619047619	0.34375	0.38244047619047616
psychology and spanish	0.0546875	0.3046875	0.421875	0.5546875	0.2734375	0.3125
psychology and sports science	0.0625	0.4375	0.46875	0.71875	0.5625	0.53125
psychology and strategic communications	0.4375	0.4375	0.65625	0.65625	0.375	0.375
psychology and strategic human resourcea	0.21875	0.53125	0.3125	0.625	0.46875	0.375
psychology and systems analysis	0.53125	0.78125	0.25	0.71875	0.59375	0.375
psychology and teaching	0.3125	0.4375	0.25	0.5	0.21875	0.40625
psychology and theatre	0.03125	0.59375	0.90625	0.90625	0.375	0.21875
psychology and theology	0.390625	0.609375	0.59375	0.578125	0.328125	0.328125
psychology and women studies	0.0	0.28125	0.34375	0.9375	0.375	0.53125
psychology and zoology	0.25	0.9375	0.25	0.9375	0.28125	0.1875
psychology art	0.21875	0.40625	0.625	0.46875	0.375	0.375
psychology ba, counseling, ma	0.3125	0.21875	0.40625	0.875	0.625	0.1875
psychology behavioral sciences	0.4375	0.71875	0.375	0.625	0.25	0.0625
psychology biology	0.4166666666666667	0.8125	0.5416666666666666	0.6041666666666666	0.3958333333333333	0.4895833333333333
psychology business	0.234375	0.5625	0.734375	0.765625	0.484375	0.296875
psychology education	0.0	0.0	0.1875	0.28125	0.15625	0.1875
psychology english	0.22916666666666666	0.2708333333333333	0.7604166666666666	0.78125	0.6770833333333334	0.3020833333333333
psychology for undergrad, higher ed for grad	0.09375	0.71875	0.46875	0.5625	0.21875	0.1875
psychology honours	0.0	0.75	0.5	0.96875	0.3125	0.5
psychology justice studies	0.0625	0.1875	0.03125	0.71875	0.21875	0.53125
psychology masters	0.0625	0.3125	0.15625	0.625	0.15625	0.1875
psychology mental health counseling	0.09375	0.59375	0.0	0.71875	0.3125	0.53125
psychology of fashion	0.28125	0.28125	0.3125	0.53125	0.65625	0.34375
psychology or marine biology	0.3125	0.9375	0.78125	0.90625	0.4375	0.34375
psychology philosophie english	0.46875	0.96875	0.625	0.78125	0.34375	0.40625
psychology pre-ot	0.6875	0.53125	0.4375	0.78125	0.4375	0.34375
psychology religion	0.0	0.4375	0.59375	0.875	0.53125	0.09375
psychology school counseling	0.28125	0.25	0.71875	0.6875	0.53125	0.0625
psychology social worker	0.0	0.25	0.0	0.625	0.125	0.0
psychology sociology	0.25	0.890625	0.484375	0.71875	0.453125	0.34375
psychology teaching	0.078125	0.453125	0.359375	0.609375	0.109375	0.078125
psychology with criminology	0.3125	0.59375	0.15625	0.65625	0.25	0.28125
psychology with hrd	0.125	0.1875	0.625	0.8125	0.09375	0.25
psychology with management	0.0	0.5625	0.90625	0.46875	0.65625	0.0
psychology with minor s.w.	0.1875	0.53125	0.4375	0.8125	0.78125	0.3125
psychology with neuropsychology	0.03125	0.9375	0.71875	0.625	0.28125	0.125
psychology with neuroscience	0.25	0.875	0.3125	0.53125	0.5	0.46875
psychology(ba) rehabilitation counseling (ma)	0.59375	0.9375	0.0625	0.03125	0.15625	0.375
psychology(ba), sociology (ba) mental health	0.0625	0.6875	0.25	0.6875	0.0	0.0
psychology,  sociology	0.875	0.8125	0.6875	0.375	0.125	1.0
psychology, accounting	0.25	0.34375	0.46875	0.65625	0.46875	0.4375
psychology, acupuncture	0.25	0.875	0.34375	0.53125	0.15625	0.25
psychology, addiction counseling, human servi	0.4375	0.6875	0.78125	0.90625	0.8125	0.875
psychology, addictions counseling	0.0	0.125	0.0625	0.4375	0.375	0.1875
psychology, anthropology	0.03125	0.8333333333333334	0.6145833333333334	0.7083333333333334	0.21875	0.3541666666666667
psychology, anthropology, criminology	0.21875	0.78125	0.75	0.6875	0.1875	0.09375
psychology, applied design, consumer & advert	0.03125	0.0625	0.34375	0.1875	0.09375	0.0
psychology, art	0.25	0.4375	0.625	0.46875	0.03125	0.0625
psychology, ba; nonprofit management, mpa	0.0	0.21875	0.5625	0.59375	0.0625	0.0625
psychology, ballet pedagogy	0.0	0.3125	0.625	0.59375	0.0625	0.0
psychology, biochem	0.21875	0.4375	0.84375	0.25	0.3125	0.0
psychology, biochemistry	0.0625	0.84375	0.4375	0.78125	0.03125	0.28125
psychology, biology	0.15625	0.78125	0.5520833333333334	0.65625	0.25	0.3020833333333333
psychology, biology, and philosophy	0.1875	0.8125	0.4375	0.875	0.25	0.25
psychology, biology, public health	0.28125	0.28125	0.0	0.15625	0.125	0.15625
psychology, business	0.046875	0.328125	0.234375	0.609375	0.46875	0.265625
psychology, business management, sport manage	0.5	0.59375	0.3125	0.34375	0.34375	0.75
psychology, business, counseling	0.09375	0.625	0.40625	0.4375	0.40625	0.25
psychology, ceramics	0.03125	0.5	0.59375	0.875	0.1875	0.0
psychology, chemistry	0.53125	0.859375	0.703125	0.796875	0.5625	0.734375
psychology, clinical health counseling	0.8125	1.0	0.875	0.9375	0.71875	0.625
psychology, clinical mental health counseling	0.03125	0.34375	0.4375	0.53125	0.21875	0.46875
psychology, cognitive science, bioethics	0.1875	0.65625	0.6875	0.78125	0.5625	0.125
psychology, communication	0.0	0.34375	0.375	0.5	0.0	0.03125
psychology, communications	0.28125	0.4375	0.78125	0.8125	0.34375	0.40625
psychology, computer information systems	0.28125	0.5625	0.6875	0.5625	0.21875	0.3125
psychology, computer science	0.875	0.78125	0.46875	0.65625	0.28125	0.46875
psychology, corporate finance, public adminis	0.0625	0.5	0.21875	0.875	0.4375	0.5625
psychology, counseling	0.15625	0.375	0.4	0.6625	0.225	0.24375
psychology, counseling, teaching	0.03125	0.59375	0.84375	0.8125	0.28125	0.34375
psychology, creative writing	0.15625	0.625	0.8125	0.65625	0.0625	0.03125
psychology, criminal behaviors	0.15625	0.53125	0.0625	0.0	0.0625	0.09375
psychology, criminal justice	0.15625	0.59375	0.5625	0.75	0.09375	0.2604166666666667
psychology, criminal justice, clinical mental	0.28125	0.71875	0.28125	0.8125	0.5	0.84375
psychology, criminology	0.234375	0.609375	0.40625	0.65625	0.125	0.25
psychology, criminology, counseling	0.0	0.8125	0.40625	0.625	0.25	0.0625
psychology, criminology, music, education	0.03125	0.09375	0.40625	0.59375	0.0625	0.0
psychology, criminology, sociology	0.6875	0.5	0.34375	0.71875	0.40625	0.28125
psychology, culinary	0.40625	0.5625	0.75	0.8125	0.21875	0.21875
psychology, culinary arts	0.0	0.40625	0.0625	0.3125	0.125	0.0625
psychology, directing film	0.1875	0.65625	0.625	0.25	0.1875	0.03125
psychology, economics	0.46875	0.4166666666666667	0.3541666666666667	0.7708333333333334	0.4479166666666667	0.3541666666666667
psychology, economics, service design	0.53125	0.96875	0.9375	0.625	0.84375	0.34375
psychology, education	0.10416666666666667	0.515625	0.5208333333333334	0.78125	0.3333333333333333	0.28125
psychology, education, and social work	0.25	0.46875	0.625	0.875	0.5	0.53125
psychology, education, business	0.28125	0.46875	0.25	0.625	0.4375	0.65625
psychology, english	0.15625	0.4875	0.64375	0.6875	0.29375	0.1875
psychology, english literature, social work	0.0	0.65625	0.625	0.9375	0.4375	0.0
psychology, english mft	0.0	0.34375	0.46875	0.4375	0.1875	0.125
psychology, english, and judaic studies (how	0.21875	0.4375	0.90625	0.65625	0.25	0.09375
psychology, english, anthropology	0.65625	0.75	0.65625	0.59375	0.46875	0.71875
psychology, english, college counseling and s	0.15625	0.46875	0.34375	0.8125	0.21875	0.03125
psychology, english, teaching	0.28125	0.71875	0.5	0.71875	0.59375	0.53125
psychology, ergonomics, business administrati	0.25	0.59375	0.6875	0.4375	0.375	0.25
psychology, film and media studies	0.3125	0.5	0.5	0.625	0.21875	0.1875
psychology, french	0.15625	0.53125	0.359375	0.671875	0.265625	0.171875
psychology, french, art history, archeology	0.0625	0.125	0.625	0.6875	0.6875	0.125
psychology, german	0.25	0.78125	0.5625	0.5625	0.0	0.125
psychology, guidance counseling	0.375	0.71875	0.6875	0.625	0.53125	0.53125
psychology, guidance counselor	0.375	0.765625	0.515625	0.65625	0.3125	0.53125
psychology, human services	0.21875	0.34375	0.25	0.75	0.5625	0.75
psychology, japanese	0.46875	0.28125	0.375	0.1875	0.53125	0.46875
psychology, journalism and english literature	0.4375	1.0	0.96875	0.65625	0.3125	0.0
psychology, journalism, or english	0.25	0.5	0.78125	0.875	0.625	0.28125
psychology, language, politics	0.09375	0.0	0.03125	0.625	0.09375	0.0625
psychology, law & classics	0.3125	0.96875	0.78125	0.4375	0.125	0.4375
psychology, linguistics	0.2708333333333333	0.6979166666666666	0.71875	0.7708333333333334	0.17708333333333334	0.20833333333333334
psychology, linguistics and music	0.25	0.4375	0.5625	0.65625	0.5	0.4375
psychology, linguistics, counselling, educati	0.125	0.4375	0.625	0.84375	0.25	0.15625
psychology, management	0.5625	0.53125	0.9375	0.8125	0.65625	0.5625
psychology, marketing	0.09375	0.71875	0.65625	0.6875	0.375	0.21875
psychology, marketing, finance	0.15625	0.34375	0.40625	0.78125	0.4375	0.21875
psychology, mba	0.6875	0.75	0.9375	0.0625	0.1875	0.34375
psychology, media stuides	0.0	0.3125	0.625	0.78125	0.1875	0.1875
psychology, mindfulness	0.03125	0.75	0.3125	0.625	0.1875	0.0625
psychology, modern languages	0.0625	0.0	0.40625	0.125	0.0	0.0
psychology, music	0.21875	0.5104166666666666	0.7708333333333334	0.8125	0.3854166666666667	0.3125
psychology, music, education	0.28125	0.5	0.71875	0.75	0.5625	0.34375
psychology, neuroscience	0.5	0.8125	0.6875	0.71875	0.46875	0.25
psychology, nursing	0.265625	0.71875	0.6875	0.734375	0.234375	0.125
psychology, nursing, public health edu	0.375	0.6875	0.65625	0.875	0.34375	0.53125
psychology, occupational therapy	0.09375	0.65625	0.28125	0.6875	0.3125	0.0
psychology, organizational	0.25	0.9375	0.625	0.71875	0.375	0.3125
psychology, philosophy	0.046875	0.65625	0.75	0.671875	0.265625	0.140625
psychology, philsophy	0.03125	0.4375	0.34375	0.59375	0.15625	0.1875
psychology, physical therapy	0.28125	0.59375	0.375	0.59375	0.15625	0.34375
psychology, political science	0.3515625	0.3671875	0.609375	0.671875	0.609375	0.515625
psychology, portuguese, linguistics	0.15625	0.875	0.75	0.6875	0.0	0.03125
psychology, pre dental	0.21875	1.0	0.28125	0.90625	0.34375	0.25
psychology, primary education & business	0.34375	0.8125	0.46875	0.875	0.625	0.59375
psychology, public policy	0.21875	0.71875	0.65625	0.84375	0.5625	0.53125
psychology, religion	0.0	0.5625	0.15625	0.84375	0.3125	0.25
psychology, religion, counseling	0.375	0.6875	0.40625	0.78125	0.34375	0.40625
psychology, religious studies, education	0.15625	0.34375	0.4375	0.4375	0.1875	0.09375
psychology, socialogy	0.71875	0.75	0.59375	0.84375	0.5625	0.625
psychology, sociologoy	0.34375	0.40625	0.375	0.65625	0.4375	0.46875
psychology, sociology	0.1875	0.5416666666666666	0.3854166666666667	0.7604166666666666	0.4375	0.46875
psychology, sociology and visual art	0.34375	0.78125	0.65625	0.21875	0.03125	0.375
psychology, sociology, art, graphic art, educ	0.28125	0.71875	0.65625	0.5625	0.46875	0.375
psychology, sociology, counseling, ed leaders	0.15625	0.9375	0.53125	0.90625	0.375	0.59375
psychology, sociology, now school counseling	0.4375	0.53125	0.53125	0.75	0.375	0.4375
psychology, sociology, social sciences	0.375	0.78125	0.9375	0.9375	0.59375	0.25
psychology, spanish	0.078125	0.5625	0.46875	0.75	0.203125	0.125
psychology, spanish, international affairs, n	0.25	0.15625	0.78125	0.90625	0.34375	0.5
psychology, student affairs	0.25	0.5625	0.6875	0.8125	0.53125	0.46875
psychology, teaching, counseling	0.03125	0.5625	0.1875	0.5	0.125	0.21875
psychology, theology	0.3125	0.5	0.40625	0.53125	0.25	0.28125
psychology, theology (double major)	0.03125	0.40625	0.84375	0.5625	0.03125	0.125
psychology, visual art	0.625	0.71875	0.78125	0.34375	0.0625	0.5625
psychology, vocal performance	0.03125	0.09375	0.46875	0.84375	0.1875	0.34375
psychology,anthropology,criminology,business	0.3125	0.03125	0.0	0.0	0.0625	0.65625
psychology,english	0.5	0.75	0.40625	0.6875	0.65625	0.625
psychology,philosophy	0.5	0.65625	0.59375	0.75	0.46875	0.5
psychology- undergrad, human development and	0.1875	0.6875	0.3125	0.5625	0.3125	0.5625
psychology-neuroscience	0.15625	0.5	0.46875	0.5625	0.375	0.0
psychology/ communications	0.0625	0.84375	0.25	0.96875	0.09375	0.125
psychology/ counseling	0.25	0.71875	0.46875	0.625	0.28125	0.25
psychology/ education	0.25	0.5625	0.65625	0.859375	0.421875	0.359375
psychology/ marketing	0.53125	0.75	0.75	0.875	0.71875	0.40625
psychology/ nursing	0.5	0.90625	0.4375	0.90625	0.40625	0.4375
psychology/ ot	0.375	0.875	0.65625	0.9375	0.625	0.3125
psychology/ political science	-0.03125	0.28125	0.1875	0.625	0.6875	0.09375
psychology/accounting	0.28125	0.59375	0.3125	0.46875	0.46875	0.5
psychology/addiction studies	0.3125	0.125	0.375	0.875	0.5625	0.28125
psychology/art	0.0	0.5625	0.5625	0.71875	0.375	0.09375
psychology/biology	0.28125	0.828125	0.4375	0.90625	0.3125	0.1875
psychology/biomedical science	0.0	0.59375	0.5625	0.625	0.0	0.25
psychology/business	0.109375	0.578125	0.640625	0.84375	0.3125	0.359375
psychology/child development	0.3125	0.0625	0.375	0.8125	0.8125	0.65625
psychology/cis	0.21875	0.53125	0.28125	0.53125	0.5	0.34375
psychology/classics	0.640625	0.734375	0.734375	0.796875	0.484375	0.515625
psychology/computer science	0.8125	0.96875	0.75	0.78125	0.5	0.625
psychology/counseling	0.2528409090909091	0.6079545454545454	0.5681818181818182	0.7386363636363636	0.3352272727272727	0.26136363636363635
psychology/creative writing	0.0	0.375	0.71875	0.625	0.125	0.0
psychology/criminal justice	0.31875	0.625	0.50625	0.6875	0.36875	0.31875
psychology/criminology	0.15625	0.671875	0.578125	0.5	0.53125	0.390625
psychology/economics	0.34375	0.34375	0.28125	0.75	0.46875	0.34375
psychology/education	0.2552083333333333	0.4479166666666667	0.4375	0.6770833333333334	0.3645833333333333	0.3020833333333333
psychology/engineering	0.53125	0.96875	0.78125	0.6875	0.8125	0.96875
psychology/english	0.0	0.1875	0.46875	0.375	0.5	0.1875
psychology/film	0.0	0.25	0.625	0.4375	0.53125	0.03125
psychology/government double major	0.15625	0.125	0.625	0.84375	0.59375	0.4375
psychology/health admin	0.0	0.34375	0.125	0.90625	0.3125	0.1875
psychology/health promotiond	0.125	0.6875	0.3125	0.75	0.46875	0.375
psychology/history	0.28125	0.84375	0.28125	0.71875	0.25	0.1875
psychology/hospitality	0.0	0.53125	0.28125	0.5	0.46875	0.1875
psychology/human services	0.0	0.125	0.0625	0.75	0.0625	0.0
psychology/international languages	0.28125	0.59375	0.84375	0.6875	0.375	0.28125
psychology/law	0.125	0.421875	0.375	0.515625	0.4375	0.1875
psychology/nursing	0.53125	0.875	0.84375	0.625	0.65625	0.1875
psychology/philosophy	0.28125	0.53125	0.28125	0.375	0.125	0.28125
psychology/physical therapy	0.15625	0.59375	0.71875	0.59375	0.3125	0.34375
psychology/pre-physical therapy	0.0	0.5	0.21875	0.90625	0.03125	0.0625
psychology/religion	0.375	0.46875	0.34375	0.625	0.34375	0.15625
psychology/school counseling	0.5	0.90625	0.625	0.8125	0.125	0.625
psychology/sociology	0.25892857142857145	0.5267857142857143	0.44642857142857145	0.5401785714285714	0.21428571428571427	0.26785714285714285
psychology/sociology/human resource managemen	0.53125	0.0	0.21875	0.59375	0.09375	0.40625
psychology/sociology/industrial and systems e	0.5	0.75	0.46875	0.40625	0.4375	0.75
psychology/spanish	0.11458333333333333	0.5729166666666666	0.7916666666666666	0.7916666666666666	0.3854166666666667	0.2708333333333333
psychology/statistics	0.125	0.8125	0.6875	0.53125	0.15625	0.34375
psychology/teaching	0.15625	0.65625	0.78125	0.65625	0.46875	0.46875
psychology/theatre	0.0	0.53125	0.71875	0.5	0.0	0.15625
psychology:nurse	0.3125	0.28125	0.40625	0.65625	0.28125	0.28125
psychology; art	0.09375	0.1875	0.59375	0.3125	0.15625	0.4375
psychology; community health education; addic	0.09375	0.4375	0.09375	0.8125	0.25	0.0625
psychology; counseling	0.015625	0.421875	0.625	0.640625	0.296875	0.09375
psychology; criminology	0.4375	0.84375	0.75	0.875	0.46875	0.1875
psychology; english	0.15625	0.59375	0.875	0.90625	0.3125	0.15625
psychology; human development	0.1875	0.25	0.21875	0.75	0.1875	0.5625
psychology; music	0.28125	0.375	0.65625	0.84375	0.375	0.3125
psychology; philosophy	0.34375	0.5625	0.75	0.84375	0.4375	0.4375
psychology; reading education; school guidanc	0.28125	0.53125	0.125	0.90625	0.625	0.0625
psychologyand medical	0.34375	0.53125	0.71875	0.78125	0.21875	0.0
psychologyh	0.03125	0.09375	0.1875	0.8125	0.3125	0.09375
psychologyu	0.3125	0.40625	0.75	0.625	0.3125	0.15625
psychologýcal counseling	0.15625	0.4375	0.40625	0.875	0.65625	0.59375
psycholohy	0.078125	0.34375	0.515625	0.796875	0.484375	0.40625
psycholojy	0.5	0.8125	0.59375	0.6875	0.5625	0.8125
psycholology	0.03125	0.46875	0.09375	0.71875	0.375	0.75
psycholoty	0.0625	0.53125	0.53125	0.6875	0.5	0.28125
psycholoy	0.28125	0.53125	0.425	0.7125	0.40625	0.3
psychotherapy	0.3125	0.5208333333333334	0.578125	0.6875	0.2604166666666667	0.125
psycjologu	0.0625	0.6875	0.78125	0.3125	0.03125	0.09375
psycjology	0.1875	0.28125	0.09375	0.46875	0.71875	0.21875
psycoholgy	0.125	0.6875	0.5	0.625	0.40625	0.375
psycology	0.23922413793103448	0.5700431034482759	0.5441810344827587	0.7230603448275862	0.3609913793103448	0.30387931034482757
psycot	0.1875	0.375	0.6875	1.0	0.625	0.21875
psyhcology, occupational therapy, physical ed	0.375	1.0	0.5	0.375	0.0	0.1875
psyhology	0.24553571428571427	0.6026785714285714	0.6116071428571429	0.8214285714285714	0.4642857142857143	0.44642857142857145
psyjology	0.3125	0.75	0.71875	0.875	0.46875	0.34375
psyschology	0.0	0.75	0.875	0.5	0.15625	0.0
psyshology	0.4375	0.625	0.375	0.375	0.3125	0.53125
psyvholigy	0.25	0.03125	0.25	0.59375	0.78125	0.28125
psyvhology	0.21875	0.3125	0.4375	0.6875	0.46875	0.25
pt	0.0625	0.59375	0.375	0.78125	0.46875	0.3125
pta	0.609375	0.734375	0.421875	0.53125	0.671875	0.578125
public	0.0625	0.0625	0.21875	0.75	0.25	0.59375
public addministration	0.65625	0.125	0.375	0.34375	0.8125	0.71875
public adm & business	0.625	0.625	0.875	0.8125	0.625	0.78125
public admin	0.125	0.546875	0.59375	0.53125	0.484375	0.25
public adminisration	0.28125	0.34375	0.375	0.625	0.65625	0.65625
public administraiton	0.4375	0.46875	0.46875	0.75	0.78125	0.71875
public administratiom	0.21875	0.40625	0.03125	0.65625	0.28125	0.6875
public administration	0.28125	0.4574353448275862	0.5075431034482759	0.6422413793103449	0.46174568965517243	0.48814655172413796
public adminstration	0.359375	0.25	0.296875	0.671875	0.625	0.625
public affairs	0.453125	0.78125	0.5	0.5625	0.46875	0.484375
public and private security	0.28125	0.3125	0.4375	0.65625	0.46875	0.375
public communications	0.28125	0.84375	0.625	0.65625	0.25	0.46875
public governance	0.1875	0.125	0.6875	0.40625	0.59375	0.59375
public health	0.23577235772357724	0.6298272357723578	0.48297764227642276	0.648119918699187	0.3714430894308943	0.31885162601626016
public health & psychology	0.0625	0.875	0.3125	0.5	0.25	0.3125
public health and environmental sciences	0.40625	0.65625	0.09375	0.4375	0.28125	0.46875
public health and health promotion	0.1875	0.3125	0.4375	0.84375	0.5	0.40625
public health and psychology	0.15625	0.375	0.0	0.75	0.28125	0.46875
public health nutrition	0.25	0.8125	0.4375	0.375	0.25	0.3125
public health policy	0.28125	0.875	0.578125	0.6875	0.296875	0.34375
public health related safety	0.875	0.84375	0.53125	0.375	0.3125	0.59375
public health, political science	0.3125	0.875	0.8125	0.875	0.28125	0.0625
public health/ counseling	0.0625	0.125	0.375	0.6875	0.0625	0.0
public health/psychology	0.21875	0.75	0.40625	0.6875	0.375	0.46875
public helath	0.28125	0.9375	0.6875	0.75	0.3125	0.0625
public management	0.109375	0.171875	0.375	0.546875	0.5	0.609375
public policy	0.28869047619047616	0.49107142857142855	0.5267857142857143	0.5848214285714286	0.39732142857142855	0.39285714285714285
public policy admin	0.25	0.6875	0.3125	0.75	0.25	0.3125
public policy administration	0.234375	0.359375	0.625	0.828125	0.296875	0.28125
public policy and administration	0.125	0.28125	0.0625	0.5625	0.40625	0.5
public policy and management	0.21875	0.5	0.625	0.71875	0.46875	0.1875
public policy studies	0.22916666666666666	0.2708333333333333	0.5520833333333334	0.3958333333333333	0.2604166666666667	0.1875
public policy, computer science	0.28125	0.71875	0.40625	0.59375	0.4375	0.28125
public policy, psychologu, public service, ad	0.03125	0.625	0.5625	0.9375	0.28125	0.40625
public ralations	0.03125	0.40625	0.625	0.78125	0.4375	0.09375
public realtions	0.28125	0.1875	0.34375	0.40625	0.625	0.375
public relation	0.21875	0.3125	0.6875	0.75	0.53125	0.40625
public relations	0.1648706896551724	0.3577586206896552	0.5301724137931034	0.5247844827586207	0.41163793103448276	0.25808189655172414
public relations / political science	0.03125	0.46875	0.96875	0.3125	0.40625	0.21875
public relations and advertising	0.4375	0.34375	0.71875	0.65625	0.625	0.5
public relations, counseling	0.15625	0.28125	0.65625	0.84375	0.53125	0.0625
public safety	0.34375	0.38125	0.3125	0.74375	0.45	0.40625
public safety administration	0.375	0.75	0.125	1.0	0.125	0.875
public sector management	0.21875	0.46875	0.28125	0.3125	0.4375	0.03125
public service	0.1875	0.40625	0.2916666666666667	0.78125	0.4270833333333333	0.5104166666666666
public services	0.0625	0.09375	0.5	0.78125	0.75	0.09375
publicity and marketing	0.0	0.0	0.1875	0.5625	0.40625	0.0
publishing	0.4765625	0.640625	0.6953125	0.65625	0.28125	0.4296875
publishing and creative writing	0.15625	0.1875	0.4375	0.28125	0.25	0.40625
publishit	0.15625	0.34375	0.5625	0.625	0.625	0.25
publishment	0.25	0.03125	0.84375	0.71875	0.6875	0.5625
publiv health	0.15625	0.375	0.375	0.5625	0.21875	0.125
purchasing	0.25	0.546875	0.296875	0.46875	0.34375	0.4375
pure maths	0.1875	0.59375	0.46875	0.59375	0.59375	0.3125
pure science	0.11458333333333333	0.19791666666666666	0.2604166666666667	0.22916666666666666	0.17708333333333334	0.46875
pych	0.0625	0.84375	0.375	0.4375	0.4375	0.28125
pychology	0.16964285714285715	0.53125	0.38839285714285715	0.5580357142857143	0.2544642857142857	0.30357142857142855
pychology, guidance counselor	0.53125	0.46875	0.53125	0.4375	0.3125	0.53125
pyhsics	0.6875	0.28125	0.59375	0.6875	0.40625	0.5625
pysch	0.0	0.5625	0.09375	0.15625	0.0	0.09375
pyscholgy,elementary	0.03125	0.21875	0.125	0.75	0.0625	0.25
pyschology	0.21517857142857144	0.54375	0.4714285714285714	0.6776785714285715	0.36875	0.3223214285714286
pyschology / education	0.09375	0.21875	0.65625	0.90625	0.75	0.03125
pyshology	0.125	0.6875	0.53125	0.5625	0.21875	0.0625
pysychology	0.03125	0.15625	0.3125	0.5	0.125	0.375
pyuchology	0.0625	0.625	0.4375	0.875	0.4375	0.1875
qu&#7843;n tr&#7883; kinh doanh	0.21875	0.0625	0.28125	0.53125	0.46875	0.65625
qu&#7843;n tr&#7883; tài chính	0.03125	0.0625	0.03125	0.28125	0.4375	0.34375
quality	0.296875	0.265625	0.21875	0.90625	0.734375	0.609375
quality and management	0.15625	0.28125	0.78125	0.34375	0.28125	0.34375
quality engeneering and biology	0.1875	0.71875	0.28125	0.625	0.375	0.46875
quality engineering	0.203125	0.640625	0.359375	0.453125	0.234375	0.21875
quality management	0.40625	0.671875	0.46875	0.640625	0.40625	0.40625
quality&productivity management	0.53125	0.34375	0.59375	0.71875	0.25	0.625
quantitative analysis	0.375	0.5	0.46875	0.53125	0.5	0.46875
quantitative social science	0.1875	0.1875	0.59375	0.625	0.375	0.625
quantity surverying	0.5	0.40625	0.3125	0.6875	0.625	0.90625
quantity surveryor	0.28125	0.03125	0.25	0.1875	0.75	0.1875
quantity survey	0.21875	0.09375	0.15625	0.40625	0.34375	0.96875
quantity surveying	0.3567708333333333	0.421875	0.4947916666666667	0.6341145833333334	0.5104166666666666	0.5729166666666666
quantity surveying and commercial management	0.5	0.78125	0.71875	0.75	0.46875	0.15625
quantity surveyor	0.375	0.28125	0.59375	0.609375	0.75	0.8125
quantity surveyors	0.34375	0.15625	0.3125	0.71875	0.65625	0.6875
quimica	0.375	0.40625	0.46875	0.59375	0.375	0.21875
quran hadith	0.46875	0.3125	0.59375	0.71875	0.71875	0.53125
rabbi	0.34375	0.53125	0.21875	0.25	0.59375	0.1875
radio	0.0	0.34375	0.46875	0.6875	0.46875	0.03125
radio and television	0.21875	0.90625	0.5	0.75	0.4375	0.78125
radio and telivision	0.25	0.40625	0.78125	0.3125	0.40625	0.3125
radio broadcasting	0.21875	0.5	0.71875	0.53125	0.40625	0.34375
radio, television & film	0.46875	0.3125	0.46875	0.375	0.5625	0.625
radio, television, & film	0.0625	0.0625	0.5	0.28125	0.09375	0.125
radio-television	0.1875	0.65625	0.8125	0.6875	0.3125	0.375
radiochemistry	0.6875	0.84375	0.625	0.34375	0.40625	0.59375
radioelectronics	0.53125	0.53125	0.59375	0.34375	0.28125	0.34375
radioengineering	0.75	0.8125	0.3125	0.09375	0.21875	0.59375
radiography	0.04375	0.6625	0.59375	0.5	0.29375	0.11875
radiologic technology	0.171875	0.53125	0.234375	0.65625	0.125	0.609375
radiological science	0.0625	0.4375	0.3125	0.5625	0.34375	0.15625
radiology	0.20703125	0.6328125	0.505859375	0.673828125	0.3515625	0.3515625
radiology technician	0.21875	0.625	0.71875	0.5	0.4375	0.65625
radiology technolgy	-0.03125	0.25	0.0625	0.4375	0.28125	0.15625
radiophysics	0.59375	0.71875	0.65625	0.4375	0.46875	0.625
ras	0.5	0.53125	0.5625	0.6875	0.5	0.5
re	0.09375	0.1875	0.4375	0.09375	0.0	0.03125
reabilitation	0.125	0.59375	0.1875	0.84375	0.28125	0.15625
real estate	0.3977272727272727	0.5909090909090909	0.5255681818181818	0.5539772727272727	0.5369318181818182	0.4403409090909091
real estate property	0.21875	0.125	0.34375	0.78125	0.59375	0.1875
real estete sience	0.15625	0.15625	0.5	0.5	0.3125	0.09375
recording arts	0.34375	0.53125	0.78125	0.875	0.25	0.125
recording arts and show production	0.21875	0.65625	0.90625	0.59375	0.40625	0.25
recording industry	0.052083333333333336	0.4375	0.6875	0.5520833333333334	0.1875	0.15625
recreactional  therapy	0.25	0.4375	0.40625	0.8125	0.5625	0.625
recreation	0.3169642857142857	0.5580357142857143	0.48660714285714285	0.6272321428571429	0.36607142857142855	0.375
recreation administration	0.2734375	0.3046875	0.3203125	0.5859375	0.1875	0.140625
recreation and health promoting	0.21875	0.65625	0.75	0.8125	0.53125	0.25
recreation and leisure studies	0.015625	0.15625	0.40625	0.625	0.34375	0.109375
recreation and park mgmt	0.0	0.21875	0.34375	0.53125	0.53125	0.3125
recreation and parks administration	0.53125	1.0	0.90625	0.9375	0.375	0.0625
recreation and parks management	0.375	0.59375	0.1875	0.78125	0.28125	0.09375
recreation leadership	0.0	0.25	0.21875	0.8125	0.0625	0.0625
recreation management	0.23125	0.56875	0.525	0.675	0.2875	0.175
recreation parks and tourism administration	0.21875	0.46875	0.78125	0.65625	0.375	0.1875
recreation therapy	0.03125	0.65625	0.3125	0.7291666666666666	0.21875	0.0625
recreation, tourism, and sport management	0.78125	0.71875	0.9375	0.90625	0.5	0.3125
recreational therapy	0.3828125	0.6875	0.3359375	0.875	0.484375	0.359375
recreatopm	0.125	0.0625	0.375	0.59375	0.4375	0.0625
recursos humanos	0.28125	0.203125	0.140625	0.59375	0.515625	0.5
regional	0.40625	0.46875	0.34375	0.65625	0.53125	0.3125
register nurse	0.0	0.21875	0.28125	0.59375	0.5	-0.03125
registered health tech	0.34375	0.1875	0.125	0.65625	0.28125	0.40625
registered nurse	0.109375	0.6328125	0.5390625	0.7421875	0.2421875	0.328125
registered nurse/counseling	0.28125	0.65625	0.75	0.9375	0.65625	0.59375
registered nursing	0.0	0.09375	0.21875	0.03125	0.125	0.625
rehab	0.171875	0.0625	0.1484375	0.5859375	0.265625	0.0
rehab and disability	0.03125	0.78125	0.6875	1.0	0.1875	0.21875
rehab and human services	0.03125	0.515625	0.59375	0.546875	0.25	0.171875
rehab and human services, integrative studies	0.03125	0.15625	0.71875	0.4375	0.25	0.0
rehab counseling	0.03125	0.5625	0.25	1.0	0.34375	0.71875
rehab counseling and guidance	0.1875	0.34375	0.21875	0.875	0.375	0.84375
rehab sciencd	0.0	0.25	0.0	0.5	0.5	0.625
rehab service	0.19791666666666666	0.40625	0.34375	0.8125	0.4166666666666667	0.5729166666666666
rehab services	0.2552083333333333	0.5260416666666666	0.46875	0.9114583333333334	0.484375	0.4791666666666667
rehab. counseling	0.625	0.53125	0.4375	0.4375	0.25	0.625
rehabiliation counseling	0.0	0.09375	0.0625	0.75	0.0	0.0625
rehabilitaiton services	0.4375	0.4375	0.25	0.375	0.4375	0.40625
rehabilitation	0.19866071428571427	0.5089285714285714	0.46205357142857145	0.7209821428571429	0.3125	0.31026785714285715
rehabilitation and case management	0.1875	0.328125	0.5	0.8125	0.328125	0.453125
rehabilitation and disability studies	0.09375	0.625	0.9375	0.65625	0.3125	0.0
rehabilitation and human services	0.1	0.45	0.39375	0.76875	0.2375	0.1875
rehabilitation conseling	0.0	0.25	0.40625	0.625	0.40625	0.0
rehabilitation counseling	0.19293478260869565	0.45652173913043476	0.4076086956521739	0.7758152173913043	0.30842391304347827	0.30842391304347827
rehabilitation counselling	0.0625	0.1875	0.0	0.6875	0.3125	0.53125
rehabilitation psychology	0.25	0.75	0.5	0.875	0.25	0.1875
rehabilitation science	0.625	0.78125	0.21875	0.53125	0.21875	0.25
rehabilitation service	0.28125	0.28125	0.03125	0.65625	0.28125	0.34375
rehabilitation serviceds	-0.03125	0.09375	0.0	0.6875	0.25	0.1875
rehabilitation services	0.25	0.5029761904761905	0.39732142857142855	0.8005952380952381	0.3898809523809524	0.33035714285714285
rehabilitationcounseling	0.125	0.0	0.0	0.25	0.0	0.3125
rehabilitative counseling	0.09375	0.15625	0.28125	0.75	0.84375	0.53125
rehabilitative science	0.375	0.78125	0.3125	0.0625	0.40625	0.125
rehabilitative services	0.14583333333333334	0.46875	0.19791666666666666	0.7604166666666666	0.265625	0.24479166666666666
rehabilition conselor	0.0	0.0	0.375	0.875	0.75	0.25
rehabliliation services	-0.03125	0.0	0.3125	0.9375	0.0	0.0
relacoes internacionais	0.0625	0.34375	0.53125	0.71875	0.6875	0.25
relations trade	0.78125	0.4375	0.78125	0.84375	0.34375	0.4375
religion	0.29086538461538464	0.45753205128205127	0.5376602564102564	0.5841346153846154	0.39903846153846156	0.3525641025641026
religion + peace & conflict studies	0.46875	0.59375	0.78125	0.5625	0.25	0.09375
religion /  philosophy	0.25	0.78125	0.625	0.5	0.1875	0.1875
religion and media communication minor	0.28125	0.4375	0.46875	0.40625	0.1875	0.53125
religion and philosophy	0.15625	0.34375	0.90625	0.875	0.34375	0.0625
religion, international studies	0.21875	0.625	0.65625	0.5625	0.15625	0.15625
religion, social justice, psychology	0.21875	0.53125	0.53125	0.6875	0.34375	0.09375
religion,sociology,counseling	0.28125	0.84375	0.1875	0.96875	0.34375	0.0
religion/counseling	0.40625	0.53125	0.75	0.6875	0.375	0.375
religion/philosophy	0.28125	0.6875	0.3125	0.34375	0.25	0.09375
religion/psychology	0.203125	0.78125	0.515625	0.71875	0.359375	0.28125
religious	0.5	0.3125	1.0	0.75	0.5625	0.5625
religious education	0.375	0.3125	0.109375	0.453125	0.390625	0.421875
religious leadership	0.125	0.46875	0.15625	0.90625	0.28125	0.3125
religious ministry	0.03125	0.59375	0.46875	0.875	0.25	0.5625
religious sience	0.78125	0.53125	0.71875	0.53125	0.40625	0.3125
religious studies	0.25390625	0.521484375	0.5087890625	0.5908203125	0.2919921875	0.3037109375
religious studies & communication	0.03125	0.40625	0.09375	0.625	0.25	0.0625
religious studies and finance	0.25	0.53125	0.65625	0.21875	0.09375	0.65625
remedial education for primary	0.375	0.40625	0.34375	0.5625	0.28125	0.28125
remote sensing	0.6875	0.96875	0.75	0.40625	0.65625	0.40625
remote sensing and gis	0.25	0.6875	0.34375	0.5	0.25	0.40625
remote sensing gis	0.1875	1.0	0.375	0.875	0.625	0.8125
renewable energies	0.46875	0.28125	0.25	0.3125	0.21875	0.4375
renewable materials	0.21875	0.6875	0.53125	0.28125	0.3125	0.21875
renuable energy	0.28125	0.0	0.125	0.28125	0.3125	0.1875
reseacher	0.53125	0.46875	0.59375	0.4375	0.40625	0.5
research	0.046875	0.265625	0.5	0.546875	0.140625	0.15625
researcher	0.22916666666666666	0.5	0.3541666666666667	0.5625	0.1875	0.2916666666666667
residential environments and design	0.1875	0.21875	0.1875	0.78125	0.65625	0.4375
resource biology	0.4375	0.8125	0.46875	0.59375	0.0625	0.4375
resource chemistry	0.15625	0.625	0.0	0.5	0.21875	0.09375
resource economics	0.34375	0.78125	0.34375	0.65625	0.34375	0.125
respiratory	0.125	0.40625	0.546875	0.515625	0.1875	0.140625
respiratory care	0.23958333333333334	0.7395833333333334	0.40625	0.7291666666666666	0.3229166666666667	0.4895833333333333
respiratory therapist	0.71875	0.96875	0.53125	0.375	0.21875	0.21875
respiratory therapy	0.36079545454545453	0.6789772727272727	0.46875	0.6960227272727273	0.32954545454545453	0.23863636363636365
restaraunt management	0.65625	0.78125	0.84375	0.875	0.96875	0.875
restaurant hotel mgmt, vocational ed, family	0.625	0.6875	0.6875	0.75	1.0	0.9375
restaurant management	0.53125	0.265625	0.71875	0.390625	0.5625	0.578125
retail	0.0	0.1875	0.875	0.59375	0.78125	0.1875
retail management	0.234375	0.296875	0.359375	0.46875	0.359375	0.203125
retail marketing	0.46875	0.5625	0.625	0.78125	0.65625	0.59375
retail merchandising	0.03125	0.53125	0.21875	0.65625	0.71875	0.0625
retailing	0.234375	0.75	0.46875	0.84375	0.546875	0.546875
rh	0.28125	0.3125	0.25	0.84375	0.84375	0.5625
rhetoric	0.21875	0.48125	0.675	0.49375	0.20625	0.11875
rhetoric an writing	0.0	0.53125	0.375	0.15625	0.3125	0.125
rhetoric and composition	0.5	0.71875	0.90625	0.75	0.53125	0.5
rhs	0.34375	0.84375	0.46875	1.0	0.71875	0.75
risk management	0.2421875	0.5078125	0.5	0.609375	0.5078125	0.5
rn	0.25	0.46875	0.421875	0.546875	0.046875	0.109375
road engineering	0.5	0.75	0.75	0.34375	0.40625	0.53125
robotic engineering	0.296875	0.65625	0.421875	0.453125	0.25	0.15625
robotics	0.375	0.6328125	0.53125	0.4140625	0.203125	0.328125
rocket scientist	0.28125	0.28125	0.40625	0.59375	0.375	0.15625
romance languages	0.21875	0.65625	0.75	0.5625	0.5	0.21875
rt	0.0	0.65625	0.0	0.375	0.09375	0.03125
rtvf	0.1875	0.71875	0.78125	0.609375	0.328125	0.15625
rural and surveying engineering	0.0	0.625	0.375	0.625	0.125	0.0
rural estate management	0.25	0.4375	0.65625	0.53125	0.625	0.40625
russian	0.33125	0.5520833333333334	0.5854166666666667	0.5479166666666667	0.35	0.35833333333333334
russian language	0.265625	0.4296875	0.5390625	0.640625	0.296875	0.234375
russian language and literature	0.046875	0.40625	0.5625	0.640625	0.71875	0.234375
russian studies	0.375	0.65625	0.4583333333333333	0.4375	0.20833333333333334	0.3229166666666667
safety	0.25625	0.48125	0.24375	0.59375	0.35	0.34375
safety and risk analysis	0.34375	0.65625	0.1875	0.5	0.0	0.0625
safety at work	0.75	0.71875	0.71875	0.6875	0.59375	0.65625
safety management	0.65625	0.59375	0.0	0.5	0.46875	0.28125
safety mgmt	0.0625	0.53125	0.1875	0.03125	0.0	0.03125
safety,health and environment	0.09375	0.34375	0.6875	0.46875	0.09375	0.03125
sales	0.2708333333333333	0.2916666666666667	0.5729166666666666	0.5625	0.46875	0.3125
sales and marketing	0.0625	0.4375	0.0	0.21875	0.40625	0.71875
sanskrit	0.875	0.5	0.75	0.9375	0.8125	0.84375
santé	0.25	0.34375	0.25	0.65625	0.3125	0.21875
scandinavian area studies	0.375	0.59375	0.609375	0.625	0.1875	0.375
scandinavian studies	0.46875	0.84375	0.6875	0.46875	0.53125	0.4375
school administration	0.5625	0.65625	0.84375	0.625	0.4375	0.09375
school and counselling psychology	0.375	0.5	0.59375	0.8125	0.59375	0.40625
school counseling	0.15685096153846154	0.45853365384615385	0.4104567307692308	0.7836538461538461	0.3389423076923077	0.34134615384615385
school counselor	0.125	0.1875	0.25	0.84375	0.0	0.09375
school counselor education	0.28125	0.0625	0.75	0.90625	0.34375	0.125
school cousneling	0.0	0.46875	0.21875	0.78125	0.1875	0.1875
school pe	0.46875	0.6875	0.875	0.96875	0.53125	0.59375
school physical education	0.296875	0.53125	0.71875	0.828125	0.59375	0.484375
school psychology	0.17708333333333334	0.5416666666666666	0.2916666666666667	0.7083333333333334	0.3541666666666667	0.2916666666666667
science	0.32540760869565216	0.6585791925465838	0.46787655279503104	0.5635675465838509	0.34413819875776397	0.3688858695652174
science & technology	0.4375	0.4375	0.34375	0.53125	0.28125	0.375
science - medical	0.1875	0.53125	0.25	0.5	0.46875	0.6875
science / christian ministry	0.625	0.96875	0.28125	0.84375	0.53125	0.21875
science and human resources	0.09375	0.375	0.03125	0.28125	0.65625	0.75
science and journalism	0.125	0.75	0.84375	0.625	0.28125	0.0
science and religion	0.4375	0.5	0.28125	0.59375	0.09375	0.3125
science and technology	0.40625	0.09375	0.25	0.46875	0.46875	0.28125
science and technology studies	0.375	1.0	0.5625	0.4375	0.09375	0.21875
science architecture	0.125	0.25	0.875	0.46875	0.1875	0.0
science computer	0.265625	0.2421875	0.59375	0.6953125	0.34375	0.3671875
science computer (graphic & multimedia techno	0.5	0.09375	0.25	0.34375	0.40625	0.78125
science comunication	0.125	0.1875	0.625	0.65625	0.25	0.0625
science degree	0.21875	0.5625	0.46875	0.78125	0.8125	0.75
science education	0.2604166666666667	0.8229166666666666	0.4010416666666667	0.6197916666666666	0.3802083333333333	0.2604166666666667
science education ( biology )	0.53125	0.9375	0.71875	0.8125	0.5625	0.59375
science for undergrad, education for grad	0.1875	0.65625	0.71875	0.90625	0.78125	0.53125
science geoinformation	0.28125	0.53125	0.46875	0.46875	0.28125	0.21875
science geomatics	0.21875	0.25	0.15625	0.28125	0.28125	0.3125
science in chemistry	0.375	0.78125	0.78125	0.71875	0.59375	0.5625
science in education and school counseling	0.0	0.21875	0.0625	0.90625	0.125	0.125
science in forensic	0.21875	0.875	0.59375	0.78125	0.5	0.625
science in land matters	0.5625	0.53125	0.53125	0.625	0.8125	0.78125
science in medical assisting	0.09375	0.78125	0.0	0.84375	0.0625	0.125
science in nursing	0.15625	0.65625	0.21875	0.3125	0.0	0.0625
science mathematics	0.234375	0.390625	0.4375	0.609375	0.546875	0.28125
science maths	0.34375	0.34375	0.5	0.625	0.53125	0.71875
science of human services	0.59375	0.53125	0.65625	0.5	0.3125	0.125
science of mathematics	0.5	0.0625	0.6875	0.53125	0.5	0.375
science psychology	0.125	0.40625	0.875	0.46875	0.5625	0.03125
science social	0.5234375	0.5	0.515625	0.578125	0.5	0.71875
science, art education	0.75	0.625	0.5	0.46875	0.34375	0.21875
science, engineering, medicine, business	0.1875	0.5625	0.25	0.375	0.375	0.28125
science, it	0.5625	0.59375	0.4375	0.40625	0.59375	0.3125
science, law	0.125	0.96875	0.75	0.15625	0.1875	0.21875
science, nursing	0.1875	0.6875	0.40625	0.46875	0.34375	0.34375
science, nursung	0.1875	0.96875	0.375	0.53125	0.75	0.6875
science, then psychology,	0.0	0.40625	0.3125	0.5	0.1875	0.0625
science-business	0.21875	0.71875	0.40625	0.6875	0.21875	0.5625
science-physics	0.46875	0.34375	0.3125	0.5625	0.53125	0.5
science/biology	0.15625	0.6875	0.5625	0.6875	0.125	0.375
science/nursing	0.09375	0.15625	0.21875	0.4375	0.09375	0.21875
sciencec	0.625	0.84375	0.875	0.78125	0.53125	0.40625
sciences	0.3458333333333333	0.7166666666666667	0.5145833333333333	0.5166666666666667	0.375	0.4
sciences of communication	0.125	0.375	0.46875	0.625	0.59375	0.5
sciences of education	0.3125	0.5	0.65625	0.40625	0.28125	0.25
scienties	0.125	0.875	0.15625	0.3125	0.0	0.0
scientific and technical communication	0.34375	0.4375	0.375	0.625	0.5625	0.46875
scoial an criminal justice	0.0625	0.28125	0.125	0.1875	0.0	0.0625
scoring	0.1875	0.75	0.3125	0.5	0.09375	0.375
screen & media diploma	0.125	0.375	0.875	0.1875	0.15625	0.0
screen and media (animation)	0.34375	0.625	0.6875	0.3125	0.21875	0.6875
screen production/marketing/management	0.0	0.4375	0.625	0.5	0.53125	0.34375
screenwriting	0.1328125	0.4296875	0.6796875	0.46875	0.2578125	0.1484375
screenwriting and playwriting	0.09375	0.65625	0.71875	0.5	0.0	0.03125
screenwriting for film and tv	0.0	0.65625	0.5	0.53125	0.28125	0.09375
sculpture	0.4166666666666667	0.6145833333333334	0.6875	0.5729166666666666	0.3541666666666667	0.25
sculpture and psychology	0.5	0.53125	0.75	0.75	0.40625	0.5625
scupture	0.15625	0.1875	0.65625	0.5	0.0625	0.09375
sdfg	0.53125	0.59375	0.5	0.5625	0.53125	0.53125
search results pedagogy	0.40625	0.78125	0.96875	0.3125	0.4375	0.1875
secondar education // school counseling	0.0	0.0625	0.53125	0.6875	0.53125	0.03125
secondary education	0.1971153846153846	0.5456730769230769	0.46153846153846156	0.6971153846153846	0.3894230769230769	0.5024038461538461
secondary education / spanish	0.46875	0.65625	0.4375	0.4375	0.40625	0.6875
secondary education mathematics & english	0.03125	0.21875	0.21875	0.53125	0.125	0.25
secondary math education	0.03125	0.25	0.4375	0.5625	0.28125	0.625
secondary spanish education	0.375	0.71875	0.8125	0.78125	0.1875	0.21875
secretarial	0.28125	0.5625	0.59375	0.46875	0.625	0.0625
secretarial science	0.40625	0.15625	0.25	0.5	0.3125	0.9375
secretarial sciences	0.0	0.5	0.25	0.875	0.0	1.0
secretary	0.53125	0.3125	0.375	0.8125	0.65625	0.90625
security	0.3697916666666667	0.390625	0.4270833333333333	0.59375	0.3229166666666667	0.3072916666666667
security studies	0.0	0.0	0.28125	0.15625	0.0	0.0
security technology	0.546875	0.5625	0.453125	0.484375	0.46875	0.78125
seni visual	0.46875	0.5	0.875	0.78125	0.65625	0.65625
senior high school	0.21875	1.0	0.78125	0.9375	0.3125	0.40625
sequential art	0.0	0.46875	0.40625	0.1875	0.0	0.0
servant leadership	0.28125	0.46875	0.96875	0.65625	0.375	0.25
service, technology management	0.125	0.25	0.40625	0.65625	0.625	0.3125
ses	0.40625	0.65625	0.125	0.5625	0.28125	0.3125
set design	0.15625	0.65625	0.75	0.65625	0.3125	0.03125
several, settle on business administration	0.59375	0.46875	0.28125	0.59375	0.15625	0.8125
shakespear	0.375	0.5	0.5	0.40625	0.4375	0.40625
shipping logistics	0.28125	0.34375	0.5625	0.59375	0.3125	0.3125
siciology	0.03125	0.40625	0.25	0.5625	0.28125	0.71875
sience	0.46875	0.40625	0.625	0.5	0.34375	0.34375
sign language interpreter	0.03125	0.1875	0.03125	0.75	0.0625	0.0
sign language interpreting	0.0	0.125	0.125	0.71875	0.0625	0.0
singing	0.59375	0.9375	0.96875	0.625	0.03125	0.28125
siology	0.40625	0.59375	0.46875	0.78125	0.3125	0.3125
sistemas de informação	0.484375	0.40625	0.25	0.765625	0.40625	0.703125
sivil havac&#305;l&#305;k	0.25	0.53125	0.46875	0.65625	0.40625	0.3125
skin esthetics	0.09375	0.28125	0.125	0.53125	0.03125	0.4375
slavic languages	0.71875	0.78125	0.84375	0.65625	0.0625	0.03125
slavic linguistic	0.1875	0.4375	0.6875	0.875	0.59375	0.1875
slavic linguistics	0.28125	0.84375	0.375	0.21875	0.0	0.0
slhs	0.0625	0.53125	0.1875	0.90625	0.34375	0.09375
small business entrepreneurship and managemen	0.71875	0.46875	0.53125	0.6875	0.875	0.84375
soc	0.0	0.0625	0.09375	0.375	0.0	0.0625
soccer	1.0	1.0	1.0	1.0	1.0	1.0
socia ecology	0.34375	0.59375	0.5	0.4375	0.40625	0.09375
socia science	0.34375	0.4375	0.40625	0.90625	0.6875	0.9375
social	0.2734375	0.4296875	0.5208333333333334	0.546875	0.4036458333333333	0.28125
social & behavioral science	0.125	0.4375	0.59375	0.65625	0.4375	0.5
social administration	0.09375	0.5	0.5625	0.21875	0.5625	0.25
social and historical studies	0.0	0.15625	0.25	0.59375	0.5	0.5625
social and political sciences	0.140625	0.796875	0.65625	0.5	0.265625	0.171875
social anthropology	0.23046875	0.56640625	0.70703125	0.62109375	0.3203125	0.19140625
social anthropology of religion	0.375	0.28125	0.6875	0.5625	0.125	0.15625
social antrhopology	0.125	0.21875	0.28125	0.4375	0.09375	0.0
social care	0.171875	0.671875	0.28125	0.3125	0.125	0.375
social change	0.09375	0.28125	0.65625	0.9375	0.5	0.125
social communication	0.171875	0.5859375	0.7109375	0.453125	0.453125	0.1875
social communications	0.15625	0.46875	0.78125	0.6875	0.53125	0.25
social comunication	0.03125	0.03125	0.8125	0.78125	0.5625	0.0
social comunications	1.0	1.0	0.5625	0.625	0.5	0.9375
social design	0.125	0.21875	0.46875	0.46875	0.34375	0.0625
social development	0.28125	0.28125	0.5	0.6875	0.34375	0.46875
social ecology	0.0	0.484375	0.359375	0.5	0.3125	0.078125
social economy	0.1875	0.75	0.6875	0.75	0.53125	0.25
social education	0.078125	0.25	0.234375	0.765625	0.4375	0.265625
social entrepreneurship	0.1875	0.34375	0.8125	0.9375	0.65625	0.3125
social history	0.375	0.75	0.625	0.625	0.390625	0.40625
social history/sociology	0.125	0.8125	0.8125	0.5	0.3125	0.0
social inquiry	0.0	0.34375	0.84375	0.75	0.4375	0.0
social justice	0.4270833333333333	0.20833333333333334	0.4375	0.625	0.28125	0.16666666666666666
social media	0.0625	0.28125	0.421875	0.671875	0.578125	0.25
social media marketing	0.28125	0.59375	0.6875	0.84375	0.3125	0.46875
social pathology	0.453125	0.453125	0.546875	0.28125	0.296875	0.21875
social pedagogy	0.21875	0.53125	0.78125	0.84375	0.46875	0.25
social pedagogy, special education	0.34375	0.46875	0.46875	0.78125	0.625	0.53125
social policy	0.28515625	0.52734375	0.52734375	0.65234375	0.453125	0.33984375
social policy and economics	0.21875	0.625	0.78125	0.65625	0.09375	0.0625
social policy and sociology	0.03125	0.0625	-0.03125	0.75	0.03125	0.09375
social policy, msc social work	0.375	0.375	0.53125	0.9375	0.5625	0.28125
social psychology	0.3638392857142857	0.7276785714285714	0.5111607142857143	0.5625	0.35714285714285715	0.2924107142857143
social psychology (empirical)	0.0	0.59375	0.34375	0.40625	0.125	0.25
social psychology/ marriage family therapy	0.03125	0.8125	0.75	0.6875	0.5	0.15625
social relation and policy and psychology	0.0	0.125	0.9375	0.6875	0.34375	0.03125
social relations	0.375	0.3125	0.3125	0.625	0.53125	0.78125
social research	0.03125	0.65625	0.5625	0.34375	0.3125	0.34375
social science	0.29759933774834435	0.4962748344370861	0.5057947019867549	0.6707367549668874	0.4147350993377483	0.3658940397350993
social science , global studies	0.09375	0.3125	0.59375	0.59375	0.46875	0.15625
social science education	0.40625	0.53125	0.84375	0.75	0.6875	0.34375
social science, but i want admin science tho	0.53125	1.0	0.53125	0.71875	0.5	0.5
social science, english studies	0.0	0.5	0.53125	0.8125	0.34375	0.15625
social science; family therapy	0.5	0.9375	0.75	0.75	0.6875	0.5625
social scienced education	0.09375	0.4375	0.34375	0.96875	0.625	0.125
social sciences	0.2830188679245283	0.5265330188679245	0.5247641509433962	0.6403301886792453	0.3779481132075472	0.330188679245283
social sciences and education	0.34375	0.71875	0.21875	0.8125	0.34375	0.0
social sciences and humanities, arts, managem	0.625	0.96875	0.875	0.8125	0.65625	0.28125
social sciences criminal justice	0.34375	0.5	0.375	0.5	0.3125	0.65625
social sciences, education, spanish, and coun	0.28125	0.21875	0.53125	0.75	0.5625	0.25
social sciences, mba	0.21875	0.75	0.6875	0.71875	0.34375	0.3125
social sciences/ economics/pe	0.25	0.171875	0.234375	0.828125	0.234375	0.25
social sciences/sociology	0.1875	0.5625	0.1875	0.8125	0.4375	0.53125
social service	0.14583333333333334	0.25	0.3333333333333333	0.7083333333333334	0.4270833333333333	0.4270833333333333
social service worker	0.15625	0.5	0.4375	0.9375	0.4375	0.15625
social services	0.12259615384615384	0.23076923076923078	0.4110576923076923	0.6682692307692307	0.4326923076923077	0.24519230769230768
social statistics	0.3125	0.625	0.5	0.5	0.25	0.28125
social studies	0.2857142857142857	0.41517857142857145	0.5401785714285714	0.6607142857142857	0.3080357142857143	0.45535714285714285
social studies & teaching	0.09375	0.375	0.46875	0.625	0.21875	0.5
social studies education	0.0	0.0625	0.78125	0.375	0.125	0.34375
social welare	0.21875	0.5	0.625	0.6875	0.5	0.21875
social welfare	0.23125	0.31875	0.5375	0.61875	0.51875	0.31875
social welfare studies	0.625	0.65625	0.8125	0.9375	0.8125	0.75
social wok	0.25	0.34375	0.234375	0.546875	0.171875	0.234375
social work	0.1933712121212121	0.44393939393939397	0.4443813131313131	0.7106060606060606	0.35997474747474745	0.3087752525252525
social work & psychology	0.203125	0.265625	0.21875	0.703125	0.359375	0.375
social work + jd	0.40625	0.59375	0.78125	0.78125	0.40625	0.125
social work + theology	0.0	0.09375	0.375	0.625	0.4375	0.28125
social work and education	0.09375	0.09375	0.4375	0.78125	0.375	0.15625
social work and human resource development	0.125	0.0625	0.71875	0.6875	0.4375	0.53125
social work and nursing	0.03125	0.78125	0.09375	0.15625	0.1875	0.0
social work and psych	0.3125	0.5625	0.59375	0.875	0.6875	0.40625
social work and psychology	0.0	0.46875	0.09375	0.59375	0.1875	0.03125
social work and psychotherapy	0.0	0.34375	0.65625	0.6875	0.0625	0.0
social work and sociology	0.0	0.375	0.46875	0.46875	0.09375	0.5
social work honours	0.0	0.625	0.15625	0.3125	0.0	0.0
social work, addiction studies	0.6875	0.5625	0.375	0.625	0.25	0.0625
social work, art	0.53125	0.625	0.9375	0.9375	0.8125	0.46875
social work, counseling	0.0	0.0625	0.0	0.5625	0.1875	0.0
social work, finances	0.25	0.5	0.46875	0.5	0.625	0.375
social work, political science	0.21875	0.40625	0.8125	0.8125	0.3125	0.0625
social work, public administration	0.28125	0.21875	0.6875	0.75	0.46875	0.875
social work, sociology, criminology	0.03125	0.75	0.28125	0.375	0.0625	0.0
social work/ psychology	0.53125	0.65625	0.59375	0.90625	0.75	0.71875
social work/counseling	0.0	0.4375	0.90625	0.90625	0.5625	0.09375
social work/psychology	0.25	0.625	0.09375	0.34375	0.09375	0.03125
social work/psycology	0.4375	0.40625	0.5625	0.8125	0.71875	0.375
social work/sociology	0.0625	0.59375	0.65625	0.59375	0.5625	0.0
social worker	0.2760416666666667	0.4166666666666667	0.640625	0.765625	0.5364583333333334	0.3125
social working	0.1875	0.71875	0.90625	0.84375	0.46875	0.1875
social worl	0.125	0.25	0.28125	0.75	0.5625	0.53125
socialogy	0.26875	0.25625	0.41875	0.59375	0.425	0.20625
socialwork	0.0	0.25	0.5625	0.9375	0.0	0.0625
society / culture	0.15625	0.6875	0.84375	0.5	0.4375	0.0625
socilogy	0.4791666666666667	0.5833333333333334	0.4791666666666667	0.6145833333333334	0.40625	0.53125
socio and hdfs	0.34375	0.125	0.34375	0.78125	0.5625	0.875
sociolgy and anthropology	0.125	0.15625	0.875	0.8125	0.4375	0.3125
socioligy	0.375	0.6875	0.5625	0.90625	0.65625	0.59375
sociolinguistics	0.5625	0.90625	0.9375	0.5625	0.28125	0.53125
sociological	0.03125	0.46875	0.0	0.84375	0.25	0.1875
sociologu	0.21875	0.21875	0.1875	0.875	0.6875	0.09375
sociology	0.20062990837696335	0.44846204188481675	0.47169502617801046	0.6461878272251309	0.3529532068062827	0.31564954188481675
sociology & anthropology	0.4270833333333333	0.3958333333333333	0.375	0.6666666666666666	0.5520833333333334	0.5
sociology & criminology	0.3125	0.3125	0.1875	0.9375	0.46875	0.4375
sociology & info mgt	0.15625	0.25	0.59375	0.53125	0.3125	0.21875
sociology & psychology	0.09375	0.25	0.1875	0.625	0.1875	0.1875
sociology & religions studies	0.09375	0.15625	0.3125	0.25	0.5625	0.6875
sociology / counseling / art therapy	0.125	0.65625	0.71875	0.75	0.71875	0.5625
sociology and anthropology	0.375	0.53125	0.625	0.625	0.4625	0.50625
sociology and criminal justice	0.5	0.71875	0.65625	0.65625	0.34375	0.40625
sociology and economics	0.3125	0.71875	0.625	0.5625	0.34375	0.4375
sociology and history	0.1875	0.234375	0.265625	0.359375	0.265625	0.296875
sociology and political science	0.40625	0.28125	0.5	0.4375	0.3125	0.5
sociology and politics	0.09375	0.71875	0.625	0.75	0.15625	0.125
sociology and psychology	0.375	0.375	0.625	0.5	0.125	0.09375
sociology and public admin	0.0	0.25	0.34375	0.59375	0.3125	0.0625
sociology and public health	0.15625	0.625	0.03125	0.375	0.1875	0.53125
sociology and speech communication and busine	0.3125	0.6875	0.375	0.875	0.375	0.3125
sociology of work	0.4375	0.625	0.53125	0.40625	0.125	0.46875
sociology psychology	0.25	0.34375	0.34375	0.5625	0.28125	0.25
sociology social work	0.0	0.28125	0.3125	0.625	0.25	0.21875
sociology, anthropology	0.21875	0.53125	0.625	0.8125	0.5625	0.21875
sociology, biology, psychology	0.28125	0.65625	0.484375	0.71875	0.359375	0.28125
sociology, clinical mental health counseling	0.0	0.0	0.15625	0.25	0.0	0.0
sociology, communications	0.09375	0.25	0.4375	0.34375	0.09375	0.09375
sociology, criminology	0.375	0.4375	0.53125	0.5	0.375	0.6875
sociology, education	0.0625	0.484375	0.3125	0.765625	0.390625	0.46875
sociology, english	0.375	0.28125	0.375	0.5625	0.28125	0.75
sociology, history, library and information s	0.3125	0.59375	0.25	0.5625	0.5625	0.46875
sociology, human development	0.0	0.1875	0.125	0.65625	0.125	0.0
sociology, human resources	0.34375	0.0625	0.0	0.65625	0.28125	0.59375
sociology, law	0.4375	0.75	0.75	0.59375	0.59375	0.375
sociology, linguistics	0.375	0.46875	0.53125	0.875	0.4375	0.59375
sociology, nursing	0.1875	0.4375	0.65625	0.71875	0.34375	0.09375
sociology, psychology	0.0	0.0	0.5	0.1875	0.3125	0.15625
sociology, social work	0.328125	0.65625	0.640625	0.859375	0.515625	0.484375
sociology, translation	0.03125	0.25	0.46875	0.3125	0.0625	0.65625
sociology/anthropology	0.28125	0.53125	0.53125	0.609375	0.234375	0.296875
sociology/history/business/teaching	0.1875	0.65625	0.3125	0.875	0.28125	0.125
sociology/philosophy	0.0625	0.71875	0.6875	0.78125	0.5	0.09375
sociology/psychology	0.0625	0.1875	0.28125	1.0	0.375	0.5625
sociology/social work	0.21875	0.5	0.1875	0.65625	0.25	0.40625
sociology; health policy	0.125	0.28125	0.0	0.78125	0.28125	0.28125
sociologyeducation	0.0	0.03125	0.34375	0.46875	0.03125	0.0
socioloy	0.28125	0.4375	0.71875	0.78125	0.84375	0.3125
software development	0.453125	0.6328125	0.578125	0.34375	0.26953125	0.3671875
software egingeering	0.625	0.90625	0.34375	0.0625	0.0	0.21875
software enfineering	0.625	0.84375	0.5	0.6875	0.46875	0.4375
software engeneering	0.21875	0.9375	0.5	0.25	0.8125	0.3125
software engineer	0.4114583333333333	0.6822916666666666	0.6979166666666666	0.5729166666666666	0.4114583333333333	0.4427083333333333
software engineering	0.3694620253164557	0.5007911392405063	0.5079113924050633	0.5308544303797469	0.39675632911392406	0.47033227848101267
software systems	0.921875	0.328125	0.265625	0.640625	0.609375	0.8125
software technologies	0.09375	0.03125	0.0625	0.09375	0.03125	0.4375
softwre engineering	0.28125	0.6875	0.53125	0.5625	0.125	0.5
soical work	0.375	0.28125	0.3125	0.5	0.0625	0.5
soicology	0.125	0.46875	0.0625	0.6875	0.21875	0.46875
soil science	0.3541666666666667	0.7708333333333334	0.4166666666666667	0.3854166666666667	0.2916666666666667	0.3541666666666667
solteira	0.25	0.25	0.5625	0.5	0.375	0.40625
somatology	0.421875	0.671875	0.421875	0.65625	0.3125	0.203125
some colledge no degree lots of learning over	0.5	0.625	0.65625	0.40625	0.3125	0.1875
sonography	0.09375	0.78125	0.21875	0.90625	0.4375	0.0625
sorts management	0.75	0.46875	0.6875	0.78125	0.46875	0.40625
sound	0.4375	0.0	0.46875	0.0625	0.0	0.34375
sound design	0.109375	0.734375	0.515625	0.421875	0.171875	0.234375
sound engineering	0.34375	0.5625	0.6875	0.453125	0.375	0.25
south asian studies	0.1875	0.796875	0.75	0.546875	0.265625	0.359375
southeast asian studies	0.375	0.75	0.6875	0.25	0.125	0.59375
space & interior design	0.15625	0.15625	0.59375	0.46875	0.4375	0.15625
spacecraft engineering	0.59375	0.8125	0.75	0.3125	0.28125	0.09375
spanich	0.0	0.1875	0.75	0.875	0.21875	0.03125
spanis	0.28125	0.28125	0.34375	0.40625	0.4375	0.25
spanish	0.20526315789473684	0.45361842105263156	0.4875	0.6440789473684211	0.3740131578947368	0.32171052631578945
spanish & global studies	0.0	0.5625	0.0	0.6875	0.09375	0.0
spanish - education	0.1875	0.25	0.375	0.5	0.5625	0.75
spanish and biology (dual degree)	0.0625	0.78125	0.4375	0.46875	0.5	0.75
spanish and business	0.3125	0.4375	0.453125	0.640625	0.40625	0.421875
spanish and career guidance	0.03125	0.59375	0.84375	0.71875	0.3125	0.1875
spanish and french	0.40625	0.25	0.21875	0.25	0.15625	0.25
spanish and german, followed by law degree	0.59375	0.84375	0.5	0.53125	0.4375	0.3125
spanish and mba	0.0625	0.6875	0.53125	0.65625	0.46875	0.5
spanish and political science	0.21875	0.625	0.5	0.5625	0.28125	0.6875
spanish and recording arts	0.03125	0.21875	0.46875	0.46875	0.0	0.0
spanish business	0.21875	0.28125	0.53125	0.625	0.21875	0.09375
spanish education	0.1953125	0.2109375	0.171875	0.6015625	0.3828125	0.3671875
spanish linguistics	0.140625	0.671875	0.46875	0.546875	0.296875	0.171875
spanish literature	0.1875	0.640625	0.84375	0.578125	0.328125	0.03125
spanish, french,humanities	0.09375	0.625	0.5	0.59375	0.59375	0.25
spanish, international studies	0.0	0.0	0.0	0.46875	0.0	0.0
spanish, linguistics	0.25	0.25	0.46875	0.53125	0.5625	0.625
spanish, nursing	0.28125	0.53125	0.46875	0.6875	0.25	0.40625
spanish, psychology	0.03125	0.46875	0.1875	0.46875	0.0625	0.28125
spanish, psychology, journalism	0.03125	0.53125	0.53125	0.71875	0.03125	0.0
spanish,law	0.28125	0.75	0.28125	0.84375	0.375	0.21875
spanish/ englislh	0.09375	0.78125	0.9375	0.71875	0.125	0.25
spanish/english	0.09375	0.25	0.46875	0.5	0.1875	0.34375
spanish/philosophy	0.34375	0.53125	0.59375	0.6875	0.375	0.34375
spanish/sociology	0.40625	0.1875	0.5	0.84375	0.59375	0.5625
spanish; environmental studies	0.1875	0.65625	0.5625	0.65625	0.28125	0.21875
spatial planing	0.78125	0.75	0.875	0.84375	0.8125	0.6875
spazzzz	0.5	0.5	0.5	0.5	0.5	0.5
speach patplogyst	0.59375	0.4375	0.59375	0.59375	0.78125	0.5
speakers	0.0625	0.0	0.4375	0.40625	0.3125	0.125
special ed	0.21875	0.65625	0.71875	0.6875	0.25	0.125
special eduation	0.34375	0.65625	0.09375	0.8125	0.09375	0.21875
special educaiton	0.375	0.5625	0.34375	0.8125	0.4375	0.40625
special educatio	0.1875	0.5	0.53125	0.78125	0.4375	0.125
special education	0.21610169491525424	0.5164194915254238	0.3961864406779661	0.7335805084745762	0.319385593220339	0.3199152542372881
special education teacher	0.40625	0.46875	0.53125	0.71875	0.6875	0.15625
special education teaching	0.09375	0.4375	0.1875	0.75	0.21875	0.09375
special education,administration	0.0	0.96875	0.5625	0.875	0.25	0.03125
special education; research/statistics	0.34375	1.0	0.6875	0.75	0.34375	0.25
special need education	0.1875	0.4375	0.53125	0.84375	0.59375	0.375
special pedagogy	0.375	0.4375	0.5625	0.53125	0.5	0.4375
specialeducation	0.3125	0.65625	0.625	0.5	0.3125	0.03125
specialised translation	0.40625	0.59375	0.625	0.71875	0.46875	0.3125
specialized studies	0.0625	0.09375	0.4375	0.8125	0.90625	0.4375
speciasl education, history	0.1875	0.09375	0.03125	0.21875	0.59375	0.75
speech	0.375	0.6666666666666666	0.5520833333333334	0.8125	0.5	0.21875
speech & hearing sciences	0.390625	0.53125	0.140625	0.515625	0.09375	0.171875
speech and hearing science	0.0	0.25	0.265625	0.65625	0.25	0.0
speech and hearing sciences	0.03125	0.75	0.125	0.6875	0.03125	0.25
speech and language therapy	0.234375	0.75	0.1875	0.546875	0.375	0.609375
speech communication	0.140625	0.3489583333333333	0.4791666666666667	0.6927083333333334	0.3854166666666667	0.359375
speech communications	0.078125	0.296875	0.578125	0.5	0.0625	0.03125
speech lang pathology	0.0	0.34375	0.25	0.3125	0.0625	0.15625
speech language pathology	0.2	0.578125	0.3875	0.665625	0.284375	0.134375
speech language science	0.0	0.1875	0.0	0.625	0.21875	0.15625
speech language therapist	0.03125	0.3125	0.28125	0.6875	0.25	0.21875
speech pathology	0.15729166666666666	0.5166666666666667	0.44895833333333335	0.6604166666666667	0.278125	0.24479166666666666
speech pathology & audiology	0.375	0.53125	0.21875	0.84375	0.34375	0.40625
speech pathology and therapy	0.03125	0.28125	0.75	0.78125	0.4375	0.1875
speech pathology/audiology	0.09375	0.3125	0.3125	0.5625	0.375	0.0625
speech science	0.25	0.46875	0.53125	0.5625	0.0625	0.0
speech sciences	0.1875	0.6875	0.5625	0.65625	0.28125	0.3125
speech terapy	0.25	0.65625	0.8125	0.5625	0.71875	0.9375
speech therapy	0.2265625	0.52734375	0.51171875	0.73046875	0.375	0.19921875
speech, drama	0.4375	0.46875	0.78125	0.875	0.34375	0.59375
speech, language, and hearing science	0.0	0.6875	0.9375	0.78125	0.40625	0.1875
speech, language, hearing science	0.09375	0.1875	0.03125	0.5625	0.0	0.1875
speech-language pathology	0.1953125	0.421875	0.3515625	0.75	0.3203125	0.1953125
speech/journalism	0.28125	0.875	0.8125	0.625	0.09375	0.09375
speical education	0.125	0.125	0.1875	0.8125	0.3125	0.375
spirituallty	0.34375	0.3125	0.6875	0.6875	0.53125	0.375
sport	0.23125	0.428125	0.39375	0.578125	0.3	0.221875
sport & leisure studies	0.375	0.125	0.375	0.53125	0.28125	0.46875
sport administration	0.34375	0.4375	0.3125	0.6875	0.28125	0.625
sport and exercise science	0.0	0.125	0.0	0.3125	0.0625	0.0
sport and physical education	0.0	0.625	0.0	0.625	0.0625	0.15625
sport and recreation manegement	0.71875	0.59375	0.75	0.90625	0.65625	0.90625
sport business	0.5625	0.4375	0.625	0.625	0.6875	0.40625
sport event management	0.21875	0.28125	0.65625	0.78125	0.5625	0.4375
sport management	0.26171875	0.39453125	0.44140625	0.625	0.41015625	0.33203125
sport psychology	0.265625	0.5	0.5	0.6875	0.328125	0.1875
sport psychology/wellness	0.09375	0.5625	0.375	0.6875	0.0625	0.03125
sport science	0.24759615384615385	0.5	0.4230769230769231	0.6538461538461539	0.4375	0.2644230769230769
sports	0.43359375	0.5546875	0.41796875	0.6328125	0.40234375	0.38671875
sports & business management	0.53125	0.75	0.625	0.90625	0.6875	0.625
sports & fitness	0.5625	0.59375	0.53125	0.75	0.34375	0.21875
sports & recreation management	0.59375	0.625	0.78125	0.84375	0.53125	0.40625
sports administration	0.28125	0.3125	0.46875	0.5	0.25	0.40625
sports and exercise science	0.46875	0.59375	0.5625	0.59375	0.4375	0.3125
sports and health	0.4375	0.65625	0.78125	0.6875	0.3125	0.46875
sports and recreation management	0.59375	0.640625	0.484375	0.78125	0.34375	0.296875
sports business	0.4375	0.65625	0.375	0.34375	0.21875	0.0
sports communication and broadcast	0.1875	0.1875	0.34375	0.5	0.4375	0.4375
sports communications	0.09375	0.5625	0.46875	0.53125	0.0625	0.03125
sports degree	0.75	0.6875	0.46875	0.75	0.4375	0.1875
sports industry	0.3125	0.4375	0.5625	0.75	0.4375	0.53125
sports management	0.26973684210526316	0.3223684210526316	0.35526315789473684	0.5657894736842105	0.32401315789473684	0.36019736842105265
sports management/studies	0.46875	0.21875	0.125	0.4375	0.53125	0.71875
sports managment	0.171875	0.171875	0.109375	0.484375	0.515625	0.78125
sports medcine	0.15625	0.40625	0.75	0.625	0.375	0.28125
sports medicine	0.25	0.640625	0.40625	0.671875	0.4375	0.46875
sports science	0.29464285714285715	0.5223214285714286	0.3169642857142857	0.5625	0.3392857142857143	0.30357142857142855
sports trainer	0.375	0.8125	0.4375	0.9375	0.625	0.5
sportsmanagement	0.46875	0.46875	0.6875	0.65625	0.65625	0.4375
srt	0.34375	0.6875	0.6875	0.53125	0.09375	0.03125
stage management and technical theater	0.1875	0.5625	0.4375	0.09375	0.0	0.09375
stastistics	0.8125	0.9375	0.46875	0.5	0.09375	0.875
stat	0.4375	0.5625	0.5625	0.5	0.4375	0.4375
state government	0.375	0.5	0.6875	0.3125	0.28125	0.21875
statesmanship	0.0625	0.28125	0.21875	0.40625	0.46875	0.4375
statistic	0.2916666666666667	0.5833333333333334	0.28125	0.4791666666666667	0.3854166666666667	0.375
statistic, engineering	0.53125	0.6875	0.375	0.59375	0.625	0.5625
statistical	0.375	0.5625	0.28125	0.78125	0.6875	0.53125
statisticion	0.5625	0.28125	0.34375	0.34375	0.5	0.875
statistics	0.30174180327868855	0.5379098360655737	0.461577868852459	0.5338114754098361	0.3734631147540984	0.48104508196721313
statistics & psychology	0.03125	0.6875	0.90625	0.875	0.4375	0.15625
statistics and insurance sience	0.1875	0.53125	0.46875	0.4375	0.6875	0.125
statistics and programming	0.34375	0.1875	0.28125	0.5625	0.34375	0.9375
statistics and psychology	0.40625	0.78125	0.5	0.625	0.53125	0.75
statistics, computer science	0.0	0.6875	0.71875	0.34375	0.46875	0.21875
statistics, it	0.78125	0.28125	0.3125	0.28125	0.59375	0.90625
statistics, psychology	0.4375	0.875	0.78125	0.90625	0.40625	0.6875
statistics, psychology, accounting	0.125	0.21875	0.125	0.21875	0.1875	0.375
statistio	0.0625	0.3125	0.125	0.375	0.15625	0.21875
stats	0.15625	0.6875	0.5	0.75	0.4375	0.25
steam	0.34375	0.9375	0.5625	0.34375	0.3125	0.5625
stem	0.5	0.5	0.765625	0.21875	0.390625	0.59375
story	0.21875	0.625	0.6875	0.75	0.375	0.53125
strategic communication	0.65625	0.71875	0.65625	0.375	0.53125	0.375
strategic design management	0.1875	0.5625	1.0	0.9375	0.75	0.25
strategic management	0.25	0.1875	0.78125	0.34375	0.53125	0.40625
strategic planning	0.4375	0.75	0.625	0.4375	0.25	0.15625
strategic studies	0.15625	0.8125	0.875	0.71875	0.21875	0.125
strategy	0.125	0.2916666666666667	0.4895833333333333	0.4375	0.4166666666666667	0.14583333333333334
strength and conditioning	0.0625	0.3125	0.0625	0.59375	0.1875	0.15625
structural engeneering	0.21875	0.84375	0.3125	0.5625	0.5625	0.1875
structural engineering	0.34375	0.84375	0.6875	0.640625	0.46875	0.234375
sts	0.59375	0.65625	0.25	0.6875	0.5	0.625
student affair in higher education	0.0	0.59375	0.375	0.75	0.0625	0.1875
student affairs	0.15625	0.3333333333333333	0.2604166666666667	0.78125	0.1875	0.21875
studies	0.375	0.78125	0.40625	0.84375	0.5	0.59375
studies in war and peace	0.125	0.203125	0.015625	0.34375	0.203125	0.046875
studio art	0.3148148148148148	0.5775462962962963	0.6527777777777778	0.5995370370370371	0.32407407407407407	0.3101851851851852
studio art & psychology	0.375	0.9375	0.90625	0.96875	0.65625	0.28125
studio art + italian language and literature	0.1875	0.5	0.625	0.6875	0.1875	0.34375
studio art and nursing	0.59375	0.8125	0.78125	0.5625	0.3125	0.0
studio art degree	0.28125	0.5	0.78125	0.5	0.0625	0.03125
studio art, sociology, human services	0.40625	0.71875	0.8125	0.625	0.28125	0.1875
studio art/art history	0.59375	0.375	0.65625	0.71875	0.59375	0.28125
studio arts	0.1875	0.515625	0.484375	0.484375	0.15625	0.1875
studying i&o psychology	0.0	0.25	0.4375	0.4375	0.28125	0.1875
stunt driving	0.65625	0.53125	0.5625	0.625	0.46875	0.65625
substance abuse counseling	0.1875	0.6875	0.625	0.84375	0.34375	0.25
suman science	0.90625	0.75	1.0	0.6875	0.46875	0.78125
suny oneonta education and family and consume	0.34375	0.3125	0.15625	0.625	0.59375	0.5
supervision and instruction	0.40625	0.5	0.15625	0.4375	0.53125	0.6875
supply chain	0.3693181818181818	0.41761363636363635	0.5284090909090909	0.53125	0.4971590909090909	0.45170454545454547
supply chain management	0.3272058823529412	0.40441176470588236	0.3805147058823529	0.6617647058823529	0.5919117647058824	0.5735294117647058
supply chain operations	0.0	0.03125	0.8125	0.46875	0.4375	0.125
supply chain/operations management	0.40625	0.15625	0.1875	0.71875	0.8125	0.84375
surdology	0.40625	0.5625	0.34375	0.59375	0.34375	0.21875
surgery intern	0.40625	0.75	0.59375	0.75	0.375	0.375
surgical	0.25	1.0	0.21875	1.0	0.875	1.0
surgical tech	0.15625	0.5625	0.59375	0.8125	0.5625	0.6875
surgical technology	0.1875	0.65625	0.0	0.5625	0.59375	0.5625
surgical technology certificate	0.40625	0.65625	0.28125	0.21875	0.15625	0.21875
survey engineering	0.5	0.34375	0.40625	0.34375	0.46875	0.53125
surveying	0.32386363636363635	0.5255681818181818	0.5681818181818182	0.4943181818181818	0.41761363636363635	0.1903409090909091
surveying, civil enginering	0.1875	0.25	0.375	0.5	0.5	0.1875
surveyor	0.21875	0.0625	0.5625	0.8125	0.875	0.40625
sustainability	0.03125	0.625	0.46875	0.40625	0.03125	0.171875
sustainable community development	0.40625	0.4375	0.53125	0.75	0.4375	0.09375
sustainable development	0.15625	0.453125	0.734375	0.3125	0.40625	0.0625
sustainable science	0.09375	0.9375	0.40625	0.5	0.0625	0.625
sw	0.53125	0.65625	0.421875	0.828125	0.53125	0.59375
swedish	0.15625	0.59375	0.4375	0.90625	0.4375	0.375
switched from humanities to social sciences	0.0	0.71875	0.75	0.5	0.28125	0.09375
syariah	0.28125	0.21875	0.21875	0.78125	0.34375	0.40625
syariah islamiyyah	0.28125	0.375	0.375	0.84375	0.3125	0.53125
sychology	0.1875	0.0	0.21875	0.1875	0.125	0.28125
system analysis	0.1875	0.40625	0.6875	0.375	0.0625	0.34375
system analyst	0.5625	0.375	0.3125	0.8125	0.46875	0.4375
system engineering	0.5833333333333334	0.5	0.4375	0.5833333333333334	0.3541666666666667	0.3125
system information	0.25	0.25	0.375	0.125	0.0	0.0
systems	0.0	0.0	0.375	0.1875	0.46875	0.21875
systems analysis	0.5	0.71875	0.53125	0.46875	0.34375	0.34375
systems engineering	0.49609375	0.640625	0.640625	0.53515625	0.3515625	0.3515625
tamil	0.125	0.21875	0.28125	0.8125	0.0625	0.15625
tax law	0.0625	0.5	0.875	0.875	0.3125	0.0
taxation	0.59375	0.59375	0.59375	0.75	0.375	0.34375
teacher	0.3835227272727273	0.5227272727272727	0.546875	0.6917613636363636	0.5085227272727273	0.4190340909090909
teacher education	0.15625	0.59375	0.578125	0.6875	0.328125	0.1875
teacher for disability people	0.03125	0.4375	0.3125	0.78125	0.25	0.03125
teacher program	0.25	0.59375	0.53125	0.71875	0.28125	0.21875
teachering	0.09375	0.0625	0.375	0.90625	0.59375	0.3125
teachers training	0.3125	0.59375	0.5	0.875	0.5625	0.625
teaching	0.22405133928571427	0.45982142857142855	0.47628348214285715	0.6428571428571429	0.37081473214285715	0.3111049107142857
teaching bed	0.15625	0.4375	0.59375	0.625	0.46875	0.25
teaching chinese as a second language	0.40625	0.5625	0.71875	0.5	0.71875	0.4375
teaching chinese second language	0.40625	0.09375	0.59375	0.75	0.6875	0.75
teaching education	0.75	1.0	0.75	0.9375	0.5	0.40625
teaching educational  therapy	0.03125	0.46875	0.59375	0.71875	0.25	0.15625
teaching elementary	0.40625	0.46875	0.71875	0.5625	0.5625	0.53125
teaching elementary education	0.125	0.40625	0.5625	0.9375	0.09375	0.09375
teaching english	0.03125	0.03125	0.0	0.46875	0.25	0.5
teaching english as second language	0.28125	0.34375	0.9375	0.53125	0.28125	0.125
teaching english language as secondary langua	0.5	0.5	0.53125	0.21875	0.4375	0.65625
teaching esol	0.25	0.15625	0.5625	0.71875	0.65625	0.46875
teaching speacial needs	0.0	0.15625	0.40625	0.75	0.15625	0.09375
teaching, counseling	0.0625	0.125	0.71875	0.5	0.46875	0.46875
teaching, management, mba	0.21875	1.0	0.34375	0.9375	0.25	0.34375
teaching/ counseling	0.0	0.03125	0.5625	0.53125	0.0	0.0
teaching/training	0.15625	0.375	0.46875	0.65625	0.65625	0.46875
teacing	0.25	0.84375	0.40625	0.5625	0.125	0.1875
tech	0.5	0.71875	0.875	0.84375	0.6875	0.5
tech comm	0.0625	0.59375	0.5625	0.28125	0.125	0.15625
tech management	0.4375	0.8125	0.578125	0.609375	0.375	0.421875
teching	0.40625	0.671875	0.40625	0.734375	0.359375	0.40625
technical communication	0.34375	0.75	0.25	0.609375	0.53125	0.515625
technical engineering	0.25	0.5625	0.15625	0.25	0.5625	0.65625
technical information	0.46875	0.46875	0.25	0.84375	0.59375	0.5
technical leadership	0.53125	0.28125	0.03125	0.4375	0.46875	0.40625
technical management	0.3020833333333333	0.17708333333333334	0.23958333333333334	0.3958333333333333	0.28125	0.3854166666666667
technical production	0.0625	0.0625	0.34375	0.1875	0.25	0.03125
technical theater	0.3125	0.4375	0.8125	0.8125	0.25	0.0625
technical theatre	0.25	0.03125	0.5625	0.0	0.0	0.09375
technical writing	0.5	0.6875	0.34375	0.28125	0.21875	0.46875
technology	0.4632352941176471	0.4963235294117647	0.4650735294117647	0.5202205882352942	0.36764705882352944	0.44669117647058826
technology and accounting	0.3125	0.375	0.4375	0.5	0.4375	0.375
technology and business	0.25	0.5625	0.65625	0.625	0.6875	0.65625
technology computer aided design	0.75	0.0	1.0	0.875	0.25	0.75
technology education	0.359375	0.390625	0.5	0.8125	0.4375	0.28125
technology engineering	0.5	0.46875	0.8125	0.6875	0.625	0.84375
technology management	0.43125	0.35	0.49375	0.66875	0.4875	0.36875
technology management (business)	0.21875	0.4375	0.78125	0.65625	0.65625	0.65625
technology management health services	0.03125	0.78125	0.65625	0.8125	0.3125	0.21875
technologydesign and management	0.46875	0.09375	0.15625	0.21875	0.40625	0.6875
techonology engineering	0.46875	0.375	0.5625	0.71875	0.125	0.46875
tefl	0.46875	0.5625	0.3125	0.71875	0.5625	0.734375
tehnic	0.53125	0.46875	0.75	0.75	0.71875	0.53125
teknik elektro	0.8125	0.46875	0.5625	0.5625	0.625	0.53125
tele-communication	0.4375	0.75	0.65625	0.6875	0.5625	0.625
telecom	0.546875	0.609375	0.59375	0.546875	0.421875	0.375
telecom engineering	0.5	0.7604166666666666	0.65625	0.6666666666666666	0.3854166666666667	0.4791666666666667
telecommuications	0.5625	0.46875	0.5625	0.5625	0.65625	0.75
telecommunication	0.390625	0.359375	0.546875	0.71875	0.46875	0.296875
telecommunication engineer	0.375	0.875	0.6875	0.96875	0.1875	0.34375
telecommunication engineering	0.25625	0.36875	0.35625	0.5625	0.34375	0.51875
telecommunication enginering	0.5625	0.40625	0.125	0.71875	0.59375	0.46875
telecommunications	0.22596153846153846	0.5504807692307693	0.5024038461538461	0.5552884615384616	0.3894230769230769	0.23076923076923078
telecommunications engineering	0.3125	0.78125	0.625	0.578125	0.328125	0.390625
telecommunications engineering and it	0.375	0.6875	0.6875	0.5	0.4375	0.40625
telecommunications, mathematics, education	0.625	0.5625	0.28125	0.84375	0.1875	0.3125
telecommuniction engineering	0.5625	0.53125	0.53125	0.90625	0.46875	0.65625
telecoms engineering	0.03125	0.34375	0.5625	0.28125	0.0625	0.15625
telecomunication engineering	0.15625	0.875	0.71875	0.8125	0.46875	0.09375
telecomunications	0.71875	0.84375	0.34375	0.25	0.0625	0.34375
television	0.23958333333333334	0.5104166666666666	0.875	0.625	0.20833333333333334	0.13541666666666666
television and film	0.03125	0.28125	0.25	0.3125	0.3125	0.109375
television production	0.21875	0.5104166666666666	0.7083333333333334	0.6041666666666666	0.10416666666666667	0.10416666666666667
television radio	0.09375	0.71875	0.5625	0.5	0.375	0.125
television-radio	0.34375	0.65625	0.875	0.375	0.40625	0.0625
television.	0.0625	0.65625	0.65625	0.59375	0.15625	0.03125
templar training	0.5625	0.34375	0.25	0.21875	0.40625	0.65625
terminology and lexicography	0.28125	0.46875	0.21875	0.25	0.21875	0.4375
tesl	0.2708333333333333	0.5833333333333334	0.6822916666666666	0.796875	0.5364583333333334	0.3697916666666667
tesol	0.46875	0.5390625	0.5390625	0.6953125	0.484375	0.4609375
test	-0.15625	-0.125	-0.125	-0.125	-0.1875	-0.1875
texas a&m	0.1875	0.375	0.15625	0.375	0.25	0.5
textile and fiber arts	0.5	0.375	1.0	0.9375	0.59375	0.40625
textile design	0.125	0.203125	0.53125	0.625	0.421875	0.23958333333333334
textile engineering	0.4296875	0.4921875	0.5625	0.6328125	0.4140625	0.484375
textiles	0.32421875	0.5078125	0.4765625	0.5703125	0.3671875	0.453125
textiles and merchandising	0.0	0.03125	0.28125	0.53125	0.59375	0.15625
textiles/marketing	0.0	0.0	0.34375	0.75	0.4375	0.15625
thai language	0.390625	0.65625	0.859375	0.734375	0.53125	0.4375
thai language and inscription	0.75	0.71875	0.65625	0.78125	0.59375	0.46875
the arts	0.0625	0.3125	0.625	0.53125	0.625	0.125
theare	0.25	0.34375	0.53125	0.46875	0.21875	0.03125
theater	0.2165948275862069	0.4989224137931034	0.7521551724137931	0.6691810344827587	0.3890086206896552	0.30495689655172414
theater and history	0.40625	0.75	0.71875	0.46875	0.625	0.25
theater and psychology	0.0	0.625	0.75	0.625	0.15625	0.1875
theater arts	0.20833333333333334	0.7083333333333334	0.7604166666666666	0.71875	0.3229166666666667	0.3125
theater lighting/pre med	0.15625	0.71875	0.34375	0.3125	0.6875	0.0
theater management	0.296875	0.375	0.484375	0.484375	0.296875	0.34375
theater performance	0.34375	0.09375	0.78125	0.46875	0.53125	0.0625
theatre	0.19419642857142858	0.43392857142857144	0.7450892857142857	0.5834821428571428	0.34464285714285714	0.22991071428571427
theatre & film	0.28125	0.65625	0.75	0.5	0.1875	0.0625
theatre and art	0.28125	0.84375	0.6875	0.46875	0.15625	0.0625
theatre and counseling	0.0625	0.40625	0.53125	0.71875	0.5625	0.53125
theatre and film	0.1875	0.546875	0.71875	0.390625	0.28125	0.203125
theatre and film studies	0.03125	0.4375	0.75	0.40625	0.28125	0.21875
theatre and performance	0.09375	0.65625	1.0	0.75	0.125	0.375
theatre and teaching	0.1875	0.125	0.78125	0.90625	0.375	0.125
theatre arts	0.1527777777777778	0.3159722222222222	0.7986111111111112	0.59375	0.2777777777777778	0.1076388888888889
theatre desgin	0.40625	0.53125	0.6875	0.84375	0.5	0.25
theatre design	0.265625	0.40625	0.453125	0.578125	0.34375	0.328125
theatre directing	0.1875	0.59375	0.84375	0.78125	0.15625	0.09375
theatre education	0.15625	0.25	0.84375	0.65625	0.40625	0.40625
theatre management	0.1875	0.328125	0.734375	0.703125	0.421875	0.5
theatre management and design	0.5625	0.53125	0.90625	0.84375	0.65625	0.5625
theatre management/finance	0.03125	0.0625	0.8125	0.375	0.5	0.8125
theatre studies	0.3359375	0.359375	0.8125	0.71875	0.3984375	0.234375
theatre, communications, ed leadership, pedag	0.125	0.125	0.59375	0.40625	0.3125	0.34375
theatre, counseling	0.125	0.375	0.6875	0.8125	0.59375	0.59375
theatre, education	0.34375	0.5625	0.4375	0.34375	0.5	0.59375
theatre/business	0.25	0.4375	0.71875	0.40625	0.46875	0.46875
theatre/dance	0.40625	0.53125	0.5	0.6875	0.25	0.8125
theatre; registered nurse	0.0	0.28125	0.65625	0.5	0.125	0.0
theatrical arts	0.40625	0.3125	0.9375	0.625	0.59375	0.34375
theatrology	0.25	0.625	0.8125	0.53125	0.15625	0.0625
thech	0.59375	0.59375	0.59375	0.6875	0.625	0.71875
theolgy	0.0625	0.46875	0.625	0.625	0.25	0.1875
theology	0.2503188775510204	0.5191326530612245	0.5369897959183674	0.6393494897959183	0.35044642857142855	0.3045280612244898
theology & religion	0.03125	0.40625	0.625	0.78125	0.46875	0.0
theology and psychology	0.09375	0.125	0.59375	0.90625	0.15625	0.125
theology, education, geography	0.3125	0.1875	0.21875	0.25	0.40625	0.03125
theoretical physics	0.23958333333333334	0.8125	0.78125	0.4270833333333333	0.28125	0.28125
therapeutic rec	0.15625	0.4375	0.8125	0.90625	0.15625	0.09375
therapeutic recreation	0.125	0.640625	0.25	0.90625	0.234375	0.328125
therapeutic recreation and psychology	0.0625	0.65625	0.5	0.84375	0.5	0.0625
therapy	0.18303571428571427	0.5535714285714286	0.41964285714285715	0.6428571428571429	0.5089285714285714	0.5178571428571429
tieng anh	0.1875	0.8125	0.3125	0.75	0.4375	0.5625
tle	0.71875	0.8125	0.5625	1.0	1.0	0.9375
tour guide	0.125	0.3125	0.0	0.15625	0.4375	0.3125
tourism	0.26013513513513514	0.4438344594594595	0.46114864864864863	0.5696790540540541	0.4809966216216216	0.3597972972972973
tourism & hospitality	0.21875	0.40625	0.0	0.09375	0.28125	0.6875
tourism and hospitality	0.125	0.125	0.625	0.84375	0.65625	0.375
tourism and hotels management	0.28125	0.34375	0.4375	0.75	0.75	0.71875
tourism and leisure	0.15625	0.53125	0.625	0.34375	0.28125	0.0
tourism and marketing	0.25	0.25	0.71875	0.5625	0.65625	0.25
tourism and psychology	0.1875	0.0625	0.03125	0.3125	0.15625	0.15625
tourism and social sciences	0.34375	0.96875	0.8125	0.78125	0.40625	0.25
tourism business management	0.25	0.28125	0.5	0.53125	0.59375	0.5625
tourism destination management	0.0	0.125	0.15625	0.0625	0.0625	0.1875
tourism management	0.21651785714285715	0.359375	0.44419642857142855	0.5133928571428571	0.45535714285714285	0.31026785714285715
tourism studies	0.625	0.6875	0.3125	0.65625	0.625	0.78125
tourism, psychology	0.28125	0.40625	0.71875	0.53125	0.5625	0.28125
toursim	0.3125	0.625	0.75	0.46875	0.75	0.28125
town and regional planning	0.125	1.0	0.625	0.9375	0.53125	0.09375
town planner	0.4375	0.15625	0.375	0.59375	0.53125	0.625
town planning	0.39488636363636365	0.4431818181818182	0.59375	0.6619318181818182	0.5539772727272727	0.3977272727272727
toxicology	0.3958333333333333	0.6145833333333334	0.2604166666666667	0.3020833333333333	0.19791666666666666	0.3854166666666667
trade	0.5	0.40625	0.4375	0.75	0.5625	0.40625
trade aas	0.9375	0.625	0.0	0.0	0.1875	0.21875
trade and tourist	0.28125	0.75	0.375	0.75	0.78125	0.71875
trader	0.125	0.59375	0.5625	0.65625	0.375	0.5
training	0.4375	0.53125	0.34375	0.59375	0.4375	0.6875
training and development	0.13541666666666666	0.2604166666666667	0.5625	0.6145833333333334	0.5729166666666666	0.20833333333333334
tranlation	0.09375	0.5	0.59375	0.59375	0.3125	0.125
translatiom	0.21875	0.40625	1.0	0.9375	0.46875	0.03125
translation	0.26136363636363635	0.5227272727272727	0.5880681818181818	0.5809659090909091	0.3771306818181818	0.2833806818181818
translation & interpretation	0.1875	0.375	0.3125	0.15625	0.3125	0.34375
translation and intepreation	0.09375	0.40625	0.46875	0.5625	0.3125	0.09375
translation and interpretation	0.375	0.4895833333333333	0.65625	0.6354166666666666	0.5416666666666666	0.4791666666666667
translation and interpreting	0.07291666666666667	0.4375	0.5729166666666666	0.59375	0.3645833333333333	0.052083333333333336
translation studies	0.328125	0.546875	0.65625	0.75	0.3125	0.34375
translation/interpretation	0.59375	0.90625	0.65625	0.84375	0.25	0.375
translation/ynterpretation	0.125	0.1875	0.25	0.78125	0.375	0.28125
translations	0.17708333333333334	0.625	0.5833333333333334	0.5625	0.3125	0.13541666666666666
translator	0.28125	0.46875	0.75	0.46875	0.25	0.0625
translator german-hungarian	0.15625	0.6875	0.625	0.375	0.0	0.03125
transnational cultural studies	0.21875	0.8125	0.625	0.5	0.09375	0.09375
transpersonal psychology	0.125	0.5	0.3125	0.8125	0.34375	0.34375
transport	0.0625	0.625	0.15625	0.59375	0.5625	0.40625
transportation	0.28125	0.453125	0.421875	0.375	0.21875	0.578125
transportation management	0.71875	0.1875	0.09375	0.65625	0.28125	0.4375
traslation	0.125	0.5625	0.71875	0.65625	0.0625	0.0
trauma counseling	0.1875	0.375	0.3125	0.6875	0.1875	0.15625
travel	0.375	0.40625	0.34375	0.8125	0.9375	0.9375
travel & tourism	0.2125	0.275	0.25625	0.6375	0.38125	0.4375
travel and tourism	0.13541666666666666	0.20833333333333334	0.53125	0.75	0.59375	0.5208333333333334
travel and tourism (not my choice)	0.25	0.4375	0.625	0.4375	0.5	0.21875
travel and tourism with business management	0.28125	0.40625	0.40625	0.75	0.53125	0.53125
travel management	0.125	0.390625	0.359375	0.71875	0.1875	0.3125
ttechnologic information	0.3125	0.15625	0.1875	0.625	0.5625	0.65625
turismology	0.125	0.5	0.375	0.125	0.25	0.375
turkish studies	0.4375	0.1875	0.5625	0.625	0.625	0.375
tv / film production	0.46875	0.5625	0.5625	0.75	0.28125	0.15625
tv and film	0.25	0.34375	0.46875	0.40625	0.3125	0.25
tv production	0.40625	0.8125	0.59375	0.46875	0.5625	0.53125
tvet	0.71875	0.65625	0.625	0.96875	0.34375	0.9375
txmd	0.03125	0.5	0.59375	0.3125	0.40625	0.21875
typography	0.75	0.65625	0.34375	0.1875	0.125	0.3125
tâm lý h&#7885;c	0.28125	0.96875	0.5	0.6875	0.625	0.25
uitm	0.90625	0.5625	0.75	0.78125	0.90625	0.8125
ultra  sound	0.125	0.375	0.21875	0.25	0.0625	0.1875
umuc	0.90625	1.0	0.8125	0.65625	0.84375	1.0
undang-undang	0.5	0.34375	0.40625	0.53125	0.75	0.90625
undecided	0.24739583333333334	0.4635416666666667	0.3932291666666667	0.59765625	0.4075520833333333	0.3736979166666667
undecided currently	-0.03125	0.28125	0.15625	0.5625	0.1875	0.15625
undeclared	0.109375	0.484375	0.46875	0.34375	0.28125	0.109375
undergrad psychology, juris doctor from law s	0.0	0.375	0.125	0.75	0.09375	0.1875
undergraduate, psychology; graduate, vocation	0.03125	0.375	0.53125	0.84375	0.5	0.59375
universe	0.0625	0.59375	0.375	0.625	0.25	0.25
university studies	0.08333333333333333	0.09375	0.4791666666666667	0.46875	0.5104166666666666	0.5208333333333334
university studies - interior design and busi	0.21875	0.59375	0.8125	0.5	0.6875	0.4375
university studies-culinary arts	0.40625	0.6875	0.46875	1.0	0.75	0.53125
unknown	0.5	0.53125	0.25	0.8125	0.8125	0.59375
unsure	0.0625	0.90625	0.0	0.9375	0.84375	0.625
upi bandung	0.5	0.71875	0.5	0.28125	0.4375	0.21875
urban and regional planning	0.53125	0.8125	0.703125	0.84375	0.328125	0.34375
urban and regional studies	0.28125	0.46875	0.71875	0.53125	0.21875	0.34375
urban design	0.375	0.4375	0.8125	0.1875	0.125	0.0625
urban development	0.0625	0.3125	0.5625	0.75	0.65625	0.375
urban ministry	0.0	0.53125	0.625	0.71875	0.28125	0.34375
urban planning	0.3039772727272727	0.5198863636363636	0.5284090909090909	0.5378787878787878	0.3683712121212121	0.32954545454545453
urban planning and design	0.375	0.375	0.75	0.53125	0.40625	0.3125
urban planning, architecture	0.40625	0.71875	0.59375	0.75	0.5	0.59375
urban plnning	0.40625	0.40625	0.3125	0.65625	0.25	0.5625
urban policy	0.375	0.4375	0.125	0.53125	0.3125	0.75
urban regeneration	0.34375	0.46875	0.59375	0.5625	0.5	0.25
urban studies	0.15625	0.34375	0.54375	0.675	0.31875	0.1
urban studies & planning	0.375	0.5625	0.78125	0.6875	0.40625	0.34375
urbanism	0.5	0.5	0.46875	0.46875	0.3125	0.375
usiness	0.15625	0.65625	0.375	0.625	0.40625	0.46875
usp	0.0	0.0625	0.0	0.5625	0.125	0.0625
ux	0.5625	0.6875	0.34375	0.625	0.4375	0.15625
uxd	0.25	0.3125	0.5	0.3125	0.15625	0.4375
valuation an property management	0.71875	0.8125	0.625	0.6875	0.71875	0.84375
value education	0.4375	0.65625	0.875	0.84375	0.46875	0.25
values educ	0.40625	0.5	0.28125	0.875	0.28125	0.4375
values education	0.3125	0.4742647058823529	0.6121323529411765	0.7113970588235294	0.39889705882352944	0.33639705882352944
values educator	0.15625	0.15625	0.40625	0.5625	0.28125	0.0625
various	0.40625	0.78125	0.75	0.34375	0.34375	0.40625
vcu business	0.4375	0.6875	0.5	0.6875	0.75	0.46875
vet	0.265625	0.65625	0.28125	0.3359375	0.40625	0.296875
vet tech & liberal sciences	0.5625	0.5625	0.34375	0.625	0.28125	0.59375
vet technology	0.46875	0.84375	0.65625	0.0	0.09375	0.0625
veterianry medicine	0.3125	1.0	0.78125	0.5625	0.25	0.3125
veterinarian	0.225	0.475	0.31875	0.23125	0.075	0.10625
veterinarian assistant	0.15625	0.71875	0.3125	0.59375	0.78125	0.21875
veterinary	0.3522727272727273	0.78125	0.6420454545454546	0.5	0.3409090909090909	0.2897727272727273
veterinary  nursing	0.21875	0.84375	0.3125	0.59375	0.40625	0.375
veterinary and husbandry	0.09375	0.90625	0.71875	0.78125	0.125	0.0
veterinary medicin	0.15625	0.84375	0.78125	0.65625	0.0625	0.0
veterinary medicine	0.2934027777777778	0.8003472222222222	0.5060763888888888	0.5078125	0.2786458333333333	0.2777777777777778
veterinary medicinee	0.40625	0.9375	0.59375	0.5	0.4375	0.0
veterinary medicinr	0.40625	0.90625	0.5625	0.71875	0.375	0.3125
veterinary nurse	0.109375	0.640625	0.453125	0.578125	0.390625	0.4375
veterinary nursing	0.21875	0.78125	0.09375	0.65625	0.1875	0.125
veterinary science	0.26953125	0.75390625	0.41796875	0.4453125	0.3125	0.28515625
veterinary technology	0.3333333333333333	0.6770833333333334	0.6145833333333334	0.3645833333333333	0.3125	0.34375
veternarian	0.3125	0.8125	0.375	0.9375	0.21875	0.78125
vfx	0.375	0.90625	0.9375	0.75	0.40625	0.5
vicomm, industrial maintenance, general busin	0.75	0.96875	0.6875	0.84375	0.53125	0.53125
video	0.34375	0.71875	0.84375	0.84375	0.59375	0.4375
video and photography	0.59375	0.78125	0.65625	0.65625	0.1875	0.125
video arts technology	0.3125	0.46875	0.75	0.4375	0.6875	0.28125
video audio production	0.09375	0.1875	0.5	0.21875	0.1875	0.3125
video production	0.3125	0.359375	0.640625	0.6171875	0.40625	0.2578125
viking studies	0.15625	0.3125	0.1875	0.34375	0.09375	0.21875
violin performance	0.0	0.28125	0.65625	0.625	0.3125	0.0
visaul communication design	0.5	0.5	0.78125	0.6875	0.875	0.59375
visual art	0.159375	0.5375	0.640625	0.50625	0.24375	0.13125
visual art education	0.3125	0.375	0.40625	0.46875	0.375	0.5
visual arts	0.29963235294117646	0.5919117647058824	0.6305147058823529	0.4834558823529412	0.27941176470588236	0.30514705882352944
visual arts - translation	0.46875	0.34375	0.90625	0.625	0.34375	0.59375
visual arts / linguistics	0.40625	0.71875	0.875	0.71875	0.21875	0.03125
visual arts and design	0.40625	0.4375	0.65625	0.75	0.46875	0.40625
visual arts and english	0.4375	0.375	0.65625	0.59375	0.46875	0.375
visual arts and visual communication design	0.1875	0.78125	0.84375	0.34375	0.09375	0.1875
visual arts/ psychology	0.3125	0.40625	0.8125	0.96875	0.59375	0.59375
visual comms	0.09375	0.5	0.46875	0.40625	0.28125	0.15625
visual communicatio	0.6875	0.875	0.90625	0.75	0.0625	0.21875
visual communication	0.25	0.4861111111111111	0.6319444444444444	0.5034722222222222	0.3819444444444444	0.2534722222222222
visual communication (illustration)	0.75	0.78125	0.6875	0.71875	0.5	0.34375
visual communications	0.27232142857142855	0.5223214285714286	0.53125	0.5178571428571429	0.41517857142857145	0.19196428571428573
visual communicationstudio with emphasis in g	0.53125	0.78125	0.71875	0.75	0.375	0.5625
visual communicaton	0.15625	0.09375	0.375	0.125	0.125	0.3125
visual communucation	0.3125	0.375	0.53125	0.53125	0.28125	0.28125
visual culture	0.171875	0.640625	0.765625	0.703125	0.28125	0.09375
visual design	0.28125	0.5	0.53125	0.59375	0.4375	0.296875
visual effects	0.34375	0.703125	0.53125	0.515625	0.21875	0.1875
visual information design	0.28125	0.4375	0.53125	0.71875	0.59375	0.125
visual media	0.0625	0.40625	0.1875	0.3125	0.1875	0.03125
visual media studies	0.0	0.375	0.40625	0.78125	0.0	0.0
visual studies	0.15625	0.78125	0.8125	0.53125	0.4375	0.0625
voc rehab	0.3125	0.28125	0.3125	0.625	0.5	0.1875
voc. rehab. counseling	0.03125	0.65625	0.6875	0.875	0.3125	0.0625
vocal performance	0.08333333333333333	0.4895833333333333	0.8125	0.7708333333333334	0.4583333333333333	0.15625
vocational	0.2604166666666667	0.3541666666666667	0.6979166666666666	0.8020833333333334	0.4270833333333333	0.5
vocational education	0.21875	0.2708333333333333	0.3958333333333333	0.65625	0.3333333333333333	0.16666666666666666
vocational graduate	0.125	0.28125	0.875	0.625	0.4375	0.75
vocational rehab	0.0625	0.09375	0.0	0.5625	0.09375	0.5
vocational rehabilitation	0.28125	0.375	0.625	0.8125	0.34375	0.375
vocational subjects	0.21875	0.4375	0.3125	0.84375	0.375	0.25
vr counselor	0.21875	0.3125	0.25	0.65625	0.1875	0.40625
výchova	0.625	0.4375	0.4375	0.40625	0.59375	0.59375
war and society	0.4375	0.625	0.3125	0.375	0.34375	0.59375
war studies	0.59375	0.75	0.703125	0.25	0.3125	0.1875
washington college	0.0	0.0	0.1875	0.375	0.0	0.0
water ecology	0.125	0.875	0.09375	0.53125	0.125	0.59375
water engineering	0.71875	0.34375	0.3125	0.25	0.1875	0.25
water engineering-agriculture	0.25	0.0625	0.8125	0.5625	0.625	0.21875
water management	0.09375	0.46875	0.375	0.8125	0.65625	0.5
water resources	0.28125	0.484375	0.40625	0.65625	0.125	0.4375
water resources management	0.625	0.875	0.125	0.65625	0.28125	0.6875
web desgin	0.40625	0.28125	0.53125	0.09375	0.125	0.65625
web design	0.34375	0.6319444444444444	0.6076388888888888	0.4722222222222222	0.3784722222222222	0.3888888888888889
web research	0.25	0.5	0.5	0.90625	0.578125	0.71875
web technology	0.125	0.5625	0.3125	0.5625	0.15625	0.46875
welding	0.49375	0.40625	0.325	0.39375	0.45	0.2625
welding engineering	0.71875	0.96875	0.6875	0.8125	0.40625	0.46875
welding technology	0.71875	0.40625	0.34375	0.25	0.28125	0.28125
welding-pipe welding	0.875	0.0	0.21875	0.0	0.28125	0.0625
welfare	0.0625	0.34375	0.40625	0.71875	0.53125	0.4375
wellness	0.34375	0.625	0.5	0.84375	0.625	0.34375
western civilisation	0.34375	0.53125	0.59375	0.5	0.53125	0.5
western literature	0.21875	0.28125	0.4375	0.75	0.65625	0.65625
weter engineering	0.1875	0.6875	0.5625	0.625	0.375	0.4375
wild life and fisheries science	0.0	0.875	0.09375	0.75	0.0	0.0
wildlife	0.203125	0.765625	0.5625	0.6875	0.203125	0.140625
wildlife and conservation biology	0.375	0.9375	0.90625	0.6875	0.21875	0.21875
wildlife biology	0.359375	0.828125	0.703125	0.5546875	0.21875	0.1875
wildlife conservation	0.5	0.78125	0.25	0.0	0.0625	0.0625
wildlife management	0.09375	0.625	0.40625	0.5	0.25	0.21875
wildlife management, dietetics	0.8125	0.84375	0.1875	0.25	0.125	0.09375
wildlife science	0.0625	0.78125	0.71875	0.4375	0.03125	0.0
wildlife sciences	0.46875	0.75	0.46875	0.3125	0.375	0.46875
winemaker	0.21875	0.75	0.5	0.4375	0.1875	0.28125
winemakers	0.25	0.71875	0.34375	0.625	0.1875	0.375
wizardry	0.125	0.53125	0.5	0.65625	0.1875	0.09375
woekforce ed	0.375	0.6875	0.34375	0.875	0.25	0.25
women & gender studies	0.15625	0.15625	0.125	0.5625	0.65625	0.5625
women and gender studies	0.28125	0.53125	0.5	0.8125	0.5625	0.5625
women and gender studies and psychology	0.03125	0.34375	0.40625	0.71875	0.125	0.0
women studies	0.09375	0.40625	0.296875	0.609375	0.171875	0.0
women studies and sociology	0.0	0.0	0.625	0.75	0.0	0.0
womens studies	0.15625	0.78125	0.9375	0.9375	0.46875	0.28125
womenswear fashion design and technology	0.21875	0.78125	0.59375	0.71875	0.25	0.15625
wood technology	0.4375	0.75	0.65625	0.375	0.375	0.34375
word information processing	0.0625	0.3125	0.5	0.875	0.34375	0.375
work and organizational psychology	0.21875	0.125	0.34375	0.625	0.5625	0.59375
work psychology	0.22916666666666666	0.59375	0.5208333333333334	0.6770833333333334	0.3541666666666667	0.3020833333333333
world and comparative literature / counseling	0.078125	0.59375	0.671875	0.875	0.296875	0.234375
world literature	0.25	0.46875	0.5625	0.6875	0.8125	0.71875
world religion	0.28125	0.6875	0.6875	0.34375	0.03125	0.5
writing	0.13994565217391305	0.391304347826087	0.6114130434782609	0.4796195652173913	0.296195652173913	0.30978260869565216
writing and literacy	0.21875	0.71875	0.375	0.40625	0.15625	0.1875
writing, education, and environmental studies	0.25	0.96875	0.6875	0.28125	0.125	0.34375
writing, literature	0.40625	0.8125	0.75	0.8125	0.21875	0.28125
writing/visual arts	0.0625	0.0	0.625	0.28125	0.0625	0.125
xx	0.0625	0.15625	0.8125	0.8125	0.6875	0.09375
y47yf9iuhiuvhiuhgeiheviuhf	1.0	1.0	1.0	1.0	1.0	1.0
yes, management	0.625	0.4375	0.625	0.3125	0.3125	0.375
yoga	0.5	0.8125	0.78125	1.0	0.375	0.375
youth development	0.09375	0.875	0.40625	0.5625	0.1875	0.0
youth development and agricultural education	0.40625	0.8125	0.875	0.8125	0.375	0.28125
youth ministries	0.15625	0.09375	0.1875	0.5	0.625	0.40625
youth ministry	0.35546875	0.44140625	0.453125	0.6328125	0.2890625	0.27734375
youth ministry / psychology	0.0	0.5	0.65625	0.6875	0.5625	0.15625
youth ministry and bible	0.1875	0.1875	0.40625	0.46875	0.4375	0.21875
youth ministry/biblical studies	0.0625	0.3125	0.125	0.59375	0.3125	0.375
youth services	0.0	0.0	0.0	0.6875	0.0	0.15625
youth work	0.15625	0.578125	0.421875	0.65625	0.21875	0.234375
youth worker	0.65625	0.21875	0.4375	0.84375	0.65625	0.4375
zoology	0.3430989583333333	0.796875	0.4921875	0.5319010416666666	0.3444010416666667	0.3170572916666667
zoology & teaching	0.15625	0.78125	0.375	0.71875	0.3125	0.21875
zoology and botany	0.0625	0.71875	0.15625	0.125	0.5625	0.5
zoology, english literature	0.1875	0.46875	0.5	0.3125	0.09375	0.40625
zoology/chemistry	0.3125	0.34375	0.46875	0.375	0.4375	0.0625
{psychology	0.0	0.15625	0.28125	0.65625	0.0	0.0
¥øºþ	0.28125	0.21875	0.21875	0.5	0.84375	0.96875
¾æµ¢çð	0.125	0.46875	0.53125	0.34375	0.4375	0.25
å@²z¾ç	0.125	0.53125	0.5625	0.625	0.28125	0.09375
éducation	0.0	0.15625	0.125	0.34375	0.0625	0.0
óñùòùæøñû	0.09375	0.46875	0.15625	0.71875	0.59375	0.625
“accounting”	0.1875	0.28125	0.5	0.84375	0.4375	0.875
‰pœê	0.4375	0.90625	0.53125	0.5	0.34375	0.25
